"ID","Description","GeneRatio","BgRatio","RichFactor","FoldEnrichment","zScore","pvalue","p.adjust","qvalue","geneID","Count"
"GO:0002429","immune response-activating cell surface receptor signaling pathway","104/2326","433/21273",0.240184757505774,2.19666824867598,8.81470228498621,4.73293110717275e-15,2.91359238957555e-11,2.40183798607156e-11,"VAV1/PRKCD/INPP5D/PRKD2/FGR/ITGAM/TLR5/TLR2/PIK3CD/BMX/LAPTM5/PTPN6/LILRA2/NFKBIA/PLCG2/BTN2A1/GRB2/MYD88/THEMIS2/PSEN1/SH2D1A/NFATC2/HCK/LYN/MAPK1/RNF31/UBR2/APPL2/PRKCB/NFAM1/C5AR1/PLEKHA1/TLR4/FOSL2/TLR1/BTNL8/VAV3/SYK/RBCK1/CD247/CD3G/CBLB/LCP2/MFHAS1/TLR6/FPR2/CREBBP/LPXN/PRKCH/BCL2/PAK1/TYROBP/FPR1/PELI1/RAB29/RFTN1/CD3D/ITK/CR1/LCK/CD28/NOD2/MNDA/DUSP22/NCK1/BTN3A1/PTPRJ/CHUK/MALT1/CD300A/TRIM32/GATA3/THEMIS/ADA/CEACAM1/DUSP3/BCL10/SKAP1/SH2B2/NINJ1/PRAM1/PAK2/LAT2/PIK3AP1/RC3H1/NMI/FYB1/LAX1/FYN/HHLA2/BTN3A3/NFKBID/FFAR2/EIF2B3/C5AR2/PDE4B/IRAK2/UBE2N/PRNP/NFKBIZ/CD3E/SCIMP/CTLA4/FCER1G",104
"GO:0030098","lymphocyte differentiation","109/2326","490/21273",0.222448979591837,2.03446136838226,8.11702694669686,2.4834539889391e-13,7.64407137795456e-10,6.30143772667127e-10,"STAT3/PREX1/PTK2B/VAV1/KLF6/STAT5B/INPP5D/IL18R1/NFIL3/FADD/GBA1/STAT6/RARA/PIK3CD/HLX/PRKCZ/PTPN6/IL6R/SMARCD3/PLCG2/ADAM17/BCL6/RASGRP1/HDAC4/RIPK3/CLEC4E/CHD7/NFAM1/PRKDC/BCL3/FOSL2/SEMA4A/SOS2/SYK/FOXO3/CD3G/JMJD6/IRF1/ICOS/IL4R/JAK3/CLEC4D/STAT4/STAT5A/PHF14/RORA/ZBTB7B/GPR18/CD2/PGLYRP1/DOCK2/TCIRG1/PKNOX1/BCL2/LILRB2/TP53/DROSHA/FNIP1/PCID2/CD3D/ITK/CR1/LCK/CD28/SPN/ACTL6A/SPI1/ZBTB1/HHEX/PTPRJ/MALT1/BCL11B/DCAF1/VNN1/GATA3/THEMIS/ADA/FLT3/BRD4/PHF10/CDK6/DOCK10/PRDM1/ACTL6B/NOTCH2/B2M/ZFP36L1/RC3H1/CRACR2A/RHOA/CD69/HDAC5/RHOH/NFKBID/SOCS3/IL1RL2/TMEM131L/CCR2/SASH3/NFKBIZ/CD3E/SLAMF6/CTNNB1/DLL4/CTLA4/MSH2/ZBTB16/IL4/FCER1G",109
"GO:0030217","T cell differentiation","89/2326","373/21273",0.238605898123324,2.18222840532136,8.0708904515789,6.70305677121543e-13,1.37546724945341e-09,1.13387497172034e-09,"STAT3/PREX1/VAV1/STAT5B/IL18R1/FADD/GBA1/STAT6/RARA/PIK3CD/HLX/PRKCZ/IL6R/SMARCD3/ADAM17/BCL6/RASGRP1/RIPK3/CLEC4E/CHD7/PRKDC/BCL3/FOSL2/SEMA4A/SOS2/SYK/FOXO3/CD3G/JMJD6/IRF1/ICOS/IL4R/JAK3/CLEC4D/STAT4/STAT5A/RORA/ZBTB7B/GPR18/CD2/DOCK2/TCIRG1/PKNOX1/BCL2/LILRB2/TP53/DROSHA/CD3D/ITK/CR1/LCK/CD28/SPN/ACTL6A/SPI1/ZBTB1/MALT1/BCL11B/VNN1/GATA3/THEMIS/ADA/BRD4/PHF10/CDK6/PRDM1/ACTL6B/B2M/ZFP36L1/RC3H1/CRACR2A/RHOA/CD69/RHOH/NFKBID/SOCS3/IL1RL2/TMEM131L/CCR2/SASH3/NFKBIZ/CD3E/SLAMF6/CTNNB1/DLL4/CTLA4/ZBTB16/IL4/FCER1G",89
"GO:0002366","leukocyte activation involved in immune response","88/2326","376/21273",0.234042553191489,2.14049322185836,7.81778008362633,2.81563496281779e-12,4.02379951181828e-09,3.31704412408535e-09,"STAT3/PTK2B/IL18R1/GAB2/FGR/APBB1IP/PCYT1A/ITGAM/STAT6/RARA/PIK3CD/HLX/PRKCZ/PTPN6/IL6R/LILRA2/DYSF/PLCG2/MYD88/BCL6/PSEN1/RASGRP1/CLEC4E/LCP1/MILR1/LYN/SLC11A1/BCL3/TLR4/SEMA4A/SYK/LAMP1/ADGRE2/ICOS/IL4R/JAK3/CLEC4D/STX4/STAT4/STAT5A/PHF14/RORA/ZBTB7B/PGLYRP1/SHLD2/DOCK2/CBL/SLC15A4/CD177/UNC13D/TYROBP/TP53/STXBP2/CR1/CD28/FES/PDPK1/SPN/SPI1/PTAFR/MALT1/CD300A/GATA3/ADA/CEACAM1/SBNO2/BRD4/DOCK10/PRAM1/LAT2/NOTCH2/NSD2/RC3H1/NMI/CRACR2A/CD69/AP1G1/UNG/NFKBID/SOCS3/ANXA3/CCR2/NFKBIZ/FER/SLAMF6/MSH2/IL4/FCER1G",88
"GO:0050851","antigen receptor-mediated signaling pathway","70/2326","270/21273",0.259259259259259,2.3711187541798,7.94428977146281,3.26819323571985e-12,4.02379951181828e-09,3.31704412408535e-09,"INPP5D/PRKD2/PIK3CD/BMX/LAPTM5/PTPN6/NFKBIA/PLCG2/BTN2A1/GRB2/THEMIS2/PSEN1/SH2D1A/NFATC2/LYN/MAPK1/RNF31/UBR2/PRKCB/NFAM1/PLEKHA1/FOSL2/BTNL8/VAV3/SYK/RBCK1/CD247/CD3G/CBLB/LCP2/LPXN/PRKCH/BCL2/RAB29/RFTN1/CD3D/ITK/LCK/CD28/MNDA/DUSP22/NCK1/BTN3A1/PTPRJ/MALT1/CD300A/GATA3/THEMIS/ADA/CEACAM1/DUSP3/BCL10/SKAP1/SH2B2/PRAM1/LAT2/RC3H1/FYB1/LAX1/FYN/HHLA2/BTN3A3/NFKBID/EIF2B3/PDE4B/UBE2N/PRNP/NFKBIZ/CD3E/CTLA4",70
"GO:0002263","cell activation involved in immune response","88/2326","380/21273",0.231578947368421,2.11796171425985,7.70472454932477,5.20307140145222e-12,5.33835125788998e-09,4.40070302217564e-09,"STAT3/PTK2B/IL18R1/GAB2/FGR/APBB1IP/PCYT1A/ITGAM/STAT6/RARA/PIK3CD/HLX/PRKCZ/PTPN6/IL6R/LILRA2/DYSF/PLCG2/MYD88/BCL6/PSEN1/RASGRP1/CLEC4E/LCP1/MILR1/LYN/SLC11A1/BCL3/TLR4/SEMA4A/SYK/LAMP1/ADGRE2/ICOS/IL4R/JAK3/CLEC4D/STX4/STAT4/STAT5A/PHF14/RORA/ZBTB7B/PGLYRP1/SHLD2/DOCK2/CBL/SLC15A4/CD177/UNC13D/TYROBP/TP53/STXBP2/CR1/CD28/FES/PDPK1/SPN/SPI1/PTAFR/MALT1/CD300A/GATA3/ADA/CEACAM1/SBNO2/BRD4/DOCK10/PRAM1/LAT2/NOTCH2/NSD2/RC3H1/NMI/CRACR2A/CD69/AP1G1/UNG/NFKBID/SOCS3/ANXA3/CCR2/NFKBIZ/FER/SLAMF6/MSH2/IL4/FCER1G",88
"GO:0042594","response to starvation","65/2326","250/21273",0.26,2.37789337919175,7.67851191171683,1.68579991233147e-11,1.48254060861608e-08,1.22214156050376e-08,"MTMR3/UPP1/RALB/GBA1/SH3GLB1/INHBB/SP1/MAP3K5/ZFP36/MAPK3/MAPK1/FOS/FLCN/PCSK9/BECN1/WIPI2/GABARAPL1/MAP1LC3B/FOXO3/DDIT3/NFE2L2/SEH1L/GLUL/WIPI1/PRKCH/MCU/EIF2S1/TFEB/PLIN3/ULK1/JMY/CBL/MAP1LC3A/BCL2/ATG7/PAK1/LARP1/TP53/FNIP1/LARS1/LAMP2/PICK1/LRRK2/MIOS/ZFYVE1/KICS2/TRIM32/SESN1/GABARAP/CPEB4/FAS/PAK2/KPTN/BCAS3/MAP1LC3B2/NUAK2/ATG14/TBC1D7/WRN/ACADM/GCGR/WDR45/EIF2A/MICU1/PIK3R4",65
"GO:0009267","cellular response to starvation","57/2326","208/21273",0.274038461538462,2.50628555129308,7.64886570375009,3.14462964257079e-11,2.41979250995822e-08,1.99477098774128e-08,"MTMR3/UPP1/RALB/GBA1/SH3GLB1/INHBB/SP1/MAP3K5/MAPK3/MAPK1/FOS/FLCN/PCSK9/BECN1/WIPI2/GABARAPL1/MAP1LC3B/FOXO3/NFE2L2/SEH1L/GLUL/WIPI1/PRKCH/MCU/EIF2S1/TFEB/PLIN3/JMY/MAP1LC3A/BCL2/ATG7/PAK1/TP53/FNIP1/LARS1/LAMP2/PICK1/LRRK2/MIOS/ZFYVE1/KICS2/TRIM32/SESN1/GABARAP/CPEB4/FAS/PAK2/KPTN/MAP1LC3B2/NUAK2/ATG14/TBC1D7/WRN/GCGR/WDR45/MICU1/PIK3R4",57
"GO:0042113","B cell activation","72/2326","303/21273",0.237623762376238,2.17324604343495,7.20692474434873,1.29267501903852e-10,8.84189713022351e-08,7.2888728266488e-08,"PTK2B/PRKCD/KLF6/STAT5B/INPP5D/PCYT1A/STAT6/SAMSN1/PIK3CD/AKIRIN2/LAPTM5/PTPN6/PLCG2/ADAM17/THEMIS2/BCL6/RASGRP1/HDAC4/NFATC2/LYN/SKAP2/PRKCB/NFAM1/PRKDC/IRS2/CASP8/BCL3/TLR4/FOSL2/VAV3/SYK/JAK3/PHF14/SHLD2/TCIRG1/AKAP17A/SLC15A4/BCL2/TYROBP/PELI1/TP53/FNIP1/PCID2/CR1/CD28/NOD2/MNDA/SH3KBP1/SPI1/ZBTB1/HHEX/PTPRJ/BST1/MALT1/DCAF1/CD300A/ADA/FLT3/DOCK10/LAT2/NOTCH2/NSD2/ZFP36L1/RC3H1/LAX1/HDAC5/UNG/SASH3/NFKBIZ/CTLA4/MSH2/IL4",72
"GO:0051056","regulation of small GTPase mediated signal transduction","78/2326","342/21273",0.228070175438596,2.08587138525592,7.09308628266967,1.82013551406136e-10,1.12047542245617e-07,9.23670875083139e-08,"RAF1/GIT2/ARHGAP27/PREX1/RIPOR2/VAV1/IQSEC1/GMIP/ARHGAP19/SIPA1L1/RALGAPA2/MAP4K4/FLOT1/FGD3/CRK/ARHGAP26/ARHGAP9/SEMA4D/ARHGAP25/SIPA1L2/MFN2/DENND3/ARAP1/ABR/ARHGEF11/ARHGEF2/BCL6/CDC42SE1/RASGRP1/AKAP13/ARHGAP30/CYTH1/TAGAP/ARHGEF40/FLCN/SPRY3/CYTH4/ARHGDIB/TIAM2/LPAR2/RAC1/VAV3/SOS2/DEF6/MYO9B/CYTH2/TIAM1/DOCK8/DOCK6/RGL2/KBTBD7/DOCK2/CBL/PICALM/RALBP1/FGD4/WHR1/RDX/RASGEF1A/KCTD13/ARHGAP24/GABARAP/RAP1GAP2/SH2B2/DOCK10/CADM4/CYRIB/NOTCH2/ARFGEF2/ARHGAP18/SPATA13/ARHGEF9/DLC1/CSF1/ARHGEF15/HEG1/MYO9A/PLEKHG3",78
"GO:0006913","nucleocytoplasmic transport","82/2326","370/21273",0.221621621621622,2.02689456438382,6.98170021080475,2.78763664511186e-10,1.43005759894238e-07,1.17887686544599e-07,"STAT3/XPO6/E2F3/PRKCD/FRAT1/MAPK14/HCLS1/KPNB1/AKIRIN2/NFKBIA/AGFG1/NDC1/PSEN1/SIRT7/FAM53C/THOC5/SMG5/TXN/HTATIP2/NUP214/NUP98/PPP1R10/ZC3H11A/ANP32A/APPL2/STRADA/UPF1/IPO5/PRKACA/FRAT2/SMG7/BCL3/CHTOP/NUP133/SYK/RBM22/NUP50/SDAD1/CBLB/PTTG1IP/SEH1L/MDM2/NXT1/ATXN1/NPM1/HSPA9/AKAP8L/TNPO3/TP53/IPO11/PCID2/SMURF1/NUP88/IPO7/NMD3/NCBP3/HHEX/LRRK2/MALT1/CSE1L/NUP58/EPM2A/TMCO6/NUP155/RGS14/ADAR/NUP54/MDFIC/UBE2I/KPNA1/RAN/FYTTD1/XPO5/SMAD3/AHCTF1/NUP62CL/GLE1/ELAVL1/NXT2/IER3/RBM33/NXF1",82
"GO:0051169","nuclear transport","82/2326","370/21273",0.221621621621622,2.02689456438382,6.98170021080475,2.78763664511186e-10,1.43005759894238e-07,1.17887686544599e-07,"STAT3/XPO6/E2F3/PRKCD/FRAT1/MAPK14/HCLS1/KPNB1/AKIRIN2/NFKBIA/AGFG1/NDC1/PSEN1/SIRT7/FAM53C/THOC5/SMG5/TXN/HTATIP2/NUP214/NUP98/PPP1R10/ZC3H11A/ANP32A/APPL2/STRADA/UPF1/IPO5/PRKACA/FRAT2/SMG7/BCL3/CHTOP/NUP133/SYK/RBM22/NUP50/SDAD1/CBLB/PTTG1IP/SEH1L/MDM2/NXT1/ATXN1/NPM1/HSPA9/AKAP8L/TNPO3/TP53/IPO11/PCID2/SMURF1/NUP88/IPO7/NMD3/NCBP3/HHEX/LRRK2/MALT1/CSE1L/NUP58/EPM2A/TMCO6/NUP155/RGS14/ADAR/NUP54/MDFIC/UBE2I/KPNA1/RAN/FYTTD1/XPO5/SMAD3/AHCTF1/NUP62CL/GLE1/ELAVL1/NXT2/IER3/RBM33/NXF1",82
"GO:0050900","leukocyte migration","95/2326","457/21273",0.207877461706783,1.9011939995221,6.82364683847815,4.32028621396758e-10,2.04582168716803e-07,1.68648581680467e-07,"NEDD9/PREX1/RIPOR2/PTK2B/VAV1/GPSM3/STAT5B/ALOX5/IL17RA/CRK/IL1R1/FADD/GBA1/PIK3CD/SELPLG/SELL/IL6R/CXCL16/MYD88/ADAM17/DUSP1/STK39/S1PR1/RIPK3/MAPK3/HCK/LYN/MAPK1/TNFSF14/RAC1/C5AR1/VAV3/SYK/S100A9/STK10/NLRP12/ADGRE2/FPR2/DOCK8/DAPK2/CSF3R/MCU/CX3CL1/GPR18/CD177/TREM1/MADCAM1/SBDS/S100A12/LCK/CNN2/NOD2/PPIA/SPN/PTPRJ/FLT1/AKIRIN1/BST1/PTAFR/SIRPA/JAML/CD300A/GATA3/ADA/NINJ1/WDR1/CXCR1/AGER/LYVE1/RHOA/CYP19A1/CD69/MSN/OXSR1/CCL26/ROCK1/FYN/CALCA/S100A8/CSF1/FFAR2/C5AR2/IL16/PDE4B/ST3GAL4/DPP4/TNFAIP6/SLC12A2/MIA3/CCR2/FER/LYST/RIN3/TNFRSF14/FCER1G",95
"GO:0016236","macroautophagy","88/2326","413/21273",0.213075060532688,1.94872990658292,6.82180426982077,5.22313961978456e-10,2.29668910709955e-07,1.89328993285574e-07,"MTMR3/RAB7A/NSFL1C/RALB/PLEKHM1/ARHGAP26/GBA1/SH3GLB1/VPS39/MFN2/TBC1D14/PSEN1/ATG2A/ATP6V0B/CHMP3/MAPK3/ATP6V0A1/WDFY3/RNF31/PRKACA/CHMP2A/UBXN2B/ATG16L2/BECN1/ATP6V1B2/WIPI2/ATG9A/GABARAPL1/HK2/MAP1LC3B/VTI1A/HGS/MTMR14/ATP6V1C1/WIPI1/ATP6V0D1/EIF2S1/TOM1/CDK5R1/PIP4K2C/ULK1/TCIRG1/PHF23/MAP1LC3A/ATG7/CHMP1B/LARP1/TP53/NBR1/ATG13/SMURF1/CALCOCO2/SNX5/LAMP2/LRBA/NOD2/PGAM5/HTRA2/OPTN/VPS37B/LRRK2/ZFYVE1/UBA5/EI24/EPM2A/ABI2/TRIM32/QSOX1/CHMP5/SESN1/GABARAP/VMP1/ATP6V0E1/TP53INP1/MAP1LC3B2/CHMP1A/ATG4B/CSNK2A1/ATG14/ATP6V1E1/SPTLC1/ATG3/FUNDC1/VPS37C/WDR45/CHMP4B/IL4/PIK3R4",88
"GO:0034504","protein localization to nucleus","78/2326","353/21273",0.220963172804533,2.02087256021961,6.77667773223824,8.74570906057349e-10,3.58923899845936e-07,2.95881146533508e-07,"STAT3/E2F3/PRKCD/MAPK14/HCLS1/KPNB1/AKIRIN2/LIMK2/NFKBIA/PSEN1/FAM53C/TYK2/TXN/NUP214/NUP98/PPP1R10/APPL2/IPO5/DNAJB6/BCL3/GBP2/NUP133/LMNB1/SYK/RBM22/NUP50/CBLB/PTTG1IP/MFHAS1/MDM2/GLUL/CREBBP/NPM1/GLIS2/BANP/TNPO3/TP53/IPO11/NUP88/IPO7/FBXO4/CCT6A/NMD3/TOR1A/HHEX/CCT2/HEATR1/LRRK2/PLRG1/CSE1L/NUP58/UTP25/EPM2A/CCT3/TMCO6/TRIM8/NUP155/TOPORS/TAF8/ARL2BP/ADAR/NUP54/SYNE1/MDFIC/KPNA1/NUAK2/RAN/FYN/MAGED1/SMAD3/PARP9/WRN/ELAVL1/RPF2/TOR1AIP1/CCT4/MARK3/ZBTB16",78
"GO:0050852","T cell receptor signaling pathway","53/2326","204/21273",0.259803921568627,2.37610009610035,6.91961509046559,1.2551958147988e-09,4.82936589743839e-07,3.98111777838488e-07,"INPP5D/PRKD2/PIK3CD/LAPTM5/PTPN6/PLCG2/BTN2A1/THEMIS2/PSEN1/SH2D1A/MAPK1/RNF31/UBR2/FOSL2/BTNL8/RBCK1/CD247/CD3G/CBLB/LCP2/RAB29/RFTN1/CD3D/ITK/LCK/CD28/DUSP22/NCK1/BTN3A1/PTPRJ/MALT1/CD300A/GATA3/THEMIS/ADA/CEACAM1/DUSP3/BCL10/SKAP1/PRAM1/RC3H1/FYB1/FYN/HHLA2/BTN3A3/NFKBID/EIF2B3/PDE4B/UBE2N/PRNP/NFKBIZ/CD3E/CTLA4",53
"GO:0002274","myeloid leukocyte activation","71/2326","313/21273",0.226837060702875,2.07459363384878,6.71057265478196,1.51666320630758e-09,5.49210511648793e-07,4.52745097065564e-07,"PREX1/PRKCD/GAB2/FGR/ITGAM/TLR2/PIK3CD/IFNGR2/PTPN6/LILRA2/DYSF/PLCG2/MYD88/PSEN1/RASGRP1/IFNGR1/STK39/MILR1/LYN/SLC11A1/C5AR1/FCAR/TLR4/TLR1/SYK/VSIG4/JMJD6/ADGRE2/IL4R/LCP2/CLEC4D/MFHAS1/STX4/TLR6/RORA/CX3CL1/CD2/DOCK2/CBL/CD177/UNC13D/TYROBP/STXBP2/S100A12/FES/LTBR/PDPK1/SPI1/LRRK2/PTAFR/CD300A/SBNO2/PRAM1/LAT2/IL18RAP/AGER/NOTCH2/NMI/NDRG1/CD93/CSF1/RHOH/TMEM229B/ANXA3/IL16/CCR2/ADAM9/FER/MCUB/IL4/FCER1G",71
"GO:0007033","vacuole organization","63/2326","265/21273",0.237735849056604,2.17427115949318,6.73965657087663,1.78863985374316e-09,6.11714829980161e-07,5.04270920169344e-07,"TFE3/MTMR3/RAB7A/NSFL1C/RALB/ARSG/GBA1/SH3GLB1/MFN2/LAPTM5/FHIP1B/TBC1D14/PSEN1/ATG2A/ATP6V0B/CHMP3/ATP6V0A1/FLCN/CHMP2A/UBXN2B/ATG16L2/BECN1/ATP6AP1/WIPI2/ATG9A/GABARAPL1/MAP1LC3B/LAMP1/WIPI1/TFEB/TOM1/PIP4K2C/ULK1/TCIRG1/PHF23/MAP1LC3A/ATG7/CHMP1B/FNIP1/ATG13/SMURF1/TPCN2/LAMP2/LRBA/LRRK2/EPM2A/TRIM32/VMA12/TMEM165/RAB20/CHMP5/GABARAP/VMP1/VMA22/TASL/TP53INP1/MAP1LC3B2/CHMP1A/ATG4B/ATG14/ATG3/WDR45/CHMP4B",63
"GO:0016197","endosomal transport","72/2326","323/21273",0.222910216718266,2.03867972495601,6.59067189485416,2.59433571178304e-09,8.40564770617704e-07,6.92924790388145e-07,"DENND5A/STX10/RAB7A/WAS/ARL4C/RAB35/EPS15L1/SNX1/UBAP1/VPS39/AP5B1/FHIP1B/ARL1/TBC1D14/CHMP3/TRIM27/MAPK3/SNX27/MAPK1/WDR91/TMCC1/CHMP2A/BECN1/GRIPAP1/ATP6AP1/RAB17/VTI1A/HGS/MTMR4/ZFYVE16/REPS2/DENND10/TOM1/PICALM/CHMP1B/RAB29/TBC1D17/TBC1D10B/SNX5/VPS50/VPS37B/RDX/LMTK2/SPAG9/LRRK2/STX16/BLTP1/DYNC1LI1/CHMP5/CORO1C/NSG2/CRACR2A/CMTM6/RAB8A/CLTCL1/MSN/VAMP3/CHMP1A/STX6/AP1G1/ATG14/BLTP3B/RCSD1/NSG1/VPS37C/SORT1/MTMR2/SORL1/PREPL/LYST/CHMP4B/PIK3R4",72
"GO:0031669","cellular response to nutrient levels","65/2326","280/21273",0.232142857142857,2.12311908856406,6.62836417195973,2.7780502904771e-09,8.55083879408851e-07,7.04893707915268e-07,"MTMR3/UPP1/RALB/GBA1/SH3GLB1/INHBB/SP1/MAP3K5/MAPK3/MAPK1/FOS/FLCN/PCSK9/BECN1/WIPI2/USF1/GABARAPL1/MAP1LC3B/FOXO3/NFE2L2/SEH1L/MDM2/GLUL/CREBBP/NCOA1/WIPI1/PRKCH/MCU/EIF2S1/TFEB/PLIN3/ULK1/JMY/MAP1LC3A/BCL2/ATG7/PAK1/TP53/PRKAB1/FNIP1/LARS1/LAMP2/FES/PICK1/LRRK2/MIOS/ZFYVE1/KICS2/TRIM32/SESN1/GABARAP/CPEB4/FAS/PAK2/KPTN/MAP1LC3B2/NUAK2/ATG14/TBC1D7/RXRA/WRN/GCGR/WDR45/MICU1/PIK3R4",65
"GO:0002218","activation of innate immune response","85/2326","409/21273",0.207823960880196,1.90070469467085,6.44442365581841,3.61690464130573e-09,1.06026976056562e-06,8.74039963695987e-07,"ARRB2/MAPKAPK2/FLOT1/TRIM25/TLR5/TLR2/IRAK3/MEFV/LILRA2/NFKBIA/PLCG2/MYD88/ZDHHC3/MAP2K6/TOMM70/UFD1/CLEC4E/HCK/USP15/LYN/APPL2/IPO5/PRKDC/GBP2/TLR4/ZC3HAV1/TLR1/BECN1/GDI1/AIM2/SYK/ZDHHC18/S100A9/HEXIM1/NLRP6/IRF1/HCFC2/MFHAS1/NLRC4/TLR6/CASP1/NLRC3/CREBBP/TLR8/SLC15A4/RNF34/PAK1/TYROBP/SEC14L1/PELI1/RFTN1/LRCH4/SLC15A3/NLRX1/CARD8/LAMP2/NOD2/MNDA/PDPK1/ZNFX1/CHUK/ZDHHC5/CD300A/TRIM32/BCL10/NLRP1/TRIM11/NINJ1/PAK2/OTUD4/PIK3AP1/TASL/NMI/MATR3/DDX3X/FYN/S100A8/BIRC3/RNF135/HSPA1A/FFAR2/IRAK2/NFKBIZ/SCIMP/CD274",85
"GO:0007249","canonical NF-kappaB signal transduction","80/2326","381/21273",0.20997375328084,1.9203661451175,6.35143567676828,6.38891530694083e-09,1.78773466497853e-06,1.47373017678286e-06,"STAT3/FLOT2/MAP3K3/ARRB2/CFLAR/TNFRSF1A/USP10/FLOT1/FADD/TRIM25/TLR2/IRAK3/NFKBIA/PLCG2/MYD88/AKAP13/ZMYND11/HACD3/RNF31/TNFSF14/PRKCB/CASP8/BCL3/CANT1/TLR4/ZC3HAV1/SLC44A2/CARD16/RBCK1/NLRP6/NLRP12/CLEC4D/RASSF2/TLR6/LITAF/RORA/CASP1/NLRC3/CREBBP/TLR8/CX3CL1/TANK/NDFIP2/TRIM39/PELI1/TRIM59/DDX1/S100A12/RIPK1/NLRX1/CARD8/NOD2/LTBR/PDPK1/VAPA/TAB2/OPTN/CHUK/SHISA5/MALT1/SIRPA/TRIM32/BCL10/TRIM8/NKIRAS1/DDX21/BRD4/DHX36/MTDH/RHOA/PELI2/CARD19/RHOH/BIRC3/FKBP1A/IRAK2/TGFBR3/SLC39A8/UBE2N/TRIM22",80
"GO:0002886","regulation of myeloid leukocyte mediated immunity","25/2326","66/21273",0.378787878787879,3.46429688110686,7.02528855031129,9.73734702932075e-09,2.57164305488956e-06,2.11994992777651e-06,"GAB2/FGR/ARG1/ITGAM/LYN/HLA-E/SYK/ADGRE2/IL4R/STX4/CD177/UNC13D/TYROBP/DDX1/STXBP2/FES/PDPK1/SPI1/PTAFR/CD300A/DDX21/DHX36/PRAM1/FCGR1A/CCR2",25
"GO:0002275","myeloid cell activation involved in immune response","35/2326","115/21273",0.304347826086957,2.7834872331676,6.71924394204722,1.03677816480269e-08,2.57164305488956e-06,2.11994992777651e-06,"GAB2/FGR/ITGAM/PIK3CD/PTPN6/LILRA2/DYSF/PLCG2/MYD88/RASGRP1/MILR1/LYN/SYK/ADGRE2/IL4R/STX4/DOCK2/CBL/CD177/UNC13D/TYROBP/STXBP2/FES/PDPK1/SPI1/PTAFR/CD300A/SBNO2/PRAM1/LAT2/NMI/ANXA3/CCR2/FER/FCER1G",35
"GO:0002758","innate immune response-activating signaling pathway","80/2326","385/21273",0.207792207792208,1.90041428906433,6.24687913881721,1.04436446348667e-08,2.57164305488956e-06,2.11994992777651e-06,"ARRB2/MAPKAPK2/FLOT1/TRIM25/TLR5/TLR2/IRAK3/MEFV/LILRA2/NFKBIA/PLCG2/MYD88/ZDHHC3/MAP2K6/UFD1/CLEC4E/HCK/USP15/LYN/APPL2/IPO5/PRKDC/GBP2/TLR4/ZC3HAV1/TLR1/BECN1/GDI1/AIM2/SYK/ZDHHC18/S100A9/NLRP6/IRF1/HCFC2/MFHAS1/NLRC4/TLR6/CASP1/NLRC3/CREBBP/TLR8/SLC15A4/RNF34/PAK1/TYROBP/SEC14L1/PELI1/RFTN1/LRCH4/SLC15A3/NLRX1/CARD8/LAMP2/NOD2/PDPK1/CHUK/ZDHHC5/CD300A/TRIM32/BCL10/NLRP1/TRIM11/NINJ1/PAK2/OTUD4/PIK3AP1/TASL/NMI/DDX3X/FYN/S100A8/BIRC3/RNF135/HSPA1A/FFAR2/IRAK2/NFKBIZ/SCIMP/CD274",80
"GO:0046631","alpha-beta T cell activation","63/2326","277/21273",0.227436823104693,2.08007890709636,6.33965868727682,1.12302228710682e-08,2.65897123054983e-06,2.19193945187934e-06,"STAT3/IL18R1/STAT6/RARA/CD55/HLX/PRKCZ/IL6R/BCL6/TYK2/HLA-E/BCL3/FOSL2/SEMA4A/SYK/CD247/CD3G/CBLB/IRF1/ICOS/IL4R/JAK3/CEBPB/STAT4/STAT5A/RORA/ZBTB7B/GPR18/DOCK2/TCIRG1/BCL2/CD3D/ITK/CLEC2B/CD28/SPN/ELF4/MALT1/BCL11B/CD300A/GATA3/ADA/PRKCQ/BRD4/WDFY4/AGER/PRDM1/RC3H1/CRACR2A/RHOA/CD69/NFKBID/SOCS3/CCR2/SASH3/NFKBIZ/CD3E/SLAMF6/CDH26/ZBTB16/TNFRSF14/CD274/LGALS9C",63
"GO:0031663","lipopolysaccharide-mediated signaling pathway","26/2326","72/21273",0.361111111111111,3.30262969332187,6.85726551467747,1.59488487297023e-08,3.63633751037211e-06,2.99763741621421e-06,"MAPK14/TLR2/TRIB1/IRAK3/CD55/PTPN6/LILRA2/NFKBIA/PLCG2/MYD88/MAPK3/HCK/LYN/MAPK1/TLR4/CARD16/CX3CL1/CARD8/PTAFR/MALT1/SIRPA/BCL10/CD6/MTDH/IRAK2/SCIMP",26
"GO:0051092","positive regulation of NF-kappaB transcription factor activity","41/2326","150/21273",0.273333333333333,2.49983662940671,6.45878124729864,1.91598490262675e-08,4.21242966448939e-06,3.47254256224195e-06,"CFLAR/IL18R1/PRKD2/TRIM25/TLR2/IRAK3/PRKCZ/SLCO3A1/PLCG2/MYD88/ARHGEF2/RIPK3/RNF31/TLR4/AIM2/S100A9/CARD16/RBCK1/NLRC4/PRKCH/NPM1/S100A12/RIPK1/NOD2/PPIA/CHUK/MALT1/TRIM32/BCL10/PRKCQ/TRIM8/RHEBL1/MTDH/IL18RAP/AGER/S100A8/HSPA1A/IRAK2/UBE2N/TRIM22/FER",41
"GO:0002444","myeloid leukocyte mediated immunity","39/2326","141/21273",0.276595744680851,2.52967380765079,6.38523485296855,2.96071575521011e-08,6.28488489278393e-06,5.18098390412629e-06,"GAB2/FGR/ARG1/ITGAM/PIK3CD/IL6R/MYD88/ADAM17/RASGRP1/MILR1/LYN/FCGR2A/HLA-E/FCAR/SYK/NLRP6/ADGRE2/IL4R/STX4/CBL/CD177/TREM1/UNC13D/TYROBP/DDX1/STXBP2/FES/PDPK1/SPI1/PTAFR/CD300A/DDX21/DHX36/PRAM1/WDR1/LAT2/ANXA3/FCGR1A/CCR2",39
"GO:0000045","autophagosome assembly","38/2326","136/21273",0.279411764705882,2.55542840524,6.3758280503456,3.29494869467026e-08,6.68238129806028e-06,5.50866253513023e-06,"MTMR3/RAB7A/NSFL1C/RALB/SH3GLB1/MFN2/TBC1D14/PSEN1/ATG2A/UBXN2B/ATG16L2/BECN1/WIPI2/ATG9A/GABARAPL1/MAP1LC3B/WIPI1/TOM1/PIP4K2C/ULK1/TCIRG1/PHF23/MAP1LC3A/ATG7/ATG13/SMURF1/LRBA/LRRK2/EPM2A/TRIM32/GABARAP/VMP1/TP53INP1/MAP1LC3B2/ATG4B/ATG14/ATG3/WDR45",38
"GO:0043122","regulation of canonical NF-kappaB signal transduction","75/2326","362/21273",0.207182320441989,1.89483641563303,6.01657484461923,3.40002678790568e-08,6.68238129806028e-06,5.50866253513023e-06,"STAT3/FLOT2/MAP3K3/ARRB2/CFLAR/TNFRSF1A/USP10/FLOT1/FADD/TRIM25/IRAK3/NFKBIA/PLCG2/MYD88/AKAP13/ZMYND11/RNF31/TNFSF14/PRKCB/CASP8/CANT1/TLR4/ZC3HAV1/SLC44A2/CARD16/RBCK1/NLRP6/NLRP12/CLEC4D/TLR6/LITAF/RORA/CASP1/NLRC3/TLR8/CX3CL1/TANK/NDFIP2/TRIM39/PELI1/TRIM59/DDX1/S100A12/RIPK1/NLRX1/CARD8/NOD2/LTBR/PDPK1/VAPA/TAB2/OPTN/CHUK/SHISA5/MALT1/SIRPA/TRIM32/BCL10/TRIM8/NKIRAS1/DDX21/BRD4/DHX36/MTDH/RHOA/PELI2/CARD19/RHOH/BIRC3/FKBP1A/IRAK2/TGFBR3/SLC39A8/UBE2N/TRIM22",75
"GO:0071214","cellular response to abiotic stimulus","76/2326","369/21273",0.205962059620596,1.88367622283274,5.9997125569488,3.58217321046116e-08,6.68238129806028e-06,5.50866253513023e-06,"PRKCD/TNFRSF1A/MAPK14/FADD/TLR5/MAPK13/KCNE1/GRB2/MYD88/NUCKS1/ARHGEF2/STK39/N4BP1/MAPK3/USP15/MAP2K4/TNFSF14/CASP8/CAB39/TLR4/TIMP1/MMP9/IRF1/MDM2/CASP1/CREBBP/KCNJ2/TLR8/GADD45A/NPM1/EIF2S1/TANK/SLC9A1/TLK2/RHOB/CRY1/TP53/FBXO4/CNN2/LTBR/CRADD/ZBTB1/FIGNL1/CASP9/XPC/GCLC/PTAFR/RHBDD1/GATA3/BCL10/SPIDR/NLRP1/CUL4A/DHX36/NINJ1/FAS/AKR1B1/TRIAP1/BRCA1/ZFP36L1/KDM1A/ATR/TP53INP1/DDX3X/OXSR1/NSMCE3/RCSD1/ATP1A1/WRN/PTEN/CASP2/MME/MICU1/NMT2/MMP1/MAP3K2",76
"GO:0104004","cellular response to environmental stimulus","76/2326","369/21273",0.205962059620596,1.88367622283274,5.9997125569488,3.58217321046116e-08,6.68238129806028e-06,5.50866253513023e-06,"PRKCD/TNFRSF1A/MAPK14/FADD/TLR5/MAPK13/KCNE1/GRB2/MYD88/NUCKS1/ARHGEF2/STK39/N4BP1/MAPK3/USP15/MAP2K4/TNFSF14/CASP8/CAB39/TLR4/TIMP1/MMP9/IRF1/MDM2/CASP1/CREBBP/KCNJ2/TLR8/GADD45A/NPM1/EIF2S1/TANK/SLC9A1/TLK2/RHOB/CRY1/TP53/FBXO4/CNN2/LTBR/CRADD/ZBTB1/FIGNL1/CASP9/XPC/GCLC/PTAFR/RHBDD1/GATA3/BCL10/SPIDR/NLRP1/CUL4A/DHX36/NINJ1/FAS/AKR1B1/TRIAP1/BRCA1/ZFP36L1/KDM1A/ATR/TP53INP1/DDX3X/OXSR1/NSMCE3/RCSD1/ATP1A1/WRN/PTEN/CASP2/MME/MICU1/NMT2/MMP1/MAP3K2",76
"GO:0002221","pattern recognition receptor signaling pathway","74/2326","357/21273",0.207282913165266,1.89575641090486,5.98030737487505,4.10152302720891e-08,7.42616933985237e-06,6.1218088279177e-06,"ARRB2/MAPKAPK2/FLOT1/TRIM25/TLR5/TLR2/IRAK3/MEFV/LILRA2/NFKBIA/PLCG2/MYD88/ZDHHC3/MAP2K6/UFD1/CLEC4E/USP15/LYN/APPL2/IPO5/PRKDC/GBP2/TLR4/ZC3HAV1/TLR1/BECN1/GDI1/AIM2/SYK/ZDHHC18/S100A9/NLRP6/IRF1/HCFC2/MFHAS1/NLRC4/TLR6/CASP1/NLRC3/TLR8/SLC15A4/RNF34/SEC14L1/PELI1/RFTN1/LRCH4/SLC15A3/NLRX1/CARD8/LAMP2/NOD2/PDPK1/CHUK/ZDHHC5/CD300A/TRIM32/BCL10/NLRP1/TRIM11/NINJ1/OTUD4/PIK3AP1/TASL/NMI/DDX3X/S100A8/BIRC3/RNF135/HSPA1A/FFAR2/IRAK2/NFKBIZ/SCIMP/CD274",74
"GO:0006403","RNA localization","54/2326","231/21273",0.233766233766234,2.13796607519737,6.09299170350963,4.63545064406682e-08,8.15309547567867e-06,6.72105490377327e-06,"FLOT1/KPNB1/MVP/AGFG1/NDC1/STAU1/THOC5/SMG5/ZFP36/SENP2/NUP214/NUP98/ZC3H11A/UPF1/SMG7/LRPPRC/BICD2/CHTOP/NUP133/NUP50/TOMM20/SEH1L/NXT1/AKAP8L/NOP58/RFTN1/PCID2/NUP88/CCT6A/NCBP3/HHEX/CCT2/NOP10/SHQ1/NUP58/CCT3/DHX36/NUP155/ZC3H3/ZFP36L1/NUP54/ATR/RUVBL1/SIDT1/RAN/FYTTD1/XPO5/AHCTF1/NAF1/GLE1/NXT2/RBM33/CCT4/NXF1",54
"GO:0010563","negative regulation of phosphorus metabolic process","65/2326","301/21273",0.215946843853821,1.97499450098982,5.96903711545069,5.47407818945315e-08,9.10768252277664e-06,7.50797466610345e-06,"STAT3/PREX1/PRKCD/MACROH2A1/SAMSN1/TRIB1/IRAK3/PRKCZ/MVP/PTPN6/URI1/DUSP1/HDAC4/TRIM27/LYN/FLCN/IPO5/PRKACA/PRKDC/IRS2/PPM1F/CDKN2D/SLC8A1/NLRP12/IBTK/RASSF2/PRKCH/GADD45A/DNAJC10/NPM1/IQGAP1/TP53/IPO7/PPIA/PDPK1/NCK1/TAF7/HHEX/PLPP3/PTPRJ/CDA/RGS2/EPM2A/MIDN/CD300A/CEACAM1/DUSP3/APC/PGK1/CORO1C/RGS14/CADM4/PAK2/PARP14/ADAR/ATG14/NTRK3/PTEN/NPPA/PPP1R15B/DNAJC3/IER3/PRNP/CBFA2T3/HEG1",65
"GO:0045936","negative regulation of phosphate metabolic process","65/2326","301/21273",0.215946843853821,1.97499450098982,5.96903711545069,5.47407818945315e-08,9.10768252277664e-06,7.50797466610345e-06,"STAT3/PREX1/PRKCD/MACROH2A1/SAMSN1/TRIB1/IRAK3/PRKCZ/MVP/PTPN6/URI1/DUSP1/HDAC4/TRIM27/LYN/FLCN/IPO5/PRKACA/PRKDC/IRS2/PPM1F/CDKN2D/SLC8A1/NLRP12/IBTK/RASSF2/PRKCH/GADD45A/DNAJC10/NPM1/IQGAP1/TP53/IPO7/PPIA/PDPK1/NCK1/TAF7/HHEX/PLPP3/PTPRJ/CDA/RGS2/EPM2A/MIDN/CD300A/CEACAM1/DUSP3/APC/PGK1/CORO1C/RGS14/CADM4/PAK2/PARP14/ADAR/ATG14/NTRK3/PTEN/NPPA/PPP1R15B/DNAJC3/IER3/PRNP/CBFA2T3/HEG1",65
"GO:0048872","homeostasis of number of cells","79/2326","393/21273",0.201017811704835,1.838457398279,5.87828744447946,5.78621595451104e-08,9.37366984630789e-06,7.72724296861433e-06,"STAT3/STAT5B/INPP5D/MAPK14/HCLS1/ARSG/FADD/GBA1/PIK3CD/HMGB2/ADAM17/BCL6/TSC22D3/RRN3/RIPK3/MAEA/ZFP36/ACIN1/LYN/ETS1/G6PD/TNFSF14/RCOR1/PRKDC/FCAR/FOSL2/AIM2/SOS2/ACVR1B/SFXN1/FOXO3/NLRP6/JMJD6/XKR8/JAK3/MFHAS1/CDH2/RASSF2/EPAS1/NCSTN/HSPA9/GLIS2/TCIRG1/PKNOX1/SLC15A4/BCL2/AKT3/FANCC/NOD2/SPI1/LPCAT3/SLC40A1/UBA5/GATA3/ADA/FLT3/BCL10/CHMP5/SH2B2/CDK6/DOCK10/FAS/TUBA1A/ADAR/B2M/ZFP36L1/RC3H1/OCIAD2/POLB/CSF1/HSPA1A/PDE4B/TGFBR3/ARNT/CCR2/SASH3/PACS1/NFKBIZ/SH2B3",79
"GO:0050864","regulation of B cell activation","38/2326","139/21273",0.273381294964029,2.50027527419165,6.21765026917175,6.22183723703777e-08,9.82093077723193e-06,8.09594529548154e-06,"STAT5B/INPP5D/STAT6/SAMSN1/AKIRIN2/LAPTM5/PTPN6/THEMIS2/BCL6/NFATC2/LYN/NFAM1/IRS2/TLR4/VAV3/SYK/SHLD2/SLC15A4/BCL2/TYROBP/PELI1/PCID2/CR1/CD28/NOD2/MNDA/SH3KBP1/SPI1/BST1/CD300A/ADA/NSD2/ZFP36L1/RC3H1/SASH3/CTLA4/MSH2/IL4",38
"GO:1905037","autophagosome organization","39/2326","145/21273",0.268965517241379,2.45988970261215,6.18035813610634,6.77398788178352e-08,1.042289942378e-05,8.59218188879368e-06,"MTMR3/RAB7A/NSFL1C/RALB/GBA1/SH3GLB1/MFN2/TBC1D14/PSEN1/ATG2A/UBXN2B/ATG16L2/BECN1/WIPI2/ATG9A/GABARAPL1/MAP1LC3B/WIPI1/TOM1/PIP4K2C/ULK1/TCIRG1/PHF23/MAP1LC3A/ATG7/ATG13/SMURF1/LRBA/LRRK2/EPM2A/TRIM32/GABARAP/VMP1/TP53INP1/MAP1LC3B2/ATG4B/ATG14/ATG3/WDR45",39
"GO:0030595","leukocyte chemotaxis","60/2326","271/21273",0.22140221402214,2.02488791869862,5.94934948894659,6.94182710160784e-08,1.042289942378e-05,8.59218188879368e-06,"NEDD9/PREX1/RIPOR2/PTK2B/VAV1/GPSM3/ALOX5/IL17RA/PIK3CD/IL6R/CXCL16/ADAM17/DUSP1/STK39/S1PR1/MAPK3/LYN/MAPK1/TNFSF14/RAC1/C5AR1/VAV3/SYK/S100A9/ADGRE2/FPR2/DAPK2/CSF3R/MCU/CX3CL1/GPR18/TREM1/SBDS/S100A12/NOD2/PPIA/PTPRJ/FLT1/AKIRIN1/BST1/JAML/NINJ1/CXCR1/CYP19A1/OXSR1/CCL26/CALCA/S100A8/CSF1/FFAR2/C5AR2/IL16/PDE4B/DPP4/TNFAIP6/SLC12A2/CCR2/LYST/RIN3/FCER1G",60
"GO:0043300","regulation of leukocyte degranulation","21/2326","54/21273",0.388888888888889,3.55667813126971,6.5909690154155,8.61285180548549e-08,1.26239799320402e-05,1.04066562792595e-05,"GAB2/FGR/ITGAM/LYN/SYK/LAMP1/ADGRE2/IL4R/STX4/CD177/UNC13D/STXBP2/FES/PDPK1/SPI1/PTAFR/CD300A/CEACAM1/PRAM1/AP1G1/CCR2",21
"GO:0018105","peptidyl-serine phosphorylation","40/2326","152/21273",0.263157894736842,2.40677467529529,6.09856823059396,8.84717135249123e-08,1.26658574060316e-05,1.04411782350943e-05,"RAF1/MARK2/PRKCD/MKNK1/MAPK14/MAPKAPK2/PRKD2/MAPK13/PRKCZ/PDK3/STK39/TXN/MAPK1/PRKACA/PRKDC/CAB39/PPM1F/TENM1/RASSF2/CREBL2/GADD45A/TLK2/CDK5R1/ULK1/PAK1/FNIP1/RIPK1/NCK1/LMTK2/LRRK2/PAK2/GRK2/SRPK2/ATR/ROCK1/CSNK2A1/NTRK3/PTEN/MARK3/DYRK1A",40
"GO:0071375","cellular response to peptide hormone stimulus","80/2326","404/21273",0.198019801980198,1.81103836952913,5.76660300068926,9.33426944148193e-08,1.27892586819556e-05,1.05429048434917e-05,"STAT3/RAF1/PRKCD/STAT5B/CFLAR/PXN/PTPRE/GRB10/CRK/STAT6/PRKCZ/ZNF592/NDEL1/RAB31/GRB2/NUCKS1/INHBB/SP1/ECHDC3/TYK2/MAPK3/KBTBD2/LYN/MAPK1/FOS/APPL2/PRKCB/PRKACA/PRKDC/IRS2/PCSK9/SOS2/AGTRAP/USF1/LPIN1/GNAI2/JAK3/NFE2L2/MDM2/STAT5A/ZBTB7B/NCOA1/SLC9A1/PIP4K2C/EPRS1/LPIN2/SNX5/WDTC1/PDPK1/NCK1/PTPRJ/ZDHHC7/FLT1/GCLC/SLC26A6/FLT3/CEACAM1/APC/PRKCQ/SH2B2/GPER1/GOT1/ZFP36L1/EPHB4/RAB8A/ROCK1/EPHA4/HDAC5/NTRK3/SOCS3/GCGR/SLC39A14/CSF2RA/HNF4A/MYO5A/IDE/FER/SORL1/NCOA2/EEF2K",80
"GO:0006997","nucleus organization","41/2326","158/21273",0.259493670886076,2.37326262285447,6.07051295244005,9.34887330552312e-08,1.27892586819556e-05,1.05429048434917e-05,"NSFL1C/SRPK1/HMGB2/AGFG1/TMEM43/NDC1/RRN3/CHMP3/NOLC1/NUP98/IRAG2/ETS1/H3-3B/PRKCB/CHMP2A/UBXN2B/ATXN7/NUP133/LMNB1/LPIN1/SF1/BAZ2A/SEH1L/POLR1B/AKAP8L/CHMP1B/TOR1A/LEMD2/CHMP5/GPER1/NUP155/SRPK2/NUP54/SYNE1/ATR/UBE2I/CHMP1A/AHCTF1/CCDC146/TOR1AIP1/CHMP4B",41
"GO:0018209","peptidyl-serine modification","42/2326","164/21273",0.25609756097561,2.34220267181176,6.04567758870325,9.77911875051308e-08,1.30870119626432e-05,1.07883596101198e-05,"RAF1/MARK2/PRKCD/MKNK1/MAPK14/MAPKAPK2/PRKD2/MAPK13/PRKCZ/PDK3/STK39/TXN/MAPK1/PRKACA/PRKDC/CAB39/PPM1F/TENM1/RASSF2/CREBL2/GADD45A/POGLUT3/TLK2/CDK5R1/ULK1/PAK1/FNIP1/RIPK1/NCK1/LMTK2/LRRK2/GALNT3/PAK2/GRK2/SRPK2/ATR/ROCK1/CSNK2A1/NTRK3/PTEN/MARK3/DYRK1A",42
"GO:0038094","Fc-gamma receptor signaling pathway","17/2326","38/21273",0.447368421052632,4.09151694800199,6.68307118619577,1.29415161194557e-07,1.69506326024189e-05,1.39733592859789e-05,"VAV1/PRKCD/FGR/CLEC4E/HCK/LYN/APPL2/FCGR2A/VAV3/SYK/CD247/CLEC4D/PAK1/LCK/FYN/FCGR1A/FCER1G",17
"GO:0006909","phagocytosis","58/2326","266/21273",0.218045112781955,1.99418473095895,5.71695375530597,1.9796603967784e-07,2.53891445886829e-05,2.09296990633085e-05,"BIN2/VAV1/PRKCD/RAB7A/NCF2/FGR/DNM2/ITGAM/RARA/ARHGAP25/TLR2/NCF4/ANXA11/DYSF/PLCG2/RAB31/MYD88/CEACAM4/CDC42SE1/ELMO1/HCK/LYN/SLC11A1/APPL2/PLD4/FCGR2A/TLR4/VAV3/BECN1/SYK/JMJD6/XKR8/FPR2/DOCK2/UNC13D/PAK1/TYROBP/CNN2/NOD2/PTPRJ/SIRPA/BLTP1/CD300A/RAB20/CORO1C/PIP4P2/CFP/SIRPB1/ICAM3/CD93/FYN/ATG3/ANXA3/FCGR1A/CCR2/ELMO2/LYST/FCER1G",58
"GO:0032869","cellular response to insulin stimulus","60/2326","279/21273",0.21505376344086,1.96682661637034,5.69563162615882,2.04079617414172e-07,2.56390637714621e-05,2.11357214941724e-05,"RAF1/PRKCD/CFLAR/PTPRE/GRB10/PRKCZ/ZNF592/NDEL1/RAB31/GRB2/NUCKS1/INHBB/SP1/ECHDC3/MAPK3/KBTBD2/MAPK1/APPL2/PRKCB/PRKDC/IRS2/PCSK9/SOS2/USF1/LPIN1/GNAI2/ZBTB7B/NCOA1/SLC9A1/PIP4K2C/EPRS1/LPIN2/SNX5/WDTC1/PDPK1/NCK1/PTPRJ/ZDHHC7/FLT1/GCLC/FLT3/CEACAM1/APC/PRKCQ/SH2B2/GOT1/ZFP36L1/EPHB4/RAB8A/EPHA4/HDAC5/NTRK3/SOCS3/SLC39A14/MYO5A/IDE/FER/SORL1/NCOA2/EEF2K",60
"GO:0043549","regulation of kinase activity","84/2326","440/21273",0.190909090909091,1.74600562807786,5.54027503708427,2.35026103977411e-07,2.89364139216988e-05,2.38539125742126e-05,"NEDD9/CAMKK2/PREX1/PTK2B/PRKCD/PIK3R5/RALB/MACROH2A1/FGR/TRIB1/IRAK3/MVP/MAPRE3/ADAM17/DUSP1/RASGRP1/CCND3/RIPK3/MAP3K5/TRIM27/LYN/STRADA/IPO5/IRS2/CAB39/TLR4/PPM1F/CDKN2D/UNC119/SLC8A1/COPS8/LCP2/TENM1/HGS/RASSF2/TLR6/ABI1/PRKCH/GADD45A/NPM1/IQGAP1/CDK5R1/PAK1/RBL1/S100A12/IPO7/PPIA/PDPK1/TAF7/HHEX/TAB2/TAOK2/PTPRJ/LRRK2/FLT1/RGS2/MIDN/CD300A/FLT3/MAP2K7/CEACAM1/DUSP3/APC/CORO1C/LILRA5/RGS14/PAK2/MAP3K11/GTPBP4/ADAR/RHOA/DDX3X/EPHA4/CALCA/CACUL1/NTRK3/PTEN/NPPA/ADAM9/ETAA1/RAD50/NLRC5/HEG1/RAPGEF2",84
"GO:0070661","leukocyte proliferation","85/2326","448/21273",0.189732142857143,1.7352415627687,5.51080877457418,2.62856099989194e-07,3.13667158981216e-05,2.58573471059205e-05,"RIPOR2/PRKCD/STAT5B/INPP5D/ARG1/PCYT1A/FADD/GBA1/STAT6/CD55/PTPN6/MYD88/BCL6/RASGRP1/CCND3/NFATC2/RIPK3/TYK2/MAPK3/LYN/MAPK1/SLC11A1/TNFSF14/HLA-E/IRS2/TLR4/FOSL2/VAV3/SOS2/SYK/VSIG4/CBLB/IRF1/CEBPB/ST6GAL1/ZBTB7B/DOCK8/TNFRSF1B/NCSTN/CX3CL1/DOCK2/TCIRG1/BCL2/TYROBP/PELI1/LILRB2/TP53/CR1/CD28/CNN2/MNDA/NCK1/SPN/HHEX/BTN3A1/ELF4/BST1/MALT1/CD300A/ADA/FLT3/CD6/PRKCQ/AGER/RC3H1/CSF2RB/MSN/BID/FYN/CSF1/HHLA2/TMEM131L/CSF2RA/CCR2/SASH3/PRNP/NFKBIZ/CD3E/CTNNB1/CTLA4/DLG1/IL4/TNFRSF14/CD274/LGALS9C",85
"GO:0045859","regulation of protein kinase activity","79/2326","407/21273",0.194103194103194,1.77521807745368,5.53274028722556,2.64956014733971e-07,3.13667158981216e-05,2.58573471059205e-05,"NEDD9/CAMKK2/PREX1/PTK2B/PRKCD/PIK3R5/RALB/MACROH2A1/FGR/TRIB1/IRAK3/MVP/MAPRE3/ADAM17/DUSP1/RASGRP1/CCND3/RIPK3/MAP3K5/TRIM27/LYN/STRADA/IPO5/CAB39/TLR4/PPM1F/CDKN2D/UNC119/SLC8A1/COPS8/LCP2/TENM1/HGS/RASSF2/TLR6/ABI1/PRKCH/GADD45A/NPM1/IQGAP1/CDK5R1/PAK1/S100A12/IPO7/PPIA/PDPK1/TAF7/HHEX/TAB2/TAOK2/PTPRJ/LRRK2/FLT1/RGS2/CD300A/FLT3/MAP2K7/CEACAM1/DUSP3/APC/CORO1C/LILRA5/RGS14/PAK2/MAP3K11/GTPBP4/ADAR/RHOA/DDX3X/EPHA4/CALCA/CACUL1/NTRK3/PTEN/NPPA/ADAM9/ETAA1/HEG1/RAPGEF2",79
"GO:0002224","toll-like receptor signaling pathway","28/2326","93/21273",0.301075268817204,2.75355726291848,5.93795960250896,3.84004189872397e-07,4.37764776454533e-05,3.60874112938563e-05,"ARRB2/MAPKAPK2/TLR5/TLR2/IRAK3/PLCG2/MYD88/TLR4/TLR1/GDI1/S100A9/NLRP6/IRF1/MFHAS1/TLR6/TLR8/LRCH4/PDPK1/CD300A/BCL10/OTUD4/TASL/S100A8/BIRC3/IRAK2/NFKBIZ/SCIMP/CD274",28
"GO:0043299","leukocyte degranulation","28/2326","93/21273",0.301075268817204,2.75355726291848,5.93795960250896,3.84004189872397e-07,4.37764776454533e-05,3.60874112938563e-05,"GAB2/FGR/ITGAM/PIK3CD/RASGRP1/HCK/MILR1/LYN/SYK/LAMP1/ADGRE2/IL4R/STX4/CBL/CD177/UNC13D/STXBP2/FES/PDPK1/SPI1/PTAFR/CD300A/CEACAM1/PRAM1/LAT2/AP1G1/ANXA3/CCR2",28
"GO:0002285","lymphocyte activation involved in immune response","58/2326","272/21273",0.213235294117647,1.95019536189368,5.52606718325529,4.35955441325423e-07,4.87953035781692e-05,4.02247116292797e-05,"STAT3/PTK2B/IL18R1/APBB1IP/PCYT1A/STAT6/RARA/HLX/PRKCZ/IL6R/PLCG2/BCL6/PSEN1/CLEC4E/LCP1/SLC11A1/BCL3/TLR4/SEMA4A/LAMP1/ICOS/IL4R/JAK3/CLEC4D/STAT4/STAT5A/PHF14/RORA/ZBTB7B/PGLYRP1/SHLD2/SLC15A4/UNC13D/TYROBP/TP53/CR1/CD28/SPN/MALT1/GATA3/ADA/CEACAM1/BRD4/DOCK10/NOTCH2/NSD2/RC3H1/CRACR2A/CD69/AP1G1/UNG/NFKBID/SOCS3/NFKBIZ/SLAMF6/MSH2/IL4/FCER1G",58
"GO:0050853","B cell receptor signaling pathway","26/2326","84/21273",0.30952380952381,2.83082545141874,5.89074391808577,5.45263758196176e-07,5.9508014193365e-05,4.90558011740728e-05,"PIK3CD/BMX/PTPN6/NFKBIA/PLCG2/GRB2/NFATC2/LYN/MAPK1/PRKCB/NFAM1/PLEKHA1/VAV3/SYK/LPXN/PRKCH/BCL2/RFTN1/ITK/LCK/MNDA/CD300A/SH2B2/LAT2/NFKBIZ/CTLA4",26
"GO:0046632","alpha-beta T cell differentiation","40/2326","162/21273",0.246913580246914,2.2582083373141,5.63241248950287,5.51000131420046e-07,5.9508014193365e-05,4.90558011740728e-05,"STAT3/IL18R1/STAT6/RARA/HLX/PRKCZ/IL6R/BCL6/BCL3/FOSL2/SEMA4A/SYK/IRF1/ICOS/IL4R/JAK3/STAT4/STAT5A/RORA/ZBTB7B/GPR18/BCL2/ITK/SPN/MALT1/BCL11B/GATA3/ADA/BRD4/PRDM1/RC3H1/CRACR2A/RHOA/CD69/NFKBID/SOCS3/SASH3/NFKBIZ/SLAMF6/ZBTB16",40
"GO:0032868","response to insulin","69/2326","347/21273",0.198847262247839,1.81860610911362,5.38685639482351,5.9568571487097e-07,6.32248493232016e-05,5.21197973029573e-05,"RAF1/PRKCD/CFLAR/PTPRE/MAPK14/GRB10/TLR2/PRKCZ/ZNF592/NDEL1/RAB31/GRB2/NUCKS1/INHBB/SP1/ECHDC3/MAPK3/KBTBD2/LYN/MAPK1/FOS/APPL2/PRKCB/PRKDC/IRS2/PCSK9/SOS2/USF1/LPIN1/GNAI2/ZBTB7B/NCOA1/SLC9A1/PIP4K2C/CRY1/SRSF4/EPRS1/LPIN2/SNX5/WDTC1/PDPK1/NCK1/PTPRJ/ZDHHC7/FLT1/GCLC/FLT3/CEACAM1/APC/PRKCQ/SH2B2/SCAP/GOT1/ZFP36L1/INPPL1/EPHB4/RAB8A/EPHA4/HDAC5/NTRK3/SOCS3/SLC39A14/SORT1/MYO5A/IDE/FER/SORL1/NCOA2/EEF2K",69
"GO:0030183","B cell differentiation","38/2326","151/21273",0.251655629139073,2.30157790140821,5.62380056068317,6.29109970774841e-07,6.56406945777952e-05,5.41113143462178e-05,"PTK2B/KLF6/STAT5B/INPP5D/PIK3CD/PTPN6/PLCG2/ADAM17/BCL6/HDAC4/NFAM1/PRKDC/BCL3/FOSL2/SYK/JAK3/PHF14/TCIRG1/BCL2/TP53/FNIP1/PCID2/CR1/SPI1/ZBTB1/HHEX/PTPRJ/MALT1/DCAF1/ADA/FLT3/DOCK10/NOTCH2/ZFP36L1/HDAC5/NFKBIZ/MSH2/IL4",38
"GO:0001934","positive regulation of protein phosphorylation","86/2326","465/21273",0.18494623655914,1.6914708900785,5.28231138042792,6.90993455675177e-07,7.08959285522731e-05,5.84434991194742e-05,"NEDD9/RAF1/CAMKK2/PTK2B/PRKCD/CSNK1D/PIK3R5/RALB/HCLS1/FLOT1/SEMA4D/SLCO3A1/MAPRE3/IL6R/LIMK2/PLCG2/ADAM17/ITGA5/ARHGEF2/RASGRP1/CCND3/RIPK3/MAP3K5/TXN/LYN/MAPK1/STRADA/RAC1/CAB39/TLR4/SYK/PLAUR/UNC119/COPS8/MMP9/LCP2/TENM1/RASSF2/TLR6/ABI1/CREBL2/IQGAP1/PAK1/RALBP1/TP53/FNIP1/S100A12/RIPK1/NOD2/PPIA/PDPK1/TAB2/TAOK2/PLPP3/PTPRJ/LRRK2/FLT1/TGFA/FLT3/MAP2K7/LILRA5/GPER1/FAS/PAK2/MAP3K11/PARP14/AGER/ARL2BP/TMEM119/RHOA/PELI2/DDX3X/EPHA4/ATG14/CALCA/NPTN/CACUL1/NTRK3/PARP9/P2RY1/ADAM9/PRNP/ETAA1/RAD50/CD3E/RAPGEF2",86
"GO:2001233","regulation of apoptotic signaling pathway","85/2326","459/21273",0.185185185185185,1.69365625298557,5.26394888001142,7.57603769734931e-07,7.64558820735776e-05,6.3026881344126e-05,"RAF1/PRKCD/CFLAR/ITPRIP/MCL1/FADD/RFFL/HMGB2/DEDD2/URI1/ARHGEF2/PSEN1/INHBB/SP1/RRN3/RIPK3/ZMYND11/HNRNPK/USP15/FLCN/TNFSF14/TLR4/BECN1/S100A9/PLAUR/RBCK1/CDKN2D/MMP9/PTTG1IP/DDIT3/GNAI2/STX4/NFE2L2/MDM2/TLR6/TMBIM6/DAPK2/SERINC3/CX3CL1/TRIM39/BCL2/RNF34/IVNS1ABP/TP53/APAF1/RIPK1/LCK/MNT/LTBR/PPIA/NACC2/CRADD/NCK1/HTRA2/FIGNL1/PEA15/LRRK2/GCLC/TNFRSF12A/VNN1/TRIM32/BCL10/GPER1/FAS/PAK2/PSME3/TMBIM1/TRIAP1/BRCA1/KDM1A/CD44/DDX3X/BID/CSNK2A1/FYN/S100A8/MAGED1/SLC25A31/HSPA1A/ACSL5/CASP2/IER3/PPP2R1B/CTNNB1/FAIM",85
"GO:2000377","regulation of reactive oxygen species metabolic process","42/2326","176/21273",0.238636363636364,2.18250703509732,5.51935724994418,7.76543766214193e-07,7.71032810453963e-05,6.35605687082958e-05,"PTK2B/PRKCD/CFLAR/ALOX5/MAPK14/ITGAM/PDK3/PLCG2/GRB2/RIPK3/G6PD/RAC1/TLR4/BECN1/SYK/HK2/FOXO3/GNAI2/NFE2L2/TLR6/FPR2/GADD45A/PLIN5/CD177/BCL2/TYROBP/TP53/ABCD2/RIPK1/COQ7/ABCB7/PRCP/LRRK2/BST1/SIRPA/FAS/BRCA1/RHOA/FYN/NNT/ELAVL1/IER3",42
"GO:0046777","protein autophosphorylation","44/2326","189/21273",0.232804232804233,2.12916786089615,5.46325782674528,8.87547519522267e-07,8.67260719076044e-05,7.1493176133949e-05,"MARK2/CAMKK2/PTK2B/MAP3K3/PRKD2/FGR/BMX/MVP/STK39/MAPK3/HTATIP2/HCK/LYN/ACVR1B/STK10/NLRP12/RASSF2/DAPK2/ULK1/STK16/PAK1/RIPK1/LCK/FES/PDPK1/TAOK2/LMTK2/LRRK2/FLT1/FLT3/PAK2/MAP3K11/GRK5/ATR/EPHB4/DDX3X/OXSR1/EPHA4/MAPKAPK5/RAD50/FER/MARK3/DYRK1A/EEF2K",44
"GO:0002703","regulation of leukocyte mediated immunity","80/2326","428/21273",0.186915887850467,1.70948481609759,5.19520668358468,1.08753026461085e-06,0.000103999673650481,8.5732777037203e-05,"VAV1/ARRB2/STAT5B/WAS/INPP5D/IL18R1/RASGRP4/GAB2/FGR/ARG1/CRK/IL1R1/FADD/ITGAM/STAT6/CD55/PRKCZ/PTPN6/PLCG2/GRB2/BCL6/FBXO38/RASGRP1/SH2D1A/RIPK3/LYN/HLA-E/TLR4/SYK/LAMP1/ADGRE2/IL4R/JAK3/STX4/TNFRSF1B/SHLD2/SLC15A4/CD177/UNC13D/TYROBP/DDX1/STXBP2/CR1/CD28/FES/NOD2/HLA-C/PDPK1/DUSP22/SPN/SPI1/ZBTB1/HLA-B/PTAFR/MALT1/STX7/CD300A/GATA3/CEACAM1/DDX21/DHX36/PRAM1/CYRIB/IL18RAP/AGER/NSD2/B2M/AP1G1/FCGR1A/ARID5A/CD96/PVR/CCR2/SASH3/TAP2/SLAMF6/SCIMP/MSH2/IL4/CD274",80
"GO:0042326","negative regulation of phosphorylation","53/2326","247/21273",0.214574898785425,1.96244704293308,5.33071886341105,1.1001073417446e-06,0.000103999673650481,8.5732777037203e-05,"PREX1/PRKCD/MACROH2A1/SAMSN1/TRIB1/IRAK3/PRKCZ/MVP/PTPN6/DUSP1/TRIM27/LYN/IPO5/PRKDC/IRS2/PPM1F/CDKN2D/SLC8A1/NLRP12/IBTK/RASSF2/PRKCH/GADD45A/DNAJC10/NPM1/IPO7/PPIA/PDPK1/NCK1/TAF7/HHEX/PLPP3/PTPRJ/RGS2/MIDN/CD300A/CEACAM1/DUSP3/APC/CORO1C/RGS14/CADM4/PAK2/PARP14/ADAR/ATG14/NTRK3/PTEN/NPPA/PPP1R15B/DNAJC3/PRNP/HEG1",53
"GO:0097193","intrinsic apoptotic signaling pathway","73/2326","380/21273",0.192105263157895,1.75694551296556,5.21668729962555,1.11500624771471e-06,0.000103999673650481,8.5732777037203e-05,"PRKCD/TNFRSF1A/MCL1/CASP4/DYRK2/LAPTM5/PPP1R15A/URI1/ARHGEF2/RRN3/RIPK3/MAP3K5/HNRNPK/USP15/FLCN/MAP2K4/PRKDC/BCL3/PPM1F/BECN1/S100A9/PLAUR/CDKN2D/MMP9/PTTG1IP/DDIT3/CEBPB/NFE2L2/MDM2/TMBIM6/TNFRSF1B/DAPK2/DNAJC10/SERINC3/ATP2A1/JMY/BCL2/BCL2A1/IVNS1ABP/TP53/APAF1/LCK/CARD8/PPIA/NACC2/NCK1/HTRA2/FIGNL1/CASP9/LRRK2/SHISA5/ERO1A/VNN1/TRIM32/NLRP1/CUL4A/TOPORS/TRIAP1/BRCA1/KDM1A/CD44/DDX3X/POLB/TP53BP2/BID/FYN/S100A8/HSPA1A/CASP2/IER3/CTNNB1/MSH2/HINT1",73
"GO:0042327","positive regulation of phosphorylation","89/2326","492/21273",0.180894308943089,1.65441299834322,5.14564756164871,1.1799773005256e-06,0.000108417018836352,8.93742429824655e-05,"NEDD9/RAF1/CAMKK2/PTK2B/PRKCD/CSNK1D/PIK3R5/RALB/HCLS1/GRB10/FLOT1/SEMA4D/DHX34/SLCO3A1/MAPRE3/IL6R/LIMK2/PLCG2/ADAM17/ITGA5/ARHGEF2/RASGRP1/CCND3/RIPK3/MAP3K5/TXN/LYN/MAPK1/STRADA/RAC1/CAB39/TLR4/SYK/PLAUR/UNC119/COPS8/MMP9/LCP2/TENM1/RASSF2/TLR6/ABI1/CREBL2/IQGAP1/PAK1/RALBP1/TP53/FNIP1/S100A12/RIPK1/NOD2/PPIA/PDPK1/TAB2/TAOK2/PLPP3/PTPRJ/LRRK2/FLT1/TGFA/FLT3/MAP2K7/BCL10/LILRA5/GPER1/FAS/PAK2/MAP3K11/PARP14/AGER/ARL2BP/TMEM119/RHOA/PELI2/DDX3X/EPHA4/ATG14/CALCA/NPTN/CACUL1/NTRK3/PARP9/P2RY1/ADAM9/PRNP/ETAA1/RAD50/CD3E/RAPGEF2",89
"GO:0002283","neutrophil activation involved in immune response","12/2326","23/21273",0.521739130434783,4.77169239971588,6.34102561056017,1.20588615232086e-06,0.000109168164024812,8.9993454184812e-05,"ITGAM/LILRA2/MYD88/SYK/CD177/TYROBP/STXBP2/SPI1/PTAFR/PRAM1/ANXA3/FCER1G",12
"GO:0071496","cellular response to external stimulus","24/2326","77/21273",0.311688311688312,2.8506214335965,5.69999906920037,1.27998758829569e-06,0.000114197153529685,9.41391329240813e-05,"TNFRSF1A/FADD/TLR5/MYD88/MAPK3/MAP2K4/TNFSF14/CASP8/TLR4/IRF1/CASP1/KCNJ2/TLR8/GADD45A/SLC9A1/CNN2/LTBR/CRADD/CDA/GCLC/BCL10/FAS/CASP2/MAP3K2",24
"GO:0071763","nuclear membrane organization","18/2326","48/21273",0.375,3.42965391229579,5.90445714396796,1.3451643080444e-06,0.000117903194771025,9.71942310439297e-05,"NSFL1C/TMEM43/CHMP3/PRKCB/CHMP2A/UBXN2B/LPIN1/AKAP8L/CHMP1B/TOR1A/LEMD2/CHMP5/GPER1/ATR/UBE2I/CHMP1A/TOR1AIP1/CHMP4B",18
"GO:0071621","granulocyte chemotaxis","34/2326","132/21273",0.257575757575758,2.35572187915266,5.47436306947088,1.35983216841175e-06,0.000117903194771025,9.71942310439297e-05,"PREX1/RIPOR2/VAV1/IL17RA/PIK3CD/MAPK3/MAPK1/RAC1/C5AR1/VAV3/SYK/S100A9/ADGRE2/DAPK2/CSF3R/MCU/CX3CL1/TREM1/S100A12/NOD2/PPIA/PTPRJ/AKIRIN1/BST1/JAML/CXCR1/CCL26/S100A8/CSF1/C5AR2/PDE4B/DPP4/TNFAIP6/FCER1G",34
"GO:0051170","import into nucleus","42/2326","180/21273",0.233333333333333,2.13400687876182,5.3532996666482,1.46139515626534e-06,0.000124949285860687,0.000103002720005193,"STAT3/E2F3/PRKCD/MAPK14/HCLS1/KPNB1/AKIRIN2/NFKBIA/PSEN1/FAM53C/HTATIP2/NUP214/NUP98/PPP1R10/APPL2/IPO5/BCL3/NUP133/SYK/RBM22/NUP50/CBLB/PTTG1IP/NPM1/TNPO3/TP53/IPO11/NUP88/IPO7/LRRK2/CSE1L/NUP58/EPM2A/TMCO6/NUP155/ADAR/NUP54/MDFIC/KPNA1/RAN/SMAD3/ELAVL1",42
"GO:0097530","granulocyte migration","39/2326","162/21273",0.240740740740741,2.20175312888125,5.37968882550818,1.50204835299448e-06,0.000126665885767589,0.000104417809802255,"PREX1/RIPOR2/VAV1/IL17RA/IL1R1/PIK3CD/MYD88/MAPK3/MAPK1/RAC1/C5AR1/VAV3/SYK/S100A9/ADGRE2/DAPK2/CSF3R/MCU/CX3CL1/CD177/TREM1/S100A12/NOD2/PPIA/PTPRJ/AKIRIN1/BST1/JAML/CD300A/WDR1/CXCR1/CCL26/S100A8/CSF1/C5AR2/PDE4B/DPP4/TNFAIP6/FCER1G",39
"GO:0030641","regulation of cellular pH","28/2326","99/21273",0.282828282828283,2.58667500455979,5.54425137591807,1.56012025761922e-06,0.000129785139268972,0.000106989185803446,"SLC9A8/RAB7A/ATP6V0B/MAPK3/ATP6V0A1/MAPK1/SLC11A1/ATP6AP1/ATP6V1B2/LAMP1/ATP6V0D1/SLC9A1/TCIRG1/BCL2/TPCN2/LAMP2/LRRK2/SLC9A6/SLC26A6/SLC4A7/VMA12/TMEM165/RAB20/UBE3A/VMA22/ATP6V0E1/TASL/SLC9A4",28
"GO:0051236","establishment of RNA localization","43/2326","187/21273",0.229946524064171,2.10303198900134,5.30824060243594,1.66649334772812e-06,0.000134656354051721,0.000111004801970409,"FLOT1/KPNB1/MVP/AGFG1/NDC1/THOC5/SMG5/ZFP36/SENP2/NUP214/NUP98/ZC3H11A/UPF1/SMG7/LRPPRC/BICD2/CHTOP/NUP133/NUP50/TOMM20/SEH1L/NXT1/AKAP8L/RFTN1/PCID2/NUP88/NCBP3/HHEX/NUP58/NUP155/ZC3H3/ZFP36L1/NUP54/ATR/SIDT1/RAN/FYTTD1/XPO5/AHCTF1/GLE1/NXT2/RBM33/NXF1",43
"GO:0001933","negative regulation of protein phosphorylation","50/2326","231/21273",0.216450216450216,1.97959821777535,5.24504547522892,1.67741947846379e-06,0.000134656354051721,0.000111004801970409,"PREX1/PRKCD/MACROH2A1/SAMSN1/TRIB1/IRAK3/PRKCZ/MVP/PTPN6/DUSP1/TRIM27/LYN/IPO5/PRKDC/PPM1F/SLC8A1/NLRP12/IBTK/RASSF2/PRKCH/GADD45A/DNAJC10/NPM1/IPO7/PPIA/PDPK1/NCK1/TAF7/HHEX/PLPP3/PTPRJ/RGS2/CD300A/CEACAM1/DUSP3/APC/CORO1C/RGS14/CADM4/PAK2/PARP14/ADAR/ATG14/NTRK3/PTEN/NPPA/PPP1R15B/DNAJC3/PRNP/HEG1",50
"GO:0002292","T cell differentiation involved in immune response","31/2326","116/21273",0.267241379310345,2.44412117887746,5.46442385518932,1.68429812572815e-06,0.000134656354051721,0.000111004801970409,"STAT3/IL18R1/STAT6/RARA/HLX/PRKCZ/IL6R/BCL6/CLEC4E/BCL3/SEMA4A/ICOS/IL4R/JAK3/CLEC4D/STAT4/STAT5A/RORA/ZBTB7B/SPN/MALT1/GATA3/BRD4/RC3H1/CRACR2A/CD69/NFKBID/SOCS3/NFKBIZ/SLAMF6/FCER1G",31
"GO:0006606","protein import into nucleus","41/2326","175/21273",0.234285714285714,2.14271711092003,5.31833758074603,1.73497808887967e-06,0.000136900385343333,0.000112854683105948,"STAT3/E2F3/PRKCD/MAPK14/HCLS1/KPNB1/AKIRIN2/NFKBIA/PSEN1/FAM53C/NUP214/NUP98/PPP1R10/APPL2/IPO5/BCL3/NUP133/SYK/RBM22/NUP50/CBLB/PTTG1IP/NPM1/TNPO3/TP53/IPO11/NUP88/IPO7/LRRK2/CSE1L/NUP58/EPM2A/TMCO6/NUP155/ADAR/NUP54/MDFIC/KPNA1/RAN/SMAD3/ELAVL1",41
"GO:0010508","positive regulation of autophagy","40/2326","169/21273",0.236686390532544,2.16467308073896,5.32603223582751,1.7568438015145e-06,0.000136900385343333,0.000112854683105948,"CAMKK2/RALB/GBA1/SH3GLB1/MEFV/DHRSX/ATG2A/MAPK3/RNF31/FLCN/TRIM21/BECN1/HK2/FOXO3/WIPI1/TFEB/TOM1/PIP4K2C/ULK1/LARP1/ATG13/CALCOCO2/PLK3/NOD2/ATF6/OPTN/LRRK2/EPM2A/TRIM32/TRIM8/SESN1/MTDH/TP53INP1/ROCK1/CSNK2A1/SPTLC1/WDR45/CDK16/TRIM22/IL4",40
"GO:0030593","neutrophil chemotaxis","26/2326","89/21273",0.292134831460674,2.67179031369859,5.53747290032547,1.86747842567097e-06,0.000143702464855381,0.000118462019607365,"PREX1/RIPOR2/VAV1/PIK3CD/RAC1/C5AR1/VAV3/SYK/S100A9/DAPK2/CSF3R/MCU/CX3CL1/TREM1/S100A12/NOD2/PPIA/BST1/JAML/CXCR1/S100A8/C5AR2/PDE4B/DPP4/TNFAIP6/FCER1G",26
"GO:0008625","extrinsic apoptotic signaling pathway via death domain receptors","28/2326","100/21273",0.28,2.56080825451419,5.4814712960583,1.94279573008406e-06,0.000147652475486389,0.000121718235409165,"RAF1/DEDD/CFLAR/ITPRIP/TNFRSF1A/FADD/RFFL/HMGB2/DEDD2/ARHGEF2/ZDHHC3/CASP8/STX4/BCL2/RNF34/CRADD/SPI1/PEA15/TNFRSF10C/GABARAP/FAS/TMBIM1/BRCA1/DDX3X/BID/SORT1/DDX47/FAIM",28
"GO:0032943","mononuclear cell proliferation","76/2326","407/21273",0.186732186732187,1.70780473274024,5.05161047480202,2.07999810891053e-06,0.000156152053151869,0.000128724915058507,"RIPOR2/PRKCD/STAT5B/INPP5D/ARG1/PCYT1A/FADD/CD55/PTPN6/MYD88/BCL6/RASGRP1/CCND3/NFATC2/RIPK3/TYK2/LYN/SLC11A1/TNFSF14/HLA-E/IRS2/TLR4/FOSL2/VAV3/SOS2/SYK/VSIG4/CBLB/IRF1/CEBPB/ST6GAL1/ZBTB7B/DOCK8/TNFRSF1B/NCSTN/DOCK2/BCL2/TYROBP/PELI1/LILRB2/TP53/CR1/CD28/CNN2/MNDA/NCK1/SPN/BTN3A1/ELF4/BST1/MALT1/CD300A/ADA/FLT3/CD6/PRKCQ/AGER/RC3H1/MSN/BID/FYN/CSF1/HHLA2/TMEM131L/CCR2/SASH3/PRNP/NFKBIZ/CD3E/CTNNB1/CTLA4/DLG1/IL4/TNFRSF14/CD274/LGALS9C",76
"GO:0033077","T cell differentiation in thymus","27/2326","95/21273",0.284210526315789,2.59931664931891,5.47384604980414,2.14859210093538e-06,0.000159358228594677,0.000131367945702086,"STAT5B/FADD/GBA1/ADAM17/RASGRP1/RIPK3/PRKDC/SOS2/CD3G/JMJD6/DOCK2/BCL2/TP53/CD3D/CD28/SPN/ZBTB1/BCL11B/VNN1/GATA3/ADA/CDK6/B2M/ZFP36L1/TMEM131L/CD3E/CTNNB1",27
"GO:0006998","nuclear envelope organization","20/2326","59/21273",0.338983050847458,3.10025212410919,5.66011097111625,2.24996473084806e-06,0.000162950386860007,0.000134329163683201,"NSFL1C/TMEM43/CHMP3/PRKCB/CHMP2A/UBXN2B/LMNB1/LPIN1/AKAP8L/CHMP1B/TOR1A/LEMD2/CHMP5/GPER1/NUP155/ATR/UBE2I/CHMP1A/TOR1AIP1/CHMP4B",20
"GO:1990928","response to amino acid starvation","20/2326","59/21273",0.338983050847458,3.10025212410919,5.66011097111625,2.24996473084806e-06,0.000162950386860007,0.000134329163683201,"SH3GLB1/MAP3K5/MAPK3/MAPK1/FLCN/BECN1/SEH1L/PRKCH/EIF2S1/TFEB/MAP1LC3A/LARP1/LARS1/MIOS/KICS2/TRIM32/SESN1/FAS/KPTN/EIF2A",20
"GO:0097191","extrinsic apoptotic signaling pathway","57/2326","279/21273",0.204301075268817,1.86848528555183,5.11629714727234,2.29754947194797e-06,0.00016446179708502,0.000135575104091324,"RAF1/DEDD/CFLAR/ITPRIP/TNFRSF1A/MCL1/FADD/RFFL/HMGB2/IL6R/DEDD2/ARHGEF2/ZDHHC3/ZMYND11/TNFSF14/CASP8/TLR4/ACVR1B/RBCK1/FOXO3/STX4/TLR6/TNFRSF1B/CX3CL1/BCL2/RNF34/BCL2A1/RIPK1/LTBR/PDPK1/MKNK2/CRADD/HTRA2/SPI1/PEA15/GCLC/TNFRSF10C/TNFRSF12A/BCL10/GABARAP/GPER1/FAS/PAK2/PSME3/TMBIM1/BRCA1/DDX3X/BID/SMAD3/HSPA1A/ACSL5/CASP2/SORT1/NFKBIZ/PPP2R1B/DDX47/FAIM",57
"GO:0035710","CD4-positive, alpha-beta T cell activation","40/2326","171/21273",0.233918128654971,2.13935526692915,5.24124184816644,2.40643082269508e-06,0.000170275725798976,0.000140367852343774,"STAT3/IL18R1/STAT6/RARA/CD55/HLX/PRKCZ/IL6R/BCL6/BCL3/SEMA4A/CBLB/ICOS/IL4R/JAK3/CEBPB/STAT4/STAT5A/RORA/ZBTB7B/TCIRG1/CD28/SPN/MALT1/GATA3/PRKCQ/BRD4/AGER/RC3H1/CRACR2A/CD69/NFKBID/SOCS3/SASH3/NFKBIZ/CD3E/SLAMF6/CDH26/CD274/LGALS9C",40
"GO:1902105","regulation of leukocyte differentiation","77/2326","416/21273",0.185096153846154,1.69284199517164,5.00027325371139,2.52062290844884e-06,0.000176329029822853,0.000145357931119998,"NEDD9/TFE3/STAT5B/INPP5D/HCLS1/FADD/RARA/TRIB1/HLX/PRKCZ/LILRB3/PTPN6/SMARCD3/BCL6/RASGRP1/ACIN1/LYN/FOS/NFAM1/PRKDC/CASP8/TLR4/SOS2/SYK/FOXO3/IRF1/IL4R/JAK3/CEBPB/RASSF2/STAT5A/ZBTB7B/CD2/PGLYRP1/TYROBP/LILRB2/DROSHA/PCID2/CR1/RIPK1/CD28/FES/ACTL6A/SPI1/ZBTB1/HLA-B/MALT1/VNN1/GATA3/ADA/CEACAM1/BRD4/CUL4A/PHF10/CDK6/AGER/PRDM1/ACTL6B/NOTCH2/ZFP36L1/RC3H1/RHOA/CD69/CALCA/CSF1/RHOH/NFKBID/IL1RL2/TMEM131L/TNFAIP6/CCR2/SASH3/NFKBIZ/CTNNB1/CTLA4/ZBTB16/IL4",77
"GO:0051168","nuclear export","43/2326","190/21273",0.226315789473684,2.06982622075395,5.18994342723478,2.59753815196068e-06,0.000179667919814269,0.000148110365826167,"XPO6/FRAT1/AGFG1/SIRT7/THOC5/SMG5/TXN/NUP214/NUP98/ZC3H11A/STRADA/UPF1/PRKACA/FRAT2/SMG7/CHTOP/NUP133/RBM22/SDAD1/MDM2/NXT1/ATXN1/NPM1/HSPA9/AKAP8L/PCID2/SMURF1/NUP88/NMD3/NCBP3/HHEX/MALT1/CSE1L/NUP155/ADAR/UBE2I/RAN/FYTTD1/XPO5/GLE1/NXT2/RBM33/NXF1",43
"GO:0050657","nucleic acid transport","42/2326","184/21273",0.228260869565217,2.0876154248757,5.1915263917686,2.67778110211571e-06,0.000181147477633234,0.000149330048505493,"FLOT1/KPNB1/MVP/AGFG1/NDC1/THOC5/SMG5/ZFP36/SENP2/NUP214/NUP98/ZC3H11A/UPF1/SMG7/LRPPRC/BICD2/CHTOP/NUP133/NUP50/TOMM20/SEH1L/NXT1/AKAP8L/RFTN1/PCID2/NUP88/NCBP3/HHEX/NUP58/NUP155/ZC3H3/ZFP36L1/NUP54/SIDT1/RAN/FYTTD1/XPO5/AHCTF1/GLE1/NXT2/RBM33/NXF1",42
"GO:0050658","RNA transport","42/2326","184/21273",0.228260869565217,2.0876154248757,5.1915263917686,2.67778110211571e-06,0.000181147477633234,0.000149330048505493,"FLOT1/KPNB1/MVP/AGFG1/NDC1/THOC5/SMG5/ZFP36/SENP2/NUP214/NUP98/ZC3H11A/UPF1/SMG7/LRPPRC/BICD2/CHTOP/NUP133/NUP50/TOMM20/SEH1L/NXT1/AKAP8L/RFTN1/PCID2/NUP88/NCBP3/HHEX/NUP58/NUP155/ZC3H3/ZFP36L1/NUP54/SIDT1/RAN/FYTTD1/XPO5/AHCTF1/GLE1/NXT2/RBM33/NXF1",42
"GO:0016032","viral process","86/2326","482/21273",0.178423236514523,1.63181320308403,4.91601633034377,3.14615857639012e-06,0.000210519045611496,0.000173542683029483,"RAB7A/WWP2/TRIM25/SRPK1/CD55/SELPLG/ITGA5/NUCKS1/RNASEL/SP1/MON1B/STAU1/CHMP3/TRIM27/N4BP1/ZFP36/HACD3/CLDN9/CHMP2A/ATG16L2/EDEM2/TRIM21/ZC3HAV1/OAZ2/USF1/HEXIM1/LAMP1/HCFC2/ARK2N/ST6GAL1/ZNF639/WWP1/RRP1B/CBL/BCL2/CHMP1B/LARP1/TP53/DYNLT1/TPCN2/CR1/CALCOCO2/CD28/PPIA/IGF2R/ISG20/VAPA/ZNFX1/CTBP2/VPS37B/PARP16/ZFYVE1/TRIM32/ANPEP/JPT2/CTDP1/CHMP5/TRIM8/BRD4/TRIM11/GTF2B/HSP90AB1/APOBEC3B/GRK2/ADAR/SRPK2/PCBP1/MDFIC/DDX3X/CHMP1A/RAN/PAIP1/HSPA1A/PARP9/ST3GAL4/VPS37C/DPP4/ZBED1/EEF1A1/CANX/PVR/NMT2/IDE/CHMP4B/SLC20A2/TNFRSF14",86
"GO:1990266","neutrophil migration","30/2326","114/21273",0.263157894736842,2.40677467529529,5.27677027786344,3.47041726712749e-06,0.00022971923329502,0.000189370477021184,"PREX1/RIPOR2/VAV1/IL1R1/PIK3CD/MYD88/RAC1/C5AR1/VAV3/SYK/S100A9/DAPK2/CSF3R/MCU/CX3CL1/CD177/TREM1/S100A12/NOD2/PPIA/BST1/JAML/WDR1/CXCR1/S100A8/C5AR2/PDE4B/DPP4/TNFAIP6/FCER1G",30
"GO:0038093","Fc receptor signaling pathway","23/2326","76/21273",0.302631578947368,2.76779087658958,5.40927765693588,3.72333562340578e-06,0.000241272148396694,0.000198894194353898,"VAV1/PRKCD/FGR/PLCG2/CLEC4E/HCK/LYN/APPL2/MAP2K4/FCGR2A/FCAR/VAV3/SYK/CD247/CLEC4D/PAK1/LCK/MAP2K7/PRKCQ/FYN/FCGR1A/FER/FCER1G",23
"GO:0071260","cellular response to mechanical stimulus","23/2326","76/21273",0.302631578947368,2.76779087658958,5.40927765693588,3.72333562340578e-06,0.000241272148396694,0.000198894194353898,"TNFRSF1A/FADD/TLR5/MYD88/MAPK3/MAP2K4/TNFSF14/CASP8/TLR4/IRF1/CASP1/KCNJ2/TLR8/GADD45A/SLC9A1/CNN2/LTBR/CRADD/GCLC/BCL10/FAS/CASP2/MAP3K2",23
"GO:0043123","positive regulation of canonical NF-kappaB signal transduction","53/2326","257/21273",0.206225680933852,1.88608723581506,5.00733678297505,3.84269231062349e-06,0.000246412644418731,0.000203131794183288,"STAT3/FLOT2/MAP3K3/CFLAR/TNFRSF1A/FLOT1/FADD/TRIM25/IRAK3/MYD88/AKAP13/RNF31/TNFSF14/PRKCB/CASP8/CANT1/TLR4/ZC3HAV1/SLC44A2/CARD16/RBCK1/CLEC4D/TLR6/LITAF/CASP1/TLR8/CX3CL1/NDFIP2/PELI1/DDX1/S100A12/RIPK1/NOD2/LTBR/VAPA/TAB2/CHUK/SHISA5/MALT1/TRIM32/BCL10/TRIM8/DDX21/BRD4/DHX36/MTDH/RHOA/PELI2/BIRC3/FKBP1A/IRAK2/UBE2N/TRIM22",53
"GO:0060326","cell chemotaxis","71/2326","379/21273",0.187335092348285,1.71331875302023,4.90943191241022,3.95542359831433e-06,0.000251026677022917,0.000206935400623694,"BIN2/NEDD9/PREX1/RIPOR2/PTK2B/VAV1/PRKCD/ARRB2/GPSM3/ALOX5/IL17RA/PRKD2/CRK/PIK3CD/HMGB2/IL6R/CXCL16/ADAM17/DUSP1/STK39/S1PR1/MAPK3/LYN/MAPK1/TNFSF14/RAC1/C5AR1/VAV3/RHOG/SYK/S100A9/ADGRE2/TIAM1/FPR2/DAPK2/CSF3R/MCU/CX3CL1/GPR18/TREM1/SBDS/S100A12/NOD2/PPIA/PTPRJ/FLT1/AKIRIN1/BST1/JAML/PRKCQ/NINJ1/CXCR1/CYP19A1/OXSR1/CCL26/DOCK4/CALCA/S100A8/CSF1/FFAR2/C5AR2/IL16/PDE4B/DPP4/TNFAIP6/SLC12A2/CCR2/ELMO2/LYST/RIN3/FCER1G",71
"GO:0000422","autophagy of mitochondrion","31/2326","121/21273",0.256198347107438,2.34312443594864,5.19125074574626,4.40883928831039e-06,0.000276947088355498,0.000228303052727652,"MARK2/CAMKK2/ARHGAP26/GBA1/MFN2/ATG2A/BECN1/WIPI2/ATG9A/GABARAPL1/HK2/MAP1LC3B/WIPI1/EIF2S1/ULK1/MAP1LC3A/ATG7/TP53/ATG13/LRBA/NOD2/HTRA2/OPTN/ABI2/GABARAP/MAP1LC3B2/ATG4B/ATG14/ATG3/FUNDC1/WDR45",31
"GO:0042093","T-helper cell differentiation","28/2326","104/21273",0.269230769230769,2.46231562934056,5.2377698303647,4.50090738873723e-06,0.000279874604899661,0.000230716369177057,"STAT3/IL18R1/STAT6/RARA/HLX/PRKCZ/IL6R/BCL6/BCL3/SEMA4A/ICOS/IL4R/JAK3/STAT4/STAT5A/RORA/ZBTB7B/SPN/MALT1/GATA3/BRD4/RC3H1/CRACR2A/CD69/NFKBID/SOCS3/NFKBIZ/SLAMF6",28
"GO:0097300","programmed necrotic cell death","22/2326","72/21273",0.305555555555556,2.7945328174262,5.34414545229854,5.05057988079765e-06,0.000310913697461904,0.000256303637950795,"CFLAR/ITPK1/FADD/ARHGEF2/RIPK3/MAP3K5/RNF31/CASP8/ATG9A/RBCK1/NLRP6/SPATA2/PELI1/ASAH1/TP53/RIPK1/PGAM5/PYGL/MLKL/NINJ1/FAS/BIRC3",22
"GO:0031400","negative regulation of protein modification process","68/2326","361/21273",0.188365650969529,1.7227439781061,4.8526513266954,5.1731798976582e-06,0.000315307875742414,0.000259926006113707,"USP4/PREX1/PRKCD/ARRB2/MACROH2A1/SAMSN1/TRIB1/IRAK3/PRKCZ/MVP/PTPN6/DUSP1/SIRT7/TRIM27/N4BP1/SENP2/LYN/G6PD/FLCN/IPO5/PRKDC/TRIM21/PPM1F/CEP63/SLC8A1/NLRP12/IBTK/RASSF2/PRKCH/GADD45A/DNAJC10/NPM1/IVNS1ABP/CRY1/IPO7/PPIA/BEX2/PDPK1/NCK1/TAF7/HHEX/PLPP3/PTPRJ/GCLC/RGS2/CD300A/CEACAM1/DUSP3/APC/CORO1C/RGS14/CADM4/PAK2/GTPBP4/PARP14/ADAR/ATG14/FYN/HSPA1A/NTRK3/PTEN/NPPA/HMG20A/PPP1R15B/DNAJC3/PRNP/HEG1/CTNNB1",68
"GO:0006885","regulation of pH","29/2326","111/21273",0.261261261261261,2.38942855150938,5.14230868535056,5.85508313970833e-06,0.000353371488314162,0.000291303981594777,"SLC9A8/RAB7A/ATP6V0B/MAPK3/ATP6V0A1/MAPK1/SLC11A1/ATP6AP1/ATP6V1B2/LAMP1/ATP6V0D1/SLC9A1/TCIRG1/BCL2/TPCN2/LAMP2/LRRK2/SLC9A6/SLC26A6/SLC4A7/VMA12/TMEM165/RAB20/UBE3A/VMA22/ATP6V0E1/TASL/SLC9A4/RHCG",29
"GO:1901873","regulation of post-translational protein modification","55/2326","275/21273",0.2,1.82914875322442,4.84896024008369,6.66756714716598e-06,0.000397003519429746,0.00032727231749441,"USP4/ARRB2/LAPTM5/CHFR/HDAC4/SIRT7/N4BP1/SENP2/FLCN/UBA2/TRIM21/CEP63/COPS4/COPS8/CBLB/PTTG1IP/EPAS1/TANK/NDFIP2/WBP1L/PHF23/IVNS1ABP/CRY1/PELI1/FBXO4/NOD2/PPIA/BEX2/LRRK2/GCLC/MALT1/EPM2A/BCL10/PIAS1/UBE3A/GABARAP/GTPBP4/HSP90AB1/OTUD4/KDM1A/NMI/DDX3X/FYN/TBC1D7/BIRC3/NSMCE3/TOLLIP/HSPA1A/PTEN/HMG20A/ARNT/UBE2N/COPS3/CTNNB1/GNL3",55
"GO:0002294","CD4-positive, alpha-beta T cell differentiation involved in immune response","28/2326","106/21273",0.264150943396226,2.41585684388131,5.12013499997951,6.70701202415426e-06,0.000397003519429746,0.00032727231749441,"STAT3/IL18R1/STAT6/RARA/HLX/PRKCZ/IL6R/BCL6/BCL3/SEMA4A/ICOS/IL4R/JAK3/STAT4/STAT5A/RORA/ZBTB7B/SPN/MALT1/GATA3/BRD4/RC3H1/CRACR2A/CD69/NFKBID/SOCS3/NFKBIZ/SLAMF6",28
"GO:0046651","lymphocyte proliferation","73/2326","399/21273",0.182957393483709,1.67328144091958,4.75684544911833,6.9582618162043e-06,0.000407952949910035,0.000336298548530536,"RIPOR2/PRKCD/STAT5B/INPP5D/ARG1/PCYT1A/FADD/CD55/PTPN6/MYD88/BCL6/RASGRP1/CCND3/NFATC2/RIPK3/TYK2/LYN/SLC11A1/TNFSF14/HLA-E/IRS2/TLR4/FOSL2/VAV3/SOS2/SYK/VSIG4/CBLB/IRF1/CEBPB/ZBTB7B/DOCK8/TNFRSF1B/NCSTN/DOCK2/BCL2/TYROBP/PELI1/LILRB2/TP53/CR1/CD28/MNDA/NCK1/SPN/BTN3A1/ELF4/BST1/MALT1/CD300A/ADA/FLT3/CD6/PRKCQ/AGER/RC3H1/MSN/BID/FYN/HHLA2/TMEM131L/CCR2/SASH3/PRNP/NFKBIZ/CD3E/CTNNB1/CTLA4/DLG1/IL4/TNFRSF14/CD274/LGALS9C",73
"GO:0051453","regulation of intracellular pH","26/2326","95/21273",0.273684210526316,2.5030456623071,5.14434747165217,7.0478797860821e-06,0.000409197946091988,0.000337324868867254,"SLC9A8/RAB7A/ATP6V0B/ATP6V0A1/SLC11A1/ATP6AP1/ATP6V1B2/LAMP1/ATP6V0D1/SLC9A1/TCIRG1/BCL2/TPCN2/LAMP2/LRRK2/SLC9A6/SLC26A6/SLC4A7/VMA12/TMEM165/RAB20/UBE3A/VMA22/ATP6V0E1/TASL/SLC9A4",26
"GO:0051452","intracellular pH reduction","19/2326","58/21273",0.327586206896552,2.99601950959172,5.33330045212232,7.11243993369765e-06,0.000409197946091988,0.000337324868867254,"SLC9A8/RAB7A/ATP6V0B/ATP6V0A1/SLC11A1/ATP6AP1/ATP6V1B2/LAMP1/ATP6V0D1/TCIRG1/BCL2/TPCN2/LAMP2/SLC4A7/VMA12/RAB20/UBE3A/VMA22/ATP6V0E1",19
"GO:0051028","mRNA transport","35/2326","148/21273",0.236486486486486,2.1628448095559,4.97385416417242,7.73853141242304e-06,0.000441096290508113,0.000363620467244556,"MVP/AGFG1/NDC1/THOC5/SMG5/ZFP36/SENP2/NUP214/NUP98/ZC3H11A/UPF1/SMG7/LRPPRC/BICD2/CHTOP/NUP133/NUP50/SEH1L/NXT1/AKAP8L/PCID2/NUP88/NCBP3/HHEX/NUP58/NUP155/ZC3H3/ZFP36L1/NUP54/FYTTD1/AHCTF1/GLE1/NXT2/RBM33/NXF1",35
"GO:1903320","regulation of protein modification by small protein conjugation or removal","54/2326","270/21273",0.2,1.82914875322442,4.80410463293693,8.05121785311415e-06,0.000451790834579462,0.000372436581086076,"USP4/ARRB2/LAPTM5/CHFR/HDAC4/SIRT7/N4BP1/SENP2/UBA2/TRIM21/CEP63/COPS4/COPS8/CBLB/PTTG1IP/EPAS1/TANK/NDFIP2/WBP1L/PHF23/IVNS1ABP/CRY1/PELI1/FBXO4/NOD2/PPIA/BEX2/LRRK2/GCLC/MALT1/EPM2A/BCL10/PIAS1/UBE3A/GABARAP/GTPBP4/HSP90AB1/OTUD4/KDM1A/NMI/DDX3X/FYN/TBC1D7/BIRC3/NSMCE3/TOLLIP/HSPA1A/PTEN/HMG20A/ARNT/UBE2N/COPS3/CTNNB1/GNL3",54
"GO:0002287","alpha-beta T cell activation involved in immune response","28/2326","107/21273",0.261682242990654,2.39327874253662,5.06231649660768,8.14632596463943e-06,0.000451790834579462,0.000372436581086076,"STAT3/IL18R1/STAT6/RARA/HLX/PRKCZ/IL6R/BCL6/BCL3/SEMA4A/ICOS/IL4R/JAK3/STAT4/STAT5A/RORA/ZBTB7B/SPN/MALT1/GATA3/BRD4/RC3H1/CRACR2A/CD69/NFKBID/SOCS3/NFKBIZ/SLAMF6",28
"GO:0002293","alpha-beta T cell differentiation involved in immune response","28/2326","107/21273",0.261682242990654,2.39327874253662,5.06231649660768,8.14632596463943e-06,0.000451790834579462,0.000372436581086076,"STAT3/IL18R1/STAT6/RARA/HLX/PRKCZ/IL6R/BCL6/BCL3/SEMA4A/ICOS/IL4R/JAK3/STAT4/STAT5A/RORA/ZBTB7B/SPN/MALT1/GATA3/BRD4/RC3H1/CRACR2A/CD69/NFKBID/SOCS3/NFKBIZ/SLAMF6",28
"GO:0045576","mast cell activation","22/2326","74/21273",0.297297297297297,2.7190049034417,5.19008030618668,8.28735080636754e-06,0.000455508317535701,0.00037550111125468,"GAB2/FGR/PIK3CD/PTPN6/RASGRP1/MILR1/LYN/SYK/ADGRE2/IL4R/LCP2/CBL/UNC13D/STXBP2/S100A12/FES/PDPK1/CD300A/LAT2/NDRG1/RHOH/FER",22
"GO:0051091","positive regulation of DNA-binding transcription factor activity","51/2326","251/21273",0.203187250996016,1.8582985341523,4.79266424903413,8.97820973265862e-06,0.000489113797471207,0.000403203997402396,"CFLAR/IL18R1/PRKD2/TRIM25/TLR2/IRAK3/PRKCZ/SLCO3A1/PLCG2/MYD88/ARHGEF2/HDAC4/RIPK3/TRIM27/RNF31/TRIM21/TLR4/AIM2/S100A9/CARD16/RBCK1/DDIT3/NLRC4/PRKCH/NPM1/CRTC2/S100A12/RIPK1/NOD2/PPIA/PLPP3/CHUK/MALT1/TRIM32/BCL10/PRKCQ/TRIM8/RHEBL1/MTDH/IL18RAP/AGER/HDAC5/S100A8/SMAD3/HSPA1A/ANXA3/PTEN/IRAK2/UBE2N/TRIM22/FER",51
"GO:0007034","vacuolar transport","42/2326","193/21273",0.217616580310881,1.99026548278305,4.84210031235431,9.55157954651748e-06,0.000515785295511944,0.0004251908125001,"RAB7A/PLEKHM1/UBAP1/VPS39/MGRN1/DENND3/LAPTM5/FHIP1B/MON1B/CHMP3/SNX27/VPS8/CHMP2A/PCSK9/BECN1/GGA3/KIF13A/LAMP1/VTI1A/HGS/ZFYVE16/ATP6V0D1/NDFIP2/RHOB/CHMP1B/SMURF1/TPCN2/LAMP2/IGF2R/VPS37B/LRRK2/CHMP5/CHMP1A/AP1G1/ATG14/HSPA1A/VPS37C/SORT1/SORL1/LYST/CHMP4B/PIK3R4",42
"GO:2000379","positive regulation of reactive oxygen species metabolic process","23/2326","80/21273",0.2875,2.6294013327601,5.11582442913694,9.66674959531759e-06,0.000517465308771957,0.000426575741867516,"PTK2B/PRKCD/MAPK14/ITGAM/PLCG2/GRB2/RIPK3/TLR4/SYK/FOXO3/GNAI2/NFE2L2/TLR6/FPR2/GADD45A/CD177/TYROBP/TP53/RIPK1/SIRPA/FAS/NNT/ELAVL1",23
"GO:0097529","myeloid leukocyte migration","54/2326","272/21273",0.198529411764706,1.81569913003895,4.74387518050469,1.00581458720308e-05,0.000533775396450186,0.000440021063966066,"PREX1/RIPOR2/PTK2B/VAV1/STAT5B/IL17RA/IL1R1/PIK3CD/IL6R/MYD88/DUSP1/MAPK3/LYN/MAPK1/RAC1/C5AR1/VAV3/SYK/S100A9/ADGRE2/FPR2/DAPK2/CSF3R/MCU/CX3CL1/CD177/TREM1/S100A12/CNN2/NOD2/PPIA/PTPRJ/FLT1/AKIRIN1/BST1/SIRPA/JAML/CD300A/NINJ1/WDR1/CXCR1/AGER/CYP19A1/CCL26/CALCA/S100A8/CSF1/C5AR2/PDE4B/DPP4/TNFAIP6/CCR2/RIN3/FCER1G",54
"GO:0043484","regulation of RNA splicing","43/2326","200/21273",0.215,1.96633490971625,4.81081075445528,1.03607525506008e-05,0.000545134980354691,0.000449385407525386,"PRMT5/CLK3/RBM23/SRPK1/CELF2/RBMY1F/HNRNPK/ACIN1/NUP98/UPF1/ATXN7/RBM22/SF1/JMJD6/TMBIM6/RRP1B/RBM47/RBM5/TADA2B/AKAP17A/SUPT20H/SRSF4/RBMX/ATXN7L3/RBM39/TAF12/SUPT3H/CLNS1A/PRPF19/WTAP/SRPK2/CLK4/HSPA1A/THRAP3/CLK1/CDK11B/SF3B3/RBM25/RPS13/TADA1/TAF10/AHNAK/DYRK1A",43
"GO:0071216","cellular response to biotic stimulus","63/2326","334/21273",0.188622754491018,1.72509538103501,4.67982047684033,1.08173412340374e-05,0.000564335191836733,0.000465213221135545,"MAPK14/TLR5/RARA/TLR2/TRIB1/IRAK3/CD55/HMGB2/PTPN6/LILRA2/NFKBIA/PLCG2/MYD88/ZFP36/MAPK3/HCK/LYN/MAPK1/UPF1/FCAR/GBP2/TLR4/TLR1/SYK/CARD16/MMP9/DDIT3/TLR6/LITAF/CASP1/TNFRSF1B/CX3CL1/LILRB2/TP53/APAF1/CARD8/NOD2/CDA/PTAFR/MALT1/SIRPA/MAP2K7/BCL10/CD6/CHMP5/SBNO2/CYRIB/MTDH/NOTCH2/B2M/RHOA/CDK19/HDAC5/TRIM41/PDE4B/IRAK2/ARID5A/PPP1R15B/CDK4/ADAM9/NFKBIZ/SCIMP/CD274",63
"GO:1901532","regulation of hematopoietic progenitor cell differentiation","16/2326","45/21273",0.355555555555556,3.2518200057323,5.29814915363383,1.1487358988084e-05,0.000594253629669285,0.000489876671221166,"RARA/DPF2/ZFP36/FLCN/PRKDC/SOS2/NFE2L2/HSPA9/NUDT21/FNIP1/PCID2/SPI1/ZBTB1/CDK6/DHX36/FOXC1",16
"GO:0002520","immune system development","50/2326","247/21273",0.202429149797571,1.85136513484253,4.7154679494102,1.21717137440218e-05,0.000617722426916112,0.000509223320023696,"RAF1/STAT5B/PCYT1A/FADD/STAT6/IRAK3/HMGB2/ADAM17/BCL6/PSEN1/RIPK3/MAPK3/LYN/MAPK1/HLA-E/PRKDC/BCL3/CBLB/XKR8/ICOS/PHLPP1/SHLD2/SLC15A4/BCL2/SBDS/LILRB2/TP53/PCID2/CD28/LTBR/ZBTB1/HLA-B/SLC40A1/JARID2/BCL11B/DCAF1/GATA3/ADA/NSD2/ADAR/RC3H1/POLB/UNG/SMAD3/SAMHD1/NFKBIZ/CD3E/CTNNB1/MSH2/IL4",50
"GO:0045055","regulated exocytosis","50/2326","247/21273",0.202429149797571,1.85136513484253,4.7154679494102,1.21717137440218e-05,0.000617722426916112,0.000509223320023696,"GAB2/FGR/ITGAM/PIK3CD/RAB31/OSBPL2/PSEN1/RASGRP1/P2RX1/HCK/MILR1/LYN/PRKCB/SYK/MICAL1/LAMP1/ADGRE2/IL4R/GNAI2/STX4/CBL/STXBP5/CD177/UNC13D/RAB11FIP1/STXBP2/TPRG1L/FES/STX11/PDPK1/SYN2/RAB3D/SPI1/DNAJC5/SYNJ1/LRRK2/PTAFR/CD300A/CEACAM1/PRAM1/LAT2/SYP/FBXL20/VAMP3/AP1G1/RPH3AL/ANXA3/P2RY1/CCR2/PREPL",50
"GO:0042149","cellular response to glucose starvation","17/2326","50/21273",0.34,3.10955288048151,5.23251908814596,1.22420623917748e-05,0.000617722426916112,0.000509223320023696,"MTMR3/UPP1/SH3GLB1/BECN1/FOXO3/NFE2L2/PLIN3/BCL2/TP53/PICK1/KICS2/SESN1/CPEB4/KPTN/NUAK2/ATG14/PIK3R4",17
"GO:0002286","T cell activation involved in immune response","38/2326","170/21273",0.223529411764706,2.044342724192,4.78998547447393,1.30856719467447e-05,0.000654921922798052,0.000539888955543485,"STAT3/IL18R1/APBB1IP/STAT6/RARA/HLX/PRKCZ/IL6R/BCL6/PSEN1/CLEC4E/LCP1/SLC11A1/BCL3/SEMA4A/ICOS/IL4R/JAK3/CLEC4D/STAT4/STAT5A/RORA/ZBTB7B/TYROBP/TP53/SPN/MALT1/GATA3/CEACAM1/BRD4/RC3H1/CRACR2A/CD69/NFKBID/SOCS3/NFKBIZ/SLAMF6/FCER1G",38
"GO:0072593","reactive oxygen species metabolic process","53/2326","268/21273",0.197761194029851,1.80867320747937,4.66786082064429,1.35577884466093e-05,0.000673078594171993,0.000554856520382883,"PREX1/PTK2B/VAV1/PRKCD/CFLAR/ALOX5/MAPK14/NCF2/ITGAM/NCF4/PDK3/NCF1/PLCG2/GRB2/RIPK3/TXN/G6PD/RAC1/TLR4/BECN1/SYK/CBS/HK2/FOXO3/ACOX1/GNAI2/NFE2L2/TLR6/FPR2/GADD45A/PLIN5/CD177/BCL2/TYROBP/FANCC/TP53/ABCD2/RIPK1/COQ7/ABCB7/PRCP/CYGB/LRRK2/BST1/SIRPA/SESN1/FAS/BRCA1/RHOA/FYN/NNT/ELAVL1/IER3",53
"GO:0051258","protein polymerization","60/2326","316/21273",0.189873417721519,1.73653362647888,4.62179154523376,1.40940227540554e-05,0.000690628106791655,0.00056932357013142,"PREX1/PTK2B/DAAM2/PRKCD/CSNK1D/WAS/HAUS4/HCLS1/DNM2/VASP/NDEL1/MAPRE3/SSH2/SVIL/GRB2/TUBGCP3/CHMP3/HCK/SLAIN1/RAC1/CHMP2A/CDC42EP3/TRIOBP/ARPC2/NIN/NDE1/HAUS2/TENM1/FLII/SSH3/CDK5R1/PAK1/NEDD1/CLIP1/FES/AVIL/NCK1/GOLGA2/KIF21A/HAUS1/RDX/FCHSD1/MSRB1/TRIM32/MSRB2/CYRIB/MID1IP1/TUBA1A/ARHGAP18/CCL26/RNF135/HSPA1A/ARL6/GBA2/MYADM/FER/SSH1/CHMP4B/DLG1/DYRK1A",60
"GO:0010506","regulation of autophagy","73/2326","407/21273",0.179361179361179,1.64039138802681,4.57048066237849,1.41486506779216e-05,0.000690628106791655,0.00056932357013142,"STAT3/CAMKK2/RALB/USP10/MCL1/GBA1/SH3GLB1/MEFV/TBC1D14/DHRSX/ATG2A/ATP6V0B/TRIM27/MAPK3/ATP6V0A1/RNF31/FLCN/PRKACA/TRIM21/BECN1/ATP6V1B2/KAT8/HK2/FOXO3/NLRP6/DDIT3/ATP6V1C1/WIPI1/DAPK2/ATP6V0D1/TFEB/TOM1/TLK2/CDK5R1/PIP4K2C/ULK1/PHF23/BCL2/LARP1/TP53/ATG13/TPCN2/CALCOCO2/SNX5/PLK3/NOD2/ATF6/HTRA2/GOLGA2/TAB2/OPTN/LRRK2/EPM2A/TRIM32/QSOX1/TRIM8/SESN1/ATP6V0E1/MTDH/TP53INP1/RAB8A/ROCK1/CSNK2A1/ATG14/ATP6V1E1/SPTLC1/WDR45/EEF1A1/CDK16/TRIM22/CHMP4B/IL4/PIK3R4",73
"GO:0072659","protein localization to plasma membrane","61/2326","323/21273",0.188854489164087,1.72721476697662,4.6143520577902,1.42478508061306e-05,0.000690628106791655,0.00056932357013142,"FLOT2/NUMB/RAB7A/PPFIA1/TNFRSF1A/FLOT1/PRKCZ/RAB31/ZDHHC3/RILPL1/STX3/RER1/GRIPAP1/CAMK2G/RHOG/ATP6AP1/GGA3/KIF13A/CDH2/STX4/ATP2C2/PRKCH/PICALM/ASAP1/TMEM88/SMURF1/FRMD8/PDPK1/ZFYVE27/OPTN/RDX/SLMAP/ZDHHC7/ZDHHC5/STX7/RHBDF2/EPM2A/SKAP1/RILPL2/GPER1/CNST/PRAM1/TMBIM1/PHAF1/ZDHHC4/FYB1/RAB8A/VAMP3/ROCK1/PPP2R5A/GORASP1/NSG1/PTCH1/P2RY1/PRNP/PACS1/MYO5A/SORL1/PREPL/RAPGEF2/DLG1",61
"GO:1903557","positive regulation of tumor necrosis factor superfamily cytokine production","33/2326","140/21273",0.235714285714286,2.15578245915735,4.80726795502076,1.49429217106572e-05,0.000718661141021918,0.000592432776045051,"STAT3/MAPKAPK2/FADD/TLR2/LILRA2/PLCG2/MYD88/ADAM17/ARHGEF2/PSEN1/IFNGR1/FCGR2A/HLA-E/TLR4/TLR1/SYK/CD2/TYROBP/RIPK1/NOD2/FRMD8/SPN/PTPRJ/LRRK2/PTAFR/BCL10/LILRA5/AGER/ARFGEF2/FCGR1A/ARID5A/CCR2/SASH3",33
"GO:0070228","regulation of lymphocyte apoptotic process","20/2326","66/21273",0.303030303030303,2.77143750488548,5.05006507782224,1.54017632395931e-05,0.000734986469014999,0.000605890661591825,"PRKD2/FADD/BCL6/TSC22D3/RIPK3/LYN/IRS2/BCL3/CD3G/JAK3/DOCK8/BCL2/KIFAP3/TP53/FNIP1/BCL11B/ADA/BCL10/PRKCQ/CD274",20
"GO:0043312","neutrophil degranulation","8/2326","13/21273",0.615384615384615,5.62815000992129,5.84838915277728,1.56485759969683e-05,0.000741020260287207,0.000610864654909994,"ITGAM/SYK/CD177/STXBP2/SPI1/PTAFR/PRAM1/ANXA3",8
"GO:0002888","positive regulation of myeloid leukocyte mediated immunity","12/2326","28/21273",0.428571428571429,3.91960447119518,5.41643402813263,1.60591649119127e-05,0.000754658161814769,0.000622107143755173,"ARG1/ITGAM/HLA-E/STX4/CD177/TYROBP/DDX1/SPI1/PTAFR/DDX21/DHX36/FCGR1A",12
"GO:0034198","cellular response to amino acid starvation","18/2326","56/21273",0.321428571428571,2.93970335339639,5.09244247360929,1.65660275774343e-05,0.000772579286111255,0.000636880533898013,"SH3GLB1/MAP3K5/MAPK3/MAPK1/FLCN/BECN1/SEH1L/PRKCH/EIF2S1/TFEB/MAP1LC3A/LARS1/MIOS/KICS2/TRIM32/SESN1/FAS/KPTN",18
"GO:0030522","intracellular receptor signaling pathway","81/2326","467/21273",0.173447537473233,1.58630673459505,4.48877478097586,1.75847241056158e-05,0.000813921515745645,0.000670961257721993,"STAT3/FLOT1/TRIM25/RARA/MEFV/PDK3/NFKBIA/PLCG2/MYD88/PIAS2/ZDHHC3/MAP2K6/UFD1/WBP2/NR2E1/USP15/MAPK1/IPO5/PRKDC/GBP2/TLR4/ZC3HAV1/BECN1/ZDHHC18/LBH/NLRP6/HCFC2/TLR6/RORA/NLRC3/NCOA1/TLR8/PLIN5/BMAL1/PLPP1/SLC15A4/RNF34/PAK1/CALCOCO1/SEC14L1/CRY1/PELI1/RFTN1/SAFB/SLC15A3/NR1D2/SAFB2/NLRX1/CARD8/LAMP2/NOD2/ALOX15B/PRCP/TAF7/CTBP2/KDM4C/ZDHHC7/ZDHHC5/UBA5/NLRP1/UFSP2/UBE3A/TRIM11/GPER1/NR6A1/DHRS3/BRCA1/PIK3AP1/TASL/KDM1A/RHOA/DDX3X/BIRC3/RNF135/HSPA1A/RXRA/ARNT/HNF4A/SCIMP/NR3C2/NCOA2",81
"GO:0051251","positive regulation of lymphocyte activation","83/2326","483/21273",0.17184265010352,1.57162884593817,4.45245200656343,1.97599702885225e-05,0.000907778933553318,0.000748333203149781,"FLOT2/VAV1/STAT5B/INPP5D/FADD/STAT6/RARA/CD55/HLX/PRKCZ/AKIRIN2/PTPN6/SMARCD3/MYD88/BCL6/FBXO38/RASGRP1/NFATC2/TYK2/LYN/TNFSF14/HLA-E/PRKDC/IRS2/TLR4/VAV3/SYK/FOXO3/ICOS/IL4R/ZBTB7B/DOCK8/SHLD2/BCL2/TYROBP/PELI1/LILRB2/PCID2/CR1/LCK/CD28/NOD2/PDPK1/SH3KBP1/NCK1/SPN/ACTL6A/SPI1/ZBTB1/BST1/MALT1/SIRPA/MAP3K8/VNN1/GATA3/ADA/BCL10/CD6/PRKCQ/BRD4/PHF10/CYRIB/SIRPB1/AGER/ACTL6B/NSD2/B2M/RHOA/FYN/RHOH/HHLA2/NFKBID/IL1RL2/DPP4/CCR2/SASH3/NFKBIZ/CD3E/MSH2/ZBTB16/IL4/TNFRSF14/CD274",83
"GO:0015931","nucleobase-containing compound transport","52/2326","265/21273",0.19622641509434,1.79463651259754,4.56076703433475,2.03431532232124e-05,0.000922277942697781,0.000760285551408297,"FLOT1/KPNB1/MVP/AGFG1/NDC1/THOC5/SMG5/ZFP36/SENP2/NUP214/ABCC11/NUP98/ZC3H11A/UPF1/SMG7/SLC35E3/LRPPRC/BICD2/CHTOP/NUP133/NUP50/TOMM20/SEH1L/NXT1/AKAP8L/RFTN1/PCID2/NUP88/CR1/RIPK1/NCBP3/HHEX/NUP58/NUP155/ZC3H3/ABCC6/SLC25A17/ZFP36L1/NUP54/SIDT1/RAN/FYTTD1/XPO5/SLC25A31/SLC35A2/AHCTF1/GLE1/ABCC5/NXT2/SLC35B4/RBM33/NXF1",52
"GO:0002244","hematopoietic progenitor cell differentiation","33/2326","142/21273",0.232394366197183,2.12541932592978,4.7145180808314,2.04227816481636e-05,0.000922277942697781,0.000760285551408297,"DHTKD1/ARL11/RARA/PTPN6/PSEN1/DPF2/ZFP36/LYN/FLCN/PLD4/PRKDC/SOS2/NFE2L2/HSPA9/NUDT21/RBM47/BCL2/SBDS/TP53/FNIP1/PCID2/SPI1/ZBTB1/RLIG1/GATA3/FLT3/CDK6/DHX36/ADAR/MLLT3/FOXC1/SH2B3/MLF1",33
"GO:0050871","positive regulation of B cell activation","24/2326","89/21273",0.269662921348315,2.46626798187562,4.85672105390308,2.05250289391806e-05,0.000922277942697781,0.000760285551408297,"STAT5B/INPP5D/STAT6/AKIRIN2/BCL6/NFATC2/IRS2/TLR4/VAV3/SYK/SHLD2/BCL2/PELI1/PCID2/CD28/NOD2/SH3KBP1/SPI1/BST1/ADA/NSD2/SASH3/MSH2/IL4",24
"GO:0032760","positive regulation of tumor necrosis factor production","32/2326","136/21273",0.235294117647059,2.15193970967579,4.72189493808595,2.07700732196542e-05,0.000926525874928921,0.000763787360731905,"STAT3/MAPKAPK2/FADD/TLR2/LILRA2/PLCG2/MYD88/ADAM17/ARHGEF2/PSEN1/IFNGR1/FCGR2A/HLA-E/TLR4/TLR1/SYK/CD2/TYROBP/RIPK1/NOD2/FRMD8/SPN/PTPRJ/LRRK2/PTAFR/LILRA5/AGER/ARFGEF2/FCGR1A/ARID5A/CCR2/SASH3",32
"GO:0050728","negative regulation of inflammatory response","47/2326","232/21273",0.202586206896552,1.85280153882646,4.57612173780942,2.14394008297382e-05,0.000949049542636143,0.000782354886127158,"STAT3/PRKCD/ALOX5/TNFRSF1A/MAPK14/FGR/GBA1/MEFV/PTPN6/EXTL3/ZFP36/HCK/LYN/MACIR/SYK/TRIM45/NLRP6/NLRP12/MFHAS1/RORA/FPR2/NLRC3/TNFRSF1B/CX3CL1/PGLYRP1/NR1D2/NLRX1/NOD2/SPN/LPCAT3/ELF4/GPR17/SIRPA/RHBDF2/GATA3/ADA/GPER1/CYP19A1/FYN/SMAD3/SOCS3/TNFAIP8L2/TNFAIP6/SLC39A8/ARNT/IER3/IL4",47
"GO:0090148","membrane fission","16/2326","47/21273",0.340425531914894,3.11344468633944,5.08211542659429,2.15833229319461e-05,0.000949049542636143,0.000782354886127158,"DNM2/UBAP1/SH3GLB1/CHMP3/TMCC1/CHMP2A/HGS/EXOC6/CHMP1B/EXOC3/VPS37B/CHMP5/CORO1C/CHMP1A/VPS37C/CHMP4B",16
"GO:0045646","regulation of erythrocyte differentiation","18/2326","57/21273",0.315789473684211,2.88812961035435,5.00122354765276,2.17540972660695e-05,0.000949774629573929,0.000782952616048684,"STAT3/STAT5B/INPP5D/MAPK14/HMGB2/ZFP36/LYN/ETS1/PRKDC/ACVR1B/FOXO3/HSPA9/SPI1/CDK6/B2M/ZFP36L1/HSPA1A/ARNT",18
"GO:0045058","T cell selection","21/2326","73/21273",0.287671232876712,2.63096738477485,4.89077367293011,2.30346499938126e-05,0.000998600741985283,0.000823202725130989,"STAT3/STAT6/IL6R/SYK/CD3G/JAK3/STAT5A/DOCK2/BCL2/CD3D/CD28/SPN/BCL11B/GATA3/THEMIS/BRD4/RHOA/CD69/SOCS3/CD3E/SLAMF6",21
"GO:0016072","rRNA metabolic process","56/2326","294/21273",0.19047619047619,1.7420464316423,4.48901590874285,2.44154588847014e-05,0.00105105989436519,0.000866447753280424,"DEDD/MACROH2A1/DEDD2/MARS1/RNASEL/RPL7L1/SIRT7/NOLC1/CHD7/MPHOSPH10/PRKDC/NOL11/NUDT16/WDR43/WDR75/POLR1B/BMS1/RRP1B/NOP58/GTF3C3/SBDS/SPIN1/TP53/TSR1/DROSHA/RPL14/ISG20/RRP15/DIS3L/HEATR1/NOP10/DDX18/RPUSD4/RIOK1/METTL15/UTP25/POLR1F/BRIX1/PWP1/MAK16/DDX21/GTF3C4/GTPBP4/CAVIN1/UTP15/NAT10/UTP14A/NIFK/NAF1/DCAF13/RPF2/WDR3/WDR12/WDR36/KRR1/DDX47",56
"GO:0032007","negative regulation of TOR signaling","22/2326","79/21273",0.278481012658228,2.54691598550236,4.82628092939524,2.59968662522412e-05,0.00111136603228331,0.000916161492705079,"PREX1/RPS6KA1/PRKACB/MAPK3/UBR2/FLCN/PRKACA/SEH1L/BMAL1/PELI1/FNIP1/TNFAIP8L1/MIOS/EPM2A/KICS2/UBE3A/SESN1/KPTN/TBC1D7/MAPKAPK5/UBE2N/TMEM127",22
"GO:0002320","lymphoid progenitor cell differentiation","11/2326","25/21273",0.44,4.02412725709372,5.30090264155661,2.69542792924214e-05,0.00113684933359954,0.000937168810451653,"FLCN/PRKDC/SOS2/NUDT21/BCL2/FNIP1/PCID2/SPI1/ZBTB1/GATA3/FLT3",11
"GO:0071900","regulation of protein serine/threonine kinase activity","47/2326","234/21273",0.200854700854701,1.8369656282382,4.51067768059316,2.69623136298785e-05,0.00113684933359954,0.000937168810451653,"PIK3R5/RALB/MACROH2A1/TRIB1/IRAK3/MAPRE3/ADAM17/DUSP1/RASGRP1/CCND3/MAP3K5/LYN/IPO5/CAB39/TLR4/CDKN2D/SLC8A1/TENM1/HGS/TLR6/PRKCH/GADD45A/CDK5R1/PAK1/S100A12/IPO7/HHEX/PTPRJ/LRRK2/FLT1/RGS2/CD300A/FLT3/MAP2K7/APC/RGS14/MAP3K11/GTPBP4/RHOA/DDX3X/NTRK3/PTEN/NPPA/ADAM9/ETAA1/HEG1/RAPGEF2",47
"GO:1903305","regulation of regulated secretory pathway","32/2326","138/21273",0.231884057971014,2.1207521776515,4.62793018026651,2.83583584777164e-05,0.0011795544242488,0.000972373017219566,"GAB2/FGR/ITGAM/P2RX1/LYN/PRKCB/SYK/MICAL1/LAMP1/ADGRE2/IL4R/GNAI2/STX4/STXBP5/CD177/UNC13D/STXBP2/FES/PDPK1/RAB3D/SPI1/LRRK2/PTAFR/CD300A/CEACAM1/PRAM1/FBXL20/AP1G1/RPH3AL/P2RY1/CCR2/PREPL",32
"GO:1903322","positive regulation of protein modification by small protein conjugation or removal","32/2326","138/21273",0.231884057971014,2.1207521776515,4.62793018026651,2.83583584777164e-05,0.0011795544242488,0.000972373017219566,"LAPTM5/CHFR/HDAC4/SENP2/UBA2/CBLB/PTTG1IP/TANK/NDFIP2/WBP1L/PHF23/CRY1/PELI1/FBXO4/NOD2/LRRK2/MALT1/BCL10/PIAS1/UBE3A/GABARAP/KDM1A/NMI/DDX3X/TBC1D7/BIRC3/NSMCE3/TOLLIP/PTEN/ARNT/UBE2N/GNL3",32
"GO:1902107","positive regulation of leukocyte differentiation","49/2326","248/21273",0.19758064516129,1.80702195379025,4.47900943385955,2.88521257983089e-05,0.0011840912427626,0.000976112971744894,"NEDD9/STAT5B/INPP5D/HCLS1/FADD/RARA/TRIB1/HLX/PRKCZ/SMARCD3/BCL6/RASGRP1/ACIN1/FOS/PRKDC/CASP8/SYK/FOXO3/IL4R/ZBTB7B/TYROBP/LILRB2/PCID2/CR1/RIPK1/FES/ACTL6A/SPI1/ZBTB1/MALT1/VNN1/GATA3/ADA/BRD4/PHF10/AGER/ACTL6B/NOTCH2/ZFP36L1/RHOA/CALCA/CSF1/RHOH/NFKBID/IL1RL2/SASH3/NFKBIZ/ZBTB16/IL4",49
"GO:1903708","positive regulation of hemopoiesis","49/2326","248/21273",0.19758064516129,1.80702195379025,4.47900943385955,2.88521257983089e-05,0.0011840912427626,0.000976112971744894,"NEDD9/STAT5B/INPP5D/HCLS1/FADD/RARA/TRIB1/HLX/PRKCZ/SMARCD3/BCL6/RASGRP1/ACIN1/FOS/PRKDC/CASP8/SYK/FOXO3/IL4R/ZBTB7B/TYROBP/LILRB2/PCID2/CR1/RIPK1/FES/ACTL6A/SPI1/ZBTB1/MALT1/VNN1/GATA3/ADA/BRD4/PHF10/AGER/ACTL6B/NOTCH2/ZFP36L1/RHOA/CALCA/CSF1/RHOH/NFKBID/IL1RL2/SASH3/NFKBIZ/ZBTB16/IL4",49
"GO:0007040","lysosome organization","29/2326","120/21273",0.241666666666667,2.21022141014617,4.65809412460232,2.92889614265017e-05,0.00118620293777332,0.000977853760645183,"TFE3/RAB7A/ARSG/GBA1/LAPTM5/FHIP1B/ATP6V0B/CHMP3/ATP6V0A1/FLCN/CHMP2A/BECN1/ATP6AP1/LAMP1/TFEB/TCIRG1/CHMP1B/FNIP1/TPCN2/LAMP2/LRRK2/VMA12/TMEM165/RAB20/CHMP5/VMA22/TASL/CHMP1A/CHMP4B",29
"GO:0080171","lytic vacuole organization","29/2326","120/21273",0.241666666666667,2.21022141014617,4.65809412460232,2.92889614265017e-05,0.00118620293777332,0.000977853760645183,"TFE3/RAB7A/ARSG/GBA1/LAPTM5/FHIP1B/ATP6V0B/CHMP3/ATP6V0A1/FLCN/CHMP2A/BECN1/ATP6AP1/LAMP1/TFEB/TCIRG1/CHMP1B/FNIP1/TPCN2/LAMP2/LRRK2/VMA12/TMEM165/RAB20/CHMP5/VMA22/TASL/CHMP1A/CHMP4B",29
"GO:0034644","cellular response to UV","25/2326","97/21273",0.257731958762887,2.35715045518611,4.69386602411001,3.22319904377436e-05,0.0012968636152598,0.00106907757757387,"PRKCD/MAPK14/MAPK13/N4BP1/TIMP1/MMP9/MDM2/CREBBP/NPM1/EIF2S1/TP53/ZBTB1/CASP9/XPC/RHBDD1/NLRP1/CUL4A/DHX36/TRIAP1/KDM1A/ATR/TP53INP1/NSMCE3/MME/MMP1",25
"GO:1901875","positive regulation of post-translational protein modification","32/2326","139/21273",0.23021582733813,2.10549496774034,4.58154660146767,3.30290558675996e-05,0.00132030433714898,0.00108840108228091,"LAPTM5/CHFR/HDAC4/SENP2/UBA2/CBLB/PTTG1IP/TANK/NDFIP2/WBP1L/PHF23/CRY1/PELI1/FBXO4/NOD2/LRRK2/MALT1/BCL10/PIAS1/UBE3A/GABARAP/KDM1A/NMI/DDX3X/TBC1D7/BIRC3/NSMCE3/TOLLIP/PTEN/ARNT/UBE2N/GNL3",32
"GO:0043254","regulation of protein-containing complex assembly","82/2326","483/21273",0.169772256728778,1.55269355863771,4.30496389686627,3.4447523546578e-05,0.00136812229001764,0.00112782010878134,"RAF1/PREX1/PTK2B/DAAM2/PRKCD/HAUS4/RALB/HCLS1/GBA1/SH3GLB1/VPS39/VASP/PRKCZ/MEFV/MAPRE3/SSH2/CAND1/SVIL/PLCG2/GRB2/MYD88/OSBPL2/LCP1/HCK/SLAIN1/H3-3B/VPS8/RAC1/CDC42EP3/GBP2/TLR4/TRIOBP/SYK/ARPC2/HAUS2/MED25/JMJD6/TENM1/TLR6/NLRC3/FLII/SSH3/CDK5R1/ULK1/STXBP5/PAK1/TP53/CLIP1/FNIP1/CARD8/LAMP2/FES/AVIL/NCK1/KIF21A/HAUS1/RDX/FCHSD1/ZDHHC5/CRBN/SKAP1/SPIDR/TRIM11/CYRIB/SYP/ARHGAP18/RHOA/ATR/DDX3X/MSN/CCL26/BID/HSPA1A/GBA2/MYADM/FER/SORL1/MMP1/SSH1/DLG1/TRAPPC12/DYRK1A",82
"GO:0002685","regulation of leukocyte migration","53/2326","277/21273",0.191335740072202,1.7499076520017,4.40167707139919,3.50364419743363e-05,0.00137654662407647,0.00113476476089612,"NEDD9/RIPOR2/PTK2B/GPSM3/CRK/IL1R1/FADD/IL6R/MYD88/ADAM17/DUSP1/STK39/RIPK3/MAPK3/LYN/MAPK1/TNFSF14/RAC1/C5AR1/STK10/FPR2/DOCK8/DAPK2/MCU/CX3CL1/GPR18/MADCAM1/CNN2/NOD2/SPN/PTPRJ/AKIRIN1/BST1/PTAFR/CD300A/ADA/NINJ1/AGER/LYVE1/RHOA/CYP19A1/CD69/MSN/OXSR1/CSF1/C5AR2/ST3GAL4/DPP4/TNFAIP6/MIA3/CCR2/RIN3/TNFRSF14",53
"GO:0018108","peptidyl-tyrosine phosphorylation","45/2326","223/21273",0.201793721973094,1.845553674778,4.44740164696681,3.51068583463298e-05,0.00137654662407647,0.00113476476089612,"NEDD9/PTK2B/PRKCD/HCLS1/FGR/SEMA4D/SAMSN1/PRKCZ/MVP/PTPN6/IL6R/PLCG2/ADAM17/ITGA5/ARHGEF2/MAPK3/HCK/LYN/SYK/UNC119/JAK3/ABI1/TP53/LCK/FES/NOD2/PLPP3/PTPRJ/FLT1/BST1/ABI2/TGFA/FLT3/LILRA5/CADM4/PAK2/PARP14/ARL2BP/EPHA4/FYN/PARP9/PRNP/CD3E/FER/DYRK1A",45
"GO:0070266","necroptotic process","18/2326","59/21273",0.305084745762712,2.79022691169827,4.8246031356777,3.66495038800402e-05,0.00142414981368879,0.00117400674597204,"CFLAR/ITPK1/FADD/ARHGEF2/RIPK3/RNF31/CASP8/RBCK1/NLRP6/SPATA2/PELI1/TP53/RIPK1/PGAM5/PYGL/MLKL/FAS/BIRC3",18
"GO:0002819","regulation of adaptive immune response","61/2326","333/21273",0.183183183183183,1.675346455656,4.35210327749729,3.67835965523908e-05,0.00142414981368879,0.00117400674597204,"WAS/IL18R1/ARG1/IL1R1/FADD/STAT6/SAMSN1/CD55/HLX/PRKCZ/AKIRIN2/PTPN6/BCL6/FBXO38/RIPK3/TYK2/TRIM27/SLC11A1/HLA-E/IRF1/IL4R/JAK3/STAT5A/ZBTB7B/TNFRSF1B/SHLD2/SLC15A4/CR1/CD28/NOD2/HLA-C/DUSP22/SPN/ZBTB1/HLA-B/MALT1/STX7/GATA3/ADA/CEACAM1/SKAP1/PRKCQ/BRD4/CYRIB/AGER/NSD2/B2M/RC3H1/CD69/NFKBID/FCGR1A/ARID5A/PVR/CCR2/SASH3/NFKBIZ/TAP2/MSH2/IL4/TNFRSF14/CD274",61
"GO:0120161","regulation of cold-induced thermogenesis","36/2326","165/21273",0.218181818181818,1.99543500351755,4.4974891818676,3.78043560205897e-05,0.00145452259789219,0.00119904473931094,"TFE3/IL18R1/IP6K1/NRDC/ZNF516/GRB10/STAT6/MFN2/ACSL1/ADAM17/SFXN5/CNOT3/MAP2K6/FLCN/APPL2/TLR4/SYK/LPIN1/DDIT3/IL4R/CEBPB/ZBTB7B/KDM6B/EPAS1/TLE3/BMAL1/PRKAB1/PGAM5/APC/DHRS7B/DIO2/KDM1A/PCTP/SLC25A44/CCR2/IL4",36
"GO:0006623","protein targeting to vacuole","16/2326","49/21273",0.326530612244898,2.98636531138681,4.87733216479556,3.88615386195547e-05,0.00147673846754308,0.00121735852946636,"RAB7A/LAPTM5/MON1B/VPS8/BECN1/GGA3/HGS/ZFYVE16/SMURF1/LAMP2/VPS37B/ATG14/VPS37C/SORT1/SORL1/PIK3R4",16
"GO:0070849","response to epidermal growth factor","16/2326","49/21273",0.326530612244898,2.98636531138681,4.87733216479556,3.88615386195547e-05,0.00147673846754308,0.00121735852946636,"STAT5B/CFLAR/MARS1/ZFP36/MAPK3/MAPK1/FOS/BECN1/IQGAP1/PDPK1/DUSP22/PTPN12/DUSP3/ZFP36L1/FOXC1/EEF1A1",16
"GO:0018212","peptidyl-tyrosine modification","45/2326","224/21273",0.200892857142857,1.83731459587274,4.41403453484097,3.93559696363294e-05,0.00148635183485426,0.00122528336852918,"NEDD9/PTK2B/PRKCD/HCLS1/FGR/SEMA4D/SAMSN1/PRKCZ/MVP/PTPN6/IL6R/PLCG2/ADAM17/ITGA5/ARHGEF2/MAPK3/HCK/LYN/SYK/UNC119/JAK3/ABI1/TP53/LCK/FES/NOD2/PLPP3/PTPRJ/FLT1/BST1/ABI2/TGFA/FLT3/LILRA5/CADM4/PAK2/PARP14/ARL2BP/EPHA4/FYN/PARP9/PRNP/CD3E/FER/DYRK1A",45
"GO:0001776","leukocyte homeostasis","30/2326","128/21273",0.234375,2.14353369518487,4.54662249011375,4.01523025907556e-05,0.00150718033383349,0.00124245347105284,"STAT5B/FADD/PIK3CD/ADAM17/TSC22D3/RIPK3/LYN/TNFSF14/FCAR/AIM2/SOS2/XKR8/JAK3/TCIRG1/SLC15A4/BCL2/SLC40A1/ADA/FLT3/BCL10/SH2B2/DOCK10/FAS/RC3H1/CSF1/PDE4B/CCR2/SASH3/PACS1/SH2B3",30
"GO:0060397","growth hormone receptor signaling pathway via JAK-STAT","7/2326","11/21273",0.636363636363636,5.82001876025952,5.6024992111203,4.09952976409884e-05,0.00152949728653288,0.00126085058964724,"STAT3/STAT5B/STAT6/TYK2/LYN/JAK3/STAT5A",7
"GO:0002262","myeloid cell homeostasis","45/2326","225/21273",0.2,1.82914875322442,4.38083688785977,4.40707356676314e-05,0.00163433402873457,0.00134727340934465,"STAT3/STAT5B/INPP5D/MAPK14/HCLS1/PIK3CD/HMGB2/ADAM17/BCL6/MAEA/ZFP36/ACIN1/LYN/ETS1/G6PD/RCOR1/PRKDC/FCAR/ACVR1B/SFXN1/FOXO3/JMJD6/XKR8/MFHAS1/EPAS1/NCSTN/HSPA9/PKNOX1/SLC15A4/FANCC/SPI1/UBA5/GATA3/CHMP5/CDK6/ADAR/B2M/ZFP36L1/CSF1/HSPA1A/PDE4B/TGFBR3/ARNT/CCR2/SH2B3",45
"GO:0032418","lysosome localization","24/2326","93/21273",0.258064516129032,2.36019193964441,4.60593158835572,4.49660994729227e-05,0.00165755274464259,0.00136641390204198,"GAB2/FGR/PLEKHM1/PIK3CD/NDEL1/RASGRP1/MILR1/LYN/FLCN/SYK/BORCS8/KXD1/ADGRE2/IL4R/TFEB/CBL/UNC13D/STXBP2/FES/DEF8/PDPK1/SPAG9/CD300A/LAT2",24
"GO:0002279","mast cell activation involved in immune response","18/2326","60/21273",0.3,2.74372312983663,4.73904570659637,4.70488560958609e-05,0.00172400451265548,0.00142119382981294,"GAB2/FGR/PIK3CD/PTPN6/RASGRP1/MILR1/LYN/SYK/ADGRE2/IL4R/CBL/UNC13D/STXBP2/FES/PDPK1/CD300A/LAT2/FER",18
"GO:0002220","innate immune response activating cell surface receptor signaling pathway","28/2326","117/21273",0.239316239316239,2.18872500385828,4.51748104873911,4.81290659682677e-05,0.00175315106568436,0.00144522097186558,"TLR5/TLR2/LILRA2/NFKBIA/PLCG2/MYD88/LYN/APPL2/TLR4/TLR1/SYK/MFHAS1/TLR6/CREBBP/PAK1/TYROBP/PELI1/NOD2/CHUK/TRIM32/NINJ1/PAK2/PIK3AP1/NMI/FYN/FFAR2/IRAK2/SCIMP",28
"GO:1902410","mitotic cytokinetic process","14/2326","40/21273",0.35,3.20101031814273,4.88185846382629,4.9320926623331e-05,0.00177983791012052,0.00146722043785969,"MTMR3/IST1/CHMP3/CHMP2A/MTMR4/IQGAP1/CHMP1B/CHMP5/ARF1/RHOA/KLHDC8B/CHMP1A/IQGAP2/CHMP4B",14
"GO:0106106","cold-induced thermogenesis","36/2326","167/21273",0.215568862275449,1.97153757832572,4.41625011658854,4.94399419477923e-05,0.00177983791012052,0.00146722043785969,"TFE3/IL18R1/IP6K1/NRDC/ZNF516/GRB10/STAT6/MFN2/ACSL1/ADAM17/SFXN5/CNOT3/MAP2K6/FLCN/APPL2/TLR4/SYK/LPIN1/DDIT3/IL4R/CEBPB/ZBTB7B/KDM6B/EPAS1/TLE3/BMAL1/PRKAB1/PGAM5/APC/DHRS7B/DIO2/KDM1A/PCTP/SLC25A44/CCR2/IL4",36
"GO:2001235","positive regulation of apoptotic signaling pathway","38/2326","180/21273",0.211111111111111,1.93076812840355,4.39387168175726,5.01920391591696e-05,0.00179640809920842,0.00148088017617109,"PRKCD/MCL1/FADD/DEDD2/INHBB/SP1/RIPK3/FLCN/TNFSF14/TLR4/BECN1/S100A9/RBCK1/DDIT3/TLR6/SERINC3/TRIM39/TP53/APAF1/RIPK1/LCK/LTBR/NACC2/CRADD/NCK1/HTRA2/PEA15/TNFRSF12A/VNN1/BCL10/GPER1/FAS/PAK2/BID/S100A8/MAGED1/CASP2/PPP2R1B",38
"GO:0042254","ribosome biogenesis","64/2326","358/21273",0.17877094972067,1.63499329897155,4.24541852769924,5.15259744059123e-05,0.00183349074244391,0.00151144948348587,"RNASEL/RPL7L1/SIRT7/RRN3/NOLC1/CHD7/MPHOSPH10/PRKDC/NOL11/NUDT16/WDR43/MTG2/SDAD1/WDR75/GLUL/BMS1/RRP1B/NPM1/NOP58/FASTKD2/SBDS/TSR1/DROSHA/NUP88/NMD3/RPL14/EFL1/ISG20/RRP15/HEATR1/NOP10/DDX18/RPUSD4/RIOK1/METTL15/UTP25/BRIX1/PWP1/DDX31/DHX29/MAK16/DDX21/CUL4A/GTPBP4/UTP15/DDX3X/NAT10/UTP14A/NOM1/RAN/URB2/NAF1/GRWD1/DCAF13/RPF2/RPS13/EIF2A/WDR3/WDR12/WDR36/KRR1/DDX47/PNO1/MRPS7",64
"GO:0110053","regulation of actin filament organization","55/2326","295/21273",0.186440677966102,1.70513866826005,4.27309244303039,5.30012239529464e-05,0.0018749292443995,0.00154560956999589,"PREX1/PTK2B/DAAM2/PRKCD/WAS/PPFIA1/PXN/HCLS1/VASP/ARAP1/SSH2/SVIL/GRB2/S1PR1/TRIM27/HCK/RAC1/CDC42EP3/PPM1F/TRIOBP/ARPC2/WASF2/TENM1/CX3CL1/FLII/SLC9A1/SSH3/PAK1/PICK1/AVIL/NCK1/RDX/FCHSD1/ABI2/ARF1/LIMA1/WHAMM/CYRIB/WDR1/PAK2/ARHGAP18/INPPL1/RHOA/CCL26/ROCK1/DLC1/FHOD1/SMAD3/ARHGEF15/GMFG/GBA2/MYADM/FER/SSH1/DLG1",55
"GO:0090150","establishment of protein localization to membrane","57/2326","309/21273",0.184466019417476,1.68707894714874,4.2627277429003,5.32996455116816e-05,0.0018749292443995,0.00154560956999589,"RAB7A/ITGAM/MTX1/KCNE1/NCF1/RAB31/ZDHHC3/TOMM70/RILPL1/STX3/SRP72/GDI1/GRIPAP1/ATP6AP1/ZDHHC18/GGA3/KIF13A/TOMM20/CDK5R1/PEX3/ASAP1/RFTN1/MTCH1/ZFAND2B/ATAD1/TIMM10B/TAOK2/SEC61A2/OPTN/VPS37B/RDX/ZDHHC7/TOMM6/MIEF1/SRPRB/RILPL2/CNST/PHAF1/AGK/ZDHHC4/RAB8A/VAMP3/BID/FYN/ATG3/GORASP1/NSG1/ARL6/SRP68/EMC1/VPS37C/SAMM50/PRNP/GRIN3B/SORL1/PREPL/CHMP4B",57
"GO:1990849","vacuolar localization","24/2326","94/21273",0.25531914893617,2.33508351475458,4.54525679571134,5.41949483719938e-05,0.00189559148964769,0.00156264262022358,"GAB2/FGR/PLEKHM1/PIK3CD/NDEL1/RASGRP1/MILR1/LYN/FLCN/SYK/BORCS8/KXD1/ADGRE2/IL4R/TFEB/CBL/UNC13D/STXBP2/FES/DEF8/PDPK1/SPAG9/CD300A/LAT2",24
"GO:0050856","regulation of T cell receptor signaling pathway","19/2326","66/21273",0.287878787878788,2.63286562964121,4.65502038332443,5.50684089237055e-05,0.00190450070412546,0.00156998698652386,"PRKD2/LAPTM5/PTPN6/SH2D1A/UBR2/CBLB/RAB29/LCK/DUSP22/NCK1/PTPRJ/MALT1/CD300A/ADA/CEACAM1/DUSP3/BCL10/RC3H1/PRNP",19
"GO:0097352","autophagosome maturation","19/2326","66/21273",0.287878787878788,2.63286562964121,4.65502038332443,5.50684089237055e-05,0.00190450070412546,0.00156998698652386,"CHMP3/CHMP2A/BECN1/GABARAPL1/MAP1LC3B/TOM1/PHF23/MAP1LC3A/CHMP1B/CALCOCO2/LAMP2/CHMP5/GABARAP/VMP1/MAP1LC3B2/CHMP1A/ATG14/CHMP4B/PIK3R4",19
"GO:0062197","cellular response to chemical stress","63/2326","353/21273",0.178470254957507,1.63224322171584,4.19690833989956,6.18014400653302e-05,0.00212541712314063,0.00175210080890889,"CAMKK2/PRKCD/ALOX5/PXN/STAT6/MAPK13/ARHGEF2/STK39/STAU1/RIPK3/MAP3K5/TXN/USP15/FOS/G6PD/MAP2K4/PLEKHA1/CAB39/TRIM21/BECN1/MSRA/SLC8A1/FOXO3/DDIT3/STX4/NFE2L2/MDM2/CASP1/KDM6B/ETV5/BMAL1/EIF2S1/NME8/RHOB/MAP1LC3A/ATG7/FANCC/TP53/RIPK1/PPIA/HTRA2/CYGB/LRRK2/ANKZF1/SIRPA/NINJ1/FAS/AKR1B1/IL18RAP/TET1/ZFP36L1/GPX7/TP53INP1/DDX3X/OXSR1/FYN/RCSD1/ATP1A1/HSPA1A/SRXN1/ARNT/MICU1/FER",63
"GO:0006887","exocytosis","68/2326","389/21273",0.174807197943445,1.59874184086453,4.17586409992797,6.27830363278939e-05,0.00214717984241397,0.00177004104173554,"RAB7A/RALB/GAB2/FGR/ITGAM/PIK3CD/RAB31/OSBPL2/PSEN1/RASGRP1/P2RX1/STX3/HCK/MILR1/LYN/SYTL3/PRKCB/CHMP2A/TNFAIP2/SYK/MICAL1/LAMP1/ADGRE2/IL4R/HGS/GNAI2/STX4/EXOC6/CBL/STXBP5/CD177/UNC13D/PAK1/RAB11FIP1/EXOC3/STXBP2/TPCN2/TPRG1L/FES/STX11/PDPK1/SYN2/RAB3D/SPI1/DNAJC5/SYNJ1/LRRK2/PTAFR/CD300A/CEACAM1/RAB37/PRAM1/LAT2/SYP/LIN7A/ARFGEF2/RAB8A/FBXL20/VAMP3/AP1G1/RPH3AL/ANXA3/GCGR/P2RY1/MIA3/CDK16/CCR2/PREPL",68
"GO:0072331","signal transduction by p53 class mediator","38/2326","182/21273",0.208791208791209,1.9095508962233,4.31770437872991,6.44948733302774e-05,0.00219353834376347,0.00180825696030978,"PRMT5/USP10/DYRK2/RFFL/URI1/RRN3/MAP2K6/HNRNPK/USP15/PRMT6/KMT5A/BCL3/HEXIM1/FOXO3/PTTG1IP/MDM2/TP53RK/JMY/BCL2/RNF34/TP53/PLK3/SHISA5/TOPORS/TRIAP1/KDM1A/CD44/ATR/NDRG1/TP53BP2/URB2/SMYD2/MAPKAPK5/RPF2/MLF1/MSH2/HINT1/DYRK1A",38
"GO:0043367","CD4-positive, alpha-beta T cell differentiation","29/2326","125/21273",0.232,2.12181255374033,4.40736928919238,6.52232533515294e-05,0.00220612278918689,0.00181863102607127,"STAT3/IL18R1/STAT6/RARA/HLX/PRKCZ/IL6R/BCL6/BCL3/SEMA4A/ICOS/IL4R/JAK3/STAT4/STAT5A/RORA/ZBTB7B/SPN/MALT1/GATA3/BRD4/RC3H1/CRACR2A/CD69/NFKBID/SOCS3/SASH3/NFKBIZ/SLAMF6",29
"GO:1901796","regulation of signal transduction by p53 class mediator","27/2326","113/21273",0.238938053097345,2.1852662096044,4.42625146253503,6.70744599472265e-05,0.00225501662587811,0.0018589369640844,"PRMT5/DYRK2/RFFL/RRN3/MAP2K6/HNRNPK/USP15/PRMT6/KMT5A/HEXIM1/PTTG1IP/MDM2/TP53RK/BCL2/RNF34/TP53/PLK3/TRIAP1/KDM1A/CD44/ATR/URB2/SMYD2/MAPKAPK5/RPF2/MLF1/DYRK1A",27
"GO:0009303","rRNA transcription","14/2326","41/21273",0.341463414634146,3.12293689574901,4.76729855089246,6.7401406621438e-05,0.00225501662587811,0.0018589369640844,"DEDD/MACROH2A1/MARS1/SIRT7/NOL11/POLR1B/GTF3C3/SPIN1/TP53/POLR1F/PWP1/GTF3C4/CAVIN1/NIFK",14
"GO:0045619","regulation of lymphocyte differentiation","51/2326","270/21273",0.188888888888889,1.72752937804529,4.21531991946333,6.88812352906347e-05,0.00228572006646784,0.00188424753606946,"STAT5B/INPP5D/RARA/HLX/PRKCZ/PTPN6/SMARCD3/BCL6/RASGRP1/NFAM1/PRKDC/SOS2/SYK/FOXO3/IRF1/IL4R/JAK3/STAT5A/ZBTB7B/CD2/PGLYRP1/LILRB2/DROSHA/PCID2/CR1/CD28/ACTL6A/SPI1/ZBTB1/MALT1/VNN1/GATA3/ADA/BRD4/PHF10/PRDM1/ACTL6B/ZFP36L1/RC3H1/RHOA/CD69/RHOH/NFKBID/IL1RL2/TMEM131L/CCR2/SASH3/NFKBIZ/CTLA4/ZBTB16/IL4",51
"GO:0042058","regulation of epidermal growth factor receptor signaling pathway","19/2326","67/21273",0.283582089552239,2.59356912770627,4.57738793069985,6.90617174078976e-05,0.00228572006646784,0.00188424753606946,"RAB7A/RALB/MVP/ADAM17/PLAUR/MMP9/CBLB/CBL/SHKBP1/SNX5/DGKD/PTPRJ/PTPN12/RHBDF2/CEACAM1/DUSP3/GPER1/NPPA/FER",19
"GO:0071706","tumor necrosis factor superfamily cytokine production","48/2326","250/21273",0.192,1.75598280309544,4.21282447995103,7.31974463028047e-05,0.00239682701829822,0.00197583924202588,"STAT3/ARRB2/MAPKAPK2/FADD/RARA/TLR2/IRAK3/PTPN6/LILRA2/PLCG2/MYD88/ADAM17/ARHGEF2/PSEN1/IFNGR1/TRIM27/ZFP36/FCGR2A/HLA-E/BCL3/TLR4/TLR1/SYK/NLRC3/CX3CL1/GPR18/CD2/TYROBP/RIPK1/NOD2/FRMD8/SPN/PTPRJ/LRRK2/ELF4/PTAFR/SIRPA/BCL10/LILRA5/AGER/ARFGEF2/C5AR2/FCGR1A/ARID5A/CCR2/SASH3/IL4/CD274",48
"GO:1903555","regulation of tumor necrosis factor superfamily cytokine production","48/2326","250/21273",0.192,1.75598280309544,4.21282447995103,7.31974463028047e-05,0.00239682701829822,0.00197583924202588,"STAT3/ARRB2/MAPKAPK2/FADD/RARA/TLR2/IRAK3/PTPN6/LILRA2/PLCG2/MYD88/ADAM17/ARHGEF2/PSEN1/IFNGR1/TRIM27/ZFP36/FCGR2A/HLA-E/BCL3/TLR4/TLR1/SYK/NLRC3/CX3CL1/GPR18/CD2/TYROBP/RIPK1/NOD2/FRMD8/SPN/PTPRJ/LRRK2/ELF4/PTAFR/SIRPA/BCL10/LILRA5/AGER/ARFGEF2/C5AR2/FCGR1A/ARID5A/CCR2/SASH3/IL4/CD274",48
"GO:0050854","regulation of antigen receptor-mediated signaling pathway","23/2326","90/21273",0.255555555555556,2.33724562912009,4.45427984375695,7.56862372544529e-05,0.00245223408704427,0.00202151440334469,"PRKD2/LAPTM5/PTPN6/SH2D1A/LYN/UBR2/NFAM1/CBLB/LPXN/PRKCH/RAB29/LCK/DUSP22/NCK1/PTPRJ/MALT1/CD300A/ADA/CEACAM1/DUSP3/BCL10/RC3H1/PRNP",23
"GO:0070227","lymphocyte apoptotic process","23/2326","90/21273",0.255555555555556,2.33724562912009,4.45427984375695,7.56862372544529e-05,0.00245223408704427,0.00202151440334469,"PRKD2/FADD/BCL6/TSC22D3/RIPK3/LYN/IRS2/BCL3/CD3G/JAK3/DOCK8/BCL2/KIFAP3/TP53/FNIP1/RIPK1/BCL11B/ADA/BCL10/PRKCQ/FAS/NFKBIZ/CD274",23
"GO:0032753","positive regulation of interleukin-4 production","12/2326","32/21273",0.375,3.42965391229579,4.81915300615403,7.84711244234183e-05,0.00251598042682585,0.0020740640945466,"RARA/PRKCZ/HLA-E/SYK/CEBPB/CD28/IL1RAP/GATA3/PRKCQ/SASH3/CD3E/FCER1G",12
"GO:1902042","negative regulation of extrinsic apoptotic signaling pathway via death domain receptors","12/2326","32/21273",0.375,3.42965391229579,4.81915300615403,7.84711244234183e-05,0.00251598042682585,0.0020740640945466,"RAF1/CFLAR/ITPRIP/RFFL/HMGB2/ARHGEF2/RNF34/PEA15/TMBIM1/BRCA1/DDX3X/FAIM",12
"GO:0071887","leukocyte apoptotic process","32/2326","145/21273",0.220689655172414,2.01837103804074,4.31121455221487,7.8968444286153e-05,0.00251880695868165,0.00207639416364082,"HCLS1/PRKD2/FADD/PIK3CD/ADAM17/BCL6/TSC22D3/RIPK3/LYN/IRS2/FCAR/BCL3/PLEKHO2/CD3G/JAK3/ST6GAL1/DOCK8/BCL2/KIFAP3/TP53/FNIP1/RIPK1/NOD2/CASP9/BCL11B/ADA/BCL10/PRKCQ/FAS/NFKBIZ/RAPGEF2/CD274",32
"GO:0031295","T cell costimulation","17/2326","57/21273",0.298245614035088,2.72767796533466,4.57622383315674,8.22940846561173e-05,0.00261135250073741,0.00215268465614293,"VAV1/PTPN6/LYN/TNFSF14/ICOS/LILRB2/LCK/CD28/PDPK1/SPN/MAP3K8/FYN/HHLA2/DPP4/CD3E/TNFRSF14/CD274",17
"GO:1900076","regulation of cellular response to insulin stimulus","21/2326","79/21273",0.265822784810127,2.43114707707043,4.46508919033615,8.29510949409274e-05,0.00261870225875051,0.00215874347481895,"PRKCD/PTPRE/GRB10/PRKCZ/ZNF592/NUCKS1/ECHDC3/KBTBD2/APPL2/PRKCB/GNAI2/ZBTB7B/NCOA1/PIP4K2C/SNX5/NCK1/PTPRJ/PRKCQ/SOCS3/SORL1/NCOA2",21
"GO:0071219","cellular response to molecule of bacterial origin","56/2326","307/21273",0.182410423452769,1.66827899316885,4.13245369999553,8.44915132713672e-05,0.00265372324335988,0.00218761324103792,"MAPK14/TLR5/RARA/TLR2/TRIB1/IRAK3/CD55/HMGB2/PTPN6/LILRA2/NFKBIA/PLCG2/MYD88/ZFP36/MAPK3/HCK/LYN/MAPK1/UPF1/FCAR/GBP2/TLR4/TLR1/CARD16/MMP9/TLR6/LITAF/CASP1/TNFRSF1B/CX3CL1/LILRB2/CARD8/NOD2/PTAFR/MALT1/SIRPA/MAP2K7/BCL10/CD6/CHMP5/SBNO2/CYRIB/MTDH/B2M/RHOA/CDK19/HDAC5/TRIM41/PDE4B/IRAK2/ARID5A/CDK4/ADAM9/NFKBIZ/SCIMP/CD274",56
"GO:0002699","positive regulation of immune effector process","72/2326","422/21273",0.170616113744076,1.56041125867486,4.07416321076188,8.5935593596441e-05,0.00268537824456696,0.00221370823792916,"VAV1/STAT5B/MAPKAPK2/IL18R1/RASGRP4/GAB2/FGR/ARG1/IL1R1/FADD/ITGAM/STAT6/RARA/CD55/HLX/PRKCZ/LAPTM5/PTPN6/PLCG2/MYD88/FBXO38/RASGRP1/SH2D1A/APPL2/HLA-E/TLR4/SYK/LAMP1/IL4R/STX4/IL13RA1/SHLD2/CD177/TYROBP/DDX1/CR1/CD28/NOD2/HLA-C/SPI1/ZBTB1/HLA-B/PTAFR/MALT1/STX7/CD300A/GATA3/BCL10/DDX21/BRD4/DHX36/CFP/CYRIB/IL18RAP/NSD2/B2M/AP1G1/NFKBID/FFAR2/FCGR1A/ARID5A/PVR/CCR2/SASH3/NFKBIZ/FER/TAP2/SLAMF6/SCIMP/MSH2/IL4/TNFRSF14",72
"GO:0006995","cellular response to nitrogen starvation","7/2326","12/21273",0.583333333333333,5.33501719690456,5.26293969522331,8.90638596669902e-05,0.0027551614075879,0.00227123442187019,"BECN1/GABARAPL1/MAP1LC3B/MAP1LC3A/ATG7/GABARAP/MAP1LC3B2",7
"GO:0043562","cellular response to nitrogen levels","7/2326","12/21273",0.583333333333333,5.33501719690456,5.26293969522331,8.90638596669902e-05,0.0027551614075879,0.00227123442187019,"BECN1/GABARAPL1/MAP1LC3B/MAP1LC3A/ATG7/GABARAP/MAP1LC3B2",7
"GO:0050777","negative regulation of immune response","58/2326","322/21273",0.180124223602484,1.64736999514001,4.10125633002027,9.14127414880555e-05,0.00281368418300235,0.0023194780353364,"ARRB2/INPP5D/MAPK14/FGR/ARG1/CRK/STAT6/SAMSN1/IRAK3/CD55/HLX/PTPN6/GRB2/BCL6/TRIM27/HCK/USP15/LYN/HLA-E/TRIM21/SYK/ZDHHC18/CEP63/VSIG4/NLRP6/IL4R/JAK3/STAT5A/ZBTB7B/NLRC3/PGLYRP1/CR1/NLRX1/NOD2/DUSP22/SPN/SPI1/HLA-B/TRAFD1/GPR17/RHBDF2/CD59/CD300A/CEACAM1/PARP14/ADAR/RC3H1/NMI/CD69/FYN/CD96/PVR/CCR2/SAMHD1/NLRC5/FER/TNFRSF14/CD274",58
"GO:2000106","regulation of leukocyte apoptotic process","27/2326","115/21273",0.234782608695652,2.14726157987214,4.32227956395752,9.24579860975086e-05,0.00283169832047892,0.00233432810147205,"HCLS1/PRKD2/FADD/PIK3CD/ADAM17/BCL6/TSC22D3/RIPK3/LYN/IRS2/FCAR/BCL3/CD3G/JAK3/ST6GAL1/DOCK8/BCL2/KIFAP3/TP53/FNIP1/NOD2/BCL11B/ADA/BCL10/PRKCQ/RAPGEF2/CD274",27
"GO:2001242","regulation of intrinsic apoptotic signaling pathway","41/2326","205/21273",0.2,1.82914875322442,4.17961729426751,9.40551524264856e-05,0.00286635405117547,0.00236289676835897,"MCL1/URI1/ARHGEF2/RRN3/RIPK3/HNRNPK/USP15/FLCN/BECN1/S100A9/PLAUR/CDKN2D/MMP9/PTTG1IP/DDIT3/NFE2L2/MDM2/TMBIM6/DAPK2/SERINC3/BCL2/IVNS1ABP/TP53/LCK/PPIA/NACC2/NCK1/HTRA2/FIGNL1/LRRK2/VNN1/TRIM32/TRIAP1/KDM1A/CD44/DDX3X/BID/FYN/S100A8/HSPA1A/CTNNB1",41
"GO:0032956","regulation of actin cytoskeleton organization","66/2326","380/21273",0.173684210526316,1.58847128569489,4.05560324976591,9.7238761148864e-05,0.00293517047534987,0.00241962601512631,"NEDD9/PREX1/PTK2B/DAAM2/PRKCD/WAS/PPFIA1/PXN/HCLS1/CRK/VASP/ARAP1/SSH2/SVIL/GRB2/AKAP13/S1PR1/TRIM27/HCK/RAC1/CDC42EP3/PPM1F/TRIOBP/RHOG/ARPC2/WASF2/PEAK3/TENM1/CX3CL1/FLII/SLC9A1/SSH3/CDK5R1/PAK1/PICK1/AVIL/NCK1/TAOK2/RDX/BST1/FCHSD1/ABI2/ARF1/LIMA1/WHAMM/CYRIB/WDR1/PAK2/ARHGAP18/INPPL1/RHOA/BCAS3/CCL26/ROCK1/DLC1/FHOD1/SMAD3/ARHGEF15/DIXDC1/GMFG/GBA2/MYADM/FER/IQGAP2/SSH1/DLG1",66
"GO:0006979","response to oxidative stress","76/2326","453/21273",0.167770419426049,1.53438526760547,4.02811633532286,9.72668578575979e-05,0.00293517047534987,0.00241962601512631,"CAMKK2/PTK2B/PRKCD/ALOX5/PXN/MACROH2A1/CRK/TRIM25/STAT6/MAPK13/PSEN1/SP1/STAU1/RIPK3/MAP3K5/TXN/FOS/G6PD/MAP2K4/PLEKHA1/BECN1/MTF1/MSRA/SLC8A1/FOXO3/STX4/NFE2L2/MDM2/KDM6B/EPAS1/ETV5/BMAL1/EIF2S1/NME8/RHOB/MAP1LC3A/BCL2/FANCC/TP53/RIPK1/PLK3/PPIA/HTRA2/TOR1A/CYGB/RLIG1/CYB5B/LRRK2/CHUK/GCLC/KCMF1/ERO1A/ANKZF1/SIRPA/VNN1/TRIM32/UBE3A/SESN1/RGS14/MSRB2/C19orf12/IL18RAP/TET1/GPX7/TP53INP1/OXSR1/ATE1/FYN/HSPA1A/SRXN1/WRN/PPP1R15B/ARNT/ADAM9/PRNP/FER",76
"GO:0007041","lysosomal transport","33/2326","153/21273",0.215686274509804,1.97261140053614,4.23035588081891,9.87045373652774e-05,0.00296402503424706,0.00244341245000258,"RAB7A/PLEKHM1/VPS39/MGRN1/DENND3/LAPTM5/FHIP1B/CHMP3/SNX27/CHMP2A/PCSK9/BECN1/GGA3/KIF13A/LAMP1/HGS/ZFYVE16/RHOB/CHMP1B/TPCN2/LAMP2/IGF2R/LRRK2/CHMP5/CHMP1A/AP1G1/ATG14/HSPA1A/SORT1/SORL1/LYST/CHMP4B/PIK3R4",33
"GO:0009411","response to UV","35/2326","166/21273",0.210843373493976,1.92831946876068,4.20704383694138,0.000100131310335254,0.00299227352632926,0.00246669926993491,"PRKCD/MAPK14/MAPK13/N4BP1/BCL3/USF1/CDKN2D/TIMP1/MMP9/MDM2/CREBBP/UBE4B/NPM1/EIF2S1/BCL2/TP53/ZBTB1/CASP9/XPC/RHBDD1/TRIM32/MAP2K7/NLRP1/CUL4A/DHX36/TRIAP1/KDM1A/ATR/TP53INP1/NSMCE3/WRN/MME/ZRANB3/MMP1/MSH2",35
"GO:0042770","signal transduction in response to DNA damage","40/2326","199/21273",0.201005025125628,1.83834045550193,4.16305611025076,0.000101514424980104,0.00301895072549526,0.00248869078479064,"MAPK14/USP10/UIMC1/GRB2/MAP2K6/MAPK3/PPP1R10/LYN/KMT5A/PRKDC/BCL3/CEP63/FOXO3/PTTG1IP/MDM2/GADD45A/TRIM39/CRY1/TP53/FBXO4/TAOK2/CASP9/XPC/BRD4/CUL4A/PRPF19/TRIAP1/BRCA1/KDM1A/CD44/ATR/NDRG1/BID/PARP9/SMYD2/IER3/ETAA1/RINT1/MSH2/DYRK1A",40
"GO:0031294","lymphocyte costimulation","17/2326","58/21273",0.293103448275862,2.68064903489786,4.49064060476699,0.000104664111657048,0.00309765515077302,0.00255357126669347,"VAV1/PTPN6/LYN/TNFSF14/ICOS/LILRB2/LCK/CD28/PDPK1/SPN/MAP3K8/FYN/HHLA2/DPP4/CD3E/TNFRSF14/CD274",17
"GO:0002752","cell surface pattern recognition receptor signaling pathway","22/2326","86/21273",0.255813953488372,2.33960887040333,4.36145400388364,0.000105764426885778,0.0031152431191811,0.00256807001771008,"TLR5/TLR2/LILRA2/NFKBIA/MYD88/LYN/APPL2/TLR4/TLR1/SYK/MFHAS1/TLR6/PELI1/NOD2/CHUK/TRIM32/NINJ1/PIK3AP1/NMI/FFAR2/IRAK2/SCIMP",22
"GO:0022406","membrane docking","23/2326","92/21273",0.25,2.28643594153052,4.33259045522291,0.000108850473654159,0.00319087388483336,0.00263041670920653,"STX10/RAB7A/RALB/STX3/ESYT1/STX4/EXOC6/EXOC3/STXBP2/ESYT2/TPRG1L/STX11/VAPA/STX16/STX7/VMP1/RAB8A/MSN/VAMP3/ROCK1/STX6/ATG14/CEP290",23
"GO:0044804","nucleophagy","10/2326","24/21273",0.416666666666667,3.81072656921754,4.8271829779045,0.000110384948887402,0.00319447653405988,0.00263338657547668,"ATG2A/WIPI2/ATG9A/WIPI1/ULK1/ATG7/ATG13/ATG4B/ATG3/WDR45",10
"GO:0045063","T-helper 1 cell differentiation","10/2326","24/21273",0.416666666666667,3.81072656921754,4.8271829779045,0.000110384948887402,0.00319447653405988,0.00263338657547668,"IL18R1/STAT6/HLX/SEMA4A/IL4R/JAK3/STAT4/SPN/CRACR2A/NFKBIZ",10
"GO:0045637","regulation of myeloid cell differentiation","49/2326","261/21273",0.187739463601533,1.71701702888882,4.08370928482709,0.000110530133488427,0.00319447653405988,0.00263338657547668,"NEDD9/STAT3/TFE3/PTK2B/STAT5B/INPP5D/MAPK14/HCLS1/FADD/RARA/TRIB1/LILRB3/HMGB2/NFKBIA/ZFP36/ACIN1/LYN/ETS1/FOS/JAG1/PRMT6/RCOR1/PRKDC/CASP8/TLR4/ACVR1B/FOXO3/CEBPB/RASSF2/CSF3R/HSPA9/TYROBP/RIPK1/FES/SPI1/CEACAM1/CUL4A/CDK6/NOTCH2/B2M/ZFP36L1/CALCA/CSF1/HSPA1A/TNFAIP6/ARNT/CTNNB1/ZBTB16/IL4",49
"GO:0002446","neutrophil mediated immunity","16/2326","53/21273",0.30188679245283,2.76097925015007,4.49736642617126,0.000112684649673375,0.00322644978320604,0.0026597439220335,"ARG1/ITGAM/IL6R/MYD88/ADAM17/FCAR/SYK/NLRP6/CD177/TREM1/STXBP2/SPI1/PTAFR/PRAM1/WDR1/ANXA3",16
"GO:0051403","stress-activated MAPK cascade","16/2326","53/21273",0.30188679245283,2.76097925015007,4.49736642617126,0.000112684649673375,0.00322644978320604,0.0026597439220335,"MAPK14/MAPK13/MAP2K6/MAP3K5/MAPK3/MAPK1/TLR4/SEMA4C/NBR1/NOD2/PPIA/TAOK2/CCM2/MAP2K7/FAS/SCIMP",16
"GO:0030218","erythrocyte differentiation","35/2326","167/21273",0.209580838323353,1.91677264559445,4.16730900926027,0.000113572203468294,0.00323680779884637,0.00266828261657234,"STAT3/STAT5B/INPP5D/MAPK14/HCLS1/HMGB2/BCL6/MAEA/ZFP36/ACIN1/LYN/ETS1/G6PD/RCOR1/PRKDC/ACVR1B/SFXN1/FOXO3/JMJD6/MFHAS1/EPAS1/HSPA9/PKNOX1/SPI1/UBA5/GATA3/CHMP5/CDK6/ADAR/B2M/ZFP36L1/HSPA1A/TGFBR3/ARNT/SH2B3",35
"GO:0072538","T-helper 17 type immune response","18/2326","64/21273",0.28125,2.57224043422184,4.41354584210844,0.000119521576221099,0.00338022775301071,0.00278651174673654,"STAT3/IL17RA/IL6R/TYK2/JAK3/STAT5A/RORA/ZBTB7B/MALT1/PRKCQ/BRD4/RC3H1/CD69/NFKBID/SOCS3/ARID5A/NFKBIZ/SLAMF6",18
"GO:0062207","regulation of pattern recognition receptor signaling pathway","47/2326","248/21273",0.189516129032258,1.73326595567637,4.06966020884245,0.000119702672215129,0.00338022775301071,0.00278651174673654,"ARRB2/FLOT1/IRAK3/MEFV/LILRA2/PLCG2/MYD88/ZDHHC3/UFD1/USP15/LYN/APPL2/PRKDC/GBP2/TLR4/ZC3HAV1/TLR1/GDI1/ZDHHC18/S100A9/NLRP6/IRF1/HCFC2/MFHAS1/TLR6/NLRC3/SLC15A4/SEC14L1/PELI1/LRCH4/SLC15A3/NLRX1/CARD8/LAMP2/NOD2/PDPK1/ZDHHC5/CD300A/TRIM32/TRIM11/NINJ1/OTUD4/TASL/DDX3X/S100A8/BIRC3/HSPA1A",47
"GO:0006605","protein targeting","65/2326","376/21273",0.172872340425532,1.58104612978175,3.98291789378124,0.000125756241445037,0.00353495626637283,0.0029140631579261,"RAB7A/OS9/ITGAM/SH3GLB1/MTX1/MFN2/KCNE1/LAPTM5/NCF1/NPEPPS/ZDHHC3/MON1B/TOMM70/RNF31/VPS8/SRP72/BECN1/GDI1/ZDHHC18/GGA3/LMAN1/HGS/TOMM20/ZFYVE16/MIPEP/CDK5R1/ATG13/SMURF1/MTCH1/ZFAND2B/LAMP2/HTRA2/TIMM10B/TAOK2/SEC61A2/VPS37B/ZDHHC7/LRRK2/DNAJC19/TOMM6/MIEF1/ANKRD6/SRPRB/IMMP1L/GABARAP/AGK/NUP54/ZDHHC4/BID/ATG14/FYN/ATG3/UBE2D3/ARL6/SRP68/VPS37C/SAMM50/LTBP2/SORT1/PRNP/SYNJ2BP/SORL1/CHMP4B/AP4S1/PIK3R4",65
"GO:0038066","p38MAPK cascade","19/2326","70/21273",0.271428571428571,2.48241616509028,4.3527056109166,0.000131701830281457,0.0036667657289958,0.00302272110726185,"MAP3K3/MAPK14/MAPKAPK2/DUSP1/STK39/MAP2K6/MAP3K5/ZFP36/BECN1/MFHAS1/GADD45A/MAP3K15/PHLPP1/MAP1LC3A/SPI1/GADD45B/AGER/ZFP36L1/DLG1",19
"GO:0009299","mRNA transcription","17/2326","59/21273",0.288135593220339,2.63521430549281,4.40684921795842,0.000132193833852503,0.0036667657289958,0.00302272110726185,"STAT3/RARA/C5AR1/HLTF/EPAS1/NCOA1/TP53/ZBTB1/NCBP3/TAF7/TAF12/TAF8/RXRA/TAF10/NFKBIZ/TAF4/NCOA2",17
"GO:0000209","protein polyubiquitination","55/2326","305/21273",0.180327868852459,1.64923248241546,4.00138597726589,0.000132827933327821,0.0036667657289958,0.00302272110726185,"WWP2/RNF185/TRIM25/MGRN1/RFFL/AREL1/NT5C2/NPEPPS/FBXO38/CHFR/UBE2R2/TRIM27/KBTBD2/RNF31/UBR2/TRIM21/RNF146/CEP63/TRIM45/RBCK1/MDM2/CDC23/UBE4B/UBE2H/KBTBD7/CBL/BCL2/RNF34/PELI1/SMURF1/FBXO4/NOD2/PPIA/UBE2Q2/RNF166/KCMF1/TPP2/TRIM32/RNF114/UBE3A/TRIM8/GABARAP/TOPORS/PRPF19/BRCA1/RC3H1/NMI/PELI2/DDX3X/ANAPC10/RNF135/UBE2D3/UBE2N/TRIM22/CTNNB1",55
"GO:0042098","T cell proliferation","55/2326","305/21273",0.180327868852459,1.64923248241546,4.00138597726589,0.000132827933327821,0.0036667657289958,0.00302272110726185,"RIPOR2/STAT5B/ARG1/FADD/CD55/PTPN6/BCL6/RASGRP1/CCND3/RIPK3/TYK2/SLC11A1/TNFSF14/HLA-E/SOS2/SYK/VSIG4/CBLB/IRF1/CEBPB/ZBTB7B/DOCK8/TNFRSF1B/NCSTN/DOCK2/PELI1/LILRB2/TP53/CR1/CD28/NCK1/SPN/BTN3A1/ELF4/MALT1/CD6/PRKCQ/AGER/RC3H1/MSN/BID/FYN/HHLA2/TMEM131L/CCR2/SASH3/PRNP/CD3E/CTNNB1/CTLA4/DLG1/IL4/TNFRSF14/CD274/LGALS9C",55
"GO:0033673","negative regulation of kinase activity","34/2326","162/21273",0.209876543209877,1.91947708671698,4.11607050553473,0.000137176328964943,0.00376332224119582,0.0031023180679192,"PREX1/MACROH2A1/TRIB1/IRAK3/MVP/DUSP1/TRIM27/LYN/IPO5/IRS2/PPM1F/SLC8A1/PRKCH/GADD45A/NPM1/IPO7/PPIA/PDPK1/TAF7/HHEX/PTPRJ/RGS2/MIDN/CD300A/CEACAM1/DUSP3/APC/CORO1C/RGS14/PAK2/ADAR/PTEN/NPPA/HEG1",34
"GO:0005980","glycogen catabolic process","11/2326","29/21273",0.379310344827586,3.46907522163252,4.66180349911103,0.000138159653429216,0.00376332224119582,0.0031023180679192,"ATG2A/PPP1R3D/WIPI2/GABARAPL1/PPP1R3B/WIPI1/PYGM/PYGL/PGM2/ATG3/WDR45",11
"GO:0060333","type II interferon-mediated signaling pathway","11/2326","29/21273",0.379310344827586,3.46907522163252,4.66180349911103,0.000138159653429216,0.00376332224119582,0.0031023180679192,"RAF1/ARG1/IFNGR2/IFNGR1/TYK2/HCK/IRF1/TP53/PARP14/PARP9/NLRC5",11
"GO:0043086","negative regulation of catalytic activity","59/2326","334/21273",0.176646706586826,1.61556551557247,3.97290643404847,0.000138896256271455,0.00376671961941443,0.00310511871775879,"PREX1/GMIP/MACROH2A1/TRIB1/IRAK3/MVP/CAND1/TIMP2/URI1/DUSP1/TRIM27/ZFP36/LYN/IPO5/IRS2/PPM1F/ABCE1/SLC8A1/TIMP1/GNAI2/TMBIM6/RRP1B/PRKCH/GADD45A/PLIN5/NPM1/SERPINB1/TP53/IPO7/CR1/PPIA/PDPK1/EGLN1/TAF7/HHEX/RDX/PTPRJ/LRRK2/TMLHE/RGS2/EPM2A/MIDN/CD300A/CEACAM1/DUSP3/APC/CORO1C/RGS14/PAK2/TMBIM1/ADAR/RCC2/GZMA/PARP9/PTEN/NPPA/CCR2/SORT1/HEG1",59
"GO:0042789","mRNA transcription by RNA polymerase II","16/2326","54/21273",0.296296296296296,2.70985000477692,4.40789486351807,0.000144024989080324,0.00387169359291909,0.0031916546649333,"STAT3/RARA/C5AR1/HLTF/EPAS1/NCOA1/ZBTB1/NCBP3/TAF7/TAF12/TAF8/RXRA/TAF10/NFKBIZ/TAF4/NCOA2",16
"GO:0098927","vesicle-mediated transport between endosomal compartments","16/2326","54/21273",0.296296296296296,2.70985000477692,4.40789486351807,0.000144024989080324,0.00387169359291909,0.0031916546649333,"RAB7A/FHIP1B/CHMP3/MAPK3/MAPK1/WDR91/BECN1/DENND10/RDX/LMTK2/DYNC1LI1/MSN/ATG14/MTMR2/SORL1/PIK3R4",16
"GO:0051090","regulation of DNA-binding transcription factor activity","69/2326","407/21273",0.16953316953317,1.55050692840891,3.92897424581377,0.000145079990914438,0.00388140470781137,0.00319966008282183,"ARRB2/CFLAR/WWP2/IL18R1/PRKD2/TRIM25/TLR2/TRIB1/IRAK3/PRKCZ/SLCO3A1/NFKBIA/PLCG2/MYD88/PIAS2/ARHGEF2/HDAC4/RIPK3/TRIM27/HCK/RNF31/BCL3/TRIM21/TLR4/AIM2/SYK/S100A9/CARD16/RBCK1/NLRP12/DDIT3/NLRC4/NLRC3/PRKCH/NPM1/GLIS2/CRTC2/S100A12/RIPK1/CARD8/NOD2/PPIA/EGLN1/SPI1/PLPP3/CHUK/MALT1/TRIM32/BCL10/PRKCQ/TRIM8/RHEBL1/MTDH/IL18RAP/AGER/KDM1A/HDAC5/S100A8/SMAD3/HSPA1A/ANXA3/PTEN/IRAK2/PTCH1/UBE2N/TRIM22/PRNP/NLRC5/FER",69
"GO:0050920","regulation of chemotaxis","47/2326","250/21273",0.188,1.71939982803095,4.00896051337657,0.000145850894614716,0.00388140470781137,0.00319966008282183,"NEDD9/RIPOR2/PTK2B/GPSM3/PRKD2/IL6R/ADAM17/DUSP1/STK39/S1PR1/MAPK3/STX3/LYN/MAPK1/TNFSF14/RAC1/C5AR1/PPM1F/STX4/TIAM1/ST6GAL1/FPR2/DAPK2/MCU/GPR18/NOD2/KIF21A/USP14/PTPRJ/AKIRIN1/BST1/DUSP3/NINJ1/CYRIB/AGER/CYP19A1/OXSR1/CCL26/CSF1/SMAD3/NTRK3/C5AR2/IL16/DPP4/TNFAIP6/CCR2/RIN3",47
"GO:0034612","response to tumor necrosis factor","53/2326","292/21273",0.181506849315068,1.66001513563175,3.978973242494,0.000146908267855758,0.00388140470781137,0.00319966008282183,"PTK2B/TNFRSF1A/MAPK14/MAPKAPK2/NSMAF/CASP4/GBA1/RFFL/LAPTM5/CXCL16/NFKBIA/ADAM17/ARHGEF2/MAP3K5/ZFP36/MAPK3/MAPK1/FOS/FCAR/CASP8/GBP2/AIM2/SYK/CARD16/FOXO3/SPATA2/NFE2L2/RORA/CASP1/TNFRSF1B/TANK/ULK1/ASAH1/TP53/RIPK1/CARD8/CHUK/TRIM32/GATA3/MAP2K7/NKIRAS1/GPER1/FAS/TUBA1A/BRCA1/ZFP36L1/CD58/CALCA/BIRC3/HSPA1A/ADAM9/NUB1/TNFRSF14",53
"GO:0071222","cellular response to lipopolysaccharide","53/2326","292/21273",0.181506849315068,1.66001513563175,3.978973242494,0.000146908267855758,0.00388140470781137,0.00319966008282183,"MAPK14/TLR5/RARA/TLR2/TRIB1/IRAK3/CD55/HMGB2/PTPN6/LILRA2/NFKBIA/PLCG2/MYD88/ZFP36/MAPK3/HCK/LYN/MAPK1/UPF1/FCAR/GBP2/TLR4/CARD16/MMP9/LITAF/CASP1/TNFRSF1B/CX3CL1/LILRB2/CARD8/NOD2/PTAFR/MALT1/SIRPA/MAP2K7/BCL10/CD6/CHMP5/SBNO2/MTDH/B2M/RHOA/CDK19/HDAC5/TRIM41/PDE4B/IRAK2/ARID5A/CDK4/ADAM9/NFKBIZ/SCIMP/CD274",53
"GO:0000423","mitophagy","24/2326","100/21273",0.24,2.1949785038693,4.19669767213339,0.000154582860140265,0.00406671832061313,0.00335242451073423,"ARHGAP26/GBA1/MFN2/BECN1/ATG9A/GABARAPL1/HK2/MAP1LC3B/EIF2S1/ULK1/MAP1LC3A/ATG7/TP53/ATG13/LRBA/NOD2/HTRA2/OPTN/ABI2/GABARAP/MAP1LC3B2/ATG4B/ATG14/FUNDC1",24
"GO:0031348","negative regulation of defense response","71/2326","423/21273",0.167848699763593,1.53510119951458,3.89486014968633,0.000159848494182463,0.00418213275882119,0.0034475671198449,"STAT3/PRKCD/ARRB2/ALOX5/INPP5D/TNFRSF1A/MAPK14/FGR/ARG1/CRK/GBA1/IRAK3/MEFV/NT5C2/PTPN6/GRB2/EXTL3/ZFP36/HCK/USP15/LYN/MACIR/HLA-E/TRIM21/SYK/ZDHHC18/CEP63/TRIM45/VSIG4/NLRP6/NLRP12/MFHAS1/RORA/FPR2/NLRC3/TNFRSF1B/CX3CL1/PGLYRP1/CR1/NR1D2/NLRX1/NOD2/SPN/LPCAT3/HLA-B/ELF4/TRAFD1/GPR17/SIRPA/RHBDF2/GATA3/ADA/CEACAM1/GPER1/PARP14/ADAR/NMI/CYP19A1/FYN/SMAD3/SOCS3/TNFAIP8L2/CD96/TNFAIP6/SLC39A8/ARNT/PVR/IER3/SAMHD1/NLRC5/IL4",71
"GO:0071364","cellular response to epidermal growth factor stimulus","14/2326","44/21273",0.318181818181818,2.91000938012976,4.44360922408525,0.0001603286762641,0.00418213275882119,0.0034475671198449,"STAT5B/CFLAR/MARS1/ZFP36/FOS/BECN1/IQGAP1/PDPK1/DUSP22/PTPN12/DUSP3/ZFP36L1/FOXC1/EEF1A1",14
"GO:0043368","positive T cell selection","17/2326","60/21273",0.283333333333333,2.59129406706793,4.32477793488756,0.000165855801802804,0.00430235328392478,0.00354667165654413,"STAT3/STAT6/IL6R/CD3G/JAK3/STAT5A/DOCK2/BCL2/CD3D/SPN/BCL11B/THEMIS/BRD4/CD69/SOCS3/CD3E/SLAMF6",17
"GO:0016311","dephosphorylation","38/2326","190/21273",0.2,1.82914875322442,4.02236834218209,0.000166335295902225,0.00430235328392478,0.00354667165654413,"MTMR3/PTPRE/INPP5D/PTPN6/SSH2/URI1/DUSP1/SMG5/PLPPR2/PPM1M/PTPN4/SMG7/PPM1F/MTMR10/MTMR4/DUSP13B/IQGAP1/CTDSP2/PLPP1/PPP3CC/INPP5A/SYNJ1/PLPP3/PTPRJ/PTPN12/EPM2A/DUSP3/CTDP1/PIP4P2/DAPP1/PPP2R2A/INPPL1/ROCK1/PTEN/DUSP12/PTPN7/MTMR2/SSH1",38
"GO:0140895","cell surface toll-like receptor signaling pathway","20/2326","77/21273",0.25974025974026,2.37551786133041,4.23665823107578,0.000171284040713943,0.00441181822023027,0.00363690975680211,"TLR5/TLR2/LILRA2/NFKBIA/MYD88/LYN/APPL2/TLR4/TLR1/MFHAS1/TLR6/PELI1/NOD2/CHUK/TRIM32/NINJ1/PIK3AP1/NMI/IRAK2/SCIMP",20
"GO:0050684","regulation of mRNA processing","30/2326","138/21273",0.217391304347826,1.98820516654828,4.08060283598769,0.000172680563606552,0.00442925645650807,0.00365128507520697,"PRMT5/RBM23/SRPK1/CELF2/RBMY1F/HNRNPK/ACIN1/NUP98/UPF1/KAT8/SF1/JMJD6/RBM47/RBM5/SRSF4/SAFB/SAFB2/RBMX/RBM39/CLNS1A/DHX36/PTCD2/PRPF19/WTAP/ZFP36L1/SRPK2/THRAP3/CDK11B/RBM25/DYRK1A",30
"GO:0032640","tumor necrosis factor production","46/2326","245/21273",0.187755102040816,1.71716005404741,3.95584201766379,0.000175957836483847,0.00447601835287008,0.00368983353496575,"STAT3/ARRB2/MAPKAPK2/FADD/RARA/TLR2/IRAK3/PTPN6/LILRA2/PLCG2/MYD88/ADAM17/ARHGEF2/PSEN1/IFNGR1/TRIM27/ZFP36/FCGR2A/HLA-E/BCL3/TLR4/TLR1/SYK/NLRC3/CX3CL1/GPR18/CD2/TYROBP/RIPK1/NOD2/FRMD8/SPN/PTPRJ/LRRK2/ELF4/PTAFR/SIRPA/LILRA5/AGER/ARFGEF2/C5AR2/FCGR1A/ARID5A/CCR2/SASH3/IL4",46
"GO:0032680","regulation of tumor necrosis factor production","46/2326","245/21273",0.187755102040816,1.71716005404741,3.95584201766379,0.000175957836483847,0.00447601835287008,0.00368983353496575,"STAT3/ARRB2/MAPKAPK2/FADD/RARA/TLR2/IRAK3/PTPN6/LILRA2/PLCG2/MYD88/ADAM17/ARHGEF2/PSEN1/IFNGR1/TRIM27/ZFP36/FCGR2A/HLA-E/BCL3/TLR4/TLR1/SYK/NLRC3/CX3CL1/GPR18/CD2/TYROBP/RIPK1/NOD2/FRMD8/SPN/PTPRJ/LRRK2/ELF4/PTAFR/SIRPA/LILRA5/AGER/ARFGEF2/C5AR2/FCGR1A/ARID5A/CCR2/SASH3/IL4",46
"GO:0007032","endosome organization","25/2326","107/21273",0.233644859813084,2.13685602012199,4.13063431546613,0.000179454701478449,0.00454618577078737,0.00374767648181764,"RAB7A/UBAP1/FHIP1B/IST1/ATP6V0B/CHMP3/ATP6V0A1/TMCC1/CHMP2A/ATP6AP1/VTI1A/HGS/TOM1/CHMP1B/SYNJ1/VPS37B/CHMP5/CORO1C/ARFGEF2/CHMP1A/STX6/RAB5B/VPS37C/TMEM127/CHMP4B",25
"GO:0043124","negative regulation of canonical NF-kappaB signal transduction","22/2326","89/21273",0.247191011235955,2.26074565005265,4.17596920748069,0.000181585320933278,0.0045813083428904,0.00377662999231808,"ARRB2/USP10/NFKBIA/ZMYND11/CASP8/NLRP6/NLRP12/RORA/NLRC3/TANK/TRIM39/TRIM59/RIPK1/NLRX1/CARD8/OPTN/SIRPA/NKIRAS1/CARD19/RHOH/TGFBR3/SLC39A8",22
"GO:0032635","interleukin-6 production","43/2326","225/21273",0.191111111111111,1.74785325308111,3.95130922535068,0.000188053752663686,0.00470593049348639,0.00387936303633561,"STAT3/ARRB2/INPP5D/MAPKAPK2/IL17RA/GBA1/TLR2/MAPK13/IRAK3/AKIRIN2/PTPN6/IL6R/LILRA2/PLCG2/MYD88/ARHGEF2/TLR4/TLR1/SYK/NLRP12/CEBPB/TLR6/NLRC3/TLR8/CX3CL1/TYROBP/LILRB2/NLRX1/NOD2/MBP/HLA-B/ELF4/PTAFR/SIRPA/IL1RAP/BCL10/LILRA5/AGER/C5AR2/IL16/IL1RL2/ARID5A/SCIMP",43
"GO:0032675","regulation of interleukin-6 production","43/2326","225/21273",0.191111111111111,1.74785325308111,3.95130922535068,0.000188053752663686,0.00470593049348639,0.00387936303633561,"STAT3/ARRB2/INPP5D/MAPKAPK2/IL17RA/GBA1/TLR2/MAPK13/IRAK3/AKIRIN2/PTPN6/IL6R/LILRA2/PLCG2/MYD88/ARHGEF2/TLR4/TLR1/SYK/NLRP12/CEBPB/TLR6/NLRC3/TLR8/CX3CL1/TYROBP/LILRB2/NLRX1/NOD2/MBP/HLA-B/ELF4/PTAFR/SIRPA/IL1RAP/BCL10/LILRA5/AGER/C5AR2/IL16/IL1RL2/ARID5A/SCIMP",43
"GO:0043304","regulation of mast cell degranulation","11/2326","30/21273",0.366666666666667,3.35343938091144,4.51954285695558,0.000196702471024779,0.00484078800542714,0.00399053366406146,"GAB2/FGR/LYN/SYK/ADGRE2/IL4R/UNC13D/STXBP2/FES/PDPK1/CD300A",11
"GO:0071478","cellular response to radiation","40/2326","205/21273",0.195121951219512,1.78453536899943,3.95472776565468,0.000197044196127385,0.00484078800542714,0.00399053366406146,"PRKCD/MAPK14/MAPK13/KCNE1/GRB2/NUCKS1/N4BP1/TIMP1/MMP9/MDM2/CREBBP/GADD45A/NPM1/EIF2S1/TANK/TLK2/RHOB/CRY1/TP53/FBXO4/ZBTB1/FIGNL1/CASP9/XPC/RHBDD1/GATA3/SPIDR/NLRP1/CUL4A/DHX36/TRIAP1/BRCA1/KDM1A/ATR/TP53INP1/NSMCE3/WRN/MME/NMT2/MMP1",40
"GO:0002371","dendritic cell cytokine production","8/2326","17/21273",0.470588235294118,4.30387941935158,4.77470636419283,0.000197374559675473,0.00484078800542714,0.00399053366406146,"PLCG2/TLR4/JAK3/DDX1/NOD2/DDX21/DHX36/SCIMP",8
"GO:0002730","regulation of dendritic cell cytokine production","8/2326","17/21273",0.470588235294118,4.30387941935158,4.77470636419283,0.000197374559675473,0.00484078800542714,0.00399053366406146,"PLCG2/TLR4/JAK3/DDX1/NOD2/DDX21/DHX36/SCIMP",8
"GO:0042762","regulation of sulfur metabolic process","8/2326","17/21273",0.470588235294118,4.30387941935158,4.77470636419283,0.000197374559675473,0.00484078800542714,0.00399053366406146,"PDK3/SP1/PXYLP1/NFE2L2/PGK1/BCKDK/TM9SF2/CTNNB1",8
"GO:0032970","regulation of actin filament-based process","71/2326","426/21273",0.166666666666667,1.52429062768702,3.82995702079629,0.000198491523287019,0.0048488643545829,0.00399719145265965,"NEDD9/PREX1/PTK2B/DAAM2/PRKCD/WAS/PPFIA1/PXN/HCLS1/CRK/VASP/ARAP1/SSH2/SVIL/GRB2/AKAP13/S1PR1/TRIM27/HCK/MYBPC3/RAC1/CDC42EP3/PPM1F/TRIOBP/RHOG/ARPC2/WASF2/PEAK3/TENM1/KCNJ2/CX3CL1/FLII/ATP2A1/SLC9A1/SSH3/CDK5R1/PAK1/CNN2/PICK1/AVIL/NCK1/TAOK2/RDX/BST1/FCHSD1/ABI2/ARF1/LIMA1/WHAMM/CYRIB/WDR1/PAK2/ARHGAP18/INPPL1/RHOA/BCAS3/CCL26/ROCK1/DLC1/FHOD1/SMAD3/ARHGEF15/PDE4B/DIXDC1/GMFG/GBA2/MYADM/FER/IQGAP2/SSH1/DLG1",71
"GO:0071453","cellular response to oxygen levels","37/2326","185/21273",0.2,1.82914875322442,3.96861902115351,0.000201222422838651,0.00487687100391627,0.00402027890801962,"CFLAR/PDK3/NPEPPS/FOS/BECN1/ATP6AP1/USP19/CBS/FOXO3/NFE2L2/MDM2/RORA/EPAS1/TMBIM6/ATP6V0D1/SLC9A1/CBL/MAP1LC3A/BCL2/ATG7/TP53/PICK1/EGLN1/ERO1A/MIEF1/VASN/VMA12/PGK1/VMA22/CPEB4/FAS/FAM162A/ZFP36L1/NDRG1/EPHA4/SUV39H2/EEF2K",37
"GO:1990845","adaptive thermogenesis","37/2326","185/21273",0.2,1.82914875322442,3.96861902115351,0.000201222422838651,0.00487687100391627,0.00402027890801962,"TFE3/IL18R1/IP6K1/NRDC/ZNF516/GRB10/STAT6/MFN2/ACSL1/ADAM17/SFXN5/CNOT3/MAP2K6/FLCN/APPL2/TLR4/SYK/LPIN1/DDIT3/IL4R/CEBPB/ZBTB7B/KDM6B/EPAS1/TLE3/BMAL1/PRKAB1/PGAM5/APC/DHRS7B/DIO2/KDM1A/PCTP/SLC25A44/CCR2/SORL1/IL4",37
"GO:0002822","regulation of adaptive immune response based on somatic recombination of immune receptors built from immunoglobulin superfamily domains","55/2326","310/21273",0.17741935483871,1.62263195850553,3.86922805390175,0.000204700633877114,0.00492259106178988,0.0040579685217484,"WAS/IL18R1/ARG1/IL1R1/FADD/STAT6/CD55/HLX/PRKCZ/PTPN6/BCL6/FBXO38/RIPK3/TYK2/SLC11A1/HLA-E/IL4R/JAK3/STAT5A/ZBTB7B/TNFRSF1B/SHLD2/SLC15A4/CR1/CD28/NOD2/HLA-C/DUSP22/SPN/ZBTB1/HLA-B/MALT1/STX7/GATA3/ADA/CEACAM1/PRKCQ/BRD4/CYRIB/AGER/NSD2/B2M/RC3H1/CD69/NFKBID/FCGR1A/ARID5A/PVR/CCR2/SASH3/NFKBIZ/TAP2/MSH2/IL4/CD274",55
"GO:0070663","regulation of leukocyte proliferation","64/2326","375/21273",0.170666666666667,1.5608736027515,3.83943272180295,0.000204708140321346,0.00492259106178988,0.0040579685217484,"RIPOR2/STAT5B/INPP5D/ARG1/FADD/STAT6/CD55/PTPN6/MYD88/BCL6/NFATC2/RIPK3/TYK2/MAPK3/LYN/MAPK1/HLA-E/IRS2/TLR4/VAV3/SOS2/SYK/VSIG4/CBLB/IRF1/CEBPB/ST6GAL1/ZBTB7B/TNFRSF1B/BCL2/TYROBP/PELI1/LILRB2/CR1/CD28/CNN2/MNDA/NCK1/SPN/HHEX/BST1/CD300A/ADA/CD6/PRKCQ/AGER/RC3H1/CSF2RB/BID/CSF1/HHLA2/TMEM131L/CSF2RA/CCR2/SASH3/PRNP/CD3E/CTNNB1/CTLA4/DLG1/IL4/TNFRSF14/CD274/LGALS9C",64
"GO:0070232","regulation of T cell apoptotic process","14/2326","45/21273",0.311111111111111,2.84534250501576,4.34177678776519,0.000209513505110003,0.00501854139088396,0.00413706577159666,"PRKD2/FADD/TSC22D3/RIPK3/BCL3/JAK3/DOCK8/BCL2/KIFAP3/TP53/BCL11B/ADA/PRKCQ/CD274",14
"GO:0036230","granulocyte activation","21/2326","84/21273",0.25,2.28643594153052,4.13915192882286,0.000213008596087574,0.00508248417641515,0.00418977740407261,"PREX1/PRKCD/ITGAM/PTPN6/LILRA2/MYD88/FCAR/SYK/STX4/CD177/TYROBP/STXBP2/SPI1/PTAFR/CD300A/PRAM1/IL18RAP/ANXA3/IL16/CCR2/FCER1G",21
"GO:0042987","amyloid precursor protein catabolic process","22/2326","90/21273",0.244444444444444,2.23562625394096,4.11579219067452,0.00021584678918231,0.00513031982319034,0.00422921101665481,"FLOT2/ADAM17/PSEN1/SP1/IFNGR1/ADAM19/LYN/GGA3/NCSTN/PICALM/RTN3/RTN2/APH1B/AGER/ROCK1/EPHA4/FKBP1A/ABCG1/ADAM9/PRNP/SORL1/DYRK1A",22
"GO:0051099","positive regulation of binding","26/2326","115/21273",0.226086956521739,2.06773337321021,4.02265901669631,0.000236580809532728,0.0056015056287826,0.00461763596258009,"RIPOR2/RALB/FLOT1/RARA/DAZAP2/TXN/TRIM21/PLAUR/MED25/MMP9/TIAM1/SKI/NMD3/LRRK2/GATA3/GTF2B/EIF3E/B2M/RAN/EPHA4/FKBP1A/PARP9/FOXC1/IDE/RAPGEF2/MARK3",26
"GO:0042119","neutrophil activation","19/2326","73/21273",0.26027397260274,2.38039906241534,4.13939570810629,0.000239700709660866,0.00565363053131147,0.00466060544978841,"PREX1/PRKCD/ITGAM/PTPN6/LILRA2/MYD88/FCAR/SYK/CD177/TYROBP/STXBP2/SPI1/PTAFR/CD300A/PRAM1/IL18RAP/ANXA3/IL16/FCER1G",19
"GO:2000234","positive regulation of rRNA processing","6/2326","10/21273",0.6,5.48744625967326,4.97308383866392,0.000241237022914667,0.0056551482206465,0.00466185656641989,"SIRT7/WDR43/WDR75/HEATR1/RIOK1/UTP15",6
"GO:0002433","immune response-regulating cell surface receptor signaling pathway involved in phagocytosis","10/2326","26/21273",0.384615384615385,3.51759375620081,4.50051597557652,0.000243439616385855,0.0056551482206465,0.00466185656641989,"VAV1/PRKCD/FGR/HCK/LYN/APPL2/VAV3/SYK/PAK1/FYN",10
"GO:0038096","Fc-gamma receptor signaling pathway involved in phagocytosis","10/2326","26/21273",0.384615384615385,3.51759375620081,4.50051597557652,0.000243439616385855,0.0056551482206465,0.00466185656641989,"VAV1/PRKCD/FGR/HCK/LYN/APPL2/VAV3/SYK/PAK1/FYN",10
"GO:0070233","negative regulation of T cell apoptotic process","10/2326","26/21273",0.384615384615385,3.51759375620081,4.50051597557652,0.000243439616385855,0.0056551482206465,0.00466185656641989,"FADD/TSC22D3/BCL3/JAK3/DOCK8/BCL2/KIFAP3/BCL11B/ADA/PRKCQ",10
"GO:0006405","RNA export from nucleus","24/2326","103/21273",0.233009708737864,2.13104709113525,4.03160207719327,0.000250165445897174,0.00578954317647746,0.00477264588314316,"AGFG1/THOC5/SMG5/NUP214/NUP98/ZC3H11A/UPF1/SMG7/CHTOP/NUP133/NXT1/AKAP8L/PCID2/NUP88/NCBP3/HHEX/NUP155/RAN/FYTTD1/XPO5/GLE1/NXT2/RBM33/NXF1",24
"GO:0071674","mononuclear cell migration","50/2326","277/21273",0.180505415162455,1.6508562754733,3.8202825866359,0.000255261762052475,0.00588141157721936,0.00484837816999668,"NEDD9/RIPOR2/PTK2B/ALOX5/CRK/FADD/GBA1/PIK3CD/IL6R/CXCL16/ADAM17/DUSP1/STK39/S1PR1/RIPK3/MAPK3/LYN/MAPK1/TNFSF14/C5AR1/STK10/NLRP12/FPR2/DOCK8/CX3CL1/MADCAM1/S100A12/CNN2/SPN/PTPRJ/FLT1/AKIRIN1/SIRPA/JAML/GATA3/NINJ1/CXCR1/AGER/RHOA/CYP19A1/CD69/MSN/OXSR1/CCL26/CALCA/CSF1/SLC12A2/MIA3/CCR2/TNFRSF14",50
"GO:0006469","negative regulation of protein kinase activity","32/2326","154/21273",0.207792207792208,1.90041428906433,3.92920649723255,0.00025703811332991,0.00588141157721936,0.00484837816999668,"PREX1/MACROH2A1/TRIB1/IRAK3/MVP/DUSP1/TRIM27/LYN/IPO5/PPM1F/SLC8A1/PRKCH/GADD45A/NPM1/IPO7/PPIA/PDPK1/TAF7/HHEX/PTPRJ/RGS2/CD300A/CEACAM1/DUSP3/APC/CORO1C/RGS14/PAK2/ADAR/PTEN/NPPA/HEG1",32
"GO:0071356","cellular response to tumor necrosis factor","48/2326","263/21273",0.182509505703422,1.6691851740451,3.82604389586042,0.000257730853178108,0.00588141157721936,0.00484837816999668,"PTK2B/TNFRSF1A/MAPK14/MAPKAPK2/NSMAF/CASP4/GBA1/RFFL/LAPTM5/NFKBIA/ADAM17/ARHGEF2/MAP3K5/ZFP36/MAPK3/MAPK1/FOS/FCAR/CASP8/GBP2/AIM2/SYK/CARD16/FOXO3/SPATA2/NFE2L2/RORA/CASP1/TNFRSF1B/TANK/ULK1/ASAH1/TP53/RIPK1/CARD8/CHUK/TRIM32/GATA3/NKIRAS1/GPER1/FAS/BRCA1/ZFP36L1/CD58/CALCA/BIRC3/HSPA1A/TNFRSF14",48
"GO:0002237","response to molecule of bacterial origin","76/2326","467/21273",0.162740899357602,1.48838656579289,3.73909622821008,0.000257956648123656,0.00588141157721936,0.00484837816999668,"MAPK14/MAPKAPK2/TLR5/RARA/TLR2/TRIB1/IRAK3/CD55/AKIRIN2/HMGB2/PTPN6/LILRA2/NFKBIA/PLCG2/MYD88/OTUD5/ADAM17/ZFP36/MAPK3/HCK/LYN/MAPK1/SLC11A1/FOS/UPF1/C5AR1/FCAR/CASP8/GBP2/TLR4/FOSL2/TLR1/CARD16/MMP9/CEBPB/TLR6/LITAF/CASP1/TNFRSF1B/CX3CL1/PELI1/LILRB2/CARD8/NOD2/TAB2/CASP9/PTAFR/MALT1/SIRPA/MAP2K7/BCL10/CD6/CHMP5/SBNO2/DIO2/CYRIB/MTDH/B2M/CSF2RB/RHOA/CDK19/HDAC5/S100A8/TRIM41/ADH5/PDE4B/IRAK2/ARID5A/CD96/CDK4/ADAM9/NFKBIZ/FER/TAP2/SCIMP/CD274",76
"GO:0001659","temperature homeostasis","40/2326","208/21273",0.192307692307692,1.7587968781004,3.85314418772218,0.000270221388265063,0.00611420668847673,0.00504028426612399,"STAT3/TFE3/IL18R1/IP6K1/NRDC/ZNF516/GRB10/STAT6/MFN2/ACSL1/ADAM17/SFXN5/CNOT3/MAP2K6/FLCN/APPL2/ABAT/TLR4/SYK/LPIN1/DDIT3/IL4R/CEBPB/ZBTB7B/KDM6B/EPAS1/TLE3/BMAL1/PRKAB1/NOD2/PGAM5/APC/DHRS7B/FTO/DIO2/KDM1A/PCTP/SLC25A44/CCR2/IL4",40
"GO:0032733","positive regulation of interleukin-10 production","14/2326","46/21273",0.304347826086957,2.7834872331676,4.24271051667018,0.00027114659291003,0.00611420668847673,0.00504028426612399,"STAT3/TLR2/PRKCZ/PLCG2/BCL3/TLR4/SYK/RBM47/CD28/NOD2/LILRA5/SASH3/IL4/CD274",14
"GO:0070269","pyroptotic inflammatory response","14/2326","46/21273",0.304347826086957,2.7834872331676,4.24271051667018,0.00027114659291003,0.00611420668847673,0.00504028426612399,"CASP4/MEFV/CASP8/TRIM21/GBP2/AIM2/NLRP6/NLRC4/CASP1/CARD8/ZDHHC5/NLRP1/NINJ1/GZMA",14
"GO:0002688","regulation of leukocyte chemotaxis","31/2326","148/21273",0.209459459459459,1.91566254560666,3.91657762756986,0.000274469715780956,0.00615481267324911,0.0050737580619223,"NEDD9/RIPOR2/PTK2B/GPSM3/IL6R/ADAM17/DUSP1/STK39/MAPK3/LYN/MAPK1/TNFSF14/RAC1/C5AR1/FPR2/DAPK2/MCU/GPR18/NOD2/PTPRJ/AKIRIN1/BST1/NINJ1/CYP19A1/OXSR1/CSF1/C5AR2/DPP4/TNFAIP6/CCR2/RIN3",31
"GO:0009251","glucan catabolic process","11/2326","31/21273",0.354838709677419,3.24526391701107,4.38318025906649,0.000274946959899855,0.00615481267324911,0.0050737580619223,"ATG2A/PPP1R3D/WIPI2/GABARAPL1/PPP1R3B/WIPI1/PYGM/PYGL/PGM2/ATG3/WDR45",11
"GO:0051336","regulation of hydrolase activity","63/2326","372/21273",0.169354838709677,1.54887596039165,3.74197547787116,0.000283655912234005,0.00632638289374742,0.00521519303901308,"STAT3/RIPOR2/VAV1/PRKCD/GMIP/SIPA1L1/RALGAPA2/MAP4K4/NRDC/FGD3/CRK/SEMA4D/NDEL1/ARAP1/TIMP2/ABR/URI1/RASGRP1/LYN/VAV3/RHOG/ABCE1/TIMP1/TIAM1/TMBIM6/DOCK8/RRP1B/PLIN5/NCSTN/NPM1/TANK/RALBP1/SERPINB1/TBC1D10B/LARS1/CR1/FGD4/PDPK1/EGLN1/APH1B/RDX/MBP/LRRK2/RGS2/EPM2A/TBC1D2/CORO1C/DOCK10/RCN3/AGER/RHOA/CCL26/ROCK1/EPHA4/TBC1D7/TBC1D30/HSPA1A/RCC2/GZMA/NTRK3/WRN/SORT1/RAPGEF2",63
"GO:0006898","receptor-mediated endocytosis","55/2326","314/21273",0.17515923566879,1.60196148769655,3.76519125953297,0.000285786731379468,0.00632638289374742,0.00521519303901308,"ARHGAP27/NUMB/ARRB2/ANKRD13A/RALB/FLOT1/SNX1/DNM2/ITGAM/GPR107/CXCL16/PLCG2/NECAB2/RAB31/GRB2/HNRNPK/CAP1/RAC1/PCSK9/SYK/UNC119/CBLB/HGS/MDM2/LRPAP1/CBL/PICALM/PDLIM7/RALBP1/TPCN2/NLGN3/DGKD/PICK1/ATAD1/IGF2R/GAS7/CEACAM1/ARF1/CXCR1/LYVE1/GRK2/B2M/SYNE1/ANKRD13D/CLTCL1/CD63/CALCA/DPP4/FCGR1A/CANX/MTMR2/SORL1/RIN3/IL4/FCER1G",55
"GO:0002431","Fc receptor mediated stimulatory signaling pathway","12/2326","36/21273",0.333333333333333,3.04858125537403,4.31019234487529,0.000286808578267286,0.00632638289374742,0.00521519303901308,"VAV1/PRKCD/FGR/HCK/LYN/APPL2/VAV3/SYK/PAK1/PTPRJ/FYN/FCER1G",12
"GO:0031098","stress-activated protein kinase signaling cascade","16/2326","57/21273",0.280701754385965,2.56722632031497,4.15122411866072,0.000287749709267264,0.00632638289374742,0.00521519303901308,"MAPK14/MAPK13/MAP2K6/MAP3K5/MAPK3/MAPK1/TLR4/SEMA4C/NBR1/NOD2/PPIA/TAOK2/CCM2/MAP2K7/FAS/SCIMP",16
"GO:0043303","mast cell degranulation","16/2326","57/21273",0.280701754385965,2.56722632031497,4.15122411866072,0.000287749709267264,0.00632638289374742,0.00521519303901308,"GAB2/FGR/PIK3CD/RASGRP1/MILR1/LYN/SYK/ADGRE2/IL4R/CBL/UNC13D/STXBP2/FES/PDPK1/CD300A/LAT2",16
"GO:0061951","establishment of protein localization to plasma membrane","19/2326","74/21273",0.256756756756757,2.34823150751784,4.07062817641695,0.000289865731041245,0.00632770723507058,0.00521628476800986,"RAB7A/RAB31/RILPL1/GRIPAP1/ATP6AP1/GGA3/KIF13A/ASAP1/OPTN/RDX/RILPL2/CNST/PHAF1/RAB8A/VAMP3/GORASP1/NSG1/SORL1/PREPL",19
"GO:1901184","regulation of ERBB signaling pathway","19/2326","74/21273",0.256756756756757,2.34823150751784,4.07062817641695,0.000289865731041245,0.00632770723507058,0.00521628476800986,"RAB7A/RALB/MVP/ADAM17/PLAUR/MMP9/CBLB/CBL/SHKBP1/SNX5/DGKD/PTPRJ/PTPN12/RHBDF2/CEACAM1/DUSP3/GPER1/NPPA/FER",19
"GO:0042542","response to hydrogen peroxide","24/2326","104/21273",0.230769230769231,2.11055625372048,3.97782662234358,0.000291996807936874,0.00635170441575759,0.00523606699298371,"PTK2B/PRKCD/CRK/STAT6/MAPK13/RIPK3/MAP3K5/TXN/PLEKHA1/BECN1/NFE2L2/MDM2/KDM6B/RHOB/MAP1LC3A/BCL2/RIPK1/ANKZF1/SIRPA/UBE3A/IL18RAP/FYN/PPP1R15B/ADAM9",24
"GO:0042100","B cell proliferation","23/2326","98/21273",0.23469387755102,2.14645006755927,3.98561424471089,0.000298246383825595,0.00646480541841677,0.00532930250712822,"PRKCD/INPP5D/PCYT1A/BCL6/RASGRP1/NFATC2/LYN/IRS2/TLR4/FOSL2/VAV3/BCL2/TYROBP/PELI1/MNDA/BST1/CD300A/ADA/RC3H1/SASH3/NFKBIZ/CTLA4/IL4",23
"GO:0007254","JNK cascade","42/2326","223/21273",0.188340807174888,1.72251676312614,3.80025814816777,0.000306816156438655,0.00662722897907495,0.00546319737835921,"PTK2B/MAPK14/MAP4K4/CRK/TRIB1/MAPK13/MYD88/MAP2K6/MAP3K5/ZMYND11/MAPK3/HACD3/SH3RF3/MAPK1/MAP2K4/TLR4/BECN1/MFHAS1/RASSF2/GADD45A/MAP3K15/PHLPP1/MAP1LC3A/RIPK1/NOD2/LTBR/DUSP22/TAOK2/LRRK2/GADD45B/SH2D3C/SIRPA/MAP2K7/ANKRD6/DUSP3/MAP3K11/AGER/CRACR2A/MDFIC/RNF13/SMAD3/NPPA",42
"GO:0016050","vesicle organization","70/2326","425/21273",0.164705882352941,1.50635779677305,3.69452455331148,0.000311686068857312,0.00670887916043921,0.00553050621259147,"SLC9A8/CSNK1D/STX10/RAB7A/PLEKHM1/DNM2/UBAP1/VPS39/KCNE1/FHIP1B/AGFG1/IST1/ATP6V0B/CHMP3/ATP6V0A1/STX3/IRAG2/TMCC1/VPS8/CHMP2A/VAV3/ATP6AP1/ATP6V1B2/SNX11/KIF13A/VTI1A/HGS/STX4/ATP6V1C1/ZFYVE16/ATP6V0D1/TOM1/KLHL12/BLOC1S5/PICALM/BCL2/CHMP1B/RAB29/RFX2/STX11/VAPA/SYNJ1/GARIN1A/VPS37B/SHROOM2/STX16/STX7/RAB20/CHMP5/CORO1C/SCAP/SYP/ARFGEF2/SRGN/RAB8A/VAMP3/CHMP1A/STX6/AP1G1/ATP6V1E1/RAB5B/RPH3AL/VPS37C/MIA3/SORT1/TMEM127/AP3B2/LYST/CHMP4B/TRAPPC12",70
"GO:0034497","protein localization to phagophore assembly site","8/2326","18/21273",0.444444444444444,4.06477500716538,4.5576721866754,0.000321282466446006,0.00689134098760143,0.00568091975329614,"MFN2/WIPI2/ATG9A/WIPI1/ATG13/LRBA/ATG4B/WDR45",8
"GO:0032496","response to lipopolysaccharide","71/2326","433/21273",0.163972286374134,1.49964851592302,3.68042932522828,0.0003237421845535,0.00691998919483106,0.00570453608089336,"MAPK14/MAPKAPK2/TLR5/RARA/TLR2/TRIB1/IRAK3/CD55/AKIRIN2/HMGB2/PTPN6/LILRA2/NFKBIA/PLCG2/MYD88/OTUD5/ADAM17/ZFP36/MAPK3/HCK/LYN/MAPK1/SLC11A1/FOS/UPF1/FCAR/CASP8/GBP2/TLR4/FOSL2/CARD16/MMP9/CEBPB/LITAF/CASP1/TNFRSF1B/CX3CL1/PELI1/LILRB2/CARD8/NOD2/TAB2/CASP9/PTAFR/MALT1/SIRPA/MAP2K7/BCL10/CD6/CHMP5/SBNO2/DIO2/MTDH/B2M/CSF2RB/RHOA/CDK19/HDAC5/S100A8/TRIM41/ADH5/PDE4B/IRAK2/ARID5A/CD96/CDK4/ADAM9/NFKBIZ/FER/SCIMP/CD274",71
"GO:0008154","actin polymerization or depolymerization","39/2326","203/21273",0.192118226600985,1.75706407329439,3.79740727479409,0.000326685622435266,0.00695874287789445,0.00573648292027105,"PREX1/PTK2B/DAAM2/PRKCD/WAS/HCLS1/VASP/SSH2/SVIL/GRB2/WIPF1/HCK/RAC1/CDC42EP3/TRIOBP/ARPC2/MICAL1/TENM1/ABI1/FLII/SSH3/AVIL/NCK1/RDX/FCHSD1/MSRB1/ABI2/LIMA1/MSRB2/CYRIB/WDR1/ARHGAP18/CAPZB/CCL26/GBA2/MYADM/FER/SSH1/DLG1",39
"GO:0007266","Rho protein signal transduction","32/2326","156/21273",0.205128205128205,1.8760500033071,3.84781226486832,0.000327833858470474,0.00695912149222152,0.00573679503334358,"RAF1/ARHGAP27/RIPOR2/WAS/FLOT1/SEMA4D/ARHGEF11/ARHGEF2/BCL6/CDC42SE1/AKAP13/TAGAP/HACD3/FLCN/ARHGDIB/LPAR2/RAC1/CDC42EP3/RHOG/MYO9B/DOCK8/DOCK6/RHOB/RALBP1/LRRK2/KCTD13/DOCK10/RHOA/ROCK1/DLC1/SYNJ2BP/HEG1",32
"GO:0045860","positive regulation of protein kinase activity","43/2326","231/21273",0.186147186147186,1.7024544672868,3.76113957573769,0.000340347912881905,0.00719993729106875,0.00593531303311146,"NEDD9/PTK2B/PRKCD/PIK3R5/RALB/MAPRE3/ADAM17/RASGRP1/CCND3/RIPK3/MAP3K5/STRADA/CAB39/TLR4/UNC119/COPS8/LCP2/TENM1/RASSF2/TLR6/ABI1/IQGAP1/PAK1/S100A12/PPIA/PDPK1/TAB2/TAOK2/LRRK2/FLT1/FLT3/MAP2K7/LILRA5/MAP3K11/RHOA/DDX3X/EPHA4/CALCA/CACUL1/NTRK3/ADAM9/ETAA1/RAPGEF2",43
"GO:0032006","regulation of TOR signaling","33/2326","163/21273",0.202453987730061,1.85159229620877,3.82402039045717,0.000343110417602344,0.0072335196258905,0.00596299683944087,"USP4/PREX1/RPS6KA1/GBA1/RFFL/OTUD5/PRKACB/MAPK3/UBR2/FLCN/PRKACA/SYK/SEH1L/BMAL1/USP32/AKT3/PELI1/GPAT3/FNIP1/LARS1/TNFAIP8L1/MIOS/EPM2A/KICS2/SIK3/UBE3A/SESN1/SLC38A9/KPTN/TBC1D7/MAPKAPK5/UBE2N/TMEM127",33
"GO:0045022","early endosome to late endosome transport","14/2326","47/21273",0.297872340425532,2.72426410054701,4.1462685262373,0.00034770194246331,0.00728045291770115,0.00600168659010247,"RAB7A/FHIP1B/CHMP3/MAPK3/MAPK1/WDR91/BECN1/DENND10/RDX/LMTK2/MSN/ATG14/MTMR2/PIK3R4",14
"GO:0072539","T-helper 17 cell differentiation","14/2326","47/21273",0.297872340425532,2.72426410054701,4.1462685262373,0.00034770194246331,0.00728045291770115,0.00600168659010247,"STAT3/IL6R/JAK3/STAT5A/RORA/ZBTB7B/MALT1/BRD4/RC3H1/CD69/NFKBID/SOCS3/NFKBIZ/SLAMF6",14
"GO:0042088","T-helper 1 type immune response","16/2326","58/21273",0.275862068965517,2.52296379755092,4.06931068108933,0.000357496603594965,0.00746016641264612,0.00614983452607075,"IL18R1/IL1R1/STAT6/HLX/SLC11A1/BCL3/TLR4/SEMA4A/IL4R/JAK3/STAT4/SPN/CRACR2A/ARID5A/CCR2/NFKBIZ",16
"GO:0050729","positive regulation of inflammatory response","39/2326","204/21273",0.191176470588235,1.74845101411158,3.76352922755924,0.000362077968673399,0.00753024315930219,0.00620760272750519,"GPSM3/STAT5B/TNFRSF1A/IL17RA/CASP4/TLR2/MAPK13/MEFV/NFKBIA/PLCG2/ETS1/HLA-E/GBP2/TLR4/AIM2/ALOX5AP/S100A9/NLRP6/NLRP12/CEBPB/NLRC4/CASP1/CX3CL1/S100A12/RIPK1/CD28/LRRK2/ZDHHC5/MAP3K8/NLRP1/LILRA5/NINJ1/NMI/S100A8/FFAR2/IL16/FCGR1A/CCR2/NFKBIZ",39
"GO:0070229","negative regulation of lymphocyte apoptotic process","13/2326","42/21273",0.30952380952381,2.83082545141874,4.16126286681178,0.000370466466615942,0.00767875948985771,0.006330033087207,"FADD/BCL6/TSC22D3/IRS2/BCL3/JAK3/DOCK8/BCL2/KIFAP3/BCL11B/ADA/BCL10/PRKCQ",13
"GO:0009612","response to mechanical stimulus","45/2326","246/21273",0.182926829268293,1.67300190843697,3.71992326893236,0.000374551031993404,0.0077373696407765,0.00637834872921301,"RAF1/PTK2B/TNFRSF1A/MAPK14/FADD/ITGAM/TLR5/TMEM120A/NFKBIA/MYD88/MAPK3/FOS/MAP2K4/TNFSF14/CASP8/TLR4/SLC8A1/IRF1/CDH2/CASP1/KCNJ2/TLR8/GADD45A/SLC9A1/CHRNA10/CNN2/LTBR/CRADD/SLC1A3/XPC/GCLC/BCL10/PHF24/FAS/TUBA1A/WHRN/ATR/BTG2/FYN/NPPA/CASP2/PTCH1/P2RY1/CTNNB1/MAP3K2",45
"GO:0007035","vacuolar acidification","12/2326","37/21273",0.324324324324324,2.96618716739095,4.19399734100656,0.000382589671750807,0.00787699672006009,0.00649345117940729,"ATP6V0B/ATP6V0A1/SLC11A1/ATP6AP1/ATP6V1B2/LAMP1/ATP6V0D1/TCIRG1/LAMP2/VMA12/VMA22/ATP6V0E1",12
"GO:1990778","protein localization to cell periphery","65/2326","391/21273",0.166240409207161,1.52039218618398,3.63891481981776,0.000387453734573547,0.00795055063344918,0.00655408580483884,"FLOT2/NUMB/RAB7A/PPFIA1/TNFRSF1A/FLOT1/PRKCZ/RAB31/ZDHHC3/RILPL1/STX3/RER1/GRIPAP1/CAMK2G/RHOG/ATP6AP1/GGA3/KIF13A/CDH2/STX4/ATP2C2/PRKCH/PICALM/ASAP1/RAB29/TMEM88/SMURF1/FRMD8/PDPK1/ZFYVE27/OPTN/RDX/SLMAP/ZDHHC7/ZDHHC5/STX7/RHBDF2/EPM2A/PIAS1/SKAP1/RILPL2/GABARAP/GPER1/CNST/PRAM1/TMBIM1/PHAF1/ZDHHC4/FYB1/RAB8A/VAMP3/ROCK1/PPP2R5A/GORASP1/NSG1/PTCH1/P2RY1/PRNP/PACS1/MYO5A/MYADM/SORL1/PREPL/RAPGEF2/DLG1",65
"GO:0042982","amyloid precursor protein metabolic process","26/2326","119/21273",0.218487394957983,1.99822973041323,3.82601370059602,0.000417685624755977,0.00854243423919532,0.00704200873211598,"FLOT2/NECAB2/ADAM17/PSEN1/SP1/IFNGR1/ADAM19/LYN/GGA3/NCSTN/PICALM/RTN3/RTN2/APH1B/AGER/ITM2B/ROCK1/EPHA4/FKBP1A/NSG1/ABCG1/ADAM9/PRNP/SORL1/DLG1/DYRK1A",26
"GO:0051607","defense response to virus","67/2326","407/21273",0.164619164619165,1.50556469859995,3.60822103753141,0.000420257207681912,0.00856656745195314,0.00706190309597245,"FADD/RNF185/TRIM25/IL10RB/TLR2/IFNGR2/IRF2/NT5C2/TMEM120A/MYD88/RNASEL/IFNGR1/RIPK3/CHMP3/ZMYND11/TRIM27/TOMM70/TBKBP1/IRF9/TRIM21/GBP2/ZC3HAV1/BECN1/ITGAX/AIM2/G3BP1/NLRP6/DHX16/IRF1/HCFC2/CASP1/TLR8/SERINC3/TANK/BCL2/ATG7/UNC13D/DDX1/CARD8/NCK1/SPN/ISG20/ZNFX1/NCBP3/MLKL/POLR3C/IFNAR2/TRIM32/NLRP1/TRIM8/DDX21/TRIM11/DHX36/APOBEC3B/ADAR/ATG14/TRIM41/RNF135/PARP9/TRIM35/DNAJC3/UBE2N/TRIM22/SAMHD1/CRCP/NLRC5/LYST",67
"GO:0140056","organelle localization by membrane tethering","20/2326","82/21273",0.24390243902439,2.23066921124929,3.91211241547745,0.000423109623392779,0.00859624700199983,0.00708636961742779,"STX10/RALB/STX3/ESYT1/STX4/EXOC6/EXOC3/STXBP2/ESYT2/TPRG1L/STX11/VAPA/STX16/STX7/VMP1/RAB8A/VAMP3/STX6/ATG14/CEP290",20
"GO:0071482","cellular response to light stimulus","28/2326","132/21273",0.212121212121212,1.94000625341984,3.79571621430902,0.000427094826391454,0.00862031393857636,0.0071062093461025,"PRKCD/MAPK14/MAPK13/KCNE1/N4BP1/TIMP1/MMP9/MDM2/CREBBP/NPM1/EIF2S1/CRY1/TP53/ZBTB1/CASP9/XPC/RHBDD1/NLRP1/CUL4A/DHX36/TRIAP1/KDM1A/ATR/TP53INP1/NSMCE3/MME/NMT2/MMP1",28
"GO:0072676","lymphocyte migration","28/2326","132/21273",0.212121212121212,1.94000625341984,3.79571621430902,0.000427094826391454,0.00862031393857636,0.0071062093461025,"NEDD9/RIPOR2/PTK2B/CRK/FADD/GBA1/PIK3CD/CXCL16/ADAM17/STK39/S1PR1/RIPK3/TNFSF14/STK10/DOCK8/CX3CL1/MADCAM1/SPN/GATA3/RHOA/CD69/MSN/OXSR1/CCL26/SLC12A2/MIA3/CCR2/TNFRSF14",28
"GO:2000786","positive regulation of autophagosome assembly","9/2326","23/21273",0.391304347826087,3.57876929978691,4.33546547298154,0.00042919128938225,0.0086343188805135,0.00711775440698943,"RALB/SH3GLB1/ATG2A/BECN1/WIPI1/PIP4K2C/ULK1/TRIM32/WDR45",9
"GO:0002360","T cell lineage commitment","14/2326","48/21273",0.291666666666667,2.66750859845228,4.05231914180579,0.000442001511842962,0.00886306614627125,0.00730632363653324,"STAT3/STAT6/IL6R/PRKDC/JAK3/STAT5A/BCL2/TP53/SPN/BRD4/RHOA/CD69/SOCS3/SLAMF6",14
"GO:0019058","viral life cycle","60/2326","356/21273",0.168539325842697,1.54141748867226,3.60949438595156,0.000443735627366179,0.00886894974696817,0.00731117381931766,"RAB7A/WWP2/TRIM25/SRPK1/CD55/SELPLG/ITGA5/NUCKS1/RNASEL/STAU1/CHMP3/N4BP1/HACD3/CLDN9/CHMP2A/ATG16L2/TRIM21/ZC3HAV1/LAMP1/ARK2N/ZNF639/WWP1/CBL/BCL2/CHMP1B/LARP1/DYNLT1/TPCN2/CR1/CD28/PPIA/ISG20/VAPA/ZNFX1/CTBP2/VPS37B/ZFYVE1/ANPEP/JPT2/CHMP5/TRIM11/HSP90AB1/APOBEC3B/GRK2/ADAR/SRPK2/PCBP1/DDX3X/CHMP1A/HSPA1A/VPS37C/DPP4/ZBED1/EEF1A1/PVR/NMT2/IDE/CHMP4B/SLC20A2/TNFRSF14",60
"GO:0051650","establishment of vesicle localization","40/2326","213/21273",0.187793427230047,1.71751056640791,3.6874633216283,0.000447368660410186,0.00891262612778351,0.00734717871516779,"CSNK1D/RAB7A/DNM2/PRKCZ/NDEL1/LIMK2/PSEN1/RASGRP1/BICDL2/KIF1B/IRAG2/CHMP2A/RAB17/KIF13A/NDE1/HGS/TANC2/EXOC6/WIPI1/KLHL12/BLOC1S5/TCIRG1/PICALM/KIF3A/KIFAP3/EXOC3/STXBP2/TOR1A/SYNJ1/LRRK2/SHROOM2/STARD3/LIN7A/AP1G1/ARL6/KIF1C/MYO5A/AP3B2/CTNNB1/TRAPPC12",40
"GO:0032271","regulation of protein polymerization","41/2326","220/21273",0.186363636363636,1.70443406550457,3.6798785428247,0.000450100164463504,0.00893811810463655,0.00736819318464704,"PREX1/PTK2B/DAAM2/PRKCD/HAUS4/HCLS1/VASP/MAPRE3/SSH2/SVIL/GRB2/HCK/SLAIN1/RAC1/CDC42EP3/TRIOBP/ARPC2/HAUS2/TENM1/FLII/SSH3/CDK5R1/PAK1/CLIP1/FES/AVIL/NCK1/KIF21A/HAUS1/RDX/FCHSD1/CYRIB/ARHGAP18/CCL26/HSPA1A/GBA2/MYADM/FER/SSH1/DLG1/DYRK1A",41
"GO:1902903","regulation of supramolecular fiber organization","73/2326","453/21273",0.161147902869757,1.47381742809473,3.57156500706177,0.000452156238950027,0.00895007654976323,0.00737805120317508,"PREX1/PTK2B/DAAM2/PRKCD/WAS/PPFIA1/PXN/HAUS4/HCLS1/VASP/MAPRE3/ARAP1/SSH2/SVIL/GRB2/ARHGEF2/PSEN1/AKAP13/S1PR1/TRIM27/HCK/SLAIN1/RAC1/ATXN7/CDC42EP3/PPM1F/TRIOBP/ARPC2/WASF2/HAUS2/TENM1/CX3CL1/FLII/SLC9A1/SSH3/CDK5R1/EFEMP2/PAK1/CLIP1/FES/PICK1/AVIL/NCK1/KIF21A/HAUS1/RDX/FCHSD1/ABI2/APC/ARF1/LIMA1/WHAMM/CYRIB/WDR1/PAK2/MID1IP1/ARHGAP18/INPPL1/RHOA/CCL26/ROCK1/DLC1/FHOD1/SMAD3/HSPA1A/ARHGEF15/GMFG/GBA2/MYADM/FER/SSH1/DLG1/DYRK1A",73
"GO:0033209","tumor necrosis factor-mediated signaling pathway","29/2326","139/21273",0.20863309352518,1.90810481451468,3.76349476761562,0.000455104239471861,0.00897955672496403,0.00740235336873766,"PTK2B/TNFRSF1A/MAPKAPK2/NSMAF/CASP4/RFFL/LAPTM5/NFKBIA/ADAM17/CASP8/AIM2/SYK/CARD16/FOXO3/SPATA2/CASP1/TNFRSF1B/TANK/ULK1/TP53/RIPK1/CARD8/CHUK/TRIM32/NKIRAS1/FAS/BIRC3/HSPA1A/TNFRSF14",29
"GO:0070231","T cell apoptotic process","17/2326","65/21273",0.261538461538462,2.39196375421655,3.93798028392736,0.000470662361552746,0.00925686101507574,0.00763095088295205,"PRKD2/FADD/TSC22D3/RIPK3/BCL3/JAK3/DOCK8/BCL2/KIFAP3/TP53/RIPK1/BCL11B/ADA/BCL10/PRKCQ/FAS/CD274",17
"GO:0032535","regulation of cellular component size","63/2326","379/21273",0.16622691292876,1.52026875267993,3.58076106456188,0.000472986628308342,0.0092729480377903,0.00764421232006208,"PREX1/PTK2B/VAV1/DAAM2/PRKCD/WAS/HCLS1/DNM2/SEMA4D/VASP/SSH2/SVIL/GRB2/IST1/STK39/CHMP3/HCK/RAC1/CDC42EP3/TRIOBP/VAV3/GDI1/ARPC2/BORCS8/KXD1/TENM1/FLII/SSH3/ULK1/PICALM/AKT3/CRABP2/SMURF1/LARS1/WDTC1/AVIL/DIP2B/NCK1/ZFYVE27/RDX/FCHSD1/PEX11B/LIMA1/RAP1GAP2/CLNS1A/CYRIB/WDR1/IFRD1/KDM1A/ARHGAP18/SLC12A9/RHOA/MSN/OXSR1/CCL26/PTEN/SLC12A2/GBA2/MYADM/FER/RIN3/SSH1/DLG1",63
"GO:0045123","cellular extravasation","22/2326","95/21273",0.231578947368421,2.11796171425985,3.8263531590443,0.000486851293650521,0.00951446528162733,0.00784330856036479,"RIPOR2/CRK/IL1R1/FADD/PIK3CD/SELPLG/SELL/RIPK3/CX3CL1/CD177/MADCAM1/SPN/BST1/PTAFR/SIRPA/JAML/AGER/LYVE1/ROCK1/ST3GAL4/CCR2/FER",22
"GO:0070301","cellular response to hydrogen peroxide","18/2326","71/21273",0.253521126760563,2.31863926465067,3.89946972160634,0.000489474746117992,0.00951528974280286,0.00784398821005653,"PRKCD/STAT6/MAPK13/RIPK3/MAP3K5/TXN/PLEKHA1/BECN1/NFE2L2/MDM2/KDM6B/RHOB/MAP1LC3A/RIPK1/ANKZF1/SIRPA/IL18RAP/FYN",18
"GO:0060396","growth hormone receptor signaling pathway","10/2326","28/21273",0.357142857142857,3.26633705932932,4.20449594747477,0.000489984868172272,0.00951528974280286,0.00784398821005653,"STAT3/STAT5B/PXN/STAT6/TYK2/LYN/JAK3/STAT5A/CSF2RA/HNF4A",10
"GO:0098876","vesicle-mediated transport to the plasma membrane","34/2326","173/21273",0.196531791907514,1.79742941068296,3.6898852710418,0.000498229002240671,0.0096312406356869,0.0079395730489119,"RAB7A/ARL4C/RAB35/VPS39/RAB31/STX3/SNX27/GRIPAP1/ATP6AP1/RAB17/DEF6/GGA3/KIF13A/VTI1A/HGS/EXOC6/MTMR4/STXBP5/ASAP1/VPS50/OPTN/LMTK2/STX16/BLTP1/CNST/PHAF1/ARFGEF2/CMTM6/RAB8A/VAMP3/STX6/NSG1/SORL1/PREPL",34
"GO:0032506","cytokinetic process","15/2326","54/21273",0.277777777777778,2.54048437947836,3.97128003313859,0.000499084756787544,0.0096312406356869,0.0079395730489119,"MTMR3/ANXA11/IST1/CHMP3/CHMP2A/MTMR4/IQGAP1/CHMP1B/CHMP5/ARF1/RHOA/KLHDC8B/CHMP1A/IQGAP2/CHMP4B",15
"GO:0006406","mRNA export from nucleus","20/2326","83/21273",0.240963855421687,2.20379367858364,3.85003268106244,0.000500971634155504,0.00963744181206651,0.00794468502718318,"AGFG1/THOC5/SMG5/NUP214/ZC3H11A/UPF1/SMG7/CHTOP/NUP133/NXT1/AKAP8L/PCID2/NUP88/NCBP3/HHEX/NUP155/FYTTD1/GLE1/NXT2/NXF1",20
"GO:0031398","positive regulation of protein ubiquitination","25/2326","114/21273",0.219298245614035,2.00564556274607,3.77214681835943,0.000503627550317927,0.00965835264721856,0.00796192300404239,"LAPTM5/CHFR/SENP2/CBLB/PTTG1IP/NDFIP2/WBP1L/PHF23/CRY1/PELI1/FBXO4/NOD2/LRRK2/MALT1/BCL10/UBE3A/GABARAP/KDM1A/NMI/DDX3X/TBC1D7/BIRC3/NSMCE3/PTEN/UBE2N",25
"GO:0034101","erythrocyte homeostasis","35/2326","180/21273",0.194444444444444,1.77833906563485,3.67430069308906,0.000510683824052165,0.00971363208237907,0.00800749294982208,"STAT3/STAT5B/INPP5D/MAPK14/HCLS1/HMGB2/BCL6/MAEA/ZFP36/ACIN1/LYN/ETS1/G6PD/RCOR1/PRKDC/ACVR1B/SFXN1/FOXO3/JMJD6/MFHAS1/EPAS1/HSPA9/PKNOX1/SPI1/UBA5/GATA3/CHMP5/CDK6/ADAR/B2M/ZFP36L1/HSPA1A/TGFBR3/ARNT/SH2B3",35
"GO:0000272","polysaccharide catabolic process","11/2326","33/21273",0.333333333333333,3.04858125537403,4.12640354707396,0.000511243793809425,0.00971363208237907,0.00800749294982208,"ATG2A/PPP1R3D/WIPI2/GABARAPL1/PPP1R3B/WIPI1/PYGM/PYGL/PGM2/ATG3/WDR45",11
"GO:0006622","protein targeting to lysosome","11/2326","33/21273",0.333333333333333,3.04858125537403,4.12640354707396,0.000511243793809425,0.00971363208237907,0.00800749294982208,"RAB7A/LAPTM5/BECN1/GGA3/HGS/ZFYVE16/LAMP2/ATG14/SORT1/SORL1/PIK3R4",11
"GO:0097212","lysosomal membrane organization","7/2326","15/21273",0.466666666666667,4.26801375752365,4.43615890239865,0.000537380510148184,0.0101475902468473,0.00836522905852242,"LAPTM5/CHMP3/CHMP2A/CHMP1B/CHMP5/CHMP1A/CHMP4B",7
"GO:2000232","regulation of rRNA processing","7/2326","15/21273",0.466666666666667,4.26801375752365,4.43615890239865,0.000537380510148184,0.0101475902468473,0.00836522905852242,"SIRT7/NUDT16/WDR43/WDR75/HEATR1/RIOK1/UTP15",7
"GO:0002448","mast cell mediated immunity","16/2326","60/21273",0.266666666666667,2.43886500429923,3.91051016317876,0.000541502697984908,0.0101656251572725,0.00838009624896733,"GAB2/FGR/PIK3CD/RASGRP1/MILR1/LYN/SYK/ADGRE2/IL4R/CBL/UNC13D/STXBP2/FES/PDPK1/CD300A/LAT2",16
"GO:0045580","regulation of T cell differentiation","43/2326","236/21273",0.182203389830508,1.66638551670869,3.60685295539252,0.000543289583616416,0.0101656251572725,0.00838009624896733,"STAT5B/RARA/HLX/PRKCZ/SMARCD3/BCL6/RASGRP1/SOS2/SYK/FOXO3/IRF1/IL4R/JAK3/STAT5A/ZBTB7B/CD2/LILRB2/DROSHA/CR1/CD28/ACTL6A/ZBTB1/MALT1/VNN1/GATA3/ADA/BRD4/PHF10/PRDM1/ACTL6B/RC3H1/RHOA/CD69/RHOH/NFKBID/IL1RL2/TMEM131L/CCR2/SASH3/NFKBIZ/CTLA4/ZBTB16/IL4",43
"GO:0051648","vesicle localization","43/2326","236/21273",0.182203389830508,1.66638551670869,3.60685295539252,0.000543289583616416,0.0101656251572725,0.00838009624896733,"CSNK1D/RAB7A/DNM2/PRKCZ/NDEL1/LIMK2/PSEN1/RASGRP1/BICDL2/KIF1B/IRAG2/CHMP2A/RAB17/KIF13A/NDE1/HGS/TANC2/CDH2/EXOC6/WIPI1/KLHL12/BLOC1S5/TCIRG1/PICALM/KIF3A/KIFAP3/EXOC3/STXBP2/SYN2/TOR1A/SYNJ1/LRRK2/SHROOM2/STARD3/LIN7A/AP1G1/PTEN/ARL6/KIF1C/MYO5A/AP3B2/CTNNB1/TRAPPC12",43
"GO:0032755","positive regulation of interleukin-6 production","28/2326","134/21273",0.208955223880597,1.91105093620462,3.70673576447624,0.000550831722825256,0.0102755154112493,0.00847068496248982,"STAT3/IL17RA/TLR2/MAPK13/AKIRIN2/IL6R/LILRA2/PLCG2/MYD88/ARHGEF2/TLR4/TLR1/SYK/TLR6/TLR8/TYROBP/LILRB2/NOD2/MBP/PTAFR/IL1RAP/BCL10/LILRA5/AGER/IL16/IL1RL2/ARID5A/SCIMP",28
"GO:0006356","regulation of transcription by RNA polymerase I","14/2326","49/21273",0.285714285714286,2.61306964746346,3.96073996587071,0.0005572394889892,0.0103324285970407,0.00851760170075122,"DEDD/MACROH2A1/MARS1/SIRT7/NOL11/WDR43/BAZ2A/WDR75/SF3B1/CREBBP/HEATR1/PWP1/DDX21/UTP15",14
"GO:0034121","regulation of toll-like receptor signaling pathway","14/2326","49/21273",0.285714285714286,2.61306964746346,3.96073996587071,0.0005572394889892,0.0103324285970407,0.00851760170075122,"ARRB2/IRAK3/GDI1/S100A9/NLRP6/IRF1/MFHAS1/LRCH4/PDPK1/CD300A/OTUD4/TASL/S100A8/BIRC3",14
"GO:0008064","regulation of actin polymerization or depolymerization","31/2326","154/21273",0.201298701298701,1.84102634253107,3.67005078612287,0.000565178478930034,0.0104481643131931,0.0086130091573311,"PREX1/PTK2B/DAAM2/PRKCD/WAS/HCLS1/VASP/SSH2/SVIL/GRB2/HCK/CDC42EP3/TRIOBP/ARPC2/TENM1/FLII/SSH3/AVIL/NCK1/RDX/FCHSD1/LIMA1/CYRIB/WDR1/ARHGAP18/CCL26/GBA2/MYADM/FER/SSH1/DLG1",31
"GO:0030888","regulation of B cell proliferation","18/2326","72/21273",0.25,2.28643594153052,3.83102538991962,0.00058686966890638,0.0108166756939751,0.0089167938033333,"INPP5D/BCL6/NFATC2/LYN/IRS2/TLR4/VAV3/BCL2/TYROBP/PELI1/MNDA/BST1/CD300A/ADA/RC3H1/SASH3/CTLA4/IL4",18
"GO:0002260","lymphocyte homeostasis","20/2326","84/21273",0.238095238095238,2.17755803955288,3.78883353097028,0.000590960083551731,0.0108595530577446,0.00895214002451812,"STAT5B/FADD/TSC22D3/RIPK3/LYN/TNFSF14/AIM2/SOS2/JAK3/TCIRG1/BCL2/SLC40A1/ADA/BCL10/SH2B2/DOCK10/FAS/RC3H1/SASH3/PACS1",20
"GO:0016241","regulation of macroautophagy","40/2326","216/21273",0.185185185185185,1.69365625298557,3.59014279309043,0.000597685779023639,0.0109504573085402,0.00902707750837394,"RALB/GBA1/SH3GLB1/ATG2A/ATP6V0B/MAPK3/ATP6V0A1/RNF31/PRKACA/BECN1/ATP6V1B2/HK2/ATP6V1C1/WIPI1/ATP6V0D1/TOM1/CDK5R1/PIP4K2C/ULK1/PHF23/LARP1/TP53/CALCOCO2/SNX5/NOD2/HTRA2/OPTN/LRRK2/EPM2A/TRIM32/QSOX1/SESN1/ATP6V0E1/CSNK2A1/ATG14/ATP6V1E1/SPTLC1/WDR45/IL4/PIK3R4",40
"GO:0062098","regulation of programmed necrotic cell death","13/2326","44/21273",0.295454545454545,2.70215156726335,3.96003102590456,0.000611753117063771,0.011174932310518,0.00921212487073072,"CFLAR/FADD/ARHGEF2/RIPK3/RNF31/CASP8/RBCK1/SPATA2/PELI1/ASAH1/TP53/RIPK1/BIRC3",13
"GO:0071622","regulation of granulocyte chemotaxis","15/2326","55/21273",0.272727272727273,2.49429375439694,3.88779980165944,0.000617730842037937,0.0112013040372109,0.00923386456745555,"RIPOR2/MAPK3/MAPK1/RAC1/C5AR1/DAPK2/MCU/NOD2/PTPRJ/AKIRIN1/BST1/CSF1/C5AR2/DPP4/TNFAIP6",15
"GO:0045621","positive regulation of lymphocyte differentiation","34/2326","175/21273",0.194285714285714,1.77688736027515,3.6157236158224,0.000618247339452639,0.0112013040372109,0.00923386456745555,"STAT5B/INPP5D/RARA/HLX/PRKCZ/SMARCD3/BCL6/RASGRP1/PRKDC/SYK/FOXO3/IL4R/ZBTB7B/LILRB2/PCID2/CR1/ACTL6A/SPI1/ZBTB1/MALT1/VNN1/GATA3/ADA/BRD4/PHF10/ACTL6B/RHOA/RHOH/NFKBID/IL1RL2/SASH3/NFKBIZ/ZBTB16/IL4",34
"GO:0061952","midbody abscission","9/2326","24/21273",0.375,3.42965391229579,4.17272321544187,0.000620475093679159,0.0112013040372109,0.00923386456745555,"MTMR3/IST1/CHMP3/CHMP2A/MTMR4/CHMP1B/CHMP5/CHMP1A/CHMP4B",9
"GO:1902774","late endosome to lysosome transport","9/2326","24/21273",0.375,3.42965391229579,4.17272321544187,0.000620475093679159,0.0112013040372109,0.00923386456745555,"PLEKHM1/VPS39/CHMP3/CHMP2A/CHMP1B/LRRK2/CHMP5/CHMP1A/CHMP4B",9
"GO:0030833","regulation of actin filament polymerization","28/2326","135/21273",0.207407407407407,1.89689500334384,3.66281793298343,0.000623746420310483,0.0112274355655887,0.00925540625520726,"PREX1/PTK2B/DAAM2/PRKCD/HCLS1/VASP/SSH2/SVIL/GRB2/HCK/CDC42EP3/TRIOBP/ARPC2/TENM1/FLII/SSH3/AVIL/NCK1/RDX/FCHSD1/CYRIB/ARHGAP18/CCL26/GBA2/MYADM/FER/SSH1/DLG1",28
"GO:0032944","regulation of mononuclear cell proliferation","58/2326","346/21273",0.167630057803468,1.53310155617076,3.5029448695799,0.000627587631320447,0.0112636427358853,0.00928525386096632,"RIPOR2/STAT5B/INPP5D/ARG1/FADD/CD55/PTPN6/MYD88/BCL6/NFATC2/RIPK3/TYK2/LYN/HLA-E/IRS2/TLR4/VAV3/SOS2/SYK/VSIG4/CBLB/IRF1/CEBPB/ST6GAL1/ZBTB7B/TNFRSF1B/BCL2/TYROBP/PELI1/LILRB2/CR1/CD28/CNN2/MNDA/NCK1/SPN/BST1/CD300A/ADA/CD6/PRKCQ/AGER/RC3H1/BID/CSF1/HHLA2/TMEM131L/CCR2/SASH3/PRNP/CD3E/CTNNB1/CTLA4/DLG1/IL4/TNFRSF14/CD274/LGALS9C",58
"GO:0031929","TOR signaling","36/2326","189/21273",0.19047619047619,1.7420464316423,3.59024651326936,0.000640143543904344,0.0114555920240556,0.0094434884490907,"USP4/PREX1/RPS6KA1/GBA1/RFFL/OTUD5/PRKACB/MAPK3/UBR2/FLCN/PRKACA/SYK/SEH1L/BMAL1/USP32/AKT3/LARP1/PELI1/GPAT3/FNIP1/LARS1/TNFAIP8L1/MIOS/EPM2A/KICS2/GATA3/SIK3/UBE3A/SESN1/SLC38A9/RHEBL1/KPTN/TBC1D7/MAPKAPK5/UBE2N/TMEM127",36
"GO:0038095","Fc-epsilon receptor signaling pathway","10/2326","29/21273",0.344827586206897,3.15370474693865,4.06635984086878,0.000675156033826513,0.0120123137116648,0.00990242543071986,"VAV1/PLCG2/LYN/MAP2K4/VAV3/SYK/MAP2K7/PRKCQ/FER/FCER1G",10
"GO:0071378","cellular response to growth hormone stimulus","10/2326","29/21273",0.344827586206897,3.15370474693865,4.06635984086878,0.000675156033826513,0.0120123137116648,0.00990242543071986,"STAT3/STAT5B/PXN/STAT6/TYK2/LYN/JAK3/STAT5A/CSF2RA/HNF4A",10
"GO:0005977","glycogen metabolic process","21/2326","91/21273",0.230769230769231,2.11055625372048,3.71977409957284,0.000679727203431786,0.0120587915398446,0.00994073971710796,"GRB10/DYRK2/ATG2A/PHKA2/STK40/IRS2/PPP1R3D/WIPI2/GABARAPL1/PPP1R3B/WIPI1/PYGM/GYG1/PYGL/EPM2A/PGM2/ATG3/GNMT/ACADM/GCGR/WDR45",21
"GO:0036258","multivesicular body assembly","11/2326","34/21273",0.323529411764706,2.95891710080421,4.00522827471146,0.00068175824381827,0.0120600682440956,0.00994179217618839,"UBAP1/IST1/CHMP3/CHMP2A/HGS/CHMP1B/VPS37B/CHMP5/CHMP1A/VPS37C/CHMP4B",11
"GO:2000401","regulation of lymphocyte migration","20/2326","85/21273",0.235294117647059,2.15193970967579,3.72849032138236,0.000694596701067868,0.0122519693174034,0.0100999870180914,"NEDD9/RIPOR2/PTK2B/CRK/FADD/ADAM17/STK39/RIPK3/TNFSF14/STK10/DOCK8/MADCAM1/SPN/RHOA/CD69/MSN/OXSR1/MIA3/CCR2/TNFRSF14",20
"GO:0071709","membrane assembly","18/2326","73/21273",0.246575342465753,2.25511490123559,3.76370672569438,0.000700488601023096,0.0123205937939948,0.0101565580316762,"NSFL1C/PACSIN2/FLOT1/CHMP3/CHMP2A/UBXN2B/CDH2/STX4/IQGAP1/CHMP1B/RFTN1/LRCH4/NLGN3/CHMP5/UBE2I/CHMP1A/PTEN/CHMP4B",18
"GO:0032984","protein-containing complex disassembly","49/2326","282/21273",0.173758865248227,1.58915405865242,3.48960004233439,0.00071426710197632,0.0125271460962001,0.0103268307051367,"GBA1/IRAK3/SMARCD3/SVIL/ARHGEF2/NFE2/ASPH/IST1/CHMP3/UPF1/CHMP2A/ATXN7/TRIM21/TRIOBP/BECN1/ABCE1/GABARAPL1/MICAL1/MAP1LC3B/FLII/TOM1/PHF23/MAP1LC3A/CHMP1B/CALCOCO2/LAMP2/AVIL/MTRFR/KIF21A/SYNJ1/RDX/SSRP1/APC/CHMP5/GABARAP/LIMA1/VMP1/WDR1/MID1IP1/MAP1LC3B2/CHMP1A/ATG14/KLC1/GRWD1/OGFOD1/MTRF1L/CHMP4B/PIK3R4/EEF2K",49
"GO:0000302","response to reactive oxygen species","39/2326","211/21273",0.184834123222749,1.6904455302311,3.53150345666843,0.000721198784396913,0.0126127832862142,0.0103974262547175,"CAMKK2/PTK2B/PRKCD/PXN/CRK/STAT6/MAPK13/RIPK3/MAP3K5/TXN/FOS/MAP2K4/PLEKHA1/BECN1/SLC8A1/FOXO3/NFE2L2/MDM2/KDM6B/NME8/RHOB/MAP1LC3A/BCL2/FANCC/RIPK1/PLK3/CYGB/RLIG1/LRRK2/ANKZF1/SIRPA/UBE3A/SESN1/IL18RAP/TET1/FYN/PPP1R15B/ADAM9/FER",39
"GO:1903039","positive regulation of leukocyte cell-cell adhesion","70/2326","438/21273",0.159817351598174,1.46164854709714,3.42050764743077,0.000738115762023605,0.012872069776253,0.0106111706835122,"FLOT2/VAV1/STAT5B/ALOX5/FADD/RARA/CD55/HLX/PRKCZ/PTPN6/SMARCD3/BCL6/FBXO38/RASGRP1/TYK2/LYN/ETS1/TNFSF14/HLA-E/SYK/FOXO3/ICOS/IL4R/ZBTB7B/DOCK8/LILRB2/CR1/LCK/CD28/NOD2/PDPK1/NCK1/SPN/ACTL6A/ZBTB1/PTAFR/MALT1/SIRPA/MAP3K8/VNN1/GATA3/ADA/BCL10/CD6/SKAP1/PRKCQ/BRD4/PHF10/CYRIB/SIRPB1/AGER/ACTL6B/B2M/CD44/RHOA/FYN/RHOH/HHLA2/NFKBID/IL1RL2/ST3GAL4/DPP4/CCR2/SASH3/NFKBIZ/CD3E/ZBTB16/IL4/TNFRSF14/CD274",70
"GO:0008630","intrinsic apoptotic signaling pathway in response to DNA damage","27/2326","130/21273",0.207692307692308,1.89950062834844,3.60436390673694,0.000755561850983293,0.013102080999023,0.0108007818638709,"TNFRSF1A/MCL1/DYRK2/URI1/HNRNPK/PRKDC/BCL3/CDKN2D/TNFRSF1B/BCL2/BCL2A1/TP53/NACC2/HTRA2/CASP9/SHISA5/TRIM32/TOPORS/TRIAP1/BRCA1/KDM1A/CD44/POLB/BID/CASP2/IER3/MSH2",27
"GO:0045639","positive regulation of myeloid cell differentiation","27/2326","130/21273",0.207692307692308,1.89950062834844,3.60436390673694,0.000755561850983293,0.013102080999023,0.0108007818638709,"NEDD9/STAT3/STAT5B/INPP5D/MAPK14/HCLS1/FADD/TRIB1/HMGB2/ACIN1/ETS1/FOS/JAG1/RCOR1/PRKDC/CASP8/ACVR1B/FOXO3/TYROBP/RIPK1/FES/NOTCH2/ZFP36L1/CALCA/CSF1/HSPA1A/ARNT",27
"GO:0050866","negative regulation of cell activation","50/2326","290/21273",0.172413793103448,1.57685237346933,3.4655221764602,0.000759017881160225,0.0131250395405122,0.0108197078801699,"RIPOR2/PRKCD/INPP5D/FGR/ARG1/SAMSN1/HLX/LAPTM5/PTPN6/BCL6/MILR1/LYN/HLA-E/VSIG4/PAG1/CBLB/IRF1/IL4R/JAK3/CEBPB/STAT5A/ZBTB7B/CX3CL1/PGLYRP1/TYROBP/PELI1/LILRB2/CR1/MNDA/DUSP22/SPN/CYGB/GCLC/CD300A/CEACAM1/DUSP3/GPER1/RC3H1/CD69/LAX1/TNFAIP8L2/TMEM131L/PRNP/SH2B3/FER/CTLA4/DLG1/TNFRSF14/CD274/LGALS9C",50
"GO:0006282","regulation of DNA repair","44/2326","247/21273",0.178137651821862,1.62920131866143,3.48496612140849,0.000768989417472819,0.0132552866060818,0.0109270778577888,"WAS/UIMC1/SMARCD3/DPF2/SIRT7/KMT5A/PRKDC/ATXN7/CREBBP/BRD8/SHLD2/TADA2B/SUPT20H/PELI1/MEAF6/PPP4C/ATXN7L3/RNF169/FAM168A/ACTL6A/FIGNL1/TAF7/YEATS4/POT1/SMCHD1/SPIDR/TAF12/SUPT3H/CUL4A/PHF10/BRCA1/ACTL6B/NSD2/KDM1A/ATR/RUVBL1/CSNK2A1/SF3B3/TADA1/UBE2N/TAF10/IER3/RMI2/TAF4",44
"GO:0032509","endosome transport via multivesicular body sorting pathway","13/2326","45/21273",0.288888888888889,2.64210375465749,3.86359060483088,0.00077516295941999,0.0132552866060818,0.0109270778577888,"UBAP1/CHMP3/CHMP2A/HGS/DENND10/CHMP1B/VPS37B/CHMP5/CHMP1A/VPS37C/SORT1/LYST/CHMP4B",13
"GO:0032633","interleukin-4 production","13/2326","45/21273",0.288888888888889,2.64210375465749,3.86359060483088,0.00077516295941999,0.0132552866060818,0.0109270778577888,"RARA/PRKCZ/HLA-E/SYK/DDIT3/CEBPB/CD28/IL1RAP/GATA3/PRKCQ/SASH3/CD3E/FCER1G",13
"GO:0032673","regulation of interleukin-4 production","13/2326","45/21273",0.288888888888889,2.64210375465749,3.86359060483088,0.00077516295941999,0.0132552866060818,0.0109270778577888,"RARA/PRKCZ/HLA-E/SYK/DDIT3/CEBPB/CD28/IL1RAP/GATA3/PRKCQ/SASH3/CD3E/FCER1G",13
"GO:0030832","regulation of actin filament length","31/2326","157/21273",0.197452229299363,1.80584749522156,3.55087717006487,0.000793479862387375,0.0135309197586058,0.0111542977593513,"PREX1/PTK2B/DAAM2/PRKCD/WAS/HCLS1/VASP/SSH2/SVIL/GRB2/HCK/CDC42EP3/TRIOBP/ARPC2/TENM1/FLII/SSH3/AVIL/NCK1/RDX/FCHSD1/LIMA1/CYRIB/WDR1/ARHGAP18/CCL26/GBA2/MYADM/FER/SSH1/DLG1",31
"GO:0022604","regulation of cell morphogenesis","47/2326","269/21273",0.174721189591078,1.59795523051204,3.4580605558054,0.000802251202777027,0.0136427027742966,0.0112464467827509,"MARK2/PTK2B/FMNL1/FGR/FGD3/CRK/SEMA4D/PARVG/ARAP1/PLXNC1/CDC42SE1/ZMYM4/HCK/SPRY3/RAC1/PRKDC/CDC42EP3/SEMA4A/AGO4/RHOG/NTNG2/PEAK3/TIAM1/SMURF1/FGD4/FES/SH3KBP1/TAOK2/RDX/SPAG9/CORO1C/DHX36/WDR1/LARP4/CD44/ARHGAP18/CAPZB/MSN/EPHA4/FYN/DBN1/P2RY1/LIMD1/MYO9A/DLG1/FMNL3/EEF2K",47
"GO:0072666","establishment of protein localization to vacuole","17/2326","68/21273",0.25,2.28643594153052,3.7227362910168,0.000824493018557158,0.0139823113560272,0.011526405226806,"RAB7A/UBAP1/LAPTM5/MON1B/VPS8/BECN1/GGA3/HGS/ZFYVE16/SMURF1/LAMP2/VPS37B/ATG14/VPS37C/SORT1/SORL1/PIK3R4",17
"GO:0043112","receptor metabolic process","19/2326","80/21273",0.2375,2.172114144454,3.68008179039433,0.000827957937374497,0.0140024974243885,0.0115430457376589,"SH3GLB1/ECE1/MYLIP/LAPTM5/ARAP1/PSEN1/PCSK9/BECN1/RAB29/SMURF1/OPTN/LMTK2/CHMP5/ARFGEF2/VAMP3/NSG1/MTMR2/SORL1/PIK3R4",19
"GO:0050730","regulation of peptidyl-tyrosine phosphorylation","33/2326","171/21273",0.192982456140351,1.76496809521655,3.51899263516589,0.000832210015518305,0.0140358489192621,0.0115705392496431,"NEDD9/PRKCD/HCLS1/SEMA4D/SAMSN1/PRKCZ/MVP/PTPN6/IL6R/PLCG2/ADAM17/ITGA5/ARHGEF2/SYK/UNC119/ABI1/TP53/NOD2/PLPP3/PTPRJ/BST1/TGFA/FLT3/LILRA5/CADM4/PAK2/PARP14/ARL2BP/EPHA4/FYN/PARP9/PRNP/CD3E",33
"GO:0030100","regulation of endocytosis","58/2326","350/21273",0.165714285714286,1.5155803955288,3.40766763742163,0.000836871176658516,0.0140758988074039,0.0116035546237294,"NUMB/ARRB2/ANKRD13A/PACSIN2/FLOT1/FGR/TLR2/DYSF/PLCG2/NECAB2/RAB31/HNRNPK/HCK/SLC11A1/APPL2/RAC1/FCGR2A/PCSK9/SYK/UNC119/CBLB/MDM2/LRPAP1/FPR2/ZFYVE16/DOCK2/CBL/CD177/PICALM/PPP3CC/CNN2/NOD2/DGKD/PICK1/ATAD1/TOR1A/PTPRJ/LRRK2/SIRPA/CD300A/ARF1/PIP4P2/CFP/SIRPB1/B2M/SYNE1/ANKRD13D/ROCK1/CD63/ATG3/RAB5B/FCGR1A/SYNJ2BP/MTMR2/RIN3/IL4/FCER1G/EEF2K",58
"GO:0007044","cell-substrate junction assembly","23/2326","105/21273",0.219047619047619,2.00335339638865,3.61116598553868,0.000841993330094385,0.0141031965658346,0.01162605770047,"PTK2B/MAP4K4/ITGA5/ACTN1/RAC1/PPM1F/SLC9A1/BCL2/ITGB4/DUSP22/TAOK2/TESK2/PTPRJ/DUSP3/CORO1C/WHAMM/RHOA/ROCK1/DLC1/SMAD3/RCC2/PTEN/TLN1",23
"GO:0002363","alpha-beta T cell lineage commitment","12/2326","40/21273",0.3,2.74372312983663,3.86759182807729,0.000845367045612892,0.0141031965658346,0.01162605770047,"STAT3/STAT6/IL6R/JAK3/STAT5A/BCL2/SPN/BRD4/RHOA/CD69/SOCS3/SLAMF6",12
"GO:0045324","late endosome to vacuole transport","12/2326","40/21273",0.3,2.74372312983663,3.86759182807729,0.000845367045612892,0.0141031965658346,0.01162605770047,"UBAP1/CHMP3/CHMP2A/BECN1/HGS/CHMP1B/VPS37B/CHMP5/CHMP1A/VPS37C/CHMP4B/PIK3R4",12
"GO:0030330","DNA damage response, signal transduction by p53 class mediator","14/2326","51/21273",0.274509803921569,2.51059632795509,3.78424414278682,0.000865301443860848,0.0143857873045423,0.0118590131314248,"USP10/KMT5A/BCL3/FOXO3/PTTG1IP/MDM2/TP53/TRIAP1/KDM1A/CD44/ATR/NDRG1/SMYD2/DYRK1A",14
"GO:0002732","positive regulation of dendritic cell cytokine production","6/2326","12/21273",0.5,4.57287188306105,4.3376550553793,0.00087399032681917,0.0143857873045423,0.0118590131314248,"PLCG2/DDX1/NOD2/DDX21/DHX36/SCIMP",6
"GO:0036295","cellular response to increased oxygen levels","6/2326","12/21273",0.5,4.57287188306105,4.3376550553793,0.00087399032681917,0.0143857873045423,0.0118590131314248,"ATP6AP1/ATP6V0D1/ATG7/VMA12/VMA22/FAS",6
"GO:0051469","vesicle fusion with vacuole","6/2326","12/21273",0.5,4.57287188306105,4.3376550553793,0.00087399032681917,0.0143857873045423,0.0118590131314248,"CHMP3/CHMP2A/CHMP1B/CHMP5/CHMP1A/CHMP4B",6
"GO:0061763","multivesicular body-lysosome fusion","6/2326","12/21273",0.5,4.57287188306105,4.3376550553793,0.00087399032681917,0.0143857873045423,0.0118590131314248,"CHMP3/CHMP2A/CHMP1B/CHMP5/CHMP1A/CHMP4B",6
"GO:0035751","regulation of lysosomal lumen pH","11/2326","35/21273",0.314285714285714,2.8743766122098,3.8884172436741,0.000896990688391327,0.014685836908875,0.012106360886715,"ATP6V0B/ATP6V0A1/ATP6AP1/LAMP1/TCIRG1/LAMP2/LRRK2/VMA12/TMEM165/VMA22/TASL",11
"GO:0036257","multivesicular body organization","11/2326","35/21273",0.314285714285714,2.8743766122098,3.8884172436741,0.000896990688391327,0.014685836908875,0.012106360886715,"UBAP1/IST1/CHMP3/CHMP2A/HGS/CHMP1B/VPS37B/CHMP5/CHMP1A/VPS37C/CHMP4B",11
"GO:0033674","positive regulation of kinase activity","44/2326","249/21273",0.176706827309237,1.61611536429467,3.42643761067391,0.000912285334008952,0.0148791287634415,0.0122657022277883,"NEDD9/PTK2B/PRKCD/PIK3R5/RALB/MAPRE3/ADAM17/RASGRP1/CCND3/RIPK3/MAP3K5/STRADA/CAB39/TLR4/UNC119/COPS8/LCP2/TENM1/RASSF2/TLR6/ABI1/IQGAP1/PAK1/S100A12/PPIA/PDPK1/TAB2/TAOK2/LRRK2/FLT1/FLT3/MAP2K7/LILRA5/MAP3K11/RHOA/DDX3X/EPHA4/CALCA/CACUL1/NTRK3/ADAM9/ETAA1/RAD50/RAPGEF2",44
"GO:0150115","cell-substrate junction organization","24/2326","112/21273",0.214285714285714,1.95980223559759,3.56830086062443,0.000913630713544654,0.0148791287634415,0.0122657022277883,"PTK2B/IQSEC1/MAP4K4/ITGA5/ACTN1/RAC1/PPM1F/SLC9A1/BCL2/ITGB4/DUSP22/TAOK2/TESK2/PTPRJ/DUSP3/CORO1C/WHAMM/RHOA/ROCK1/DLC1/SMAD3/RCC2/PTEN/TLN1",24
"GO:0007259","cell surface receptor signaling pathway via JAK-STAT","29/2326","145/21273",0.2,1.82914875322442,3.51015301626138,0.000931363090463512,0.0151278923084258,0.012470772001457,"STAT3/PTK2B/STAT5B/TNFRSF1A/STAT6/IL10RB/TYK2/BCL3/ELP2/HGS/JAK3/STAT4/STAT5A/GADD45A/IFNAR2/FLT3/PIAS1/PARP14/ARL2BP/NMI/CSF2RB/OCIAD2/PARP9/SOCS3/CSF2RA/CCR2/SH2B3/FER/IL4",29
"GO:0046634","regulation of alpha-beta T cell activation","35/2326","186/21273",0.188172043010753,1.72097328932405,3.46024650076775,0.000946381076533264,0.0153313734398389,0.0126385129361963,"RARA/CD55/HLX/PRKCZ/BCL6/TYK2/HLA-E/SYK/CBLB/IRF1/IL4R/JAK3/STAT5A/ZBTB7B/CD28/MALT1/CD300A/GATA3/ADA/PRKCQ/BRD4/AGER/PRDM1/RC3H1/RHOA/CD69/NFKBID/CCR2/SASH3/NFKBIZ/CD3E/ZBTB16/TNFRSF14/CD274/LGALS9C",35
"GO:0032757","positive regulation of interleukin-8 production","20/2326","87/21273",0.229885057471264,2.10246983129244,3.61027801011221,0.00094960013716715,0.0153431455233621,0.0126482173263789,"STAT3/PRKD2/FADD/TLR5/TLR2/LILRA2/MYD88/TLR4/TLR1/SYK/DDIT3/TLR8/CD2/RIPK1/NOD2/BCL10/CD58/CALCA/HSPA1A/FFAR2",20
"GO:0017157","regulation of exocytosis","37/2326","200/21273",0.185,1.69196259673259,3.44487306478395,0.000955613587425008,0.0153998880737915,0.0126949934003196,"RAB7A/GAB2/FGR/ITGAM/P2RX1/LYN/PRKCB/CHMP2A/SYK/MICAL1/LAMP1/ADGRE2/IL4R/HGS/GNAI2/STX4/STXBP5/CD177/UNC13D/STXBP2/TPCN2/FES/PDPK1/RAB3D/SPI1/LRRK2/PTAFR/CD300A/CEACAM1/RAB37/PRAM1/FBXL20/AP1G1/RPH3AL/P2RY1/CCR2/PREPL",37
"GO:0016239","positive regulation of macroautophagy","23/2326","106/21273",0.216981132075472,1.98445383604536,3.56006086602813,0.000965998815778939,0.0155266023758098,0.0127994511223588,"RALB/GBA1/SH3GLB1/ATG2A/MAPK3/RNF31/BECN1/HK2/WIPI1/TOM1/PIP4K2C/ULK1/LARP1/CALCOCO2/NOD2/OPTN/EPM2A/TRIM32/SESN1/CSNK2A1/SPTLC1/WDR45/IL4",23
"GO:0008333","endosome to lysosome transport","18/2326","75/21273",0.24,2.1949785038693,3.63230300950719,0.000985169253884349,0.0157934946013335,0.0130194653864486,"RAB7A/VPS39/MGRN1/DENND3/FHIP1B/CHMP3/SNX27/CHMP2A/KIF13A/RHOB/CHMP1B/TPCN2/CHMP5/CHMP1A/ATG14/SORT1/LYST/CHMP4B",18
"GO:0000281","mitotic cytokinesis","22/2326","100/21273",0.22,2.01206362854686,3.55431086017094,0.00101640064731577,0.0162518503503269,0.0133973137955142,"MTMR3/RAB35/IST1/CHMP3/CHMP2A/UNC119/EXOC6/MTMR4/IQGAP1/RHOB/CHMP1B/EXOC3/TTC19/APC/CHMP5/ARF1/RHOA/KLHDC8B/CHMP1A/ROCK1/IQGAP2/CHMP4B",22
"GO:0071675","regulation of mononuclear cell migration","34/2326","180/21273",0.188888888888889,1.72752937804529,3.43444369686632,0.00103615895086025,0.0165248562214915,0.013622367881367,"NEDD9/RIPOR2/PTK2B/CRK/FADD/ADAM17/DUSP1/STK39/RIPK3/MAPK3/LYN/MAPK1/TNFSF14/C5AR1/STK10/FPR2/DOCK8/CX3CL1/MADCAM1/CNN2/SPN/PTPRJ/AKIRIN1/NINJ1/AGER/RHOA/CYP19A1/CD69/MSN/OXSR1/CSF1/MIA3/CCR2/TNFRSF14",34
"GO:0051348","negative regulation of transferase activity","35/2326","187/21273",0.18716577540107,1.71177022360574,3.4253291275529,0.00104432924903448,0.0166121210776648,0.0136943052076574,"PREX1/MACROH2A1/TRIB1/IRAK3/MVP/DUSP1/TRIM27/ZFP36/LYN/IPO5/IRS2/PPM1F/SLC8A1/PRKCH/GADD45A/NPM1/IPO7/PPIA/PDPK1/TAF7/HHEX/PTPRJ/RGS2/MIDN/CD300A/CEACAM1/DUSP3/APC/CORO1C/RGS14/PAK2/ADAR/PTEN/NPPA/HEG1",35
"GO:0006970","response to osmotic stress","21/2326","94/21273",0.223404255319149,2.04319807541026,3.55154047603013,0.00106329017056453,0.0167836263846032,0.0138356866728518,"PTK2B/MAPK13/ARHGEF2/TSC22D3/STK39/USP15/CAB39/CASP1/TP53/PLK3/PDPK1/MAP2K7/NINJ1/AKR1B1/ZFP36L1/DDX3X/OXSR1/RCSD1/ATP1A1/SLC12A2/MICU1",21
"GO:0044042","glucan metabolic process","21/2326","94/21273",0.223404255319149,2.04319807541026,3.55154047603013,0.00106329017056453,0.0167836263846032,0.0138356866728518,"GRB10/DYRK2/ATG2A/PHKA2/STK40/IRS2/PPP1R3D/WIPI2/GABARAPL1/PPP1R3B/WIPI1/PYGM/GYG1/PYGL/EPM2A/PGM2/ATG3/GNMT/ACADM/GCGR/WDR45",21
"GO:0048041","focal adhesion assembly","21/2326","94/21273",0.223404255319149,2.04319807541026,3.55154047603013,0.00106329017056453,0.0167836263846032,0.0138356866728518,"PTK2B/MAP4K4/ACTN1/RAC1/PPM1F/SLC9A1/BCL2/DUSP22/TAOK2/TESK2/PTPRJ/DUSP3/CORO1C/WHAMM/RHOA/ROCK1/DLC1/SMAD3/RCC2/PTEN/TLN1",21
"GO:0032495","response to muramyl dipeptide","8/2326","21/21273",0.380952380952381,3.48409286328461,3.99039934639183,0.00110604317987823,0.0173693923860469,0.0143185665150186,"MAPK14/NFKBIA/ARHGEF2/JAG1/NOD2/NLRP1/CHMP5/TRIM41",8
"GO:0045623","negative regulation of T-helper cell differentiation","8/2326","21/21273",0.380952380952381,3.48409286328461,3.99039934639183,0.00110604317987823,0.0173693923860469,0.0143185665150186,"HLX/BCL6/IL4R/JAK3/STAT5A/ZBTB7B/RC3H1/CD69",8
"GO:0005976","polysaccharide metabolic process","25/2326","120/21273",0.208333333333333,1.90536328460877,3.48470731166242,0.00110976373894259,0.0173834747504595,0.0143301753996042,"CSGALNACT2/GRB10/DYRK2/ATG2A/PHKA2/STK40/IRS2/PPP1R3D/WIPI2/GABARAPL1/PPP1R3B/WIPI1/PYGM/GYG1/PYGL/EPM2A/NDST1/EXT2/CHSY1/PGM2/ATG3/GNMT/ACADM/GCGR/WDR45",25
"GO:0046633","alpha-beta T cell proliferation","16/2326","64/21273",0.25,2.28643594153052,3.61124410573439,0.00115983908574563,0.0180267295188527,0.0148604464639357,"CD55/TYK2/HLA-E/SYK/CBLB/IRF1/ZBTB7B/DOCK2/CD28/ELF4/PRKCQ/CCR2/CD3E/TNFRSF14/CD274/LGALS9C",16
"GO:0071901","negative regulation of protein serine/threonine kinase activity","18/2326","76/21273",0.236842105263158,2.16609720776576,3.56815031422242,0.00116112132747585,0.0180267295188527,0.0148604464639357,"MACROH2A1/IRAK3/DUSP1/LYN/IPO5/SLC8A1/PRKCH/GADD45A/IPO7/HHEX/PTPRJ/RGS2/CD300A/APC/RGS14/PTEN/NPPA/HEG1",18
"GO:0002828","regulation of type 2 immune response","11/2326","36/21273",0.305555555555556,2.7945328174262,3.77567723613953,0.0011654708168459,0.0180267295188527,0.0148604464639357,"ARG1/STAT6/RARA/HLX/PRKCZ/BCL6/IL4R/NOD2/GATA3/CCR2/IL4",11
"GO:0050869","negative regulation of B cell activation","11/2326","36/21273",0.305555555555556,2.7945328174262,3.77567723613953,0.0011654708168459,0.0180267295188527,0.0148604464639357,"INPP5D/SAMSN1/LAPTM5/BCL6/LYN/TYROBP/CR1/MNDA/CD300A/RC3H1/CTLA4",11
"GO:0070498","interleukin-1-mediated signaling pathway","11/2326","36/21273",0.305555555555556,2.7945328174262,3.77567723613953,0.0011654708168459,0.0180267295188527,0.0148604464639357,"IL1R1/IL1R2/IRAK3/NFKBIA/MYD88/MAPK3/IL1RAP/OTUD4/TOLLIP/IL1RL2/IRAK2",11
"GO:0007004","telomere maintenance via telomerase","17/2326","70/21273",0.242857142857143,2.22110920034394,3.58544988448317,0.00116965594924726,0.0180293779279442,0.0148626296964226,"SMG5/TP53/FBXO4/CCT6A/HNRNPC/RFC1/CCT2/NOP10/POT1/CCT3/HSP90AB1/ATR/NAT10/NAF1/RAD50/CCT4/CTNNB1",17
"GO:0007160","cell-matrix adhesion","48/2326","281/21273",0.170818505338078,1.56226228033402,3.32432894109037,0.0011714995404772,0.0180293779279442,0.0148626296964226,"PTK2B/PPFIA1/MAP4K4/ITGAM/PARVG/PRKCZ/ITGA5/BCL6/ACTN1/PLAU/JAG1/RAC1/PPM1F/ITGAX/TIAM1/CX3CL1/SLC9A1/MADCAM1/EFEMP2/BCL2/ITGB4/DUSP22/THBS3/TIMM10B/TAOK2/TESK2/PTPRJ/BST1/DUSP3/SKAP1/CORO1C/CDK6/WHAMM/LYVE1/CD44/RHOA/ROCK1/CD63/DLC1/CSF1/SMAD3/RCC2/PTEN/CD96/ADAM9/CD3E/CTNNB1/TLN1",48
"GO:0035994","response to muscle stretch","9/2326","26/21273",0.346153846153846,3.16583438058073,3.87170178121421,0.00121105971924787,0.0185917297548376,0.0153262079183462,"RAF1/MAPK14/NFKBIA/FOS/SLC8A1/CDH2/SLC9A1/NPPA/CTNNB1",9
"GO:0042176","regulation of protein catabolic process","69/2326","439/21273",0.157175398633257,1.43748592223787,3.2452548117837,0.00125727791833577,0.0192331217044142,0.0158549433564141,"CSNK1D/RAB7A/DEDD/NRDC/RNF185/GBA1/TRIB1/IRAK3/MYLIP/TIMP2/PSEN1/CHFR/PSME3IP1/N4BP1/SH3RF3/WDR91/PRKACA/PCSK9/USP19/OAZ2/GGA3/TIMP1/CBLB/HGS/NFE2L2/MDM2/TNFRSF1B/TLK2/BANP/DET1/TRIM39/ATG7/TIMP4/PHF20L1/AZIN1/PLK3/PSMD14/USP14/HMGCR/RDX/LRRK2/GCLC/EPM2A/COP1/DCAF1/RHBDD1/TRIM32/FBXL5/APC/PIAS1/GABARAP/CUL4A/PSME3/HSP90AB1/MSN/FBXL20/ROCK1/CSNK2A1/FYN/SMAD3/HSPA1A/SF3B3/EEF1A1/IER3/ADAM9/IDE/SORL1/CBFA2T3/NUB1",69
"GO:0032609","type II interferon production","34/2326","182/21273",0.186813186813187,1.70854553872611,3.36351730045044,0.00126258089169942,0.0192331217044142,0.0158549433564141,"IL18R1/IL1R1/FADD/RARA/LAPTM5/RIPK3/TYK2/TRIM27/SLC11A1/BCL3/TLR4/NLRP6/DDIT3/TLR8/CD2/PGLYRP1/CR1/NOD2/BTN3A1/SIRPA/UBA5/GATA3/UFSP2/CYRIB/PDE4B/ARID5A/CD96/CCR2/SASH3/PRNP/CD3E/SLAMF6/CD274/LGALS9C",34
"GO:0032649","regulation of type II interferon production","34/2326","182/21273",0.186813186813187,1.70854553872611,3.36351730045044,0.00126258089169942,0.0192331217044142,0.0158549433564141,"IL18R1/IL1R1/FADD/RARA/LAPTM5/RIPK3/TYK2/TRIM27/SLC11A1/BCL3/TLR4/NLRP6/DDIT3/TLR8/CD2/PGLYRP1/CR1/NOD2/BTN3A1/SIRPA/UBA5/GATA3/UFSP2/CYRIB/PDE4B/ARID5A/CD96/CCR2/SASH3/PRNP/CD3E/SLAMF6/CD274/LGALS9C",34
"GO:0001952","regulation of cell-matrix adhesion","28/2326","141/21273",0.198581560283688,1.81617606703134,3.4069197258276,0.00126533695423778,0.0192331217044142,0.0158549433564141,"PTK2B/MAP4K4/PRKCZ/BCL6/PLAU/JAG1/RAC1/PPM1F/CX3CL1/SLC9A1/EFEMP2/BCL2/DUSP22/PTPRJ/BST1/DUSP3/SKAP1/CORO1C/CDK6/RHOA/ROCK1/DLC1/CSF1/SMAD3/RCC2/PTEN/CD3E/TLN1",28
"GO:0002091","negative regulation of receptor internalization","7/2326","17/21273",0.411764705882353,3.76589449193263,3.9972203452596,0.0013331168909883,0.0202134669480885,0.0166630970481062,"ANKRD13A/NECAB2/PCSK9/LRPAP1/ANKRD13D/MTMR2/RIN3",7
"GO:0030865","cortical cytoskeleton organization","15/2326","59/21273",0.254237288135593,2.32518909308189,3.57134138251987,0.00136087131515269,0.0205545100502242,0.0169442380479688,"PTK2B/PPFIA1/FMNL1/LCP1/RAC1/RHOG/IQGAP1/KIF21A/WDR1/ROCK1/FHOD1/IQGAP2/DLG1/TLN1/FMNL3",15
"GO:0002705","positive regulation of leukocyte mediated immunity","48/2326","283/21273",0.169611307420495,1.55122155750481,3.27078488526832,0.00136562615505876,0.0205545100502242,0.0169442380479688,"VAV1/STAT5B/IL18R1/RASGRP4/ARG1/IL1R1/FADD/ITGAM/STAT6/CD55/PRKCZ/PLCG2/FBXO38/RASGRP1/SH2D1A/HLA-E/LAMP1/STX4/SHLD2/CD177/TYROBP/DDX1/CD28/NOD2/HLA-C/SPI1/ZBTB1/HLA-B/PTAFR/MALT1/STX7/GATA3/DDX21/DHX36/CYRIB/IL18RAP/NSD2/B2M/AP1G1/FCGR1A/ARID5A/PVR/SASH3/TAP2/SLAMF6/SCIMP/MSH2/IL4",48
"GO:0099003","vesicle-mediated transport in synapse","48/2326","283/21273",0.169611307420495,1.55122155750481,3.27078488526832,0.00136562615505876,0.0205545100502242,0.0169442380479688,"GIT2/NUMB/RAB7A/DNM2/OSBPL2/PSEN1/P2RX1/ATP6V0A1/PRKCB/GRIPAP1/ATP6AP1/ATP6V1B2/CBLB/CDH2/MDM2/ATP6V1C1/ATP6V0D1/CDK5R1/STXBP5/PICALM/STXBP2/AMPH/PPP3CC/NLGN3/TPRG1L/STX11/ATAD1/SYN2/TOR1A/DNAJC5/SYNJ1/LRRK2/BLTP1/SYP/SYNE1/RAB8A/FBXL20/ROCK1/AP1G1/ATP6V1E1/NSG1/RPH3AL/PTEN/P2RY1/CANX/PREPL/AP3B2/CTNNB1",48
"GO:0006611","protein export from nucleus","17/2326","71/21273",0.23943661971831,2.18982597217008,3.5185440604085,0.00138378706875092,0.0207770565737333,0.0171276956571198,"XPO6/FRAT1/SIRT7/TXN/NUP214/STRADA/PRKACA/FRAT2/RBM22/MDM2/NXT1/HSPA9/SMURF1/CSE1L/ADAR/RAN/XPO5",17
"GO:2001236","regulation of extrinsic apoptotic signaling pathway","36/2326","197/21273",0.182741116751269,1.67130342934211,3.31662731911136,0.00139139288049567,0.0208404247501979,0.0171799336070422,"RAF1/CFLAR/ITPRIP/MCL1/FADD/RFFL/HMGB2/DEDD2/ARHGEF2/ZMYND11/TNFSF14/TLR4/RBCK1/STX4/TLR6/CX3CL1/BCL2/RNF34/RIPK1/LTBR/HTRA2/PEA15/GCLC/TNFRSF12A/BCL10/GPER1/PAK2/PSME3/TMBIM1/BRCA1/DDX3X/BID/HSPA1A/ACSL5/PPP2R1B/FAIM",36
"GO:0043405","regulation of MAP kinase activity","25/2326","122/21273",0.204918032786885,1.87412782092666,3.39256514057432,0.00141907029834526,0.0212033901859549,0.0174791464188107,"PIK3R5/TRIB1/IRAK3/DUSP1/RASGRP1/MAP3K5/LYN/TLR4/TENM1/HGS/TLR6/PAK1/S100A12/PTPRJ/LRRK2/FLT1/RGS2/CD300A/FLT3/MAP2K7/RGS14/MAP3K11/NTRK3/NPPA/ADAM9",25
"GO:0002753","cytoplasmic pattern recognition receptor signaling pathway","42/2326","240/21273",0.175,1.60050515907137,3.27801202664425,0.00142810931961889,0.021286782013496,0.0175478909898882,"FLOT1/TRIM25/MEFV/NFKBIA/PLCG2/MYD88/ZDHHC3/MAP2K6/UFD1/USP15/IPO5/PRKDC/GBP2/TLR4/ZC3HAV1/BECN1/ZDHHC18/NLRP6/HCFC2/TLR6/NLRC3/TLR8/SLC15A4/RNF34/SEC14L1/PELI1/RFTN1/SLC15A3/NLRX1/CARD8/LAMP2/NOD2/ZDHHC5/NLRP1/TRIM11/PIK3AP1/TASL/DDX3X/BIRC3/RNF135/HSPA1A/SCIMP",42
"GO:0045862","positive regulation of proteolysis","45/2326","262/21273",0.17175572519084,1.5708338529599,3.25743527341494,0.00146260346922621,0.0215895333723915,0.017797465953336,"STAT3/PTK2B/CSNK1D/NRDC/FADD/RNF185/GBA1/TRIB1/LAPTM5/PSEN1/CHFR/ASPH/IST1/SH3RF3/LYN/CASP8/NFE2L2/NLRC4/MDM2/TNFRSF1B/NCSTN/TANK/DET1/SMURF1/CR1/PLK3/APH1B/MBP/LRRK2/GCLC/COP1/RHBDD1/TRIM32/PIAS1/GABARAP/RCN3/AGER/EPHA4/HSPA1A/AGTPBP1/PTEN/F12/ADAM9/CBFA2T3/NUB1",45
"GO:0031396","regulation of protein ubiquitination","40/2326","226/21273",0.176991150442478,1.61871571081807,3.2763406701666,0.00147090285250896,0.0215895333723915,0.017797465953336,"USP4/ARRB2/LAPTM5/CHFR/SIRT7/N4BP1/SENP2/CEP63/CBLB/PTTG1IP/NDFIP2/WBP1L/PHF23/IVNS1ABP/CRY1/PELI1/FBXO4/NOD2/PPIA/BEX2/LRRK2/GCLC/MALT1/EPM2A/BCL10/UBE3A/GABARAP/GTPBP4/HSP90AB1/KDM1A/NMI/DDX3X/FYN/TBC1D7/BIRC3/NSMCE3/HSPA1A/PTEN/UBE2N/CTNNB1",40
"GO:0031503","protein-containing complex localization","40/2326","226/21273",0.176991150442478,1.61871571081807,3.2763406701666,0.00147090285250896,0.0215895333723915,0.017797465953336,"NUMB/RAB7A/RALB/KLHL21/PRKCZ/AKIRIN2/NDC1/ZDHHC3/STX3/TNFAIP2/GRIPAP1/LMNB1/DLG3/SDAD1/CBLB/IFT56/SEH1L/MDM2/NPM1/KIFAP3/TYROBP/EXOC3/NUP88/NMD3/ATAD1/NACC2/RPGR/MIOS/STX7/GABARAP/SYNE1/ATR/RAB8A/RAN/NPTN/IFT74/RCC2/NSG1/DBN1/DLG1",40
"GO:0002328","pro-B cell differentiation","6/2326","13/21273",0.461538461538462,4.22111250744097,4.07037788490208,0.00147336915785102,0.0215895333723915,0.017797465953336,"FLCN/PRKDC/SOS2/NUDT21/FNIP1/FLT3",6
"GO:0035771","interleukin-4-mediated signaling pathway","6/2326","13/21273",0.461538461538462,4.22111250744097,4.07037788490208,0.00147336915785102,0.0215895333723915,0.017797465953336,"STAT6/IL4R/JAK3/STAT5A/PARP14/IL4",6
"GO:0097576","vacuole fusion","6/2326","13/21273",0.461538461538462,4.22111250744097,4.07037788490208,0.00147336915785102,0.0215895333723915,0.017797465953336,"CHMP3/CHMP2A/CHMP1B/CHMP5/CHMP1A/CHMP4B",6
"GO:1905456","regulation of lymphoid progenitor cell differentiation","6/2326","13/21273",0.461538461538462,4.22111250744097,4.07037788490208,0.00147336915785102,0.0215895333723915,0.017797465953336,"FLCN/SOS2/NUDT21/FNIP1/PCID2/ZBTB1",6
"GO:0008360","regulation of cell shape","30/2326","156/21273",0.192307692307692,1.7587968781004,3.3328096833247,0.00147998425652197,0.0215895333723915,0.017797465953336,"MARK2/PTK2B/FMNL1/FGR/FGD3/CRK/SEMA4D/PARVG/ARAP1/PLXNC1/CDC42SE1/HCK/RAC1/CDC42EP3/SEMA4A/RHOG/PEAK3/FGD4/FES/SH3KBP1/TAOK2/RDX/WDR1/ARHGAP18/MSN/FYN/P2RY1/LIMD1/DLG1/FMNL3",30
"GO:0033157","regulation of intracellular protein transport","30/2326","156/21273",0.192307692307692,1.7587968781004,3.3328096833247,0.00147998425652197,0.0215895333723915,0.017797465953336,"PRKCD/FRAT1/MAPK14/OS9/HCLS1/NDEL1/PSEN1/ASPH/SIRT7/TXN/LCP1/IPO5/PRKACA/FRAT2/EDEM2/GRIPAP1/OAZ2/RBM22/TENM1/MDM2/RAB29/PLK3/NUP58/EPM2A/NUP54/MDFIC/RAN/SMAD3/CEP290/SORL1",30
"GO:0019076","viral release from host cell","11/2326","37/21273",0.297297297297297,2.7190049034417,3.66674247181587,0.00149668976284767,0.0217302409907789,0.017913459152653,"RAB7A/TRIM25/CHMP3/CHMP2A/CHMP1B/PPIA/VAPA/VPS37B/CHMP5/CHMP1A/CHMP4B",11
"GO:0035891","exit from host cell","11/2326","37/21273",0.297297297297297,2.7190049034417,3.66674247181587,0.00149668976284767,0.0217302409907789,0.017913459152653,"RAB7A/TRIM25/CHMP3/CHMP2A/CHMP1B/PPIA/VAPA/VPS37B/CHMP5/CHMP1A/CHMP4B",11
"GO:0051345","positive regulation of hydrolase activity","38/2326","212/21273",0.179245283018868,1.6393314297766,3.2778817420813,0.0015042776961637,0.0217890199943147,0.0179619139893627,"STAT3/PRKCD/SIPA1L1/RALGAPA2/MAP4K4/SEMA4D/NDEL1/ARAP1/ABR/RASGRP1/LYN/RHOG/TIAM1/DOCK8/PLIN5/NCSTN/TANK/RALBP1/LARS1/CR1/PDPK1/APH1B/MBP/TBC1D2/CORO1C/DOCK10/RCN3/AGER/RHOA/CCL26/ROCK1/EPHA4/TBC1D7/TBC1D30/HSPA1A/NTRK3/WRN/RAPGEF2",38
"GO:0033044","regulation of chromosome organization","47/2326","277/21273",0.169675090252708,1.5518048989449,3.23888810187261,0.00150974062135735,0.0218168151762344,0.0179848271202466,"MACROH2A1/TACC3/SMARCD3/DUSP1/CHFR/DPF2/SMG5/MAPK3/PPP1R10/MAPK1/H3-3B/UPF1/BECN1/CDC23/HECW2/TP53/PCID2/FBXO4/CCT6A/BUB3/HNRNPC/ACTL6A/CCT2/POT1/CCT3/DYNC1LI1/MAP2K7/APC/PRKCQ/PHF10/DHX36/ACTL6B/ZW10/MCPH1/ATR/NAT10/RUVBL1/NSMCE3/NSMCE4A/NAF1/MAPKAPK5/RAD50/RMI2/CCT4/CTNNB1/TRAPPC12/GNL3",47
"GO:0006364","rRNA processing","43/2326","248/21273",0.173387096774194,1.58575395944859,3.25096175880823,0.00152267153335537,0.0219521451038306,0.0180963871867528,"RNASEL/RPL7L1/SIRT7/NOLC1/CHD7/MPHOSPH10/PRKDC/NOL11/NUDT16/WDR43/WDR75/BMS1/RRP1B/NOP58/SBDS/TSR1/DROSHA/RPL14/ISG20/RRP15/HEATR1/NOP10/DDX18/RPUSD4/RIOK1/METTL15/UTP25/BRIX1/PWP1/MAK16/DDX21/GTPBP4/UTP15/NAT10/UTP14A/NAF1/DCAF13/RPF2/WDR3/WDR12/WDR36/KRR1/DDX47",43
"GO:0043087","regulation of GTPase activity","34/2326","184/21273",0.184782608695652,1.68997439156604,3.29346217562974,0.00153095744066465,0.0220200327213355,0.0181523507659722,"RIPOR2/VAV1/GMIP/SIPA1L1/RALGAPA2/MAP4K4/FGD3/CRK/SEMA4D/NDEL1/ARAP1/ABR/RASGRP1/VAV3/RHOG/TIAM1/DOCK8/RRP1B/RALBP1/TBC1D10B/LARS1/FGD4/RDX/LRRK2/TBC1D2/CORO1C/DOCK10/CCL26/EPHA4/TBC1D7/TBC1D30/RCC2/NTRK3/RAPGEF2",34
"GO:0051054","positive regulation of DNA metabolic process","54/2326","329/21273",0.164133738601824,1.50112511662794,3.20961613444191,0.00154181429456415,0.0220875376208133,0.0182079988492085,"PTK2B/PRKCD/WAS/BAZ1A/PRKD2/STAT6/UIMC1/SMARCD3/DPF2/MAPK3/PPP1R10/MAPK1/MAP2K4/PRKDC/LPIN1/CREBBP/BRD8/SHLD2/PELI1/MEAF6/FBXO4/CD28/CCT6A/FAM168A/ACTL6A/YEATS4/CCT2/POT1/KCTD13/CCT3/MAP2K7/SMCHD1/SPIDR/PRKCQ/PHF10/DHX36/WEE1/BRCA1/ACTL6B/NSD2/ATR/RUVBL1/WRN/ANXA3/NAF1/MAPKAPK5/UBE2N/RAD50/RFC2/CCT4/CTNNB1/MSH2/IL4/GNL3",54
"GO:0010833","telomere maintenance via telomere lengthening","19/2326","84/21273",0.226190476190476,2.06868013757524,3.43851513311769,0.00154282670190866,0.0220875376208133,0.0182079988492085,"SMG5/TP53/ZBTB48/FBXO4/CCT6A/HNRNPC/RFC1/CCT2/NOP10/POT1/CCT3/DHX36/HSP90AB1/ATR/NAT10/NAF1/RAD50/CCT4/CTNNB1",19
"GO:0090670","RNA localization to Cajal body","8/2326","22/21273",0.363636363636364,3.32572500586258,3.82400813001985,0.00157282546839038,0.02230256629465,0.01838525907228,"CCT6A/CCT2/NOP10/SHQ1/CCT3/RUVBL1/NAF1/CCT4",8
"GO:0090671","telomerase RNA localization to Cajal body","8/2326","22/21273",0.363636363636364,3.32572500586258,3.82400813001985,0.00157282546839038,0.02230256629465,0.01838525907228,"CCT6A/CCT2/NOP10/SHQ1/CCT3/RUVBL1/NAF1/CCT4",8
"GO:0090672","telomerase RNA localization","8/2326","22/21273",0.363636363636364,3.32572500586258,3.82400813001985,0.00157282546839038,0.02230256629465,0.01838525907228,"CCT6A/CCT2/NOP10/SHQ1/CCT3/RUVBL1/NAF1/CCT4",8
"GO:0090685","RNA localization to nucleus","8/2326","22/21273",0.363636363636364,3.32572500586258,3.82400813001985,0.00157282546839038,0.02230256629465,0.01838525907228,"CCT6A/CCT2/NOP10/SHQ1/CCT3/RUVBL1/NAF1/CCT4",8
"GO:0051250","negative regulation of lymphocyte activation","41/2326","234/21273",0.175213675213675,1.60245937782481,3.24684787204311,0.00157689364487166,0.02230256629465,0.01838525907228,"RIPOR2/INPP5D/FGR/ARG1/SAMSN1/HLX/LAPTM5/PTPN6/BCL6/LYN/HLA-E/VSIG4/PAG1/CBLB/IRF1/IL4R/JAK3/CEBPB/STAT5A/ZBTB7B/PGLYRP1/TYROBP/PELI1/LILRB2/CR1/MNDA/DUSP22/SPN/CD300A/DUSP3/RC3H1/CD69/LAX1/TNFAIP8L2/TMEM131L/PRNP/CTLA4/DLG1/TNFRSF14/CD274/LGALS9C",41
"GO:0042116","macrophage activation","28/2326","143/21273",0.195804195804196,1.79077500315677,3.32437488446375,0.0015795839675873,0.02230256629465,0.01838525907228,"ITGAM/TLR2/IFNGR2/DYSF/PLCG2/IFNGR1/STK39/SLC11A1/C5AR1/TLR4/TLR1/SYK/VSIG4/JMJD6/IL4R/MFHAS1/TLR6/RORA/CX3CL1/TYROBP/LRRK2/SBNO2/AGER/NMI/CD93/TMEM229B/MCUB/IL4",28
"GO:0043302","positive regulation of leukocyte degranulation","10/2326","32/21273",0.3125,2.85804492691316,3.6853820002051,0.00160115480964551,0.0225553981880499,0.0185936826142383,"GAB2/FGR/ITGAM/SYK/LAMP1/IL4R/STX4/CD177/PTAFR/AP1G1",10
"GO:0050870","positive regulation of T cell activation","64/2326","405/21273",0.158024691358025,1.44525333588102,3.16980881859504,0.00161284541772406,0.0226567113541299,0.0186772007520708,"FLOT2/VAV1/STAT5B/FADD/RARA/CD55/HLX/PRKCZ/PTPN6/SMARCD3/BCL6/FBXO38/RASGRP1/TYK2/LYN/TNFSF14/HLA-E/SYK/FOXO3/ICOS/IL4R/ZBTB7B/DOCK8/LILRB2/CR1/LCK/CD28/NOD2/PDPK1/NCK1/SPN/ACTL6A/ZBTB1/MALT1/SIRPA/MAP3K8/VNN1/GATA3/ADA/BCL10/CD6/PRKCQ/BRD4/PHF10/CYRIB/SIRPB1/AGER/ACTL6B/B2M/RHOA/FYN/RHOH/HHLA2/NFKBID/IL1RL2/DPP4/CCR2/SASH3/NFKBIZ/CD3E/ZBTB16/IL4/TNFRSF14/CD274",64
"GO:0035023","regulation of Rho protein signal transduction","21/2326","97/21273",0.216494845360825,1.98000638235633,3.3894684586924,0.00161938807599369,0.0226567113541299,0.0186772007520708,"RAF1/RIPOR2/FLOT1/SEMA4D/ARHGEF2/BCL6/CDC42SE1/AKAP13/TAGAP/FLCN/ARHGDIB/LPAR2/RAC1/MYO9B/DOCK8/DOCK6/RALBP1/KCTD13/DOCK10/DLC1/HEG1",21
"GO:0072384","organelle transport along microtubule","21/2326","97/21273",0.216494845360825,1.98000638235633,3.3894684586924,0.00161938807599369,0.0226567113541299,0.0186772007520708,"PRKCZ/NDEL1/RASGRP1/BICDL2/KIF1B/LRPPRC/BICD2/BORCS8/KIF13A/NDE1/LAMP1/KXD1/BLOC1S5/KIF3A/KIFAP3/TUBA1A/COPG1/AGTPBP1/RHOT1/KIF1C/AP3B2",21
"GO:0070482","response to oxygen levels","62/2326","390/21273",0.158974358974359,1.453938752563,3.17009231221471,0.00163149612529525,0.0227681968338784,0.018769104499868,"PTK2B/CFLAR/TLR2/PDK3/NPEPPS/PLOD1/ADAM17/FOS/PLAU/ABAT/FOSL2/BECN1/ATP6AP1/USP19/AGTRAP/USF1/CBS/HK2/FOXO3/NFE2L2/MDM2/RORA/EPAS1/TMBIM6/CREBBP/ATP6V0D1/SLC9A1/CBL/MAP1LC3A/BCL2/ATG7/TP53/APAF1/PICK1/EGLN1/CYGB/CASP9/ERO1A/MIEF1/VASN/VMA12/ADA/PGK1/VMA22/SCAP/CPEB4/FAS/FAM162A/AGER/ZFP36L1/POLB/NDRG1/EPHA4/SMAD3/FUNDC1/DPP4/TGFBR3/ARNT/SUV39H2/LIMD1/CBFA2T3/EEF2K",62
"GO:0006972","hyperosmotic response","9/2326","27/21273",0.333333333333333,3.04858125537403,3.73194537153808,0.00164210995097889,0.0227681968338784,0.018769104499868,"ARHGEF2/STK39/PDPK1/NINJ1/AKR1B1/OXSR1/RCSD1/SLC12A2/MICU1",9
"GO:0031468","nuclear membrane reassembly","9/2326","27/21273",0.333333333333333,3.04858125537403,3.73194537153808,0.00164210995097889,0.0227681968338784,0.018769104499868,"NSFL1C/CHMP3/CHMP2A/UBXN2B/CHMP1B/CHMP5/UBE2I/CHMP1A/CHMP4B",9
"GO:0034614","cellular response to reactive oxygen species","30/2326","157/21273",0.191082802547771,1.74759435021441,3.29419117933224,0.00164215064883723,0.0227681968338784,0.018769104499868,"CAMKK2/PRKCD/PXN/STAT6/MAPK13/RIPK3/MAP3K5/TXN/FOS/MAP2K4/PLEKHA1/BECN1/SLC8A1/FOXO3/NFE2L2/MDM2/KDM6B/NME8/RHOB/MAP1LC3A/FANCC/RIPK1/CYGB/LRRK2/ANKZF1/SIRPA/IL18RAP/TET1/FYN/FER",30
"GO:0030041","actin filament polymerization","32/2326","171/21273",0.187134502923977,1.71148421354332,3.27295703330866,0.00167489902259454,0.0231700637822292,0.0191003860152059,"PREX1/PTK2B/DAAM2/PRKCD/WAS/HCLS1/VASP/SSH2/SVIL/GRB2/HCK/RAC1/CDC42EP3/TRIOBP/ARPC2/TENM1/FLII/SSH3/AVIL/NCK1/RDX/FCHSD1/MSRB1/MSRB2/CYRIB/ARHGAP18/CCL26/GBA2/MYADM/FER/SSH1/DLG1",32
"GO:0000723","telomere maintenance","35/2326","192/21273",0.182291666666667,1.66719287403267,3.25383254881592,0.00167890270300585,0.0231733745284844,0.0191031152494482,"SMG5/MAPK3/PPP1R10/MAPK1/UPF1/PRKDC/SHLD2/TP53/ZBTB48/FBXO4/CCT6A/HNRNPC/RFC1/ACTL6A/CCT2/NOP10/POT1/CCT3/MAP2K7/PRKCQ/DHX36/HSP90AB1/ATR/NAT10/RUVBL1/NSMCE3/NSMCE4A/APEX1/WRN/NAF1/MAPKAPK5/RAD50/CCT4/CTNNB1/GNL3",35
"GO:0050868","negative regulation of T cell activation","34/2326","185/21273",0.183783783783784,1.68083939485487,3.2587544300876,0.00168280377459719,0.0231752573521707,0.0191046673668505,"RIPOR2/ARG1/HLX/LAPTM5/PTPN6/BCL6/HLA-E/VSIG4/PAG1/CBLB/IRF1/IL4R/JAK3/CEBPB/STAT5A/ZBTB7B/PELI1/LILRB2/CR1/DUSP22/SPN/CD300A/DUSP3/RC3H1/CD69/LAX1/TNFAIP8L2/TMEM131L/PRNP/CTLA4/DLG1/TNFRSF14/CD274/LGALS9C",34
"GO:0072665","protein localization to vacuole","20/2326","91/21273",0.21978021978022,2.01005357497189,3.38314346056263,0.00170645172032662,0.0234484749784167,0.0193298960143201,"RAB7A/UBAP1/SH3GLB1/LAPTM5/MON1B/VPS8/BECN1/GGA3/HGS/ZFYVE16/SMURF1/LAMP2/VPS37B/KICS2/KPTN/ATG14/VPS37C/SORT1/SORL1/PIK3R4",20
"GO:0048534","hematopoietic or lymphoid organ development","24/2326","117/21273",0.205128205128205,1.8760500033071,3.3292302886223,0.00172269371347981,0.0236189365260172,0.0194704170500204,"RAF1/STAT5B/FADD/ADAM17/PSEN1/RIPK3/MAPK3/MAPK1/BCL3/BCL2/SBDS/TP53/PCID2/LTBR/ZBTB1/SLC40A1/JARID2/BCL11B/GATA3/ADA/RC3H1/POLB/NFKBIZ/CTNNB1",24
"GO:0071347","cellular response to interleukin-1","22/2326","104/21273",0.211538461538462,1.93467656591044,3.34785501833301,0.00174258316987844,0.0238385377639371,0.0196514466946994,"USP10/IL1R1/IL1R2/MAPK13/IRAK3/NFKBIA/MYD88/INHBB/MAPK3/UPF1/GBP2/RORA/TANK/RBMX/SIRPA/IL1RAP/MAP2K7/OTUD4/RC3H1/TOLLIP/IL1RL2/IRAK2",22
"GO:2001234","negative regulation of apoptotic signaling pathway","47/2326","279/21273",0.168458781362007,1.5406808494901,3.18518221765073,0.00175545213995293,0.0239613378570959,0.0197526777143496,"RAF1/CFLAR/ITPRIP/MCL1/RFFL/HMGB2/URI1/ARHGEF2/PSEN1/RRN3/ZMYND11/PLAUR/CDKN2D/MMP9/PTTG1IP/GNAI2/NFE2L2/MDM2/TMBIM6/CX3CL1/BCL2/RNF34/IVNS1ABP/RIPK1/MNT/PPIA/HTRA2/FIGNL1/PEA15/LRRK2/GCLC/TRIM32/PSME3/TMBIM1/TRIAP1/BRCA1/KDM1A/CD44/DDX3X/BID/CSNK2A1/FYN/SLC25A31/HSPA1A/IER3/CTNNB1/FAIM",47
"GO:1902041","regulation of extrinsic apoptotic signaling pathway via death domain receptors","13/2326","49/21273",0.26530612244898,2.42642181550178,3.50244386640829,0.00183972076109487,0.0250080910888164,0.0206155752435252,"RAF1/CFLAR/ITPRIP/RFFL/HMGB2/ARHGEF2/STX4/RNF34/PEA15/TMBIM1/BRCA1/DDX3X/FAIM",13
"GO:0032386","regulation of intracellular transport","48/2326","287/21273",0.167247386759582,1.52960174485666,3.16493147347041,0.001840264012871,0.0250080910888164,0.0206155752435252,"PRKCD/FRAT1/MAPK14/OS9/HCLS1/NDEL1/PSEN1/ASPH/SIRT7/CHMP3/MAPK3/TXN/NUP214/LCP1/MYBPC3/MAPK1/IPO5/PRKACA/FRAT2/PCSK9/EDEM2/GRIPAP1/OAZ2/RBM22/LAMP1/TENM1/MDM2/MTMR4/DENND10/ATP2A1/AKAP8L/RAB29/CRYAA/PLK3/RDX/LRRK2/NUP58/EPM2A/NUP54/MDFIC/MSN/RAN/SMAD3/IER3/CEP290/MTMR2/SORL1/RINT1",48
"GO:0031334","positive regulation of protein-containing complex assembly","41/2326","236/21273",0.173728813559322,1.58887921360596,3.18734528093351,0.00185872234720983,0.0252032924436645,0.0207764906930178,"PTK2B/SH3GLB1/VASP/CAND1/PLCG2/GRB2/MYD88/LCP1/HCK/SLAIN1/RAC1/CDC42EP3/GBP2/TLR4/SYK/ARPC2/MED25/TENM1/TLR6/CDK5R1/PAK1/TP53/CLIP1/FNIP1/FES/NCK1/FCHSD1/ZDHHC5/CRBN/SKAP1/SPIDR/RHOA/ATR/DDX3X/MSN/CCL26/BID/HSPA1A/FER/MMP1/DLG1",41
"GO:0002573","myeloid leukocyte differentiation","50/2326","302/21273",0.165562913907285,1.51419598776856,3.15327156634514,0.00186795841247962,0.0252728615103836,0.0208338403853424,"NEDD9/TFE3/CFLAR/INPP5D/MAPK14/HCLS1/GAB2/FADD/GBA1/RARA/TLR2/TRIB1/PIK3CD/LILRB3/MYD88/PSEN1/THOC5/ACIN1/LYN/FOS/CASP8/OSCAR/TLR4/FOSL2/ATP6AP1/MMP9/CEBPB/RASSF2/STAT5A/NPM1/TCIRG1/TYROBP/RIPK1/FES/LTBR/SPI1/GATA3/CEACAM1/SBNO2/DHRS7B/CUL4A/CDK6/NOTCH2/ZFP36L1/CALCA/CSF1/TNFAIP6/CBFA2T3/CTNNB1/IL4",50
"GO:0060544","regulation of necroptotic process","11/2326","38/21273",0.289473684210526,2.64745214282482,3.56137136930939,0.00190110219676507,0.0256648796563284,0.0211570029792345,"CFLAR/FADD/ARHGEF2/RIPK3/RNF31/CASP8/RBCK1/SPATA2/PELI1/RIPK1/BIRC3",11
"GO:0006278","RNA-templated DNA biosynthetic process","17/2326","73/21273",0.232876712328767,2.12983074005583,3.38801774328247,0.00191231257541734,0.0257034851839938,0.0211888276857895,"SMG5/TP53/FBXO4/CCT6A/HNRNPC/RFC1/CCT2/NOP10/POT1/CCT3/HSP90AB1/ATR/NAT10/NAF1/RAD50/CCT4/CTNNB1",17
"GO:0019083","viral transcription","17/2326","73/21273",0.232876712328767,2.12983074005583,3.38801774328247,0.00191231257541734,0.0257034851839938,0.0211888276857895,"NUCKS1/SP1/MON1B/TRIM27/ZFP36/TRIM21/USF1/HEXIM1/ZNF639/RRP1B/TRIM32/CTDP1/TRIM8/BRD4/TRIM11/GTF2B/MDFIC",17
"GO:0030258","lipid modification","39/2326","222/21273",0.175675675675676,1.6066847156701,3.1837720457353,0.00192278478405756,0.0257879371038309,0.0212584461505367,"MTMR3/ALOX5/INPP5D/MAPK14/GBA1/MBOAT1/ACAA1/PLPPR2/APPL2/A3GALT2/IRS2/CROT/MTMR10/ACOX1/MTMR4/PLIN5/PLPP1/MBOAT7/ABCD2/INPP5A/DGKD/DGKG/BDH2/ALOX15B/CYGB/SYNJ1/PLPP3/LPCAT3/ECI2/PIP4P2/AGK/SLC25A17/INPPL1/ADH5/PTEN/ACADM/ST3GAL4/GBA2/MTMR2",39
"GO:2000107","negative regulation of leukocyte apoptotic process","16/2326","67/21273",0.238805970149254,2.18405821280528,3.40110364734672,0.00194616872958255,0.0260448145637178,0.0214702046803604,"HCLS1/FADD/BCL6/TSC22D3/IRS2/BCL3/JAK3/ST6GAL1/DOCK8/BCL2/KIFAP3/NOD2/BCL11B/ADA/BCL10/PRKCQ",16
"GO:0032510","endosome to lysosome transport via multivesicular body sorting pathway","7/2326","18/21273",0.388888888888889,3.55667813126971,3.80207381681392,0.00197701152478794,0.0262294891090399,0.021622442289026,"CHMP3/CHMP2A/CHMP1B/CHMP5/CHMP1A/LYST/CHMP4B",7
"GO:0034134","toll-like receptor 2 signaling pathway","7/2326","18/21273",0.388888888888889,3.55667813126971,3.80207381681392,0.00197701152478794,0.0262294891090399,0.021622442289026,"TLR2/LYN/TLR1/MFHAS1/TLR6/NOD2/PIK3AP1",7
"GO:0045064","T-helper 2 cell differentiation","7/2326","18/21273",0.388888888888889,3.55667813126971,3.80207381681392,0.00197701152478794,0.0262294891090399,0.021622442289026,"RARA/HLX/PRKCZ/BCL6/BCL3/IL4R/GATA3",7
"GO:0045651","positive regulation of macrophage differentiation","7/2326","18/21273",0.388888888888889,3.55667813126971,3.80207381681392,0.00197701152478794,0.0262294891090399,0.021622442289026,"HCLS1/FADD/TRIB1/CASP8/RIPK1/CALCA/CSF1",7
"GO:0045582","positive regulation of T cell differentiation","30/2326","159/21273",0.188679245283019,1.72561203134379,3.21778163349656,0.00201295258546126,0.0266237504430503,0.021947454068935,"STAT5B/RARA/HLX/PRKCZ/SMARCD3/BCL6/RASGRP1/SYK/FOXO3/IL4R/ZBTB7B/LILRB2/CR1/ACTL6A/ZBTB1/MALT1/VNN1/GATA3/ADA/BRD4/PHF10/ACTL6B/RHOA/RHOH/NFKBID/IL1RL2/SASH3/NFKBIZ/ZBTB16/IL4",30
"GO:0051098","regulation of binding","41/2326","237/21273",0.172995780590717,1.58217508190298,3.15780272143574,0.002015378119958,0.0266237504430503,0.021947454068935,"MARK2/RIPOR2/RALB/FLOT1/RARA/PSEN1/HDAC4/PSME3IP1/DAZAP2/TXN/PCSK9/BCL3/TRIM21/PLAUR/CARD16/MED25/MMP9/LRPAP1/TIAM1/SKI/NMD3/GOLGA2/LRRK2/GEMIN2/GATA3/GTF2B/GTPBP4/EIF3E/B2M/KDM1A/ROCK1/RAN/EPHA4/HDAC5/GZMA/FKBP1A/PARP9/FOXC1/IDE/RAPGEF2/MARK3",41
"GO:0008286","insulin receptor signaling pathway","34/2326","187/21273",0.181818181818182,1.66286250293129,3.18996519319252,0.00202601893895901,0.0267070076835796,0.0220160876923732,"RAF1/PRKCD/PTPRE/GRB10/PRKCZ/ZNF592/NDEL1/GRB2/NUCKS1/MAPK3/MAPK1/PRKCB/IRS2/SOS2/GNAI2/ZBTB7B/PIP4K2C/SNX5/PDPK1/NCK1/PTPRJ/FLT1/FLT3/APC/PRKCQ/SH2B2/EPHB4/EPHA4/NTRK3/SOCS3/SLC39A14/IDE/FER/SORL1",34
"GO:0002090","regulation of receptor internalization","19/2326","86/21273",0.22093023255814,2.02057129716651,3.32274208436336,0.00206307346633475,0.0271373509802494,0.0223708438623478,"NUMB/ARRB2/ANKRD13A/FLOT1/PLCG2/NECAB2/PCSK9/SYK/CBLB/MDM2/LRPAP1/PICK1/ATAD1/ARF1/SYNE1/ANKRD13D/CD63/MTMR2/RIN3",19
"GO:0002313","mature B cell differentiation involved in immune response","10/2326","33/21273",0.303030303030303,2.77143750488548,3.56816015200954,0.00207502916435686,0.027178467097406,0.022404738188946,"PTK2B/PLCG2/BCL6/BCL3/PHF14/CR1/ADA/DOCK10/NOTCH2/NFKBIZ",10
"GO:1904358","positive regulation of telomere maintenance via telomere lengthening","10/2326","33/21273",0.303030303030303,2.77143750488548,3.56816015200954,0.00207502916435686,0.027178467097406,0.022404738188946,"FBXO4/CCT6A/CCT2/POT1/CCT3/DHX36/ATR/NAF1/CCT4/CTNNB1",10
"GO:0050670","regulation of lymphocyte proliferation","55/2326","341/21273",0.161290322580645,1.47511996227776,3.09894518259899,0.0020910492236758,0.0273301465412914,0.0225297760807712,"RIPOR2/STAT5B/INPP5D/ARG1/FADD/CD55/PTPN6/MYD88/BCL6/NFATC2/RIPK3/TYK2/LYN/HLA-E/IRS2/TLR4/VAV3/SOS2/SYK/VSIG4/CBLB/IRF1/CEBPB/ZBTB7B/TNFRSF1B/BCL2/TYROBP/PELI1/LILRB2/CR1/CD28/MNDA/NCK1/SPN/BST1/CD300A/ADA/CD6/PRKCQ/AGER/RC3H1/BID/HHLA2/TMEM131L/CCR2/SASH3/PRNP/CD3E/CTNNB1/CTLA4/DLG1/IL4/TNFRSF14/CD274/LGALS9C",55
"GO:0032204","regulation of telomere maintenance","27/2326","139/21273",0.194244604316547,1.77651137903091,3.21812687838093,0.00213656355516615,0.0278273256191946,0.0229396287422006,"SMG5/MAPK3/PPP1R10/MAPK1/UPF1/TP53/FBXO4/CCT6A/HNRNPC/ACTL6A/CCT2/POT1/CCT3/MAP2K7/PRKCQ/DHX36/ATR/NAT10/RUVBL1/NSMCE3/NSMCE4A/NAF1/MAPKAPK5/RAD50/CCT4/CTNNB1/GNL3",27
"GO:0002695","negative regulation of leukocyte activation","45/2326","267/21273",0.168539325842697,1.54141748867226,3.11928473567196,0.00214731260135848,0.0278273256191946,0.0229396287422006,"RIPOR2/INPP5D/FGR/ARG1/SAMSN1/HLX/LAPTM5/PTPN6/BCL6/MILR1/LYN/HLA-E/VSIG4/PAG1/CBLB/IRF1/IL4R/JAK3/CEBPB/STAT5A/ZBTB7B/CX3CL1/PGLYRP1/TYROBP/PELI1/LILRB2/CR1/MNDA/DUSP22/SPN/CD300A/DUSP3/GPER1/RC3H1/CD69/LAX1/TNFAIP8L2/TMEM131L/PRNP/FER/CTLA4/DLG1/TNFRSF14/CD274/LGALS9C",45
"GO:0051701","biological process involved in interaction with host","37/2326","209/21273",0.177033492822967,1.61910296338047,3.15140625446016,0.00215350196476919,0.0278273256191946,0.0229396287422006,"RAB7A/WWP2/TRIM25/CD55/SELPLG/ITGA5/INHBB/CHMP3/CLDN9/CHMP2A/TRIM21/LAMP1/ZNF639/WWP1/PGLYRP1/CBL/CHMP1B/DYNLT1/TPCN2/CR1/PPIA/VAPA/VPS37B/ANPEP/JPT2/CHMP5/TRIM11/HSP90AB1/GRK2/CHMP1A/HSPA1A/DPP4/PVR/IDE/CHMP4B/SLC20A2/TNFRSF14",37
"GO:0002200","somatic diversification of immune receptors","18/2326","80/21273",0.225,2.05779234737747,3.32114613070868,0.00215607495324297,0.0278273256191946,0.0229396287422006,"PCYT1A/STAT6/HMGB2/BCL6/PRKDC/SHLD2/SLC15A4/CD28/BCL11B/DCAF1/NSD2/ADAR/POLB/UNG/SAMHD1/NFKBIZ/MSH2/IL4",18
"GO:0044091","membrane biogenesis","18/2326","80/21273",0.225,2.05779234737747,3.32114613070868,0.00215607495324297,0.0278273256191946,0.0229396287422006,"NSFL1C/PACSIN2/FLOT1/CHMP3/CHMP2A/UBXN2B/CDH2/STX4/IQGAP1/CHMP1B/RFTN1/LRCH4/NLGN3/CHMP5/UBE2I/CHMP1A/PTEN/CHMP4B",18
"GO:0002223","stimulatory C-type lectin receptor signaling pathway","8/2326","23/21273",0.347826086956522,3.18112826647725,3.666945427122,0.00218276369719473,0.0278273256191946,0.0229396287422006,"PLCG2/LYN/SYK/CREBBP/PAK1/TYROBP/PAK2/FYN",8
"GO:0032930","positive regulation of superoxide anion generation","8/2326","23/21273",0.347826086956522,3.18112826647725,3.666945427122,0.00218276369719473,0.0278273256191946,0.0229396287422006,"PRKCD/ITGAM/SYK/GNAI2/FPR2/CD177/TYROBP/ELAVL1",8
"GO:0039702","viral budding via host ESCRT complex","8/2326","23/21273",0.347826086956522,3.18112826647725,3.666945427122,0.00218276369719473,0.0278273256191946,0.0229396287422006,"CHMP3/CHMP2A/CHMP1B/VPS37B/CHMP5/CHMP1A/VPS37C/CHMP4B",8
"GO:0060546","negative regulation of necroptotic process","8/2326","23/21273",0.347826086956522,3.18112826647725,3.666945427122,0.00218276369719473,0.0278273256191946,0.0229396287422006,"FADD/ARHGEF2/RNF31/CASP8/RBCK1/PELI1/RIPK1/BIRC3",8
"GO:1990840","response to lectin","8/2326","23/21273",0.347826086956522,3.18112826647725,3.666945427122,0.00218276369719473,0.0278273256191946,0.0229396287422006,"PLCG2/LYN/SYK/CREBBP/PAK1/TYROBP/PAK2/FYN",8
"GO:1990858","cellular response to lectin","8/2326","23/21273",0.347826086956522,3.18112826647725,3.666945427122,0.00218276369719473,0.0278273256191946,0.0229396287422006,"PLCG2/LYN/SYK/CREBBP/PAK1/TYROBP/PAK2/FYN",8
"GO:0001919","regulation of receptor recycling","9/2326","28/21273",0.321428571428571,2.93970335339639,3.59852690714584,0.00218785341125572,0.0278273256191946,0.0229396287422006,"ECE1/ARAP1/PSEN1/PCSK9/RAB29/OPTN/CHMP5/VAMP3/NSG1",9
"GO:0044090","positive regulation of vacuole organization","9/2326","28/21273",0.321428571428571,2.93970335339639,3.59852690714584,0.00218785341125572,0.0278273256191946,0.0229396287422006,"RALB/SH3GLB1/ATG2A/BECN1/WIPI1/PIP4K2C/ULK1/TRIM32/WDR45",9
"GO:0048193","Golgi vesicle transport","55/2326","342/21273",0.160818713450292,1.47080674601379,3.07538527792746,0.00223277456044349,0.028340124111526,0.0233623573649442,"CSNK1D/ERGIC1/SNX1/DNM2/LAPTM5/RAB31/TBC1D14/RER1/SEC22C/BICD2/GGA3/KIF13A/LAMP1/VTI1A/LMAN1/EXOC6/WIPI1/KLHL12/STXBP5/COG2/NBAS/ASAP1/VAPA/GOLGA2/PLPP3/OPTN/RABIF/LRRK2/TAPBP/COG6/CNIH4/SCAP/CNST/WHAMM/SEC22A/COPG1/PHAF1/ARFGEF2/ZW10/RAB8A/VAMP3/STX6/AP1G1/BLTP3B/MIA3/SORT1/COPB1/KIF1C/MYO5A/SORL1/PREPL/RINT1/RP2/NRBP1/TRAPPC12",55
"GO:0120163","negative regulation of cold-induced thermogenesis","13/2326","50/21273",0.26,2.37789337919175,3.41771636765279,0.00224121555456972,0.0283887303578831,0.0234024262260789,"TFE3/IL18R1/IP6K1/NRDC/ADAM17/MAP2K6/FLCN/TLR4/DDIT3/TLE3/BMAL1/PGAM5/PCTP",13
"GO:0072678","T cell migration","20/2326","93/21273",0.21505376344086,1.96682661637034,3.27390357420248,0.00224603443832761,0.0283913511341782,0.0234045866792984,"RIPOR2/CRK/FADD/PIK3CD/CXCL16/ADAM17/STK39/S1PR1/RIPK3/TNFSF14/DOCK8/SPN/RHOA/CD69/MSN/OXSR1/CCL26/SLC12A2/CCR2/TNFRSF14",20
"GO:2001243","negative regulation of intrinsic apoptotic signaling pathway","25/2326","126/21273",0.198412698412698,1.8146316996274,3.21337185438532,0.0022646469190012,0.0285679640028102,0.023550178594704,"URI1/ARHGEF2/RRN3/PLAUR/CDKN2D/MMP9/PTTG1IP/NFE2L2/MDM2/TMBIM6/BCL2/IVNS1ABP/PPIA/HTRA2/FIGNL1/LRRK2/TRIM32/TRIAP1/KDM1A/CD44/DDX3X/BID/FYN/HSPA1A/CTNNB1",25
"GO:0007265","Ras protein signal transduction","26/2326","133/21273",0.195488721804511,1.78788975879079,3.19357834115948,0.00232782659502759,0.0290557356699105,0.0239522761985976,"RALB/RASGRP4/MFN2/DOK3/GRB2/RGL3/GNB1/RASGRP1/FLCN/SPRY3/SOS2/G3BP1/RGL2/PICALM/TP53/RIT1/WHR1/RGL4/RASGEF1A/BRAP/SH2B2/DOK1/NOTCH2/CSF1/MAPKAPK5/RAPGEF2",26
"GO:0002430","complement receptor mediated signaling pathway","6/2326","14/21273",0.428571428571429,3.91960447119518,3.82873591142043,0.00234107291947297,0.0290557356699105,0.0239522761985976,"ITGAM/C5AR1/FPR2/FPR1/CR1/C5AR2",6
"GO:0002467","germinal center formation","6/2326","14/21273",0.428571428571429,3.91960447119518,3.82873591142043,0.00234107291947297,0.0290557356699105,0.0239522761985976,"ADAM17/BCL6/BCL3/UNC13D/ADA/RC3H1",6
"GO:0008063","Toll signaling pathway","6/2326","14/21273",0.428571428571429,3.91960447119518,3.82873591142043,0.00234107291947297,0.0290557356699105,0.0239522761985976,"IRAK3/MYD88/NLRP12/PELI1/PELI2/IRAK2",6
"GO:0033235","positive regulation of protein sumoylation","6/2326","14/21273",0.428571428571429,3.91960447119518,3.82873591142043,0.00234107291947297,0.0290557356699105,0.0239522761985976,"HDAC4/UBA2/PIAS1/TOLLIP/ARNT/GNL3",6
"GO:0046761","viral budding from plasma membrane","6/2326","14/21273",0.428571428571429,3.91960447119518,3.82873591142043,0.00234107291947297,0.0290557356699105,0.0239522761985976,"CHMP3/CHMP2A/CHMP1B/CHMP5/CHMP1A/CHMP4B",6
"GO:0061723","glycophagy","6/2326","14/21273",0.428571428571429,3.91960447119518,3.82873591142043,0.00234107291947297,0.0290557356699105,0.0239522761985976,"ATG2A/WIPI2/GABARAPL1/WIPI1/ATG3/WDR45",6
"GO:0070486","leukocyte aggregation","6/2326","14/21273",0.428571428571429,3.91960447119518,3.82873591142043,0.00234107291947297,0.0290557356699105,0.0239522761985976,"SEMA4D/S100A9/STK10/CD44/MSN/S100A8",6
"GO:0060760","positive regulation of response to cytokine stimulus","19/2326","87/21273",0.218390804597701,1.99734633972781,3.26602820012235,0.0023741910141904,0.0294074846747608,0.0242422426758698,"CASP4/IL1R1/FADD/RNF185/TLR2/LAPTM5/ADAM17/TLR4/NLRP6/CASP1/RBM47/RIPK1/TRIM32/PARP14/CSF1/TRIM41/HSPA1A/PARP9/NLRC5",19
"GO:0007098","centrosome cycle","29/2326","154/21273",0.188311688311688,1.72225044946455,3.1517393639035,0.00243889077974112,0.0298342158904363,0.0245940212044379,"NSFL1C/HAUS4/DNM2/NDEL1/CHMP3/CHMP2A/UBXN2B/NIN/CEP63/NDE1/HAUS2/GADD45A/NPM1/KIF3A/CHMP1B/KIAA0753/FES/GOLGA2/HAUS1/TUBE1/CHMP5/TUBA1A/BRCA1/MCPH1/NAT10/CHMP1A/CDK11B/CTNNB1/CHMP4B",29
"GO:0032627","interleukin-23 production","5/2326","10/21273",0.5,4.57287188306105,3.9595329706659,0.00244256738284274,0.0298342158904363,0.0245940212044379,"IL17RA/PLCG2/MYD88/RAC1/TLR4",5
"GO:0032667","regulation of interleukin-23 production","5/2326","10/21273",0.5,4.57287188306105,3.9595329706659,0.00244256738284274,0.0298342158904363,0.0245940212044379,"IL17RA/PLCG2/MYD88/RAC1/TLR4",5
"GO:0043558","regulation of translational initiation in response to stress","5/2326","10/21273",0.5,4.57287188306105,3.9595329706659,0.00244256738284274,0.0298342158904363,0.0245940212044379,"PPP1R15A/NPM1/EIF2S1/NCK1/DNAJC3",5
"GO:0071421","manganese ion transmembrane transport","5/2326","10/21273",0.5,4.57287188306105,3.9595329706659,0.00244256738284274,0.0298342158904363,0.0245940212044379,"SLC11A1/ATP2C2/TMEM165/SLC39A8/SLC39A14",5
"GO:1904896","ESCRT complex disassembly","5/2326","10/21273",0.5,4.57287188306105,3.9595329706659,0.00244256738284274,0.0298342158904363,0.0245940212044379,"IST1/CHMP2A/CHMP1B/CHMP5/CHMP1A",5
"GO:1904903","ESCRT III complex disassembly","5/2326","10/21273",0.5,4.57287188306105,3.9595329706659,0.00244256738284274,0.0298342158904363,0.0245940212044379,"IST1/CHMP2A/CHMP1B/CHMP5/CHMP1A",5
"GO:0016482","cytosolic transport","30/2326","161/21273",0.186335403726708,1.70417585704138,3.14244850904646,0.00245354124990659,0.0299089107612375,0.0246555963851999,"DENND5A/STX10/RAB7A/SNX1/LAPTM5/ARL1/TBC1D14/TRIM27/KIF1B/LAMP1/VTI1A/TANC2/WIPI1/RAB29/TBC1D17/TBC1D10B/TPCN2/SNX5/SPAG9/LRRK2/STX16/CLTCL1/VAMP3/STX6/AP1G1/BLTP3B/RCSD1/SORT1/KIF1C/PREPL",30
"GO:0010803","regulation of tumor necrosis factor-mediated signaling pathway","18/2326","81/21273",0.222222222222222,2.03238750358269,3.26165532885259,0.00249421207189639,0.0302847524942686,0.024965423852616,"TNFRSF1A/MAPKAPK2/CASP4/RFFL/LAPTM5/ADAM17/CASP8/SYK/CARD16/SPATA2/CASP1/TANK/ULK1/RIPK1/CARD8/TRIM32/NKIRAS1/HSPA1A",18
"GO:0050435","amyloid-beta metabolic process","18/2326","81/21273",0.222222222222222,2.03238750358269,3.26165532885259,0.00249421207189639,0.0302847524942686,0.024965423852616,"PSEN1/SP1/IFNGR1/BECN1/GGA3/NCSTN/PICALM/RTN3/RTN2/APH1B/ROCK1/EPHA4/ABCG1/MME/PRNP/IDE/SORL1/DYRK1A",18
"GO:0050731","positive regulation of peptidyl-tyrosine phosphorylation","25/2326","127/21273",0.196850393700787,1.80034326104766,3.16958810855128,0.0025330641049503,0.0306959500592009,0.0253043971196963,"NEDD9/HCLS1/SEMA4D/IL6R/PLCG2/ADAM17/ITGA5/ARHGEF2/SYK/UNC119/ABI1/TP53/NOD2/PLPP3/PTPRJ/TGFA/FLT3/LILRA5/PAK2/PARP14/ARL2BP/EPHA4/PARP9/PRNP/CD3E",25
"GO:0002437","inflammatory response to antigenic stimulus","22/2326","107/21273",0.205607476635514,1.88043329770735,3.19895213432459,0.00254271553958965,0.0307523710446245,0.0253509081095268,"MAPK14/FGR/HMGB2/RASGRP1/HCK/LYN/FCGR2A/HLA-E/FOSL2/SYK/NLRP6/KDM6B/CD28/NOD2/SPN/GPR17/RHBDF2/GATA3/CD6/NOTCH2/FYN/FCGR1A",22
"GO:0048259","regulation of receptor-mediated endocytosis","27/2326","141/21273",0.191489361702128,1.75131263606593,3.13616380517842,0.00264048719423321,0.0318617061648597,0.0262653954072686,"NUMB/ARRB2/ANKRD13A/FLOT1/PLCG2/NECAB2/HNRNPK/RAC1/PCSK9/SYK/UNC119/CBLB/MDM2/LRPAP1/CBL/PICALM/DGKD/PICK1/ATAD1/ARF1/B2M/SYNE1/ANKRD13D/CD63/MTMR2/RIN3/IL4",27
"GO:0002440","production of molecular mediator of immune response","52/2326","322/21273",0.161490683229814,1.47695240943587,3.0216168543527,0.00264479074890242,0.0318617061648597,0.0262653954072686,"MAPKAPK2/IL18R1/ARG1/PCYT1A/IL1R1/STAT6/IRAK3/CD55/PRKCZ/LAPTM5/PLCG2/MYD88/BCL6/HLA-E/PRKDC/TLR4/SYK/IL4R/JAK3/STX4/LITAF/TMBIM6/TNFRSF1B/IL13RA1/SHLD2/SLC15A4/TREM1/DDX1/CR1/CD28/NLRX1/NOD2/MALT1/GATA3/BCL10/DDX21/DHX36/NSD2/B2M/POLB/UNG/FFAR2/ARID5A/CD96/CCR2/SASH3/SAMHD1/NFKBIZ/SCIMP/MSH2/IL4/TNFRSF14",52
"GO:0090322","regulation of superoxide metabolic process","10/2326","34/21273",0.294117647058824,2.68992463709473,3.45524266230796,0.00265555871458127,0.0318941525628769,0.0262921427970366,"PRKCD/ITGAM/SYK/GNAI2/NFE2L2/FPR2/CD177/TYROBP/BST1/ELAVL1",10
"GO:0048024","regulation of mRNA splicing, via spliceosome","23/2326","114/21273",0.201754385964912,1.84519391772639,3.17029743455782,0.00265784604690641,0.0318941525628769,0.0262921427970366,"PRMT5/RBM23/SRPK1/CELF2/RBMY1F/HNRNPK/ACIN1/NUP98/UPF1/SF1/JMJD6/RBM47/RBM5/SRSF4/RBMX/RBM39/CLNS1A/PRPF19/WTAP/SRPK2/THRAP3/RBM25/DYRK1A",23
"GO:0031623","receptor internalization","31/2326","169/21273",0.183431952662722,1.67762163757269,3.09875341423409,0.00270283120896897,0.0322289538051816,0.026568138280972,"NUMB/ARRB2/ANKRD13A/RALB/FLOT1/SNX1/DNM2/PLCG2/NECAB2/RAB31/GRB2/PCSK9/SYK/CBLB/HGS/MDM2/LRPAP1/PICALM/PICK1/ATAD1/CEACAM1/ARF1/CXCR1/GRK2/SYNE1/ANKRD13D/CD63/CALCA/MTMR2/RIN3/FCER1G",31
"GO:0036294","cellular response to decreased oxygen levels","31/2326","169/21273",0.183431952662722,1.67762163757269,3.09875341423409,0.00270283120896897,0.0322289538051816,0.026568138280972,"CFLAR/PDK3/NPEPPS/FOS/BECN1/USP19/CBS/FOXO3/NFE2L2/MDM2/RORA/EPAS1/TMBIM6/SLC9A1/CBL/MAP1LC3A/BCL2/TP53/PICK1/EGLN1/ERO1A/MIEF1/VASN/PGK1/CPEB4/FAM162A/ZFP36L1/NDRG1/EPHA4/SUV39H2/EEF2K",31
"GO:0046839","phospholipid dephosphorylation","13/2326","51/21273",0.254901960784314,2.33126801881544,3.33500294516241,0.00271192301349643,0.0322289538051816,0.026568138280972,"MTMR3/INPP5D/PLPPR2/MTMR10/MTMR4/PLPP1/INPP5A/SYNJ1/PLPP3/PIP4P2/INPPL1/PTEN/MTMR2",13
"GO:0071985","multivesicular body sorting pathway","13/2326","51/21273",0.254901960784314,2.33126801881544,3.33500294516241,0.00271192301349643,0.0322289538051816,0.026568138280972,"UBAP1/CHMP3/CHMP2A/HGS/DENND10/CHMP1B/VPS37B/CHMP5/CHMP1A/VPS37C/SORT1/LYST/CHMP4B",13
"GO:1902459","positive regulation of stem cell population maintenance","13/2326","51/21273",0.254901960784314,2.33126801881544,3.33500294516241,0.00271192301349643,0.0322289538051816,0.026568138280972,"DPF2/KDM2B/SINHCAF/LBH/SAP30L/RBBP7/SAP30/ACTL6A/RBBP4/SUDS3/PHF10/ACTL6B/TET1",13
"GO:0006790","sulfur compound metabolic process","56/2326","353/21273",0.158640226628895,1.45088286374741,2.99301595680817,0.00278263406493715,0.0330055786199481,0.0272083537715485,"CSGALNACT2/STAT5B/TPST1/CHST15/ARSG/ACSL1/PDK3/EXTL3/SP1/PXYLP1/G6PD/CHST11/CROT/OPLAH/MSRA/CBS/MICAL1/DGAT1/FAR2/ELOVL5/NFE2L2/STAT5A/MTAP/ACSL4/PPCDC/SULF2/SUCLA2/ACSS2/PAPSS1/HMGCR/CSAD/GCLC/HLCS/NDST1/VNN1/GPAT4/PIPOX/ACSL6/PGK1/SQOR/HS3ST6/BCKDK/EXT2/ACOT2/CHSY1/IDS/DLAT/MTR/TM9SF2/CHPF2/ACSL5/GNMT/DGAT2/PANK2/CTNNB1/PTER",56
"GO:0035743","CD4-positive, alpha-beta T cell cytokine production","7/2326","19/21273",0.368421052631579,3.3694845454134,3.62033811499047,0.00283747650613092,0.0335268817115968,0.0276380932135714,"IL18R1/ARG1/IL1R1/PRKCZ/GATA3/ARID5A/IL4",7
"GO:1900119","positive regulation of execution phase of apoptosis","7/2326","19/21273",0.368421052631579,3.3694845454134,3.62033811499047,0.00283747650613092,0.0335268817115968,0.0276380932135714,"TNFRSF1A/FADD/TP53/RIPK1/HTRA2/TP53BP2/DLC1",7
"GO:0032212","positive regulation of telomere maintenance via telomerase","9/2326","29/21273",0.310344827586207,2.83833427224479,3.47091618262653,0.00286856723109884,0.0338293101046829,0.0278874019381478,"FBXO4/CCT6A/CCT2/POT1/CCT3/ATR/NAF1/CCT4/CTNNB1",9
"GO:0043555","regulation of translation in response to stress","8/2326","24/21273",0.333333333333333,3.04858125537403,3.51826345297923,0.00296390799895251,0.0348868406148215,0.0287591837837377,"RPS6KA1/PPP1R15A/PRKCH/NPM1/EIF2S1/NCK1/DDX3X/DNAJC3",8
"GO:0061351","neural precursor cell proliferation","30/2326","163/21273",0.184049079754601,1.68326572382615,3.06816075209205,0.00297415102887683,0.0348963338473949,0.0287670095889831,"NUMB/RERE/SMARCD3/ARHGEF2/NR2E1/LYN/KDM2B/APPL2/NDE1/FOXO3/GNAI2/CDH2/RORA/CX3CL1/RPGRIP1/KIFAP3/TP53/TEAD3/HEATR1/LRRK2/MIOS/ACSL6/NAP1L1/KDM1A/RHOA/BTG2/DBN1/DIXDC1/CTNNB1/DLL4",30
"GO:0002335","mature B cell differentiation","11/2326","40/21273",0.275,2.51507953568358,3.36045851020278,0.00297605186320376,0.0348963338473949,0.0287670095889831,"PTK2B/PLCG2/BCL6/BCL3/PHF14/CR1/MALT1/ADA/DOCK10/NOTCH2/NFKBIZ",11
"GO:0140888","interferon-mediated signaling pathway","24/2326","122/21273",0.19672131147541,1.79916270808959,3.10161909986754,0.00307899566346586,0.0359664085470509,0.0296491323151281,"RAF1/ARG1/FADD/RNF185/IL10RB/IFNGR2/PTPN6/MYD88/IFNGR1/HDAC4/TYK2/TBKBP1/HCK/IRF1/TANK/RBM47/TP53/IFNAR2/PARP14/ADAR/TRIM41/PARP9/SAMHD1/NLRC5",24
"GO:2000514","regulation of CD4-positive, alpha-beta T cell activation","24/2326","122/21273",0.19672131147541,1.79916270808959,3.10161909986754,0.00307899566346586,0.0359664085470509,0.0296491323151281,"RARA/CD55/HLX/PRKCZ/BCL6/CBLB/IL4R/JAK3/STAT5A/ZBTB7B/CD28/MALT1/GATA3/PRKCQ/BRD4/AGER/RC3H1/CD69/NFKBID/SASH3/NFKBIZ/CD3E/CD274/LGALS9C",24
"GO:1900182","positive regulation of protein localization to nucleus","21/2326","102/21273",0.205882352941176,1.88294724596631,3.13186436888379,0.00309190565105631,0.0360488090679974,0.0297170596964563,"PRKCD/MAPK14/HCLS1/LIMK2/PSEN1/TYK2/IPO5/RBM22/CREBBP/GLIS2/IPO7/CCT6A/NMD3/CCT2/CCT3/TRIM8/RAN/FYN/SMAD3/PARP9/CCT4",21
"GO:0009314","response to radiation","73/2326","486/21273",0.150205761316872,1.37374340519941,2.92034764909535,0.00311405211241083,0.0361169171796152,0.0297732050413674,"PRKCD/MAPK14/MAPK13/KCNE1/UIMC1/GRB2/NUCKS1/N4BP1/TXN/FOS/PRKDC/BCL3/USF1/CDKN2D/UNC119/TIMP1/MMP9/MDM2/CREBBP/GADD45A/UBE4B/NPM1/EIF2S1/TANK/TLK2/RHOB/CBL/BCL2/CRY1/TP53/DDHD2/FBXO4/PLK3/RCVRN/SLC1A3/ZBTB1/FIGNL1/HMGCR/INTS3/CASP9/XPC/PDE6B/COP1/NABP1/RHBDD1/TRIM32/GATA3/MAP2K7/PIAS1/BEST1/SPIDR/NLRP1/CUL4A/DHX36/RGS14/TUBA1A/TRIAP1/BRCA1/KDM1A/SYNE1/ATR/TP53INP1/POLB/NSMCE3/WRN/PDE8B/MME/NMT2/ZRANB3/COPS3/MMP1/MSH2/ROM1",73
"GO:0032623","interleukin-2 production","19/2326","89/21273",0.213483146067416,1.9524621523182,3.1548414378471,0.00311534811929429,0.0361169171796152,0.0297732050413674,"STAT5B/PRKD2/LAPTM5/PLCG2/TRIM27/ZFP36/PRKACA/VSIG4/CR1/CD28/NOD2/MALT1/GATA3/PRKCQ/PDE4B/CCR2/SASH3/PRNP/CD3E",19
"GO:0032663","regulation of interleukin-2 production","19/2326","89/21273",0.213483146067416,1.9524621523182,3.1548414378471,0.00311534811929429,0.0361169171796152,0.0297732050413674,"STAT5B/PRKD2/LAPTM5/PLCG2/TRIM27/ZFP36/PRKACA/VSIG4/CR1/CD28/NOD2/MALT1/GATA3/PRKCQ/PDE4B/CCR2/SASH3/PRNP/CD3E",19
"GO:1900077","negative regulation of cellular response to insulin stimulus","12/2326","46/21273",0.260869565217391,2.38584619985794,3.29676834085426,0.00316941483325748,0.0366746573562651,0.0302329816207644,"PRKCD/PTPRE/GRB10/PRKCZ/ZNF592/APPL2/PRKCB/PIP4K2C/NCK1/PTPRJ/PRKCQ/SOCS3",12
"GO:0005996","monosaccharide metabolic process","46/2326","280/21273",0.164285714285714,1.50251504729149,2.96571643136806,0.00322138170414903,0.0371792330889807,0.0306489317605376,"PFKFB4/MAPK14/PFKFB2/MAN2A2/CHST15/DYRK2/PDK3/PFKFB3/SIRT7/KBTBD2/SLC2A3/G6PD/PGM1/PRKACA/IRS2/NUDT5/HK2/PGD/PPP1R3B/HK3/RORA/FBP2/CRY1/TP53/CRTC2/WDTC1/B3GLCT/GCLC/ERO1A/PGK1/GOT1/AKR1B1/BCKDK/PGM2L1/INPPL1/DLAT/PGM2/ADPGK/SLC35A2/GALM/POFUT1/GNMT/ACADM/SLC39A14/SLC35B4/NCOA2",46
"GO:0061082","myeloid leukocyte cytokine production","15/2326","64/21273",0.234375,2.14353369518487,3.21009323754737,0.003225099166588,0.0371792330889807,0.0306489317605376,"MAPKAPK2/IRAK3/LAPTM5/PLCG2/MYD88/BCL6/TLR4/SYK/LITAF/DDX1/NLRX1/NOD2/BCL10/DDX21/DHX36",15
"GO:0001954","positive regulation of cell-matrix adhesion","14/2326","58/21273",0.241379310344828,2.20759332285706,3.22665083373399,0.0032722789134531,0.0376526149368547,0.03103916702756,"PTK2B/MAP4K4/PRKCZ/RAC1/PPM1F/CX3CL1/EFEMP2/PTPRJ/SKAP1/CDK6/ROCK1/CSF1/SMAD3/CD3E",14
"GO:0002295","T-helper cell lineage commitment","10/2326","35/21273",0.285714285714286,2.61306964746346,3.34633274422341,0.00335898592505726,0.0384347906220307,0.0316839584126415,"STAT3/STAT6/IL6R/JAK3/STAT5A/SPN/BRD4/CD69/SOCS3/SLAMF6",10
"GO:0046856","phosphatidylinositol dephosphorylation","10/2326","35/21273",0.285714285714286,2.61306964746346,3.34633274422341,0.00335898592505726,0.0384347906220307,0.0316839584126415,"MTMR3/INPP5D/MTMR10/MTMR4/INPP5A/SYNJ1/PIP4P2/INPPL1/PTEN/MTMR2",10
"GO:0090022","regulation of neutrophil chemotaxis","10/2326","35/21273",0.285714285714286,2.61306964746346,3.34633274422341,0.00335898592505726,0.0384347906220307,0.0316839584126415,"RIPOR2/RAC1/C5AR1/DAPK2/MCU/NOD2/BST1/C5AR2/DPP4/TNFAIP6",10
"GO:0060759","regulation of response to cytokine stimulus","39/2326","229/21273",0.170305676855895,1.55757208244001,2.97230522530584,0.00338157988103068,0.0386215319993041,0.0318378998270656,"TNFRSF1A/MAPKAPK2/ARG1/CASP4/IL1R1/FADD/RNF185/IL1R2/TLR2/IRAK3/RFFL/LAPTM5/PTPN6/ADAM17/CASP8/TLR4/SYK/CARD16/NLRP6/SPATA2/CASP1/TANK/RBM47/ULK1/RIPK1/CARD8/TRIM32/NKIRAS1/PARP14/OTUD4/ADAR/CSF1/TRIM41/HSPA1A/PARP9/IRAK2/SAMHD1/SH2B3/NLRC5",39
"GO:0022037","metencephalon development","24/2326","123/21273",0.195121951219512,1.78453536899943,3.05737483919984,0.00343760535117641,0.039188701003411,0.0323054491189502,"RERE/CRK/GBA1/KCNE1/PSEN1/ABAT/OTX1/CBS/RORA/NCOA1/NCSTN/SEMA4C/CDK5R1/BCL2/TP53/COQ8B/PDSS2/TUBA1A/WHRN/ATIC/AGTPBP1/FOXC1/ATRN/CD3E",24
"GO:0016925","protein sumoylation","17/2326","77/21273",0.220779220779221,2.01919018213085,3.13915260248233,0.00348336735173299,0.039627371294868,0.0326670696988062,"PIAS2/HDAC4/TRIM27/SENP2/UBA2/MDM2/PIAS1/TOPORS/UBE2I/NSMCE3/TOLLIP/NSMCE4A/ZBED1/HMG20A/ARNT/CTNNB1/GNL3",17
"GO:0043409","negative regulation of MAPK cascade","33/2326","186/21273",0.17741935483871,1.62263195850553,2.98826612245907,0.00348895959093867,0.039627371294868,0.0326670696988062,"PRKCD/GBA1/IRAK3/PTPN6/DUSP1/ZMYND11/RNF149/LYN/FLCN/SPRY3/TLR4/NLRP6/NLRP12/DUSP13B/VRK3/CHRNA10/PPIA/PTPRJ/LEMD2/RGS2/SIRPA/NDRG2/CD300A/DUSP3/GPER1/RGS14/LAX1/EPHA4/PEBP1/NPPA/SH2B3/SYNJ2BP/DLG1",33
"GO:0019080","viral gene expression","25/2326","130/21273",0.192307692307692,1.7587968781004,3.04055382928574,0.00350572214627758,0.0397444300782409,0.0327635678340685,"NUCKS1/SP1/MON1B/TRIM27/ZFP36/EDEM2/TRIM21/OAZ2/USF1/HEXIM1/ST6GAL1/ZNF639/RRP1B/PARP16/TRIM32/CTDP1/TRIM8/BRD4/TRIM11/GTF2B/MDFIC/PAIP1/PARP9/ST3GAL4/CANX",25
"GO:0006999","nuclear pore organization","6/2326","15/21273",0.4,3.65829750644884,3.60850076634716,0.00354353452568949,0.0398793391958766,0.0328747810032696,"NDC1/NUP98/NUP133/SEH1L/NUP54/AHCTF1",6
"GO:0007008","outer mitochondrial membrane organization","6/2326","15/21273",0.4,3.65829750644884,3.60850076634716,0.00354353452568949,0.0398793391958766,0.0328747810032696,"MTX1/TOMM70/TOMM20/MTCH1/TOMM6/SAMM50",6
"GO:0045040","protein insertion into mitochondrial outer membrane","6/2326","15/21273",0.4,3.65829750644884,3.60850076634716,0.00354353452568949,0.0398793391958766,0.0328747810032696,"MTX1/TOMM70/TOMM20/MTCH1/TOMM6/SAMM50",6
"GO:0046753","non-lytic viral release","6/2326","15/21273",0.4,3.65829750644884,3.60850076634716,0.00354353452568949,0.0398793391958766,0.0328747810032696,"CHMP3/CHMP2A/CHMP1B/CHMP5/CHMP1A/CHMP4B",6
"GO:0002532","production of molecular mediator involved in inflammatory response","26/2326","137/21273",0.18978102189781,1.73568859795018,3.02678587390464,0.00355384969873913,0.0399224429661278,0.032910313864044,"STAT3/GPSM3/ALOX5/MAPK14/IL17RA/IL1R2/MEFV/NCF1/MYD88/EXTL3/P2RX1/LYN/APPL2/MACIR/PLD4/TLR4/ALOX5AP/SYK/S100A9/IL4R/TLR6/NLRC3/ABCD2/NOD2/SIRPA/CD6",26
"GO:0050921","positive regulation of chemotaxis","31/2326","172/21273",0.180232558139535,1.64836079505689,2.99135695979108,0.00356272131259799,0.0399492029150332,0.0329323735941614,"NEDD9/RIPOR2/PTK2B/GPSM3/PRKD2/IL6R/ADAM17/STK39/S1PR1/MAPK3/STX3/MAPK1/TNFSF14/RAC1/C5AR1/PPM1F/STX4/TIAM1/FPR2/DAPK2/MCU/PTPRJ/AKIRIN1/AGER/OXSR1/CCL26/CSF1/SMAD3/NTRK3/IL16/CCR2",31
"GO:0010324","membrane invagination","16/2326","71/21273",0.225352112676056,2.06101267968949,3.13761839921066,0.00364459876568571,0.0407930000028386,0.033627962965303,"BIN2/ITGAM/ARHGAP25/PLCG2/RAB31/ELMO1/APPL2/CHMP2A/BECN1/XKR8/HGS/SMURF1/CD300A/ARF1/RHOA/FCGR1A",16
"GO:0002862","negative regulation of inflammatory response to antigenic stimulus","11/2326","41/21273",0.268292682926829,2.45373613237422,3.26453140040344,0.00367212440621233,0.0409521700084114,0.0337591757481877,"MAPK14/FGR/HCK/LYN/SYK/NLRP6/NOD2/SPN/GPR17/RHBDF2/FYN",11
"GO:0048536","spleen development","11/2326","41/21273",0.268292682926829,2.45373613237422,3.26453140040344,0.00367212440621233,0.0409521700084114,0.0337591757481877,"FADD/ADAM17/RIPK3/BCL3/BCL2/PCID2/SLC40A1/JARID2/RC3H1/POLB/NFKBIZ",11
"GO:0034599","cellular response to oxidative stress","46/2326","282/21273",0.163120567375887,1.49185891220431,2.91331419285584,0.00369991790241209,0.0411276432047324,0.0339038281676438,"CAMKK2/PRKCD/ALOX5/PXN/STAT6/MAPK13/STAU1/RIPK3/MAP3K5/TXN/FOS/G6PD/MAP2K4/PLEKHA1/BECN1/MSRA/SLC8A1/FOXO3/STX4/NFE2L2/MDM2/KDM6B/ETV5/BMAL1/EIF2S1/NME8/RHOB/MAP1LC3A/FANCC/TP53/RIPK1/PPIA/HTRA2/CYGB/LRRK2/ANKZF1/SIRPA/IL18RAP/TET1/GPX7/TP53INP1/FYN/HSPA1A/SRXN1/ARNT/FER",46
"GO:0043491","phosphatidylinositol 3-kinase/protein kinase B signal transduction","55/2326","350/21273",0.157142857142857,1.4371883061049,2.88954439519534,0.00370122065227773,0.0411276432047324,0.0339038281676438,"STAT3/PTK2B/VAV1/ARRB2/PIK3R5/HCLS1/GAB2/FGR/SEMA4D/PIK3CD/PTPN6/BTBD10/EXTL3/RASGRP1/SIRT7/TXN/KBTBD2/FLCN/WDR91/IRS2/PLEKHA1/VAV3/BECN1/AIM2/DDIT3/MFHAS1/NLRC3/RGL2/CX3CL1/PHLPP1/CBL/PPP1R16B/CD28/PLK3/PDPK1/PTPRJ/LEMD2/FLT1/GATA3/FLT3/CEACAM1/UBE3A/GPER1/RCN3/MTDH/PIK3AP1/ZFP36L1/INPPL1/ATG14/NTRK3/PTEN/SH2B3/FER/DLG1/PIK3R4",55
"GO:0070936","protein K48-linked ubiquitination","23/2326","117/21273",0.196581196581197,1.7978812531693,3.0321675985931,0.00374488365723663,0.0415057177635301,0.0342154962788514,"TRIM25/RFFL/NT5C2/FBXO38/UBE2R2/KBTBD2/TRIM21/RNF146/TRIM45/CDC23/UBE2H/KBTBD7/RNF34/PELI1/PPIA/UBE2Q2/KCMF1/UBE3A/GABARAP/TOPORS/NMI/ANAPC10/UBE2D3",23
"GO:0032206","positive regulation of telomere maintenance","20/2326","97/21273",0.206185567010309,1.88572036414889,3.063369067338,0.00376221418324396,0.0415057177635301,0.0342154962788514,"MAPK3/PPP1R10/MAPK1/FBXO4/CCT6A/ACTL6A/CCT2/POT1/CCT3/MAP2K7/PRKCQ/DHX36/ATR/RUVBL1/NAF1/MAPKAPK5/RAD50/CCT4/CTNNB1/GNL3",20
"GO:0032731","positive regulation of interleukin-1 beta production","20/2326","97/21273",0.206185567010309,1.88572036414889,3.063369067338,0.00376221418324396,0.0415057177635301,0.0342154962788514,"STAT3/MEFV/LILRA2/MYD88/CASP8/TLR4/AIM2/NLRP12/NLRC4/TLR6/CASP1/TLR8/TYROBP/CARD8/NOD2/MALT1/NLRP1/LILRA5/AGER/SMAD3",20
"GO:0097581","lamellipodium organization","20/2326","97/21273",0.206185567010309,1.88572036414889,3.063369067338,0.00376221418324396,0.0415057177635301,0.0342154962788514,"WAS/SNX1/BIN3/S1PR1/RAC1/VAV3/ARPC2/MYO9B/WASF2/ABI1/AVIL/NCK1/AKIRIN1/ABI2/CORO1C/WHAMM/CD44/SPATA13/CAPZB/FER",20
"GO:0022408","negative regulation of cell-cell adhesion","45/2326","275/21273",0.163636363636364,1.49657625263816,2.90403681588903,0.00382183900423751,0.0420880874956818,0.0346955763853291,"RIPOR2/PRKCD/ARG1/HLX/LAPTM5/PTPN6/BCL6/JAG1/HLA-E/PPM1F/VSIG4/PAG1/CBLB/IRF1/IL4R/JAK3/CEBPB/STAT5A/ZBTB7B/PELI1/LILRB2/CR1/DUSP22/SPN/SPI1/RDX/MBP/CD300A/CEACAM1/DUSP3/GTPBP4/RC3H1/CD69/LAX1/TNFAIP8L2/TMEM131L/MIA3/PRNP/SH2B3/MYADM/CTLA4/DLG1/TNFRSF14/CD274/LGALS9C",45
"GO:0001959","regulation of cytokine-mediated signaling pathway","37/2326","216/21273",0.171296296296296,1.56663203401166,2.93270608386403,0.00382970781810157,0.0420994309432737,0.0347049274268189,"TNFRSF1A/MAPKAPK2/ARG1/CASP4/IL1R1/FADD/RNF185/IL1R2/IRAK3/RFFL/LAPTM5/PTPN6/ADAM17/CASP8/SYK/CARD16/NLRP6/SPATA2/CASP1/TANK/RBM47/ULK1/RIPK1/CARD8/TRIM32/NKIRAS1/PARP14/OTUD4/ADAR/CSF1/TRIM41/HSPA1A/PARP9/IRAK2/SAMHD1/SH2B3/NLRC5",37
"GO:0042092","type 2 immune response","12/2326","47/21273",0.25531914893617,2.33508351475458,3.21042162588031,0.00384016069306915,0.0421390895303631,0.0347376202294519,"ARG1/STAT6/RARA/HLX/PRKCZ/BCL6/BCL3/IL4R/NOD2/GATA3/CCR2/IL4",12
"GO:0007173","epidermal growth factor receptor signaling pathway","30/2326","166/21273",0.180722891566265,1.65284525893773,2.95862439118835,0.00392991811228139,0.0423732314452785,0.0349306365715413,"PTK2B/RAB7A/RALB/MVP/GRB2/ADAM17/PLAUR/MMP9/CBLB/REPS2/IQGAP1/CBL/SHKBP1/SNX5/DGKD/PDPK1/PTPRJ/FLT1/PTPN12/RHBDF2/TGFA/FLT3/CEACAM1/DUSP3/GPER1/EPHB4/EPHA4/NTRK3/NPPA/FER",30
"GO:0034341","response to type II interferon","30/2326","166/21273",0.180722891566265,1.65284525893773,2.95862439118835,0.00392991811228139,0.0423732314452785,0.0349306365715413,"RAF1/WAS/ARG1/TLR2/IFNGR2/MEFV/CXCL16/IFNGR1/TYK2/HCK/SLC11A1/FCAR/TRIM21/GBP2/TLR4/IRF1/STX4/CASP1/TP53/EPRS1/CALCOCO2/SLC26A6/SIRPA/RAB20/PARP14/VAMP3/CD58/PARP9/NLRC5/NUB1",30
"GO:1900180","regulation of protein localization to nucleus","30/2326","166/21273",0.180722891566265,1.65284525893773,2.95862439118835,0.00392991811228139,0.0423732314452785,0.0349306365715413,"PRKCD/MAPK14/HCLS1/LIMK2/PSEN1/TYK2/IPO5/RBM22/MFHAS1/GLUL/CREBBP/GLIS2/IPO7/FBXO4/CCT6A/NMD3/CCT2/NUP58/EPM2A/CCT3/TRIM8/NUP54/MDFIC/RAN/FYN/MAGED1/SMAD3/PARP9/CCT4/MARK3",30
"GO:0032945","negative regulation of mononuclear cell proliferation","26/2326","138/21273",0.188405797101449,1.72311114434184,2.98594814743004,0.00393381033177914,0.0423732314452785,0.0349306365715413,"RIPOR2/INPP5D/ARG1/PTPN6/BCL6/LYN/HLA-E/VSIG4/CBLB/CEBPB/ZBTB7B/TYROBP/PELI1/LILRB2/CR1/MNDA/SPN/CD300A/RC3H1/TMEM131L/PRNP/CTLA4/DLG1/TNFRSF14/CD274/LGALS9C",26
"GO:0007042","lysosomal lumen acidification","8/2326","25/21273",0.32,2.92663800515907,3.3771464037813,0.00394639915185891,0.0423732314452785,0.0349306365715413,"ATP6V0B/ATP6V0A1/ATP6AP1/LAMP1/TCIRG1/LAMP2/VMA12/VMA22",8
"GO:0032928","regulation of superoxide anion generation","8/2326","25/21273",0.32,2.92663800515907,3.3771464037813,0.00394639915185891,0.0423732314452785,0.0349306365715413,"PRKCD/ITGAM/SYK/GNAI2/FPR2/CD177/TYROBP/ELAVL1",8
"GO:0043371","negative regulation of CD4-positive, alpha-beta T cell differentiation","8/2326","25/21273",0.32,2.92663800515907,3.3771464037813,0.00394639915185891,0.0423732314452785,0.0349306365715413,"HLX/BCL6/IL4R/JAK3/STAT5A/ZBTB7B/RC3H1/CD69",8
"GO:0062099","negative regulation of programmed necrotic cell death","8/2326","25/21273",0.32,2.92663800515907,3.3771464037813,0.00394639915185891,0.0423732314452785,0.0349306365715413,"FADD/ARHGEF2/RNF31/CASP8/RBCK1/PELI1/RIPK1/BIRC3",8
"GO:0046328","regulation of JNK cascade","29/2326","159/21273",0.182389937106918,1.668091630299,2.96270304874581,0.00395204084930766,0.0423732314452785,0.0349306365715413,"PTK2B/MAP4K4/CRK/MYD88/MAP3K5/ZMYND11/SH3RF3/MAP2K4/TLR4/MFHAS1/RASSF2/GADD45A/PHLPP1/RIPK1/NOD2/LTBR/DUSP22/TAOK2/GADD45B/SIRPA/MAP2K7/ANKRD6/DUSP3/MAP3K11/AGER/CRACR2A/MDFIC/RNF13/NPPA",29
"GO:0030889","negative regulation of B cell proliferation","7/2326","20/21273",0.35,3.20101031814273,3.45037060322803,0.00395786356092189,0.0423732314452785,0.0349306365715413,"INPP5D/LYN/TYROBP/MNDA/CD300A/RC3H1/CTLA4",7
"GO:0032736","positive regulation of interleukin-13 production","7/2326","20/21273",0.35,3.20101031814273,3.45037060322803,0.00395786356092189,0.0423732314452785,0.0349306365715413,"IL17RA/RARA/PRKCZ/HLA-E/IL1RAP/GATA3/IL4",7
"GO:0033631","cell-cell adhesion mediated by integrin","7/2326","20/21273",0.35,3.20101031814273,3.45037060322803,0.00395786356092189,0.0423732314452785,0.0349306365715413,"ITGA5/PLPP3/ADA/SKAP1/DPP4/ADAM9/CD3E",7
"GO:0071474","cellular hyperosmotic response","7/2326","20/21273",0.35,3.20101031814273,3.45037060322803,0.00395786356092189,0.0423732314452785,0.0349306365715413,"ARHGEF2/STK39/NINJ1/AKR1B1/OXSR1/RCSD1/MICU1",7
"GO:0097320","plasma membrane tubulation","7/2326","20/21273",0.35,3.20101031814273,3.45037060322803,0.00395786356092189,0.0423732314452785,0.0349306365715413,"BIN2/PACSIN2/BIN3/DNM2/SH3GLB1/ASAP1/WHAMM",7
"GO:0000910","cytokinesis","35/2326","202/21273",0.173267326732673,1.58465857333799,2.92532567883008,0.00399428990204697,0.042688973328127,0.035190920354109,"MTMR3/RAB35/BIN3/SH3GLB1/KLHL21/ANXA11/SVIL/IST1/CHMP3/ATXN10/CHMP2A/BECN1/KIF13A/UNC119/EXOC6/MTMR4/SEPTIN11/IQGAP1/RHOB/CHMP1B/EXOC3/PLK3/TTC19/APC/CHMP5/ARF1/RHOA/KLHDC8B/CHMP1A/ROCK1/AHCTF1/IQGAP2/CDC25B/CHMP4B/PIK3R4",35
"GO:0099504","synaptic vesicle cycle","41/2326","246/21273",0.166666666666667,1.52429062768702,2.89794260783845,0.0040212494646812,0.0429026199386091,0.0353670412646686,"GIT2/RAB7A/DNM2/OSBPL2/PSEN1/P2RX1/ATP6V0A1/PRKCB/GRIPAP1/ATP6AP1/ATP6V1B2/CDH2/ATP6V1C1/ATP6V0D1/CDK5R1/STXBP5/PICALM/STXBP2/AMPH/PPP3CC/NLGN3/TPRG1L/STX11/SYN2/TOR1A/DNAJC5/SYNJ1/LRRK2/BLTP1/SYP/FBXL20/ROCK1/AP1G1/ATP6V1E1/RPH3AL/PTEN/P2RY1/CANX/PREPL/AP3B2/CTNNB1",41
"GO:0001865","NK T cell differentiation","5/2326","11/21273",0.454545454545455,4.15715625732823,3.66968809061493,0.0040767676241758,0.043195493105725,0.0356084730793578,"FOSL2/ZBTB7B/ITK/PRDM1/ZBTB16",5
"GO:0016479","negative regulation of transcription by RNA polymerase I","5/2326","11/21273",0.454545454545455,4.15715625732823,3.66968809061493,0.0040767676241758,0.043195493105725,0.0356084730793578,"DEDD/MACROH2A1/BAZ2A/CREBBP/DDX21",5
"GO:0030853","negative regulation of granulocyte differentiation","5/2326","11/21273",0.454545454545455,4.15715625732823,3.66968809061493,0.0040767676241758,0.043195493105725,0.0356084730793578,"INPP5D/RARA/TRIB1/CEACAM1/CUL4A",5
"GO:0140507","granzyme-mediated programmed cell death signaling pathway","5/2326","11/21273",0.454545454545455,4.15715625732823,3.66968809061493,0.0040767676241758,0.043195493105725,0.0356084730793578,"LAMP1/UBE4B/SRGN/GZMK/GZMA",5
"GO:0038127","ERBB signaling pathway","33/2326","188/21273",0.175531914893617,1.60536991639377,2.92113579711568,0.00413952591256848,0.0437850885185078,0.036094509720551,"RAF1/PTK2B/RAB7A/RALB/MVP/GRB2/ADAM17/MAPK3/MAPK1/PLAUR/MMP9/CBLB/REPS2/IQGAP1/CBL/SHKBP1/SNX5/DGKD/PDPK1/PTPRJ/FLT1/PTPN12/RHBDF2/TGFA/FLT3/CEACAM1/DUSP3/GPER1/EPHB4/EPHA4/NTRK3/NPPA/FER",33
"GO:0050764","regulation of phagocytosis","23/2326","118/21273",0.194915254237288,1.78264497136278,2.98701963748669,0.00418117147466403,0.0441497282985107,0.0363951027883999,"FGR/TLR2/DYSF/PLCG2/RAB31/HCK/SLC11A1/APPL2/FCGR2A/SYK/FPR2/DOCK2/CNN2/NOD2/PTPRJ/SIRPA/CD300A/PIP4P2/CFP/SIRPB1/ATG3/FCGR1A/FCER1G",23
"GO:0044272","sulfur compound biosynthetic process","32/2326","181/21273",0.176795580110497,1.61692707467352,2.92047186121752,0.00420223032556968,0.0442247627404639,0.0364569578967505,"CSGALNACT2/CHST15/ACSL1/PDK3/EXTL3/SP1/PXYLP1/CHST11/CBS/ELOVL5/NFE2L2/MTAP/ACSL4/PPCDC/ACSS2/PAPSS1/CSAD/GCLC/NDST1/ACSL6/PGK1/HS3ST6/BCKDK/EXT2/CHSY1/DLAT/MTR/TM9SF2/CHPF2/ACSL5/PANK2/CTNNB1",32
"GO:0002726","positive regulation of T cell cytokine production","10/2326","36/21273",0.277777777777778,2.54048437947836,3.24116212740378,0.00420264558206163,0.0442247627404639,0.0364569578967505,"IL18R1/IL1R1/CD55/PRKCZ/MALT1/GATA3/B2M/ARID5A/SASH3/IL4",10
"GO:0051260","protein homooligomerization","39/2326","232/21273",0.168103448275862,1.53743106413259,2.88384795662485,0.00425097961839782,0.0446570486874693,0.0368133155025973,"VASP/TMEM120A/OSBPL2/ZNF746/APPL2/KCND1/CHMP2A/ALOX5AP/KCTD21/NLRP6/JMJD6/NLRC4/KCNJ2/SHKBP1/TRPV5/CRTC2/CARD8/RBMX/NACC2/GOLGA2/ZBTB1/MLKL/KCTD13/BCL10/NLRP1/KCTD2/NINJ1/B2M/RNF135/GNMT/KCNG2/ELAVL1/ATL1/COMP/MICU1/SAMHD1/PRNP/CEP57/ROM1",39
"GO:0007229","integrin-mediated signaling pathway","24/2326","125/21273",0.192,1.75598280309544,2.9700999319461,0.00426075196081822,0.0446834566793815,0.036835085094781,"NEDD9/PTK2B/VAV1/FGR/ITGAM/ITGA5/HCK/VAV3/ITGAX/SYK/TIMP1/CD177/MADCAM1/ITGB4/PLPP3/CCM2/BST1/CEACAM1/PRAM1/FYB1/CD63/RCC2/ADAM9/TLN1",24
"GO:0045806","negative regulation of endocytosis","18/2326","85/21273",0.211764705882353,1.93674573870821,3.03197067609791,0.00432130584852615,0.0452414265366105,0.0372950510127901,"ANKRD13A/PACSIN2/TLR2/DYSF/NECAB2/RAC1/PCSK9/UNC119/LRPAP1/PICALM/CNN2/SIRPA/CD300A/PIP4P2/ANKRD13D/ATG3/MTMR2/RIN3",18
"GO:0000018","regulation of DNA recombination","27/2326","146/21273",0.184931506849315,1.69133617592669,2.93687582643535,0.0043597118501351,0.0455660206272184,0.0375626321678158,"WAS/STAT6/BCL6/KMT5A/CREBBP/BRD8/SHLD2/SLC15A4/PELI1/MEAF6/CD28/PPP4C/ACTL6A/FIGNL1/YEATS4/SMCHD1/SPIDR/NSD2/KDM1A/RUVBL1/KPNA1/CSNK2A1/RAD50/ZRANB3/RMI2/MSH2/IL4",27
"GO:0046637","regulation of alpha-beta T cell differentiation","21/2326","105/21273",0.2,1.82914875322442,2.98418661398145,0.00442328722372589,0.0460740374775915,0.0379814190143067,"RARA/HLX/PRKCZ/BCL6/SYK/IL4R/JAK3/STAT5A/ZBTB7B/MALT1/GATA3/ADA/BRD4/PRDM1/RC3H1/RHOA/CD69/NFKBID/SASH3/NFKBIZ/ZBTB16",21
"GO:1903432","regulation of TORC1 signaling","21/2326","105/21273",0.2,1.82914875322442,2.98418661398145,0.00442328722372589,0.0460740374775915,0.0379814190143067,"USP4/OTUD5/PRKACB/MAPK3/FLCN/PRKACA/SYK/SEH1L/USP32/PELI1/FNIP1/LARS1/MIOS/KICS2/SIK3/UBE3A/SESN1/SLC38A9/KPTN/TBC1D7/UBE2N",21
"GO:0043369","CD4-positive or CD8-positive, alpha-beta T cell lineage commitment","11/2326","42/21273",0.261904761904762,2.39531384350817,3.17139336250737,0.00449235889119514,0.0465571739632951,0.0383796955776214,"STAT3/STAT6/IL6R/JAK3/STAT5A/BCL2/SPN/BRD4/CD69/SOCS3/SLAMF6",11
"GO:0045648","positive regulation of erythrocyte differentiation","11/2326","42/21273",0.261904761904762,2.39531384350817,3.17139336250737,0.00449235889119514,0.0465571739632951,0.0383796955776214,"STAT3/STAT5B/INPP5D/MAPK14/HMGB2/ETS1/PRKDC/ACVR1B/FOXO3/HSPA1A/ARNT",11
"GO:0070670","response to interleukin-4","11/2326","42/21273",0.261904761904762,2.39531384350817,3.17139336250737,0.00449235889119514,0.0465571739632951,0.0383796955776214,"STAT5B/NFIL3/STAT6/IL4R/JAK3/STAT5A/GATA3/PARP14/HSP90AB1/CDK4/IL4",11
"GO:2000404","regulation of T cell migration","14/2326","60/21273",0.233333333333333,2.13400687876182,3.08197461976115,0.00454653097137403,0.0470394027895437,0.0387772239062259,"RIPOR2/CRK/FADD/ADAM17/STK39/RIPK3/TNFSF14/DOCK8/SPN/RHOA/CD69/OXSR1/CCR2/TNFRSF14",14
"GO:0032732","positive regulation of interleukin-1 production","22/2326","112/21273",0.196428571428571,1.79648538263113,2.96113029425054,0.00455784634034368,0.0470773524683821,0.0388085079597261,"STAT3/MEFV/LILRA2/MYD88/CASP8/TLR4/AIM2/NLRP12/NLRC4/TLR6/CASP1/TLR8/TYROBP/CARD8/NOD2/MALT1/NLRP1/LILRA5/AGER/CALCA/SMAD3/IL16",22
"GO:0001961","positive regulation of cytokine-mediated signaling pathway","17/2326","79/21273",0.215189873417722,1.96807144334273,3.02032223409978,0.0046001352455999,0.0474345604219648,0.0391029745552978,"CASP4/IL1R1/FADD/RNF185/LAPTM5/ADAM17/NLRP6/CASP1/RBM47/RIPK1/TRIM32/PARP14/CSF1/TRIM41/HSPA1A/PARP9/NLRC5",17
"GO:0097242","amyloid-beta clearance","12/2326","48/21273",0.25,2.28643594153052,3.12625014072471,0.00462039071486583,0.0474765872284204,0.039137619614277,"ITGAM/IFNGR1/C5AR1/SYK/LRPAP1/PICALM/TYROBP/HMGCR/ROCK1/MME/IDE/IL4",12
"GO:2000316","regulation of T-helper 17 type immune response","12/2326","48/21273",0.25,2.28643594153052,3.12625014072471,0.00462039071486583,0.0474765872284204,0.039137619614277,"TYK2/JAK3/STAT5A/ZBTB7B/MALT1/PRKCQ/BRD4/RC3H1/CD69/NFKBID/ARID5A/NFKBIZ",12
"GO:2000403","positive regulation of lymphocyte migration","13/2326","54/21273",0.240740740740741,2.20175312888125,3.09805037237961,0.00462734768308191,0.0474765872284204,0.039137619614277,"NEDD9/PTK2B/FADD/ADAM17/STK39/TNFSF14/DOCK8/MADCAM1/SPN/RHOA/OXSR1/CCR2/TNFRSF14",13
"GO:2000060","positive regulation of ubiquitin-dependent protein catabolic process","23/2326","119/21273",0.19327731092437,1.7676647615194,2.94230456732854,0.00465906182575743,0.0477224369373756,0.0393402873491139,"PTK2B/CSNK1D/GBA1/TRIB1/LAPTM5/PSEN1/CHFR/SH3RF3/NFE2L2/MDM2/DET1/SMURF1/PLK3/LRRK2/GCLC/COP1/PIAS1/GABARAP/HSPA1A/AGTPBP1/PTEN/CBFA2T3/NUB1",23
"GO:1903038","negative regulation of leukocyte cell-cell adhesion","35/2326","204/21273",0.17156862745098,1.56912270497193,2.861790409586,0.0046918548971525,0.0479785029017788,0.0395513769175944,"RIPOR2/ARG1/HLX/LAPTM5/PTPN6/BCL6/HLA-E/VSIG4/PAG1/CBLB/IRF1/IL4R/JAK3/CEBPB/STAT5A/ZBTB7B/PELI1/LILRB2/CR1/DUSP22/SPN/CD300A/DUSP3/RC3H1/CD69/LAX1/TNFAIP8L2/TMEM131L/MIA3/PRNP/CTLA4/DLG1/TNFRSF14/CD274/LGALS9C",35
"GO:0030902","hindbrain development","30/2326","168/21273",0.178571428571429,1.63316852966466,2.88682244606893,0.00470184812002813,0.0480009569268543,0.0395698870326536,"RERE/CRK/GBA1/KCNE1/PLXNA2/PSEN1/KDM2B/ABAT/OTX1/CBS/RORA/NCOA1/NCSTN/SEMA4C/CDK5R1/BCL2/TP53/COQ8B/PDSS2/TUBA1A/WHRN/ATIC/HOXA2/DLC1/AGTPBP1/FOXC1/ATRN/CEP290/CD3E/CTNNB1",30
"GO:0060143","positive regulation of syncytium formation by plasma membrane fusion","9/2326","31/21273",0.290322580645161,2.65521593209996,3.23129487945943,0.00472356523899576,0.0481428271709568,0.0396868386497012,"RIPOR2/CD53/MAPK14/FLOT1/NFATC2/TNFSF14/IL4R/TYROBP/ADAM9",9
