"ID","Description","setSize","enrichmentScore","NES","pvalue","p.adjust","qvalue","rank","leading_edge","core_enrichment"
"GOBP_NEGATIVE_REGULATION_OF_CELL_CYCLE_PROCESS","GOBP_NEGATIVE_REGULATION_OF_CELL_CYCLE_PROCESS",309,0.63597908751949,1.78263361270277,2.9449736662316e-09,1.08749700340836e-05,9.68588931348504e-06,1738,"tags=28%, list=10%, signal=26%","CUL1/SOX2/CCNB1/TRIP13/CDK1/BUB1/BUB1B/BCL6/CDC20/RBBP8/TICRR/EZH2/RAD51/FBXO7/BRD7/SMARCA5/PTEN/KLF4/ORC1/BIRC5/PLK1/CHEK1/CDC6/GTPBP4/TP53/KNL1/TIMELESS/CDCA8/FZR1/PTPN11/CDC73/ATR/ATRX/DUSP1/WDR76/TP53BP1/BRCC3/MSH2/FOXO4/RB1/CHEK2/BARD1/GPNMB/CDC45/MAD2L1/BRCA2/KAT2A/CDC14B/AURKB/CCNF/DYNC1I2/PRMT2/NDC80/CDC7/APBB1/ESPL1/GFI1B/PLK3/BCL2/USP28/CDKN2D/MRNIP/ACVR1/MYO16/CCL2/ZFP36L2/CUL4A/BLM/CTDSPL/DTX3L/CENPF/EME1/GNB1L/XRCC3/NUF2/SIRT1/BRIP1/DYNLL2/NOP53/BAZ1B/FBXO43/STK33/TNKS/PRPF19/DYNC1H1/ZFP36L1/APBB2/DMRT1"
"GOBP_REGULATION_OF_CELL_CYCLE_PHASE_TRANSITION","GOBP_REGULATION_OF_CELL_CYCLE_PHASE_TRANSITION",454,0.596514590915318,1.70954379462949,1.94986995329034e-09,1.08749700340836e-05,9.68588931348504e-06,1740,"tags=26%, list=10%, signal=24%","CUL1/EGFR/SOX2/CCNB1/UBD/KIF14/AKT1/TRIP13/CDK1/BUB1/BUB1B/AURKA/CDC20/RBBP8/TICRR/EZH2/ANLN/RAD51/FBXO7/BRD7/SMARCC1/PTEN/KLF4/CDK18/UBE2E2/ORC1/BIRC5/PSMB2/PLK1/CHEK1/CDC6/GTPBP4/TP53/KNL1/PSMA5/TIMELESS/RAD51B/CDCA8/FZR1/PTPN11/CDC73/ATR/CENPE/DUSP1/GLI1/ACTB/WDR76/INO80/TP53BP1/CDK17/BRCC3/MSH2/SMARCA4/PSMB7/FOXO4/RB1/RRM2/CHEK2/BARD1/CDC25A/GPNMB/CDC45/MAD2L1/BRCA2/CDC14B/AURKB/DYNC1I2/RCC2/PRMT2/SMARCB1/NDC80/CDC7/DDB1/PSMA3/CDK4/APBB1/ESPL1/GFI1B/PLK3/SIX3/ACTL6B/BCL2/USP28/CDKN2D/MRNIP/ACVR1/MYO16/CCL2/CDKN1C/RRM1/ZFP36L2/EIF4G1/CUL4A/BLM/CCNE1/CTDSPL/DTX3L/AMBRA1/CENPF/EME1/GNB1L/XRCC3/NUF2/PSMA4/BRIP1/DYNLL2/MAPK15/CCNE2/APPL1/NOP53/STK33/KLF11/PRPF19/DYNC1H1/ZFP36L1/FGF10/APBB2/SMARCA2"
"GOBP_MITOTIC_CELL_CYCLE_PHASE_TRANSITION","GOBP_MITOTIC_CELL_CYCLE_PHASE_TRANSITION",450,0.592683450124812,1.69614901358189,2.9530150345991e-09,1.08749700340836e-05,9.68588931348504e-06,1959,"tags=29%, list=11%, signal=26%","CUL1/EGFR/CCNB1/UBD/MYC/KIF14/AKT1/TRIP13/FOXM1/CDK1/BUB1/BUB1B/AURKA/CCNB2/CDC20/RBBP8/NES/TICRR/EZH2/ANLN/CDKN3/FBXO7/BRD7/PPP2R2D/SMARCC1/PTEN/KLF4/UBE2E2/PPP3CA/ORC1/BIRC5/PSMB2/PLK1/CHEK1/CDC6/GTPBP4/TP53/KNL1/PSMA5/RAD51B/CDCA8/FZR1/CDK6/CDC73/ATR/CENPE/RHOU/DUSP1/ACTB/CCNG2/INO80/BRCC3/SMARCA4/PSMB7/FOXO4/RB1/MELK/CAMK2A/RRM2/CHEK2/BARD1/CDC25A/GPNMB/MAD2L1/CDC34/CCNA2/CDC14B/AURKB/CCNF/DYNC1I2/RCC2/PRMT2/SMARCB1/NDC80/CDC7/DDB1/PSMA3/CDK4/ESPL1/GFI1B/PLK3/MYB/ACVR1B/CCNJL/ACTL6B/BCL2/CDKN2D/CDC27/MRNIP/ACVR1/MYO16/CCL2/PPM1D/CDK3/CDKN1C/RRM1/ZFP36L2/EIF4G1/CUL4A/BLM/CCNE1/CTDSPL/UBE2S/AMBRA1/EPS8/CENPF/XRCC3/CCDC57/NUF2/PSMA4/DYNLL2/CCNE2/APPL1/NOP53/KLF11/DYNC1H1/ZFP36L1/FGF10/SMARCA2/POLE/CCNG1/CACUL1/PSMA6/SPAST/HECW2/MEPCE/CDKN2B/PBRM1/DTL/PLRG1"
"GOBP_REGULATION_OF_MITOTIC_CELL_CYCLE_PHASE_TRANSITION","GOBP_REGULATION_OF_MITOTIC_CELL_CYCLE_PHASE_TRANSITION",346,0.606602500498778,1.70696624123341,2.52100804156285e-08,6.31795411111168e-05,5.62714232923053e-05,2781,"tags=38%, list=16%, signal=33%","EGFR/CCNB1/UBD/KIF14/AKT1/TRIP13/CDK1/BUB1/BUB1B/AURKA/CDC20/RBBP8/TICRR/EZH2/ANLN/FBXO7/BRD7/SMARCC1/PTEN/KLF4/UBE2E2/ORC1/BIRC5/PSMB2/PLK1/CHEK1/CDC6/GTPBP4/TP53/KNL1/PSMA5/RAD51B/CDCA8/FZR1/CDC73/ATR/CENPE/DUSP1/ACTB/INO80/BRCC3/SMARCA4/PSMB7/FOXO4/RB1/RRM2/BARD1/CDC25A/GPNMB/MAD2L1/CDC14B/AURKB/DYNC1I2/RCC2/PRMT2/SMARCB1/NDC80/CDC7/DDB1/PSMA3/CDK4/ESPL1/GFI1B/PLK3/ACTL6B/BCL2/CDKN2D/MRNIP/ACVR1/MYO16/CCL2/CDKN1C/RRM1/ZFP36L2/EIF4G1/CUL4A/BLM/CCNE1/CTDSPL/AMBRA1/CENPF/XRCC3/NUF2/PSMA4/DYNLL2/CCNE2/APPL1/NOP53/KLF11/DYNC1H1/ZFP36L1/FGF10/SMARCA2/PSMA6/HECW2/MEPCE/CDKN2B/PBRM1/DTL/PLRG1/RIOK2/PSME2/SMARCD2/CDC23/UIMC1/ZW10/PSMB4/APPL2/ATAD5/PSMB6/TCF3/RPTOR/DLGAP5/STIL/CDC25B/CDKN1B/CDC14A/PBX1/RAD50/SMARCD3/ERCC2/CLSPN/ZWINT/BCL7A/PKD2/ATM/CCND1/STK35/TFDP1/CCND2/KLHL22/RBL1"
"GOBP_NUCLEAR_CHROMOSOME_SEGREGATION","GOBP_NUCLEAR_CHROMOSOME_SEGREGATION",337,0.605123733112531,1.70611146332188,2.85932028924316e-08,6.31795411111168e-05,5.62714232923053e-05,1986,"tags=28%, list=11%, signal=26%","H3-7/CCNB1/KIF14/RHOA/TOP2A/TRIP13/CDK1/BUB1/BUB1B/CDC42/AURKA/KIF11/CCNB2/CDC20/H3-3A/NUMA1/MYBL2/BRD7/SMARCC1/SMARCA5/PTEN/SPAG5/PRC1/SMC2/BIRC5/PLK1/CDC6/TPX2/KIF23/KNL1/KIFC1/MAPRE1/SMC3/CDCA8/HNRNPU/CENPE/UBE2B/DUSP1/ACTB/INO80/SMARCA4/HSPA1A/SGO1/PPP1CC/RB1/DRG1/CHEK2/MAD2L1/RACGAP1/AURKB/DYNC1I2/RCC2/ACTR2/SMC4/SMARCB1/NDC80/DDB1/TTN/ESPL1/EHMT2/ASPM/MLH1/ACTL6B/NCAPG/GEM/AGO4/CDC27/PRDM9/NCAPH/TUBG1/RRS1/CCNE1/EML3/KAT5/CENPF/XRCC3/KIF15/NUF2/SIRT1/BRIP1/PRICKLE1/DYNLL2/MAPK15/CCNE2/BAZ1B/DYNC1H1/SMARCA2/PDCD6IP/CEP55/HECW2/RAN/NUP62/BCCIP/PBRM1/SMC1A/RIOK2"
"GOBP_REGULATION_OF_DNA_METABOLIC_PROCESS","GOBP_REGULATION_OF_DNA_METABOLIC_PROCESS",493,0.565934489840753,1.62692595664994,3.54812809593504e-08,6.53328653398172e-05,5.81893007733346e-05,2631,"tags=31%, list=15%, signal=27%","EGFR/KPNA2/SRC/MAPK3/CCT5/MYC/AKT1/MAPK1/FOXM1/CDK1/HSP90AA1/BCL6/TICRR/HNRNPA2B1/RAD51/BRD7/SMARCC1/SMARCA5/KLF4/PARP1/PLK1/CHEK1/CDC6/GTPBP4/TP53/BRD8/RUVBL1/TIMELESS/TNF/SMC3/PCNA/XRN1/MCM4/ATR/HNRNPU/UBE2B/ATRX/ACTR8/DUSP1/GLI1/ACTB/HNRNPA1/INO80/TP53BP1/TRIM28/BRCC3/MSH2/KPNA1/ANKRD1/SMARCA4/PDGFRB/SMC6/BARD1/CDC25A/CCNA2/KAT2A/MCM6/HGF/DHX36/AURKB/PRMT1/TWIST1/ACTR2/SSBP1/MCM2/SMARCB1/CDC7/DDB1/RNF8/FH/PPP4C/TAF5/ABL1/MCM7/CCT6A/PARPBP/EHMT2/MLH1/ACTL6B/MCM3/MRNIP/PRDM9/TCP1/HNRNPC/AICDA/AGER/APAF1/CUL4A/MSH6/SF3B3/NSD2/BLM/TAF12/RIF1/TNKS2/KAT5/RUVBL2/EP400/NOX4/CD40/SIRT1/MAPK15/HDAC8/TIGAR/ACVRL1/SMARCAD1/TNKS/STAT6/FGF10/SMARCA2/SMG1/H1-2/SIRT6/SUPT6H/DDX11/PBRM1/MAP3K4/DTL/CCT2/KHDC3L/VPS72/ESCO2/POLH/SMG6/SMARCD2/TIPIN/DYRK1A/CCT7/TFRC/UIMC1/ZCWPW1/SLC15A4/TOP2B/PNKP/HDAC10/PPP1R10/CEBPG/SPIRE1/ATAD5/CDKN1B/RFC2/CDK9/LIG3/RAD50/SMARCD3/FBH1/TAF10/ERCC2/INO80E/CGAS/MSH3"
"GOBP_CHROMOSOME_SEGREGATION","GOBP_CHROMOSOME_SEGREGATION",444,0.571430652787289,1.63326472489724,9.03928333418752e-08,0.000142665717537291,0.000127066497154865,1994,"tags=27%, list=11%, signal=24%","H3-7/TUBB1/CCNB1/KIF14/RHOA/TOP2A/TRIP13/CDK1/BUB1/BUB1B/CDC42/AURKA/KIF11/CCNB2/CDC20/H3-3A/NUMA1/MYBL2/BRD7/PPP2R2D/SMARCC1/SMARCA5/PTEN/SPAG5/PRC1/SMC2/BIRC5/PLK1/CDC6/TPX2/KIF23/KNL1/KIFC1/MAPRE1/SMC3/MKI67/CDCA8/RAD21L1/HNRNPU/CENPE/UBE2B/DUSP1/ACTB/INO80/SMARCA4/HSPA1A/SGO1/PPP1CC/RB1/DRG1/SMC6/CHEK2/MAD2L1/RACGAP1/TUBB/AURKB/CSNK2A2/DYNC1I2/RCC2/ACTR2/MAPRE3/SMC4/SMARCB1/NDC80/DDB1/TTN/ESPL1/LZTS2/EHMT2/TUBGCP2/ASPM/MLH1/NCOR1/ACTL6B/NCAPG/GEM/AGO4/CDC27/PRDM9/NCAPH/TUBG1/RRS1/CCNE1/EML3/CSNK1D/NDEL1/KAT5/CENPF/XRCC3/CENPO/KIF15/NUF2/SIRT1/BRIP1/PRICKLE1/DYNLL2/MAPK15/CCNE2/BAZ1B/PPP2R1B/SMARCAD1/TNKS/DYNC1H1/PLSCR1/NUP37/SMARCA2/PDCD6IP/CEP55/HECW2/RAN/NUP62/BCCIP/TUBGCP6/PBRM1/UVRAG/SMC1A/RIOK2/RGS14"
"HP_FEVER","HP_FEVER",420,0.577418774930187,1.64934268134032,1.13846221499137e-07,0.000157221631890309,0.000140030852443939,1815,"tags=24%, list=10%, signal=22%","TLR7/RANBP2/ANKFY1/NRAS/JAK2/HAVCR2/MT-ND3/TRIP13/BIRC3/STAT1/QDPR/BCL6/IFIH1/C1QB/ANLN/IRF4/NUMA1/MT-ND4/LCK/TP53/OBSCN/ATP5F1B/MAP2K1/NUP93/CYBB/REL/CASK/KRT18/MYO1E/KIT/TRIM28/MT-ND2/PTPRO/GAA/AK2/WT1/RB1/CHEK2/BRCA2/MT-CYB/NUP205/MT-ND1/MT-CO2/XIAP/CALR/GATA2/MRPS7/BLK/DDB2/ZBTB16/GCH1/MT-CO1/BTK/DST/ABL1/PTPN3/NCF4/ROS1/CR2/STAT2/CD2AP/CFTR/LIPA/BCL2/GFI1/HLA-DPB1/ADA2/CTR9/TBK1/MT-CO3/PSTPIP1/STAT5B/HBB/BRAF/MALT1/ANKRD55/ANK1/TNFRSF1A/ERAP1/PTPN2/ACAT1/PRKAR1A/SYK/SAMHD1/PRNP/PIK3R1/NTRK1/XPA/MT-ATP6/MCM10/CD244/HLA-DPA1/RYR1/TCF4/TRAF3/STAT6/SPINK5/NUP37/HLA-DRB1/INF2/TSC1/ERCC5"
"GOCC_CYTOSOLIC_RIBOSOME","GOCC_CYTOSOLIC_RIBOSOME",115,-0.713885639624468,-2.08979136665144,1.80479549600135e-07,0.000213574342523828,0.000190221898120426,1135,"tags=51%, list=6%, signal=48%","RPL10A/RPL37A/RPLP0/RPL41/RPL29/RPS10/RPS21/RPS3/RPL27A/RPL13A/RPL37/RPS29/RPS17/RPL24/RPL32/RPL15/RPL8/RPS27L/RPL39L/RPL35/RPS3A/RPL39/GSPT1/RPL38/RPL10/RPL36A/RPL27/RPS25/RPL9/RPS23/RPS13/RPL23A/RPS18/RPL5/RPL34/RPL35A/UBC/RPS6/RPS20/RPL14/RPS12/EEF1A1/RPS24/RPL30/RPS7/RPS27/RPS4X/RPL31/RPL7/RPS27A/RPL6/RPL26/DDX3X/RPL17/RPL4/RPL11/RPL23/RPL3L/RPS4Y1"
"GOCC_RIBOSOMAL_SUBUNIT","GOCC_RIBOSOMAL_SUBUNIT",175,-0.636958310568699,-1.97590518274937,2.31977924537105e-07,0.000213574342523828,0.000190221898120426,1594,"tags=44%, list=9%, signal=40%","MRPS27/MRPL10/RPL12/RPS19/MRPL49/RPL22/RPS8/MRPL40/RPL28/MRPL2/MRPL34/DAP3/CHCHD1/RPL10A/RPL37A/RPLP0/RPL41/MRPS25/RPL29/RPS10/RPS21/MRPS2/RPS3/RPL27A/RPL13A/RPL37/RPS29/MRPS6/RPS17/MRPL47/RPL24/RPL32/RPL15/RPL8/RPS27L/RPL39L/RPL35/RPS3A/RPL39/MRPL11/MRPS14/MRPL30/RPL38/RPL10/RPL36A/RPL27/RPS25/RPL9/RPS23/MRPL36/RPS13/RPL23A/RPS18/RPL5/RPL34/RPL35A/RPS6/RPS20/RPL14/RPS12/RPS24/RPL30/RPS7/RPS27/RPS4X/RPL31/RPL7/RPS27A/RPL6/RPL26/DDX3X/RPL17/RPL4/RPL11/RPL23/RPL3L/RPS4Y1"
"GOBP_NEGATIVE_REGULATION_OF_MITOTIC_CELL_CYCLE_PHASE_TRANSITION","GOBP_NEGATIVE_REGULATION_OF_MITOTIC_CELL_CYCLE_PHASE_TRANSITION",184,0.670544971233819,1.8114092103438,2.19555506149447e-07,0.000213574342523828,0.000190221898120426,1703,"tags=30%, list=10%, signal=28%","CCNB1/TRIP13/CDK1/BUB1/BUB1B/CDC20/RBBP8/TICRR/EZH2/FBXO7/BRD7/PTEN/KLF4/ORC1/BIRC5/PLK1/CHEK1/CDC6/GTPBP4/TP53/KNL1/CDCA8/FZR1/CDC73/ATR/DUSP1/BRCC3/FOXO4/RB1/BARD1/GPNMB/MAD2L1/CDC14B/AURKB/DYNC1I2/PRMT2/NDC80/CDC7/GFI1B/PLK3/BCL2/CDKN2D/MRNIP/ACVR1/MYO16/CCL2/ZFP36L2/BLM/CTDSPL/CENPF/XRCC3/NUF2/DYNLL2/NOP53/DYNC1H1/ZFP36L1"
"GOBP_REGULATION_OF_CHROMOSOME_ORGANIZATION","GOBP_REGULATION_OF_CHROMOSOME_ORGANIZATION",252,0.634194696437799,1.7501282970785,2.05927798498619e-07,0.000213574342523828,0.000190221898120426,1986,"tags=31%, list=11%, signal=28%","SRC/CCNB1/MAPK3/CCT5/MYC/MAPK1/TRIP13/CDK1/BUB1/HSP90AA1/BUB1B/CDC20/HNRNPA2B1/NUMA1/BRD7/SMARCC1/SMARCA5/KLF4/PARP1/SMC2/BIRC5/PLK1/CDC6/TP53/KNL1/RUVBL1/CDCA8/FEN1/XRN1/ATR/HNRNPU/CENPE/ATRX/ACTR8/DUSP1/ACTB/HNRNPA1/INO80/SMARCA4/RB1/SMC6/MAD2L1/DHX36/AURKB/DYNC1I2/SMC4/SMARCB1/NDC80/ESPL1/CCT6A/ACTL6B/NCAPG/CDC27/NCAPH/TCP1/HNRNPC/TAL1/TNKS2/KAT5/CENPF/RUVBL2/XRCC3/NUF2/SIRT1/DYNLL2/MAPK15/HDAC8/BAZ1B/TNKS/DYNC1H1/SMARCA2/SMG1/HECW2/SIRT6/DDX11/PBRM1/MAP3K4/CCT2/RIOK2"
"GOBP_NEGATIVE_REGULATION_OF_CELL_CYCLE","GOBP_NEGATIVE_REGULATION_OF_CELL_CYCLE",383,0.581995625697859,1.64869898224747,4.80552495822154e-07,0.000408395690295627,0.000363741273760769,1776,"tags=26%, list=10%, signal=24%","CUL1/SOX2/CCNB1/TRIP13/CDK1/BUB1/BUB1B/BCL6/CDC20/RBBP8/TICRR/EZH2/RAD51/FBXO7/BRD7/SMARCA5/PTEN/KLF4/PTPRK/ORC1/BIRC5/PLK1/CHEK1/CDC6/GTPBP4/TP53/KNL1/TIMELESS/TNF/CDCA8/FZR1/PTPN11/CDK6/CDC73/ATR/ATRX/DUSP1/WDR76/TP53BP1/BRCC3/MSH2/FOXO4/RB1/CHEK2/BARD1/GPNMB/CDC45/MAD2L1/BRCA2/KAT2A/CDC14B/AURKB/CCNF/DYNC1I2/PRMT2/NDC80/CDC7/APBB1/LILRB1/ESPL1/GFI1B/PLK3/ABL1/PTPN3/BCL2/USP28/CDKN2D/MRNIP/ACVR1/MYO16/NR4A1/CCL2/CDKN1C/ZFP36L2/CUL4A/BLM/CTDSPL/DTX3L/CENPF/EME1/GNB1L/XRCC3/NUF2/SIRT1/BRIP1/DYNLL2/NOP53/BAZ1B/FBXO43/STK33/TNKS/TP53I13/PRPF19/DYNC1H1/HTRA2/ZFP36L1/APBB2/DMRT1/RHOB/HOXC9"
"GOBP_POSITIVE_REGULATION_OF_CELL_ACTIVATION","GOBP_POSITIVE_REGULATION_OF_CELL_ACTIVATION",377,0.579119766930474,1.63688495134774,5.61356613879745e-07,0.000442990562153102,0.000394553505755478,1923,"tags=24%, list=11%, signal=22%","AXL/EPHB2/SRC/THBS1/JAK2/AKT1/CD4/RHOA/HAVCR2/YWHAG/HSPD1/IRS2/BCL6/TGFBR2/CAV1/SIRPA/BRD7/SMARCC1/MEF2C/PPP3CA/RIPK2/HLA-DRB5/LCK/TNF/HSPH1/PTPN11/HLA-DRA/TYK2/FOXO3/ABL2/VCAM1/ACTB/HLA-DOB/TP53BP1/DUSP10/PRKCZ/MSH2/SMARCA4/RHOH/KARS1/GAS6/CD209/CD74/SMARCB1/ZBTB16/DNAJA3/BTK/LILRB1/ABL1/XRCC6/CSK/ZAP70/IL4I1/MLH1/ACTL6B/BCL2/HLA-DPB1/LILRB4/MTOR/CCL2/LGALS9/STAT5B/FCRL3/MALT1/AGER/NSD2/LRRK2/RIF1/SOX4/FLT3LG/AMBRA1/KAT5/SYK/CD40/HLA-DMB/SIRPG/HLA-DPA1/FCHO1/STAT6/FGF10/SMARCA2/HLA-DRB1/NCK1/CCDC88B/TLR6/ICOSLG/HLA-DQB1/NCKAP1L/PBRM1"
"GOBP_RESPONSE_TO_STARVATION","GOBP_RESPONSE_TO_STARVATION",225,0.638038052939148,1.75081774176366,6.40237478286338e-07,0.000471556244007164,0.000419995785755838,1706,"tags=25%, list=10%, signal=23%","HSPA5/ATF3/MAPK3/MAPK1/YWHAG/HSPA8/GABARAPL1/FOS/CAV1/GABARAPL2/PRKAG1/PLIN2/YME1L1/TP53/EIF2AK2/FOXO3/BMPR2/ULK2/HNRNPA1/PDK4/CAD/EIF2S1/GAS6/FOXO1/MAP1LC3C/PRKAG2/FOXK1/FNIP1/YARS1/STX17/EHMT2/ULK1/IFI16/PRKAG3/BCL2/LARS1/WNT4/GCN1/MTOR/TTC5/PPM1D/VAMP8/LRRK2/MYBBP1A/PAK6/ACAT1/ACADM/AMBRA1/KAT5/KLF10/GLUL/SIRT1/SREBF2/TBL2/PAK4/SLC34A1/ADSL"
"GOBP_SYNCYTIUM_FORMATION","GOBP_SYNCYTIUM_FORMATION",103,-0.703980152377404,-2.0323886369394,1.17612981426907e-06,0.000812117636752793,0.000723319835775478,1669,"tags=44%, list=9%, signal=40%","CACNA1S/MYOG/ERVFRD-1/RPL12/DOCK2/NPHS1/ERVW-1/RPL28/RPL10A/RPL37A/RPLP0/ADGRB3/TANC1/RPL41/RPL29/CYP19A1/RPL27A/RPL13A/RPL37/RPL24/RPL32/RPL15/RPL8/RPL35/RPL39/RPL38/RPL10/RPL36A/RPL27/RPL9/MAPK14/RPL23A/RPL5/RPL34/RPL35A/RPL14/RPL30/RPL31/RPL7/RPL6/RPL17/RPL4/RPL11/RPL23/RPL3L"
"GOBP_PROTEIN_FOLDING","GOBP_PROTEIN_FOLDING",217,0.635030455425093,1.73479364528088,1.2546695739105e-06,0.000815387614856659,0.00072623227101643,1821,"tags=28%, list=10%, signal=25%","HSPA4/HSPA4L/HSPA5/HSP90B1/TUBA1A/RANBP2/CCT5/HSPA9/DNAJC7/HSPD1/PPIC/HSP90AA1/HSPA8/DNAJB11/DNAJA1/HSP90AB1/FKBP8/AIFM1/DNAJC10/PDIA4/PDIA6/SNRNP70/DNAJB7/HYOU1/PDIA3/HSPH1/PPIB/HDAC4/DNAJB12/HSPA1A/TXNDC5/DNAJB4/CALR/FKBP1A/GAK/CD74/CWC27/CANX/DNAJA3/SIL1/CCT6A/CLU/ERP44/PFDN6/TCP1/P4HB/DNAJB2/CHCHD4/PPIF/RUVBL2/DNAJA2/PPID/CCT8L2/HSPA1L/FKBP9/HSPB2/PPIL1/ZMYND10/TSC1/PPIL2"
"GOBP_NEGATIVE_REGULATION_OF_MITOTIC_CELL_CYCLE","GOBP_NEGATIVE_REGULATION_OF_MITOTIC_CELL_CYCLE",235,0.620461295895652,1.70458858840337,1.75821784693083e-06,0.00107915504293843,0.000961159089655521,1703,"tags=28%, list=10%, signal=26%","CCNB1/TRIP13/CDK1/BUB1/BUB1B/BCL6/CDC20/RBBP8/TICRR/EZH2/FBXO7/BRD7/PTEN/KLF4/ORC1/BIRC5/PLK1/CHEK1/CDC6/GTPBP4/TP53/KNL1/TIMELESS/TNF/CDCA8/FZR1/CDC73/ATR/DUSP1/BRCC3/MSH2/FOXO4/RB1/CHEK2/BARD1/GPNMB/MAD2L1/CDC14B/AURKB/DYNC1I2/PRMT2/NDC80/CDC7/GFI1B/PLK3/ABL1/PTPN3/BCL2/CDKN2D/MRNIP/ACVR1/MYO16/CCL2/CDKN1C/ZFP36L2/BLM/CTDSPL/CENPF/EME1/XRCC3/NUF2/DYNLL2/NOP53/STK33/DYNC1H1/ZFP36L1"
"GOBP_SISTER_CHROMATID_SEGREGATION","GOBP_SISTER_CHROMATID_SEGREGATION",248,0.619785722523946,1.70594052515741,1.98919485913313e-06,0.00115666446335278,0.00103019354809842,1986,"tags=31%, list=11%, signal=28%","H3-7/CCNB1/KIF14/RHOA/TOP2A/TRIP13/CDK1/BUB1/BUB1B/KIF11/CDC20/H3-3A/NUMA1/MYBL2/BRD7/SMARCC1/SMARCA5/SPAG5/PRC1/SMC2/BIRC5/PLK1/CDC6/TPX2/KIF23/KNL1/KIFC1/MAPRE1/SMC3/CDCA8/HNRNPU/CENPE/DUSP1/ACTB/INO80/SMARCA4/HSPA1A/PPP1CC/RB1/DRG1/CHEK2/MAD2L1/RACGAP1/AURKB/DYNC1I2/SMC4/SMARCB1/NDC80/TTN/ESPL1/ACTL6B/NCAPG/CDC27/NCAPH/TUBG1/RRS1/EML3/KAT5/CENPF/XRCC3/KIF15/NUF2/SIRT1/PRICKLE1/DYNLL2/MAPK15/BAZ1B/DYNC1H1/SMARCA2/PDCD6IP/CEP55/HECW2/RAN/NUP62/BCCIP/PBRM1/SMC1A/RIOK2"
"GOMF_STRUCTURAL_CONSTITUENT_OF_RIBOSOME","GOMF_STRUCTURAL_CONSTITUENT_OF_RIBOSOME",158,-0.634436344272844,-1.94973262404821,2.11098974063284e-06,0.00116611073272558,0.00103860695239136,1586,"tags=48%, list=9%, signal=44%","MRPL10/RPL12/RPS19/MRPL49/RPL22/RPS8/RPL28/MRPL2/MRPL34/DAP3/RPL22L1/RPL10A/RPL37A/RPLP0/RPL41/MRPS25/RPL29/RPS10/RPS21/MRPS2/RPS3/RPL27A/RPL13A/RPL37/RPS29/MRPS6/RSL24D1/RPS17/MRPL47/RPL24/RPL32/RPL15/RPL8/RPS27L/RPL39L/RPL35/RPS3A/RPL39/MRPL11/MRPS14/MRPL30/RPL38/RPL10/RPL36A/RPL27/RPS25/RPL9/RPS23/MRPL36/RPS13/RPL23A/RPS18/RPL5/RPL34/RPL35A/UBC/RPS6/RPS20/RPL14/RPS12/RPS24/RPL30/RPS7/RPS27/RPS4X/RPL31/RPL7/RPS27A/RPL6/RPL26/RPL17/RPL4/RPL11/RPL23/RPL3L/RPS4Y1"
"GOBP_CELLULAR_RESPONSE_TO_STARVATION","GOBP_CELLULAR_RESPONSE_TO_STARVATION",188,0.651864527076424,1.76315249707764,2.23151222445594e-06,0.00117398795503758,0.00104562287088792,1666,"tags=26%, list=9%, signal=24%","HSPA5/ATF3/MAPK3/MAPK1/YWHAG/HSPA8/GABARAPL1/FOS/CAV1/GABARAPL2/PRKAG1/PLIN2/YME1L1/TP53/EIF2AK2/FOXO3/BMPR2/HNRNPA1/PDK4/EIF2S1/GAS6/FOXO1/MAP1LC3C/PRKAG2/FNIP1/STX17/EHMT2/IFI16/PRKAG3/BCL2/LARS1/WNT4/GCN1/MTOR/TTC5/PPM1D/VAMP8/LRRK2/MYBBP1A/PAK6/AMBRA1/KAT5/KLF10/GLUL/SIRT1/SREBF2/TBL2/PAK4/SLC34A1"
"GOBP_CELL_CYCLE_G1_S_PHASE_TRANSITION","GOBP_CELL_CYCLE_G1_S_PHASE_TRANSITION",253,0.608181057163281,1.67579358045305,2.38226853518234e-06,0.0011963319443952,0.00106552374482701,1959,"tags=31%, list=11%, signal=28%","CUL1/EGFR/SOX2/CCNB1/MYC/KIF14/AKT1/CDK1/CCNB2/RBBP8/EZH2/CDKN3/FBXO7/BRD7/SMARCC1/PTEN/KLF4/UBE2E2/PPP3CA/PSMB2/CDC6/TP53/PSMA5/CDK6/CDC73/RHOU/GLI1/ACTB/CCNG2/INO80/SMARCA4/PSMB7/RB1/CAMK2A/RRM2/CDC25A/GPNMB/CDC34/CCNA2/CCNF/PRMT2/SMARCB1/CDC7/PSMA3/CDK4/APBB1/GFI1B/PLK3/MYB/ACVR1B/CCNJL/ACTL6B/BCL2/CDKN2D/ACVR1/MYO16/CCL2/CDK3/RRM1/EIF4G1/CUL4A/CCNE1/CTDSPL/AMBRA1/PSMA4/CCNE2/APPL1/KLF11/FGF10/SMARCA2/POLE/CCNG1/CACUL1/PSMA6/MEPCE/CDKN2B/PBRM1/PLRG1"
"GOCC_PIGMENT_GRANULE","GOCC_PIGMENT_GRANULE",108,0.712788096454501,1.81992737295546,2.90392143551871e-06,0.00123394323152349,0.00109902257405785,2213,"tags=35%, list=12%, signal=31%","HSPA5/HSP90B1/YWHAE/PRDX1/HSP90AA1/HSPA8/HSP90AB1/YWHAB/PDIA4/PDIA6/CTSB/PDIA3/PPIB/RAB2A/ANXA2/GPNMB/ATP1A1/CANX/ITGB3/ATP1B3/P4HB/CALU/CNP/RAC1/STX3/SDCBP/DCT/BSG/STOM/PDCD6IP/RAN/FASN/GANAB/RPN1/DNAJC5/TPP1/ATP6V1B2/TFRC"
"GOBP_CELLULAR_RESPONSE_TO_BIOTIC_STIMULUS","GOBP_CELLULAR_RESPONSE_TO_BIOTIC_STIMULUS",245,0.616523528994867,1.69482292907067,2.87251278443416e-06,0.00123394323152349,0.00109902257405785,1670,"tags=24%, list=9%, signal=22%","AXL/EPHB2/HSPA5/MAPK3/JAK2/AKT1/MAPK1/RHOA/HAVCR2/KMO/GSK3B/PRKCE/SIRPA/NOTCH1/MEF2C/RIPK2/CD180/GSK3A/GATA1/TP53/PLAA/PRDX2/TNF/CASP7/CAPN2/PTPN11/CDC73/HDAC5/ANKRD1/VIM/HADHB/CDK4/BTK/LILRB1/ABL1/IRAK2/GFI1/CCR5/TRIM5/CTR9/CCL2/TLR10/LITAF/AICDA/MALT1/APAF1/NR1H3/PPARD/HCK/MMP9/IRF3/EME1/SYK/CD40/TIGAR/BMP6/NFKBIA/PTAFR"
"HP_ABNORMAL_BONE_MARROW_CELL_MORPHOLOGY","HP_ABNORMAL_BONE_MARROW_CELL_MORPHOLOGY",237,0.606979729631684,1.66865033369189,2.58010285817669e-06,0.00123394323152349,0.00109902257405785,2165,"tags=29%, list=12%, signal=26%","SRC/MYC/HSPA9/NRAS/JAK2/HAVCR2/IFIH1/SCARB2/NUMA1/RAD51/CSF3R/GATA1/KIF23/TP53/SAMD9/MTHFD1/SAMD9L/UBE2T/ATR/KIT/GLI1/BRCA2/RACGAP1/SLC7A7/XIAP/CALR/TALDO1/GATA2/MRPS7/CASP10/FASLG/ZBTB16/GNAS/GFI1B/TLR8/TBXAS1/RAC2/GFI1/ADA2/PSTPIP1/EFL1/PALB2/STAT5B/MYSM1/SEC61A1/RPS14/CXCR2/FLT3LG/PRKAR1A/KIF15/PRKACA/BRIP1/CXCR4/KRAS/SRP54/TRAF3/NHP2/TCN2/HLA-DRB1/SRP72/IRF8/PCCA/ICOSLG/ANKRD26/TYMS/BACH2/ERCC6L2/SMARCD2/FANCI"
"GOBP_GENERATION_OF_PRECURSOR_METABOLITES_AND_ENERGY","GOBP_GENERATION_OF_PRECURSOR_METABOLITES_AND_ENERGY",471,0.543810799356393,1.55711840830919,2.8310644490775e-06,0.00123394323152349,0.00109902257405785,2549,"tags=29%, list=14%, signal=25%","CCNB1/LDHA/AKT1/RHOA/MT-ND3/GAPDHS/CDK1/GSK3B/IRS2/PGK2/GABARAPL1/ENO2/VCP/ALDH1L2/PRKAG1/ENO1/GSK3A/MT-ND4/UQCRC2/TP53/MDH2/ATP5F1B/TNF/IDH3A/HDAC4/PNPT1/ENO4/PDK4/IRS1/MT-ND2/MSH2/GAA/CAT/PINK1/PPP1CC/UCHL1/MT-CYB/PYGL/MT-ND1/PARK7/MT-CO2/IDH1/PDK1/COL6A1/ACOX1/TALDO1/SDHA/HK1/BCKDK/PRPS2/PRKAG2/FH/MT-CO1/ENO3/FOXK1/ATP5IF1/PDHX/SNCA/NDUFA9/PRKAG3/GAPDH/NCOR1/IDH2/LIPA/NDUFA12/IFNLR1/AKT2/PGD/NDUFS1/MTOR/ACO2/HKDC1/MT-CO3/NDP/DLAT/NDUFA8/ATP5F1A/MTCH2/PPIF/MYBBP1A/SLC25A25/ZBTB20/PDP1/PPARD/ACAT1/ACADM/BLVRA/STOML2/UQCRFS1/PRKACA/SDHC/MT-ATP6/NDUFV2/TIGAR/NOP53/MT-ND4L/OXA1L/IDE/ADSL/PYGM/ISCU/COQ9/SIRT6/NDUFA13/NDUFV1/COX4I1/ACADVL/PLEC/CYCS/PKM/TPI1/ALDOC/STK40/P2RX7/NDUFC2-KCTD14/HIF1A/CBFA2T3/NDUFS7/PDHB/FDX1/UQCRC1/TKT/G6PD/PRKAA1/NNT/WIPI1/NDUFB8/RPTOR/NDUFB10/INSR/PIK3CA/RBPJ/PGM2/IGF1/OGT/ATP5F1D"
"GOBP_MYOBLAST_FUSION","GOBP_MYOBLAST_FUSION",88,-0.715282718357515,-2.03433585285458,4.64784318444649e-06,0.00163897288788223,0.00145976585959098,1669,"tags=50%, list=9%, signal=46%","CACNA1S/MYOG/ERVFRD-1/RPL12/DOCK2/NPHS1/ERVW-1/RPL28/RPL10A/RPL37A/RPLP0/ADGRB3/TANC1/RPL41/RPL29/RPL27A/RPL13A/RPL37/RPL24/RPL32/RPL15/RPL8/RPL35/RPL39/RPL38/RPL10/RPL36A/RPL27/RPL9/MAPK14/RPL23A/RPL5/RPL34/RPL35A/RPL14/RPL30/RPL31/RPL7/RPL6/RPL17/RPL4/RPL11/RPL23/RPL3L"
"GOCC_MIDBODY","GOCC_MIDBODY",187,0.634002560348323,1.71337473627253,4.74720604745034e-06,0.00163897288788223,0.00145976585959098,1950,"tags=26%, list=11%, signal=24%","HSPA5/HSP90B1/KIF14/RHOA/CDK1/CDC42/AURKA/KIF20A/ANLN/SPAG5/BIRC6/PRC1/BIRC5/PLK1/KIF23/CDCA8/HNRNPU/CENPE/ANKRD45/PPP1CC/ANXA2/RACGAP1/AURKB/RCC2/EXOC4/MAPRE3/CNTRL/RNF8/LZTS2/CRMP1/ASPM/GDI1/CTNND1/GEM/MYH10/EXOC2/SEPTIN2/EML3/RAP2A/CENPF/PIN1/KATNA1/PDCD6IP/CEP55/SPAST/RAN/NUP62/DDX11/UVRAG"
"GOBP_POSITIVE_REGULATION_OF_CELL_CYCLE_PROCESS","GOBP_POSITIVE_REGULATION_OF_CELL_CYCLE_PROCESS",261,0.598349118588011,1.65152021394064,4.7161469837742e-06,0.00163897288788223,0.00145976585959098,2568,"tags=35%, list=15%, signal=31%","EGFR/CCNB1/KIF14/AKT1/RHOA/CDK1/BUB1/CDC42/AURKA/CDC20/EZH2/NUMA1/PRKCE/SPAG5/UBE2E2/SMC2/BIRC5/CIT/PLK1/CDC6/KIF23/KNL1/RAD51B/TNF/CDCA8/DAZL/FEN1/CDC73/PLK4/HNRNPU/UBE2B/ATRX/GLI1/INO80/PDGFRB/RB1/SMC6/RRM2/CDC25A/MAD2L1/RACGAP1/CDC14B/AURKB/DYNC1I2/RCC2/SMC4/ROCK2/NDC80/CDC7/CDK4/ESPL1/NCAPG/WNT4/PRDM9/NCAPH/RRM1/EIF4G1/CUL4A/CCNE1/KAT5/XRCC3/DYNLL2/MAPK15/CCNE2/DYNC1H1/FGF10/PLSCR1/DMRT1/EGF/SPAST/NUP62/MEPCE/DDX11/DTL/PLRG1/PHIP/MED1/KIF20B/CDC23/DRD3/PPP1R10/ATAD5/RPTOR/DLGAP5/STIL/CDC25B/INSR/CDC14A/PBX1/IGF1/HOXA13/SMARCD3"
"HP_WEIGHT_LOSS","HP_WEIGHT_LOSS",392,0.552979004749105,1.56723073867452,4.61582469572274e-06,0.00163897288788223,0.00145976585959098,1902,"tags=25%, list=11%, signal=23%","TLR7/UBQLN2/NRAS/PCNT/JAK2/AKT1/HAVCR2/TRIP13/BIRC3/STAT1/BCL6/RBBP8/TGFBR2/IFIH1/VCP/HTT/IRF4/NUMA1/RAD51/PTEN/MYL2/TP53/MDH2/MAP2K1/UBE2T/CDC73/PLK4/ATR/CENPE/ATRX/KIT/HNRNPA1/VAPB/VPS35/TRIM28/ABCC8/MSH2/AK2/WT1/RB1/CHEK2/BRCA2/MAX/DNMT3A/CALR/CCNF/SDHA/GATA2/BLK/ZBTB16/FH/BTK/SNCA/CR2/CFTR/MLH1/NEFH/MAFB/LIPA/BCL2/HLA-DPB1/CTR9/TBK1/NDP/PALB2/STAT5B/RRM1/BRAF/MALT1/ANKRD55/EIF4G1/MSH6/COL4A6/ERAP1/LRRK2/PTPN2/ACAT1/ACADM/PRKAR1A/EPAS1/SYK/PRNP/PIK3R1/BRIP1/SDHC/CD244/HLA-DPA1/BMP6/KRAS/TCF4/SLC34A1/STAT6/SMAD4/HLA-DRB1/POLE/ERCC5/POLD1/HLA-DQB1/CDKN2B"
"GOMF_PROTEIN_SERINE_THREONINE_KINASE_ACTIVITY","GOMF_PROTEIN_SERINE_THREONINE_KINASE_ACTIVITY",437,0.545188392529423,1.55913851007713,4.6516342022942e-06,0.00163897288788223,0.00145976585959098,1799,"tags=25%, list=10%, signal=23%","EGFR/MAPK3/AKT1/MAPK1/CAMK2G/SGK1/CDK1/GSK3B/BUB1/BUB1B/AURKA/DAPK2/TGFBR2/RIPK4/PRKCE/MYO3B/MAP3K9/PRKAG1/VRK2/ERN1/CDK18/MAPK13/RIPK2/GSK3A/SIK1/CIT/PLK1/CHEK1/OBSCN/MAP3K1/MAP2K1/EIF2AK2/CDK11A/CDK6/MYLK/PLK4/ATR/BMPR2/ULK2/CASK/RAF1/PDK4/ILK/CDK17/MAP3K21/PRKCZ/PINK1/MELK/CAMK2A/CHEK2/PBK/PDK1/AURKB/CSNK2A2/GAK/CAMK2D/BCKDK/PRKAG2/ROCK2/MAPK6/CDC7/CDK4/TTN/PLK3/ABL1/LTBP1/ULK1/ACVR1B/PRKAG3/CDC42BPB/STK17B/AKT2/ACVR1/MTOR/TBK1/PRKACG/PPM1D/CDK3/CAMK1G/BRAF/CSNK1A1/MAP2K2/ACVR1C/FAM20C/LRRK2/CSNK1D/PAK6/BLVRA/MAPKAP1/RIOK1/PNCK/SYK/CSNK1E/TNIK/CDC42BPG/PRKACA/MAPK15/MAP3K2/CAMK4/VRK3/ACVRL1/STK33/PAK4/CSNK2A3/TESK2/RPS6KB2/NEK9/SMG1/GRK3/LIMK1/RICTOR"
"GOBP_RESPONSE_TO_PEPTIDE_HORMONE","GOBP_RESPONSE_TO_PEPTIDE_HORMONE",450,0.539616671765157,1.54428183431488,4.70239456768075e-06,0.00163897288788223,0.00145976585959098,1735,"tags=22%, list=10%, signal=20%","IGF1R/EGR1/SRC/MAPK3/JAK2/AKT1/MAPK1/YWHAG/STAT1/GSK3B/IRS2/FOS/CAV1/SMARCC1/BCAR1/IRS4/EPRS1/KLF4/PARP1/PPP3CA/GSK3A/CDC6/PRKAR2B/MAP2K1/PTPN11/SHC1/TYK2/COL3A1/CYBB/PNPT1/RAF1/PDK4/IRS1/HDAC5/ABCC8/PRKCZ/NCL/FOXO4/CAT/EIF2B3/RB1/CAMK2A/CAD/PTK2/CCNA2/MT-CYB/PXN/GOT1/HRAS/COL6A1/FOXO1/ROCK2/GNAS/RAB10/ITGB3/SOS1/CSK/STAT2/CD2AP/AGTR1/RHOQ/CD101/HADHA/HDAC9/AKT2/MTOR/NR4A1/STAT5B/INSIG1/VAMP2/RAC1/ACVR1C/SORL1/KANK1/NAMPT/NDEL1/PTPN2/BLVRA/MAPKAP1/PRKAR1A/CXCL12/TNS2/SLC27A1/PIK3R1/SOCS2/PRKACA/SIRT1/NR4A2/ADIPOR1/TRIM72/APPL1/BSG/KLF11/SLC34A1/STAT6/IDE/ZFP36L1/RPS6KB2"
"GOCC_RIBOSOME","GOCC_RIBOSOME",223,-0.563727176496405,-1.78778260373297,5.69317180896374e-06,0.00177385951609863,0.00157990384127539,1594,"tags=37%, list=9%, signal=34%","MRPS27/MRPL10/RPL12/RPS19/MRPL49/RPL22/RPS8/MRPL40/RPL28/MRPL2/MRPL34/USP10/DAP3/CHCHD1/RPL22L1/RPL10A/RPL37A/RPLP0/RPL41/MRPS25/RPL29/RPS10/RPS21/MRPS2/RPS3/RPL27A/RPL13A/RPL37/RPS29/MRPS6/RPS17/MRPL47/RPL24/RPL32/RPL15/RPL8/RPS27L/RPL39L/RPL35/RPS3A/RPL39/MRPL11/MRPS14/GSPT1/MRPL30/RPL38/RPL10/RPL36A/RPL27/RPS25/RPL9/RPS23/MRPL36/RPS13/RPL23A/RPS18/RPL5/RPL34/RPL35A/UBC/RPS6/RPS20/RPL14/RPS12/EEF1A1/RPS24/RPL30/RPS7/RPS27/RPS4X/RPL31/RPL7/RPS27A/RPL6/RPL26/DDX3X/RPL17/RPL4/RPL11/RPL23/RPL3L/RPS4Y1"
"GOBP_POSITIVE_REGULATION_OF_LEUKOCYTE_CELL_CELL_ADHESION","GOBP_POSITIVE_REGULATION_OF_LEUKOCYTE_CELL_CELL_ADHESION",272,0.594657921043237,1.65144998075127,5.54732229918881e-06,0.00177385951609863,0.00157990384127539,2838,"tags=35%, list=16%, signal=30%","SRC/JAK2/AKT1/CD4/RHOA/HAVCR2/YWHAG/HSPD1/BCL6/TGFBR2/CAV1/SIRPA/BRD7/SMARCC1/PPP3CA/RIPK2/HLA-DRB5/LCK/TNF/HSPH1/PTPN11/HLA-DRA/TYK2/FOXO3/ABL2/VCAM1/ACTB/HLA-DOB/DUSP10/PRKCZ/SMARCA4/RHOH/CD209/CD74/SMARCB1/ZBTB16/DNAJA3/LILRB1/ABL1/CSK/ZAP70/IL4I1/ACTL6B/HLA-DPB1/LILRB4/MTOR/CCL2/LGALS9/STAT5B/MALT1/AGER/ITGA4/SOX4/AMBRA1/KAT5/SYK/HLA-DMB/SIRPG/HLA-DPA1/FCHO1/HAS2/CD44/SMARCA2/HLA-DRB1/ALOX5/NCK1/CCDC88B/ICOSLG/HLA-DQB1/NCKAP1L/PBRM1/CCR2/TNFSF13B/RASGRP1/SIRPB1/CD46/SMARCD2/TFRC/SLAMF1/CD40LG/PRKAA1/CYLD/IGF1/PYCARD/SMARCD3/CCR7/HLA-DOA/SPN/IL12RB1/CD276/CORO1A/KLHL22/LGALS1/NFKBID/TMIGD2/FOXP3"
"GOBP_POSITIVE_REGULATION_OF_DNA_METABOLIC_PROCESS","GOBP_POSITIVE_REGULATION_OF_DNA_METABOLIC_PROCESS",280,0.592522859776575,1.64776572710991,5.78013600466607e-06,0.00177385951609863,0.00157990384127539,2447,"tags=32%, list=14%, signal=28%","EGFR/MAPK3/CCT5/MYC/AKT1/MAPK1/FOXM1/CDK1/HSP90AA1/HNRNPA2B1/BRD7/SMARCC1/SMARCA5/KLF4/PARP1/BRD8/RUVBL1/TIMELESS/TNF/PCNA/ATR/UBE2B/ATRX/ACTR8/GLI1/ACTB/HNRNPA1/INO80/TP53BP1/TRIM28/BRCC3/MSH2/SMARCA4/PDGFRB/CDC25A/CCNA2/HGF/DHX36/AURKB/PRMT1/ACTR2/SSBP1/SMARCB1/CDC7/RNF8/FH/CCT6A/MLH1/ACTL6B/MRNIP/PRDM9/TCP1/AGER/NSD2/RIF1/TNKS2/KAT5/RUVBL2/EP400/NOX4/CD40/SIRT1/MAPK15/TIGAR/TNKS/STAT6/FGF10/SMARCA2/SIRT6/DDX11/PBRM1/MAP3K4/CCT2/KHDC3L/VPS72/SMARCD2/DYRK1A/CCT7/TFRC/UIMC1/ZCWPW1/TOP2B/PNKP/HDAC10/PPP1R10/CEBPG/SPIRE1/ATAD5/CDKN1B/RFC2"
"GOBP_MITOTIC_NUCLEAR_DIVISION","GOBP_MITOTIC_NUCLEAR_DIVISION",294,0.586967579198986,1.64087502091985,5.72586242715746e-06,0.00177385951609863,0.00157990384127539,1899,"tags=28%, list=11%, signal=25%","H3-7/CCNB1/KIF14/RHOA/TRIP13/CDK1/BUB1/BUB1B/CDC42/AURKA/KIF11/CDC20/H3-3A/ANLN/NUMA1/MYBL2/PPP2R2D/SMARCA5/SPAG5/PRC1/SMC2/BIRC5/PLK1/CHEK1/TPX2/KIF23/KNL1/KIFC1/MAPRE1/TNF/SMC3/MKI67/CDCA8/HNRNPU/CENPE/DUSP1/INO80/HSPA1A/PDGFRB/CCDC8/PPP1CC/RB1/DRG1/CHEK2/MAD2L1/RACGAP1/CDC14B/AURKB/DYNC1I2/SMC4/NDC80/TTN/ESPL1/NCAPG/NCAPH/CDKN1C/TUBG1/RRS1/EML3/NDEL1/UBE2S/KAT5/EPS8/CENPF/XRCC3/KIF15/NUF2/SIRT1/PRICKLE1/DYNLL2/PIN1/BAZ1B/FBXO43/DYNC1H1/DMRT1/PDCD6IP/CEP55/EGF/SPAST/RAN/NUP62/BCCIP"
"GOBP_BIOLOGICAL_PROCESS_INVOLVED_IN_INTERACTION_WITH_HOST","GOBP_BIOLOGICAL_PROCESS_INVOLVED_IN_INTERACTION_WITH_HOST",170,0.639152813390478,1.71174499015204,6.38146091381355e-06,0.00190546973448141,0.00169712365924123,2235,"tags=35%, list=13%, signal=31%","EGFR/AXL/SRC/CD4/HSPD1/SIGLEC1/CDK1/HSP90AB1/CAV1/SCARB2/CTSL/IFIT1/CTSB/CH25H/VAPB/HSPA1A/GAS6/CD209/DDB1/LAMP3/ITGB3/CR2/ANPEP/PHB1/AGTR1/CCR5/TRIM5/MYH10/EXOC2/VAMP8/LGALS9/P4HB/HYAL2/MOG/TRIM38/MUC5B/NCAM1/EPS15/CXCR4/PPID/ITGB5/BSG/KRT6A/ILF3/IDE/PLSCR1/PVR/ITGB7/UVRAG/TMPRSS2/LDLR/RPSA/FURIN/CD46/ITGA5/CLEC5A/TFRC/F11R/SLAMF1"
"GOBP_CYTOPLASMIC_TRANSLATION","GOBP_CYTOPLASMIC_TRANSLATION",174,-0.593529352154563,-1.84486640715139,7.13740781977127e-06,0.00204890626893722,0.00182487669137783,1566,"tags=43%, list=9%, signal=40%","RPL12/RPS19/RPL22/EIF2S3B/RPS8/RPL28/RBM4/PAIP1/CNBP/EIF2B2/RPL22L1/RPL10A/METTL3/RPL37A/PABPC1/RPLP0/RPL41/RPL29/RPS10/RPS21/EIF2B1/ALKBH3/RPS3/IGF2BP1/RPL27A/EIF3F/RPL13A/EIF2S3/RPL37/RPS29/RPS17/HNRNPD/RPL24/RPL32/RPL15/RPL8/RPL39L/RPL35/DHX9/RPS3A/RPL39/RPL38/MTIF2/RPL10/RPL36A/RPL27/RPS25/RPL9/RPS23/RPS13/RPL23A/RPS18/RPL5/RPL34/YBX1/RPL35A/RPS6/RPS20/RPL14/RPS12/RPS24/RPL30/RPS7/RPS27/RPS4X/RPL31/RPL7/RPS27A/RPL6/RPL26/RPL17/RPL4/RPL11/RPL23/RPL3L"
"GOBP_CELL_CYCLE_CHECKPOINT_SIGNALING","GOBP_CELL_CYCLE_CHECKPOINT_SIGNALING",204,0.620805644003971,1.6885286461492,7.23274298411944e-06,0.00204890626893722,0.00182487669137783,1689,"tags=27%, list=10%, signal=25%","CUL1/CCNB1/TRIP13/CDK1/BUB1/BUB1B/CDC20/RBBP8/TICRR/RAD51/ORC1/BIRC5/PLK1/CHEK1/CDC6/TP53/KNL1/TIMELESS/CDCA8/FZR1/PTPN11/ATR/DUSP1/WDR76/TP53BP1/BRCC3/MSH2/FOXO4/CHEK2/BARD1/CDC45/MAD2L1/BRCA2/CDC14B/AURKB/DYNC1I2/NDC80/CDC7/PLK3/USP28/MRNIP/CUL4A/BLM/DTX3L/CENPF/EME1/GNB1L/XRCC3/NUF2/BRIP1/DYNLL2/NOP53/STK33/PRPF19/DYNC1H1"
"GOBP_LEUKOCYTE_CELL_CELL_ADHESION","GOBP_LEUKOCYTE_CELL_CELL_ADHESION",428,0.543647466213124,1.55468112408259,7.79526267413813e-06,0.00215305155059695,0.00191763461783798,2275,"tags=26%, list=13%, signal=23%","SRC/JAK2/AKT1/CD4/RHOA/HAVCR2/YWHAG/HSPD1/BCL6/TGFBR2/CAV1/SIRPA/BRD7/SMARCC1/KLF4/PPP3CA/RIPK2/PSMB2/HLA-DRB5/LCK/PSMA5/PRDX2/TNF/HSPH1/PTPN11/HLA-DRA/TYK2/FOXO3/ABL2/VCAM1/ICAM3/ACTB/HLA-DOB/DUSP10/PRKCZ/SMARCA4/RHOH/GPNMB/DUSP22/EZR/CD209/CD74/MIA3/SMARCB1/ZBTB16/DNAJA3/PSMA3/LILRB1/ABL1/CSK/LAG3/ZAP70/IL4I1/ACTL6B/RAC2/HLA-DPB1/LILRB4/MTOR/CCL2/S100A9/LGALS9/STAT5B/MALT1/AGER/ITGA4/FGL2/SOX4/GFUS/PTPN2/PRKAR1A/AMBRA1/KAT5/DUSP3/CXCL12/SYK/ITGAX/PRNP/HLA-DMB/PSMA4/SIRPG/HLA-DPA1/FCHO1/RC3H1/RC3H2/HAS2/CD44/LRG1/SMARCA2/HLA-DRB1/ALOX5/ITGB7/PSMA6/NCK1/CCDC88B/ICOSLG/HLA-DQB1/NCKAP1L/PBRM1/NT5E/CCR2/TNFSF13B/CX3CR1/RASGRP1/SIRPB1/CD46/SMARCD2/ITGA5/TFRC/F11R/SLAMF1/DTX1/PSMB4"
"GOCC_SPINDLE_MIDZONE","GOCC_SPINDLE_MIDZONE",38,0.838079322501483,1.88138444152643,1.06665748122764e-05,0.00287425167136659,0.00255997795494635,978,"tags=47%, list=6%, signal=45%","KIF14/CTTN/CDC42/AURKA/NUMA1/PRC1/BIRC5/PLK1/CDC6/MAPRE1/CDCA8/HNRNPU/CENPE/RACGAP1/AURKB/RCC2/MAPRE3/GEM"
"GOBP_CELLULAR_RESPONSE_TO_MOLECULE_OF_BACTERIAL_ORIGIN","GOBP_CELLULAR_RESPONSE_TO_MOLECULE_OF_BACTERIAL_ORIGIN",219,0.607513210390899,1.66276807162196,1.19664582329903e-05,0.00307454489669945,0.00273837090727033,1670,"tags=22%, list=9%, signal=21%","AXL/EPHB2/MAPK3/JAK2/AKT1/MAPK1/RHOA/HAVCR2/KMO/PRKCE/SIRPA/MEF2C/RIPK2/CD180/GSK3A/GATA1/PLAA/PRDX2/TNF/CASP7/CAPN2/PTPN11/CDC73/HDAC5/ANKRD1/VIM/HADHB/CDK4/LILRB1/ABL1/IRAK2/GFI1/CCR5/TRIM5/CTR9/CCL2/TLR10/LITAF/AICDA/MALT1/NR1H3/PPARD/HCK/MMP9/IRF3/CD40/BMP6/NFKBIA/PTAFR"
"GOCC_ENDOCYTIC_VESICLE","GOCC_ENDOCYTIC_VESICLE",349,0.562785885990455,1.58244178020579,1.18686783698797e-05,0.00307454489669945,0.00273837090727033,2260,"tags=29%, list=13%, signal=26%","EGFR/HSP90B1/TLR7/UBA52/CD4/CAMK2G/CTTN/TRIM14/HSP90AA1/CDC42/MSR1/CAV1/SCARB2/RAB39A/CTSL/CSF3R/HLA-DRB5/ACTG1/HYOU1/CD163/PDIA3/HSPH1/HLA-DRA/CYBB/MYO1E/RAB11FIP1/CAMK2A/ARRB2/VIM/CALR/MTSS1/CD74/MARCO/CAMK2D/VAMP3/RAB10/NCF4/STX12/LPAR1/CFTR/RAB11B/RAC2/HLA-DPB1/SNAP23/GSN/WNT4/MTOR/VAMP8/HBB/VAMP2/HYAL2/ADRB2/STAM2/ECPAS/WNT7A/FLNB/HCLS1/LRRK2/MYO6/UBB/SLC9A9/RAB14/AMBRA1/WNT7B/AP2A1/SYK/AP2A2/EPS15/SGIP1/SLC11A1/HLA-DPA1/APPL1/ITGB5/SPARC/ATP6V0B/DLG4/HLA-DRB1/LRP2/EGF/CLEC4E/CTSS/TLR6/HLA-DQB1/HBA2/LAMP2/UVRAG/WASL/LDLR/CD9/RABEP1/WLS/ABCA1/AP2B1/ARRB1/HGS/PLD1/STX7/TFRC/NLGN3/SLAMF1/BTBD8"
"GOMF_DIOXYGENASE_ACTIVITY","GOMF_DIOXYGENASE_ACTIVITY",96,-0.687482036286074,-1.97634841828057,1.45363568821694e-05,0.0036499470644138,0.00325085799364879,54,"tags=10%, list=0%, signal=10%","KDM2A/KDM1A/METTL3/P4HA2/ALKBH3/KDM2B/KDM5C/KDM5D/KDM6A/UTY"
"GOBP_REGULATION_OF_SYNCYTIUM_FORMATION_BY_PLASMA_MEMBRANE_FUSION","GOBP_REGULATION_OF_SYNCYTIUM_FORMATION_BY_PLASMA_MEMBRANE_FUSION",70,-0.744967195200461,-2.05406514324269,1.62217419426249e-05,0.00372657511087508,0.00331910744849844,1135,"tags=49%, list=6%, signal=46%","RPL10A/RPL37A/RPLP0/RPL41/RPL29/RPL27A/RPL13A/RPL37/RPL24/RPL32/RPL15/RPL8/RPL35/RPL39/RPL38/RPL10/RPL36A/RPL27/RPL9/MAPK14/RPL23A/RPL5/RPL34/RPL35A/RPL14/RPL30/RPL31/RPL7/RPL6/RPL17/RPL4/RPL11/RPL23/RPL3L"
"GOCC_LARGE_RIBOSOMAL_SUBUNIT","GOCC_LARGE_RIBOSOMAL_SUBUNIT",108,-0.655461521958599,-1.90070763598156,1.60401179389455e-05,0.00372657511087508,0.00331910744849844,1586,"tags=44%, list=9%, signal=40%","MRPL10/RPL12/MRPL49/RPL22/MRPL40/RPL28/MRPL2/MRPL34/RPL10A/RPL37A/RPLP0/RPL41/RPL29/RPL27A/RPL13A/RPL37/MRPL47/RPL24/RPL32/RPL15/RPL8/RPL39L/RPL35/RPL39/MRPL11/MRPL30/RPL38/RPL10/RPL36A/RPL27/RPL9/MRPL36/RPL23A/RPL5/RPL34/RPL35A/RPL14/RPL30/RPL31/RPL7/RPL6/RPL26/RPL17/RPL4/RPL11/RPL23/RPL3L"
"GOBP_CELL_CYCLE_G2_M_PHASE_TRANSITION","GOBP_CELL_CYCLE_G2_M_PHASE_TRANSITION",158,0.646710019353754,1.72074490030847,1.63673501445402e-05,0.00372657511087508,0.00331910744849844,1428,"tags=26%, list=8%, signal=24%","CCNB1/KIF14/FOXM1/CDK1/AURKA/CCNB2/RBBP8/NES/TICRR/ORC1/BIRC5/PLK1/CHEK1/CDC6/GTPBP4/TP53/RAD51B/FZR1/CDK6/ATR/BRCC3/FOXO4/MELK/CHEK2/BARD1/CDC25A/CCNA2/CDC14B/AURKB/RCC2/NDC80/CDC7/CDK4/PLK3/MRNIP/PPM1D/CDK3/RRM1/BLM/CENPF/CCDC57"
"GOBP_CELLULAR_RESPONSE_TO_NUTRIENT_LEVELS","GOBP_CELLULAR_RESPONSE_TO_NUTRIENT_LEVELS",252,0.591078141694584,1.63114353900266,1.64062260778911e-05,0.00372657511087508,0.00331910744849844,2476,"tags=31%, list=14%, signal=27%","HSPA5/ATF3/MAPK3/MAPK1/YWHAG/HSPA8/GABARAPL1/FOS/CAV1/GABARAPL2/PRKAG1/PLIN2/YME1L1/TP53/KCNB1/EIF2AK2/FOXO3/BMPR2/POSTN/HNRNPA1/PDK4/ABCC8/EIF2S1/GAS6/PRMT1/FOXO1/MAP1LC3C/PRKAG2/FNIP1/STX17/EHMT2/ULK1/IFI16/PRKAG3/BCL2/LARS1/WNT4/GCN1/MTOR/TTC5/PPM1D/VAMP8/CSNK1A1/EIF4G1/LRRK2/MYBBP1A/PAK6/PPARD/MAPKAP1/AMBRA1/KAT5/KLF10/GLUL/SIRT1/SREBF2/TBL2/PAK4/SLC34A1/LAMTOR1/RICTOR/TSC1/RXRB/SEC13/CDKN2B/LAMP2/CD68/TSC2/MED1/PAK2/PLD1/NCOA3/NPRL2/RIPOR1/PRKAA1/WIPI1/RPTOR/ASNS/TFEB"
"GOBP_POSITIVE_REGULATION_OF_CELL_CYCLE","GOBP_POSITIVE_REGULATION_OF_CELL_CYCLE",330,0.566492566726871,1.59433278526778,1.65280757089861e-05,0.00372657511087508,0.00331910744849844,2568,"tags=33%, list=15%, signal=29%","EGFR/CCNB1/KIF14/AKT1/RHOA/CDK1/BUB1/CDC42/AURKA/CDC20/EZH2/NUMA1/PRKCE/SPAG5/UBE2E2/SMC2/BIRC5/CIT/PLK1/CHEK1/CDC6/KIF23/KNL1/RAD51B/TNF/CDCA8/DAZL/FEN1/PTPN11/CDC73/PLK4/HNRNPU/UBE2B/ATRX/GLI1/INO80/PDGFRB/RB1/SMC6/RRM2/CDC25A/MAD2L1/BRCA2/RACGAP1/CALR/CDC14B/AURKB/DYNC1I2/RCC2/SMC4/CCPG1/ROCK2/NDC80/CDC7/CDK4/ESPL1/ABL1/NCAPG/WNT4/PRDM9/NCAPH/STAT5B/RRM1/EIF4G1/CUL4A/TAL1/CCNE1/PSMD10/MEIS2/KAT5/DUSP3/XRCC3/CCDC57/DYNLL2/MAPK15/CCNE2/DYNC1H1/FGF10/PLSCR1/DMRT1/EGF/SPAST/NUP62/MEPCE/DDX11/DTL/PLRG1/PHIP/MED1/PRKCA/KIF20B/CDC23/DRD3/PPP1R10/RPS15A/ATAD5/TCF3/RPTOR/DLGAP5/RAD23A/STIL/CDC25B/INSR/CDC14A/ASNS/PBX1/IGF1/HOXA13/SMARCD3"
"GOMF_PROTEIN_FOLDING_CHAPERONE","GOMF_PROTEIN_FOLDING_CHAPERONE",74,0.742826588367181,1.81554685200755,1.78533098896899e-05,0.00382412127955684,0.00340598781597025,863,"tags=27%, list=5%, signal=26%","HSPA4/HSPA4L/HSPA5/HSP90B1/CCT5/HSPA9/HSPD1/HSP90AA1/HSPA8/HSP90AB1/FKBP8/DNAJB7/HYOU1/PDIA3/HSPH1/HSPA1A/CALR/GAK/CD74/CCT6A"
"HP_ABNORMAL_CIRCULATING_LACTATE_DEHYDROGENASE_CONCENTRATION","HP_ABNORMAL_CIRCULATING_LACTATE_DEHYDROGENASE_CONCENTRATION",98,0.703503366911686,1.77323531139211,1.83452595778885e-05,0.00382412127955684,0.00340598781597025,1371,"tags=27%, list=8%, signal=25%","LDHA/MYC/JAK2/BCL6/AIFM1/GATA1/KIF23/TP53/OBSCN/MTHFD1/ACAD9/GAA/RB1/CHEK2/SLC7A7/CALR/MT-CO1/SIL1/LIPA/BCL2/MT-CO3/HBB/RPS14/AKR1D1/ACADM/PITRM1"
"GOBP_DNA_REPLICATION","GOBP_DNA_REPLICATION",313,0.564097215273395,1.57738767318414,1.75117129740074e-05,0.00382412127955684,0.00340598781597025,2577,"tags=31%, list=15%, signal=27%","EGFR/CDK1/BCL6/RBBP8/TICRR/SUPT16H/VCP/RAD51/SMARCA5/PARP1/ORC1/CHEK1/CDC6/GTPBP4/RUVBL1/TIMELESS/SMC3/PCNA/FEN1/MCM4/ATR/EXO1/UBE2B/ATRX/ACTR8/GLI1/RBBP4/INO80/MSH2/TONSL/SSRP1/BARD1/CDC25A/CDC45/BRCA2/CDC34/CCNA2/MCM6/POLA1/WDR33/SSBP1/MCM2/CDC7/DDB1/DNAJA3/RBBP7/MCM7/EHMT2/ASCC3/MCM3/GINS1/RRM1/POLD3/AICDA/AGER/CUL4A/NOC3L/BLM/CHAF1B/CCNE1/WDHD1/EME1/RUVBL2/XRCC3/SAMHD1/CCNE2/SHMT1/MCM10/ACVRL1/POLE/POLD1/DDX11/TYMS/DTL/PHIP/KHDC3L/ESCO2/POLH/LIG1/TOP1MT/NASP/E4F1/TIPIN/RFC1/USP43/PNKP/ATAD5/GINS2/POLK/CDKN1B/RFC2/CDK9/LIG3/RAD50/LRWD1/FBH1"
"GOBP_POSITIVE_REGULATION_OF_CELL_ADHESION","GOBP_POSITIVE_REGULATION_OF_CELL_ADHESION",479,0.52067208253884,1.49146914400928,1.83375447637925e-05,0.00382412127955684,0.00340598781597025,2840,"tags=33%, list=16%, signal=28%","SRC/JAK2/AKT1/CD4/RHOA/HAVCR2/YWHAG/HSPD1/GSK3B/CDC42/BCL6/TGFBR2/EPHA1/CAV1/PRKCE/SIRPA/BRD7/SMARCC1/ANK3/FN1/PPP3CA/RIPK2/GSK3A/HLA-DRB5/LCK/TNF/RRAS/HSPH1/PTPN11/HLA-DRA/CDK6/TYK2/FOXO3/ABL2/CASS4/VCAM1/ACTB/HLA-DOB/DUSP10/PLEKHA2/ILK/PRKCZ/SMARCA4/RHOH/JUP/PTK2/RHOD/CALR/COL8A1/CD209/CD74/EFEMP2/SMARCB1/ZBTB16/DNAJA3/EGFL6/LILRB1/TPM1/ABL1/ITGB3/CSK/ZAP70/IL4I1/ACTL6B/HLA-DPB1/WNT4/LILRB4/MTOR/CCL2/LGALS9/STAT5B/P4HB/BRAF/PTPRU/TGM2/MALT1/AGER/RAC1/STX3/PPM1F/ITGA4/IFT74/SOX4/KIF26B/GFUS/EDIL3/AMBRA1/KAT5/CXCL12/SYK/UTRN/DAB2/HLA-DMB/NID1/SIRPG/HLA-DPA1/GP6/FCHO1/HAS2/LAMA1/CD44/SMARCA2/HLA-DRB1/ALOX5/TSC1/NCK1/CCDC88B/ICOSLG/HLA-DQB1/NCKAP1L/PBRM1/FGB/CCR2/DOCK5/TNFSF13B/NODAL/RASGRP1/PRKCA/SIRPB1/CD46/SMARCD2/CIB1/TFRC/F11R/SLAMF1/RET/CD40LG/NRG1/PRKAA1/TJP1/DUSP26/FGA/PODXL/CYLD/ALOX15/ITGAV/IGF1/PYCARD/SMARCD3/CCR7/HLA-DOA/SPN/C1QBP/CD63/ATM/LAMB1/IL12RB1/CD276/CORO1A/KLHL22/LGALS1/PIK3R2/NFKBID/TMIGD2/FOXP3/SFN"
"GOBP_INSULIN_RECEPTOR_SIGNALING_PATHWAY","GOBP_INSULIN_RECEPTOR_SIGNALING_PATHWAY",132,0.661516892826047,1.73217528609926,2.0279807093083e-05,0.0041490983104515,0.00369543151473957,2020,"tags=34%, list=11%, signal=30%","IGF1R/MAPK3/AKT1/MAPK1/GSK3B/IRS2/SMARCC1/BCAR1/IRS4/GSK3A/MAP2K1/PTPN11/SHC1/RAF1/PDK4/IRS1/PRKCZ/NCL/FOXO4/HRAS/COL6A1/FOXO1/SOS1/RHOQ/AKT2/MTOR/SORL1/KANK1/NAMPT/NDEL1/PTPN2/BLVRA/MAPKAP1/TNS2/PIK3R1/SIRT1/ADIPOR1/TRIM72/APPL1/IDE/RPS6KB2/NCK1/SOS2/PHIP/TSC2"
"GOBP_MITOTIC_SISTER_CHROMATID_SEGREGATION","GOBP_MITOTIC_SISTER_CHROMATID_SEGREGATION",208,0.6169608127057,1.68361314559419,2.11510045901087e-05,0.00415585397461574,0.00370144850744197,1899,"tags=30%, list=11%, signal=27%","H3-7/CCNB1/KIF14/RHOA/TRIP13/CDK1/BUB1/BUB1B/KIF11/CDC20/H3-3A/NUMA1/MYBL2/SMARCA5/SPAG5/PRC1/SMC2/BIRC5/PLK1/TPX2/KIF23/KNL1/KIFC1/MAPRE1/SMC3/CDCA8/HNRNPU/CENPE/DUSP1/INO80/HSPA1A/PPP1CC/RB1/DRG1/CHEK2/MAD2L1/RACGAP1/AURKB/DYNC1I2/SMC4/NDC80/TTN/ESPL1/NCAPG/NCAPH/TUBG1/RRS1/EML3/KAT5/CENPF/XRCC3/KIF15/NUF2/SIRT1/PRICKLE1/DYNLL2/BAZ1B/DYNC1H1/PDCD6IP/CEP55/RAN/NUP62/BCCIP"
"GOBP_VIRAL_PROCESS","GOBP_VIRAL_PROCESS",366,0.549847154949554,1.55441040791697,2.14413175735968e-05,0.00415585397461574,0.00370144850744197,2285,"tags=28%, list=13%, signal=25%","EGFR/AXL/KPNA2/SRC/ISG15/CD4/TOP2A/OASL/TRIM14/SIGLEC1/STAT1/CDK1/GSK3B/IFIH1/VCP/HSP90AB1/CAV1/SCARB2/IFIT5/NOTCH1/CTSL/MX1/GSK3A/IFIT1/PCBP2/TP53/CTSB/TNF/EIF2AK2/CH25H/SP100/CSDE1/VAPB/TRIM28/HSPA1A/SMC6/GAS6/PRMT1/CD209/CANX/PEG10/SMARCB1/DDB1/LAMP3/SSB/IFIT1B/ITGB3/CR2/CTBP2/ANPEP/IFI16/PHB1/AGTR1/EIF3B/BCL2/CCR5/TRIM5/MYH10/CALCOCO2/CCL2/EIF3A/VAMP8/LGALS9/P4HB/CSNK1A1/MGAT5/HYAL2/AICDA/MOG/PCBP1/TRIM38/NCAM1/EPS15/CXCR4/PPID/ITGB5/BSG/ILF3/IDE/STOM/PLSCR1/PDCD6IP/PVR/ITGB7/IRF7/RAN/UVRAG/TMPRSS2/RSAD2/LDLR/RPSA/FURIN/APOBEC3F/CD46/ITGA5/CLEC5A/TFRC/F11R/SLAMF1/TOP2B/CCL8/RAB1B"
"GOBP_POSITIVE_REGULATION_OF_ORGANELLE_ORGANIZATION","GOBP_POSITIVE_REGULATION_OF_ORGANELLE_ORGANIZATION",500,0.522632560032634,1.50289788661038,2.07677718451203e-05,0.00415585397461574,0.00370144850744197,2777,"tags=30%, list=16%, signal=26%","SRC/MAPK3/CCT5/MYC/MAPK1/RHOA/CTTN/STMN2/CDK1/GSK3B/BUB1/HSP90AA1/CDC42/AURKA/CDC20/NES/EPHA1/HTT/HNRNPA2B1/NUMA1/PRKCE/YME1L1/KLF4/SPAG5/SMC2/GSK3A/PLK1/TP53/RUVBL1/MAPRE1/TNF/DAZL/FEN1/PLK4/ATR/UBE2B/ATRX/ACTR8/CKAP5/HNRNPA1/INO80/VPS35/HSPA1A/PDGFRB/PINK1/PDE4DIP/RB1/DRG1/ANXA2/PXN/DHX36/AURKB/MTSS1/SSBP1/SMC4/ROCK2/DNM1L/ATP5IF1/ESPL1/SNCA/TPM1/ABL1/CCT6A/LPAR1/IFT88/ULK1/NCAPG/GSN/WNT4/CALCOCO2/MTOR/PRDM9/NCAPH/WASF1/TCP1/BRAF/HIP1R/ADRB2/RAC1/PPM1F/TAL1/LRRK2/SDC1/HCK/MMP9/TNKS2/KAT5/RUVBL2/PPP3CB/F2RL1/CAPRIN1/SDCBP/MAPK15/TNKS/CNOT1/DYNC1H1/MNS1/DMRT1/PDCD6IP/ZMYND10/LIMK1/RICTOR/EGF/OSBP/NCK1/SPAST/NUP62/SIRT6/NCKAP1L/DDX11/MAP3K4/UVRAG/CCT2/PHIP/FIS1/SYT4/P2RX7/CDC23/CCT7/CNOT6/DRD3/PNKP/TGFBR1/PPP1R10/WIPI1/SPIRE1/DLGAP5/FER/STIL/CDKN1B/INSR/ALOX15/IGF1/RAD50/PYCARD/HOXA13/SYT11/CCR7/SPHK1/INO80E/RPH3A/STX18/LMAN1/ATM/MAP2K7/PFN2/SNX9/AKAP9/NFRKB"
"GOBP_SYMBIONT_ENTRY_INTO_HOST","GOBP_SYMBIONT_ENTRY_INTO_HOST",133,0.665897437857724,1.74762958785033,2.19917796629466e-05,0.00418905485717645,0.00373101917040336,2235,"tags=39%, list=13%, signal=34%","EGFR/AXL/SRC/CD4/SIGLEC1/CDK1/CAV1/SCARB2/CTSL/CTSB/CH25H/HSPA1A/GAS6/CD209/LAMP3/ITGB3/CR2/ANPEP/PHB1/AGTR1/CCR5/TRIM5/MYH10/EXOC2/VAMP8/LGALS9/P4HB/HYAL2/MOG/TRIM38/NCAM1/EPS15/CXCR4/ITGB5/BSG/KRT6A/ILF3/IDE/PLSCR1/PVR/ITGB7/UVRAG/TMPRSS2/LDLR/RPSA/FURIN/CD46/ITGA5/CLEC5A/TFRC/F11R/SLAMF1"
"GOMF_DOUBLE_STRANDED_RNA_BINDING","GOMF_DOUBLE_STRANDED_RNA_BINDING",76,0.737169111268712,1.81065884949681,2.34255677475489e-05,0.00438653682160883,0.00390690824806579,1728,"tags=36%, list=10%, signal=32%","TLR7/DDX60/TUBA1B/OASL/HSPD1/DDX21/EIF4A1/DDX1/IFIH1/RIGI/HSP90AB1/EIF2AK2/HNRNPU/VIM/ACTN1/DHX36/DHX30/TLR8/DHX58/AGO4/MRPL44/TUBB4B/STRBP/RC3H1/RC3H2/ILF3/DGCR8"
"GOBP_NEGATIVE_REGULATION_OF_CHROMOSOME_ORGANIZATION","GOBP_NEGATIVE_REGULATION_OF_CHROMOSOME_ORGANIZATION",106,0.688561109964441,1.75106710905654,2.56363579684309e-05,0.00472050804725375,0.00420436270682267,1689,"tags=30%, list=10%, signal=27%","SRC/CCNB1/TRIP13/BUB1/BUB1B/CDC20/SMARCA5/PARP1/BIRC5/PLK1/TP53/KNL1/CDCA8/XRN1/HNRNPU/ATRX/DUSP1/HNRNPA1/MAD2L1/AURKB/DYNC1I2/NDC80/ESPL1/HNRNPC/TNKS2/CENPF/XRCC3/NUF2/DYNLL2/BAZ1B/TNKS/DYNC1H1"
"GOBP_CELLULAR_RESPONSE_TO_PEPTIDE_HORMONE_STIMULUS","GOBP_CELLULAR_RESPONSE_TO_PEPTIDE_HORMONE_STIMULUS",339,0.554295237125947,1.56201632708873,2.69638271359717e-05,0.00488354692128221,0.00434957473799936,1735,"tags=24%, list=10%, signal=22%","IGF1R/SRC/MAPK3/JAK2/AKT1/MAPK1/YWHAG/GSK3B/IRS2/FOS/CAV1/SMARCC1/BCAR1/IRS4/EPRS1/KLF4/PARP1/PPP3CA/GSK3A/CDC6/PRKAR2B/MAP2K1/PTPN11/SHC1/TYK2/RAF1/PDK4/IRS1/HDAC5/PRKCZ/NCL/FOXO4/RB1/CAMK2A/PTK2/CCNA2/PXN/GOT1/HRAS/COL6A1/FOXO1/ROCK2/GNAS/RAB10/ITGB3/SOS1/CSK/AGTR1/RHOQ/HDAC9/AKT2/MTOR/NR4A1/STAT5B/INSIG1/VAMP2/RAC1/SORL1/KANK1/NAMPT/NDEL1/PTPN2/BLVRA/MAPKAP1/PRKAR1A/TNS2/SLC27A1/PIK3R1/SOCS2/PRKACA/SIRT1/NR4A2/ADIPOR1/TRIM72/APPL1/KLF11/STAT6/IDE/ZFP36L1/RPS6KB2"
"GOBP_LEUKOCYTE_PROLIFERATION","GOBP_LEUKOCYTE_PROLIFERATION",335,0.552352811838789,1.55540155869159,3.2105999715142e-05,0.00572108201375627,0.00509553285801608,2422,"tags=25%, list=14%, signal=22%","EPHB2/MAPK3/MYC/JAK2/MAPK1/CD4/HAVCR2/HSPD1/IRS2/BCL6/TGFBR2/MEF2C/PPP3CA/RIPK2/CD180/PRDX2/PTPN11/TYK2/VCAM1/KIT/ICAM3/CSF1R/GPNMB/PTK2/CD22/CD209/CD74/DNAJA3/BTK/LILRB1/ABL1/SOS1/CR2/CLU/ZAP70/IL4I1/LIPA/BCL2/RAC2/FOSL2/HLA-DPB1/WNT4/LILRB4/TBK1/NDP/LGALS9/IMPDH1/STAT5B/FCRL3/MALT1/AGER/FLT3LG/PRKAR1A/SYK/PPP3CB/F2RL1/PRNP/CD40/HLA-DMB/SLC11A1/HLA-DPA1/RC3H1/RC3H2/SH3RF1/FGF10/HLA-DRB1/NCK1/CCDC88B/PHF7/ICOSLG/NCKAP1L/SOS2/CCR2/TNFSF13B/RASGRP1/CD46/P2RX7/TFRC/CD151/SLAMF1/CCL8/CD40LG/MS4A1/ATAD5/TCF3"
"GOBP_REGULATION_OF_CHROMOSOME_SEGREGATION","GOBP_REGULATION_OF_CHROMOSOME_SEGREGATION",140,0.647520325995075,1.70580797824414,3.44898092278217e-05,0.00596684674024531,0.00531442540948714,2242,"tags=38%, list=13%, signal=33%","CCNB1/TRIP13/CDK1/BUB1/BUB1B/CDC20/NUMA1/BRD7/PPP2R2D/SMARCC1/SMC2/BIRC5/PLK1/CDC6/KNL1/CDCA8/HNRNPU/CENPE/DUSP1/ACTB/SMARCA4/RB1/SMC6/MAD2L1/AURKB/CSNK2A2/DYNC1I2/RCC2/SMC4/SMARCB1/NDC80/ESPL1/ACTL6B/NCAPG/CDC27/NCAPH/KAT5/CENPF/XRCC3/NUF2/SIRT1/DYNLL2/MAPK15/DYNC1H1/PLSCR1/SMARCA2/HECW2/PBRM1/RIOK2/TACC3/SMARCD2/CDC23/ZW10"
"GOBP_RESPONSE_TO_TOPOLOGICALLY_INCORRECT_PROTEIN","GOBP_RESPONSE_TO_TOPOLOGICALLY_INCORRECT_PROTEIN",170,0.621782831306732,1.66522563016806,3.52481176295474e-05,0.00596684674024531,0.00531442540948714,1844,"tags=25%, list=10%, signal=22%","HSPA4/HSPA4L/HSPA5/ATF3/THBS1/AKT1/HSPD1/HSP90AA1/HSPA8/VCP/DNAJA1/HSP90AB1/CAV1/DNAJC10/ERN1/EIF2AK2/HSPH1/VAPB/DNAJB12/HSPA1A/DNAJB4/EIF2S1/PPP1R15A/DAXX/RTCB/CLU/F12/ERP44/AKT2/UFD1/DNAJB2/PTPN2/TMTC4/PIK3R1/SIRT1/TBL2/HSPA1L/HSPB2/PARP8/NCK1/CREBRF/ABCA7"
"GOBP_CELLULAR_RESPIRATION","GOBP_CELLULAR_RESPIRATION",323,0.562049006725692,1.57825296793459,3.54392542444698e-05,0.00596684674024531,0.00531442540948714,2549,"tags=33%, list=14%, signal=29%","CCNB1/LDHA/RHOA/MT-ND3/GAPDHS/CDK1/PGK2/ENO2/VCP/PRKAG1/ENO1/MT-ND4/UQCRC2/MDH2/ATP5F1B/TNF/IDH3A/HDAC4/PNPT1/ENO4/PDK4/MT-ND2/MSH2/CAT/PINK1/UCHL1/MT-CYB/MT-ND1/PARK7/MT-CO2/IDH1/PDK1/COL6A1/SDHA/HK1/BCKDK/PRKAG2/FH/MT-CO1/ENO3/FOXK1/ATP5IF1/PDHX/SNCA/NDUFA9/PRKAG3/GAPDH/NCOR1/IDH2/LIPA/NDUFA12/IFNLR1/NDUFS1/MTOR/ACO2/HKDC1/MT-CO3/NDP/DLAT/NDUFA8/ATP5F1A/MTCH2/PPIF/MYBBP1A/SLC25A25/ZBTB20/PDP1/STOML2/UQCRFS1/PRKACA/SDHC/MT-ATP6/NDUFV2/TIGAR/NOP53/MT-ND4L/OXA1L/IDE/ADSL/ISCU/COQ9/SIRT6/NDUFA13/NDUFV1/COX4I1/PLEC/CYCS/PKM/TPI1/ALDOC/P2RX7/NDUFC2-KCTD14/HIF1A/CBFA2T3/NDUFS7/PDHB/UQCRC1/PRKAA1/NNT/NDUFB8/RPTOR/NDUFB10/INSR/PIK3CA/IGF1/OGT/ATP5F1D"
"GOMF_UBIQUITIN_LIKE_PROTEIN_LIGASE_BINDING","GOMF_UBIQUITIN_LIKE_PROTEIN_LIGASE_BINDING",303,0.557650372392399,1.56260284793098,3.56455362831454e-05,0.00596684674024531,0.00531442540948714,1364,"tags=23%, list=8%, signal=21%","CUL1/EGFR/HSPA5/YWHAE/CCNB1/MYC/HSPA9/TUBA1B/HSPD1/NEDD8/STAT1/GSK3B/HSP90AA1/HSPA8/GABARAPL1/AURKA/VCP/DNAJA1/RIGI/EGR2/HSP90AB1/GABARAPL2/FBXO7/PSMD1/SUMO3/PARP1/ACTG1/PCBP2/TP53/PRKAR2B/CASP8/UBE2T/SMAD1/UBE2B/TRIB2/TRIM28/HSPA1A/UBE2K/PINK1/RB1/SMC6/ARRB2/CHEK2/UCHL1/TUBB/CALR/DAXX/CASP10/FOXO1/MAP1LC3C/PSMA3/RNF8/APBB1/DNM1L/CLU/STAT2/SUMO2/ACVR1B/BCL2/USP25/ASB4/TCP1/DNAJB2/AICDA/CUL4A/RNF20/DTX3L/PRKAR1A/AMBRA1"
"GOBP_MITOTIC_CELL_CYCLE_CHECKPOINT_SIGNALING","GOBP_MITOTIC_CELL_CYCLE_CHECKPOINT_SIGNALING",148,0.649258360619927,1.72101158511757,3.7286193813959e-05,0.00605790984200911,0.00539553157543172,1689,"tags=28%, list=10%, signal=26%","CCNB1/TRIP13/CDK1/BUB1/BUB1B/CDC20/RBBP8/TICRR/ORC1/BIRC5/PLK1/CHEK1/CDC6/TP53/KNL1/TIMELESS/CDCA8/FZR1/ATR/DUSP1/BRCC3/MSH2/FOXO4/CHEK2/BARD1/MAD2L1/CDC14B/AURKB/DYNC1I2/NDC80/CDC7/PLK3/MRNIP/BLM/CENPF/EME1/XRCC3/NUF2/DYNLL2/NOP53/STK33/DYNC1H1"
"HP_SUBCUTANEOUS_HEMORRHAGE","HP_SUBCUTANEOUS_HEMORRHAGE",246,0.582838692335783,1.60309833570046,3.68023024846417e-05,0.00605790984200911,0.00539553157543172,1614,"tags=24%, list=9%, signal=22%","EPHB2/EFEMP1/TUBB1/NRAS/JAK2/MAPK1/TUBA8/TGFBR2/BGN/SCARB2/NUMA1/PTEN/COL1A2/USP18/GATA1/TP53/MRAS/SAMD9/MAP2K1/RRAS/PTPN11/COL3A1/MYLK/C2/ATRX/RAF1/ACTN1/CALR/GATA2/CASP10/FASLG/EFEMP2/ZBTB16/F10/GNAS/GFI1B/ITGB3/SOS1/PLCG1/HLA-DPB1/GSN/ADA2/UFD1/PRKACG/STAT5B/BRAF/RASGRP2/GNA11/TNFRSF1A/PROC/HCK/PRKAR1A/NTRK1/PRKACA/HLA-DPA1/GP6/ITGA2B/KRAS/TPM4"
"GOBP_GLUCOSE_METABOLIC_PROCESS","GOBP_GLUCOSE_METABOLIC_PROCESS",200,0.601953936947167,1.63894825747682,3.7841415077663e-05,0.00605901382286987,0.00539651484585803,2584,"tags=31%, list=15%, signal=27%","RANBP2/ATF3/LDHA/AKT1/GAPDHS/IRS2/PGK2/ENO2/PRKAG1/ENO1/SIK1/MDH2/TNF/PDK4/IRS1/GNB3/GAA/KAT2A/GOT1/PDK1/HK1/FOXO1/BCKDK/PRKAG2/DDB1/ENO3/FOXK1/PRKAG3/TCF7L2/GAPDH/LIPA/CD101/AKT2/HKDC1/DLAT/PTPN2/PPARD/ACADM/PRKACA/SIRT1/G6PC2/ADIPOR1/TIGAR/NLN/ACACB/SIRT6/PKM/TPI1/ALDOC/FBN3/PDHB/G6PD/PRKAA1/DGAT2/GPD2/INSR/PIK3CA/PGM2/KCNQ1/IGF1/OGT/ZNF692"
"GOBP_SPINDLE_ASSEMBLY","GOBP_SPINDLE_ASSEMBLY",138,0.655197643043969,1.72291572506414,3.88844833113512e-05,0.00613708245176869,0.00546604736833852,1979,"tags=34%, list=11%, signal=30%","TUBB1/RHOA/AURKA/KIF11/CCNB2/CDC20/NUMA1/MYBL2/PTEN/SPAG5/PRC1/BIRC5/PLK1/TPX2/KIF23/KIFC1/MAPRE1/SMC3/CDCA8/HNRNPU/INO80/HSPA1A/DRG1/CHEK2/RACGAP1/TUBB/AURKB/MAPRE3/NDC80/DDB1/LZTS2/TUBGCP2/ASPM/MLH1/NCOR1/EML3/CSNK1D/KIF15/PRICKLE1/MAPK15/PPP2R1B/TNKS/DYNC1H1/PDCD6IP/BCCIP/TUBGCP6/SMC1A"
"GOBP_NEGATIVE_REGULATION_OF_SYNCYTIUM_FORMATION_BY_PLASMA_MEMBRANE_FUSION","GOBP_NEGATIVE_REGULATION_OF_SYNCYTIUM_FORMATION_BY_PLASMA_MEMBRANE_FUSION",49,-0.793399439369372,-2.06879188830631,4.06504414689587e-05,0.00614367083971806,0.00547191537498422,1135,"tags=67%, list=6%, signal=63%","RPL10A/RPL37A/RPLP0/RPL41/RPL29/RPL27A/RPL13A/RPL37/RPL24/RPL32/RPL15/RPL8/RPL35/RPL39/RPL38/RPL10/RPL36A/RPL27/RPL9/RPL23A/RPL5/RPL34/RPL35A/RPL14/RPL30/RPL31/RPL7/RPL6/RPL17/RPL4/RPL11/RPL23/RPL3L"
"HP_ABNORMAL_CARDIAC_EXERCISE_STRESS_TEST","HP_ABNORMAL_CARDIAC_EXERCISE_STRESS_TEST",19,-0.889952159204886,-1.96335039348973,3.97849072232586e-05,0.00614367083971806,0.00547191537498422,453,"tags=21%, list=3%, signal=21%","CACNA1C/CALM1/CALM3/ANK2"
"GOBP_SPINDLE_ORGANIZATION","GOBP_SPINDLE_ORGANIZATION",208,0.60910302163755,1.66217016240105,4.11505831045561e-05,0.00614367083971806,0.00547191537498422,2085,"tags=33%, list=12%, signal=30%","TUBB1/CCNB1/PCNT/RHOA/AURKA/KIF11/CCNB2/CDC20/VCP/NUMA1/MYBL2/PTEN/SPAG5/PRC1/BIRC5/PLK1/TPX2/KIF23/KIFC1/MAPRE1/SMC3/CDCA8/HNRNPU/CENPE/ATRX/CKAP5/CHD3/INO80/ILK/HSPA1A/PDE4DIP/DRG1/CHEK2/RACGAP1/TUBB/AURKB/EZR/MAPRE3/NDC80/DDB1/ESPL1/PLK3/LZTS2/TUBGCP2/ASPM/MLH1/NCOR1/TUBG1/EML3/CSNK1D/KIF15/NUF2/PRICKLE1/MAPK15/PPP2R1B/TNKS/DYNC1H1/PDCD6IP/SPAST/RAN/NUP62/BCCIP/TUBGCP6/UVRAG/SMC1A/RGS14/STMN1/EFHC1/TACC3"
"GOBP_RESPONSE_TO_OXIDATIVE_STRESS","GOBP_RESPONSE_TO_OXIDATIVE_STRESS",416,0.529251511087629,1.50896323125945,4.11166956259787e-05,0.00614367083971806,0.00547191537498422,1845,"tags=22%, list=10%, signal=20%","CUL1/SRC/KDM6B/JAK2/AKT1/PSMD14/MT-ND3/PSMC2/PRDX1/CDK1/FOS/EZH2/PPP2CB/AIFM1/SIRPA/VRK2/ERN1/KLF4/PSMD1/PTPRK/PARP1/MAPK13/PSMB2/ATP2A2/TP53/MAP2K1/PSMA5/PRDX2/PCNA/CAPN2/PSMD2/FOXO3/ABL2/PNPT1/DUSP1/PSMC5/HSPA1A/PSMB7/FOXO4/CAT/PINK1/MT-ND1/PXN/HGF/PARK7/IDH1/PSMC3/PSMD7/EIF2S1/HDAC2/COL6A1/FOXO1/GCH1/PSMA3/MT-CO1/BTK/SNCA/TPM1/PLK3/ABL1/PSMD11/GPX7/CD2AP/CYB5B/BCL2/USP25/EEF2/TRPA1/HBB/PSMC4/HYAL2/LRRK2/PPIF/BLVRA/MAPKAP1/EPAS1/PRDX4/PRNP/PSMA4/SIRT1/NR4A2/PRDX3/XPA/GSR/SLC25A24/HTRA2/RHOB/ALOX5/S100A7/PSMA6/SETX/GPX8"
"GOBP_REGULATION_OF_T_CELL_ACTIVATION","GOBP_REGULATION_OF_T_CELL_ACTIVATION",394,0.538365237768045,1.52803015723814,4.2311727413699e-05,0.00623279952622063,0.00555129863667731,2309,"tags=27%, list=13%, signal=24%","SRC/JAK2/AKT1/CD4/RHOA/HAVCR2/YWHAG/HSPD1/BCL6/TGFBR2/CAV1/IRF4/SIRPA/BRD7/SMARCC1/PPP3CA/RIPK2/PSMB2/HLA-DRB5/LCK/PSMA5/PRDX2/HSPH1/PTPN11/HLA-DRA/TYK2/FOXO3/ABL2/VCAM1/ACTB/HLA-DOB/DUSP10/PRKCZ/SMARCA4/RHOH/GPNMB/KAT2A/DUSP22/CD209/CD74/METTL14/SMARCB1/ZBTB16/DNAJA3/PSMA3/LILRB1/ABL1/SOS1/CSK/LAG3/ZAP70/IL4I1/ACTL6B/RAC2/HLA-DPB1/LILRB4/MTOR/CCL2/LGALS9/STAT5B/BRAF/MALT1/AGER/FGL2/SOX4/PTPN2/PRKAR1A/AMBRA1/KAT5/DUSP3/SYK/PRNP/HLA-DMB/PSMA4/CAMK4/SIRPG/HLA-DPA1/FCHO1/RC3H1/RC3H2/SH3RF1/SPINK5/SMARCA2/HLA-DRB1/PSMA6/NCK1/CCDC88B/ICOSLG/HLA-DQB1/NCKAP1L/PBRM1/SOS2/CCR2/TNFSF13B/RASGRP1/SIRPB1/CD46/JUNB/SMARCD2/TFRC/SLAMF1/DTX1/PSMB4/CD40LG/TCF7"
"HP_ABNORMALITY_OF_MULTIPLE_CELL_LINEAGES_IN_THE_BONE_MARROW","HP_ABNORMALITY_OF_MULTIPLE_CELL_LINEAGES_IN_THE_BONE_MARROW",188,0.619491521107148,1.67559052071326,4.33506240169781e-05,0.0063018117649944,0.00561276500430349,2057,"tags=28%, list=12%, signal=25%","SRC/NRAS/JAK2/HAVCR2/IFIH1/SCARB2/NUMA1/RAD51/GATA1/TP53/SAMD9/MTHFD1/SAMD9L/UBE2T/ATR/KIT/BRCA2/SLC7A7/XIAP/CALR/TALDO1/GATA2/MRPS7/CASP10/FASLG/ZBTB16/GNAS/GFI1B/TLR8/TBXAS1/RAC2/GFI1/ADA2/PSTPIP1/EFL1/PALB2/STAT5B/MYSM1/RPS14/FLT3LG/PRKAR1A/BRIP1/CXCR4/KRAS/SRP54/NHP2/TCN2/HLA-DRB1/SRP72/PCCA/TYMS/BACH2/ERCC6L2"
"GOBP_CAVEOLIN_MEDIATED_ENDOCYTOSIS","GOBP_CAVEOLIN_MEDIATED_ENDOCYTOSIS",12,0.93659221733501,1.75307957165044,4.67481427633438e-05,0.00645591851561777,0.00575002155989128,327,"tags=42%, list=2%, signal=41%","SRC/MAPK3/MAPK1/CAV1/ITSN1"
"GOBP_REGULATION_OF_CELL_CYCLE_G2_M_PHASE_TRANSITION","GOBP_REGULATION_OF_CELL_CYCLE_G2_M_PHASE_TRANSITION",115,0.668449202774146,1.72169181761374,4.57474853894527e-05,0.00645591851561777,0.00575002155989128,1379,"tags=24%, list=8%, signal=23%","CCNB1/KIF14/CDK1/AURKA/RBBP8/TICRR/ORC1/PLK1/CHEK1/CDC6/GTPBP4/TP53/RAD51B/FZR1/ATR/BRCC3/FOXO4/BARD1/CDC25A/CDC14B/AURKB/RCC2/CDC7/CDK4/MRNIP/RRM1/BLM/CENPF"
"GOBP_POSITIVE_REGULATION_OF_LEUKOCYTE_PROLIFERATION","GOBP_POSITIVE_REGULATION_OF_LEUKOCYTE_PROLIFERATION",161,0.63203635509146,1.68395568070498,4.669980023509e-05,0.00645591851561777,0.00575002155989128,2838,"tags=33%, list=16%, signal=28%","EPHB2/MAPK3/JAK2/MAPK1/CD4/HAVCR2/IRS2/BCL6/TGFBR2/MEF2C/PPP3CA/RIPK2/TYK2/VCAM1/CSF1R/PTK2/CD209/CD74/DNAJA3/BTK/ZAP70/BCL2/HLA-DPB1/LGALS9/STAT5B/FCRL3/AGER/FLT3LG/SYK/CD40/HLA-DMB/HLA-DPA1/FGF10/NCK1/CCDC88B/ICOSLG/NCKAP1L/CCR2/TNFSF13B/CD46/TFRC/SLAMF1/CD40LG/ATAD5/TCF3/IGF1/PYCARD/SPN/IL12RB1/CD276/CORO1A/TMIGD2/FOXP3"
"HP_INHERITANCE_QUALIFIER","HP_INHERITANCE_QUALIFIER",330,0.552764503248003,1.55569661779067,4.54747505336282e-05,0.00645591851561777,0.00575002155989128,1746,"tags=26%, list=10%, signal=24%","EGFR/RANBP2/SRC/MYC/NRAS/JAK2/AKT1/MAPK1/RHOA/STAT1/BUB1/BUB1B/MSR1/AURKA/KIF11/TGFBR2/IFIH1/CAV1/RAD51/SMARCC1/RAD54L/PTEN/MT-ND4/ESR1/TP53/PAX3/CASP8/PTPN11/CDC73/BMPR2/HDAC4/KIT/EPHB4/ACTB/HMMR/MT-ND2/WT1/RB1/CHEK2/UCHL1/BARD1/BRCA2/MT-CYB/MT-ND1/KLF6/IDH1/HRAS/DNMT3A/CALR/GATA2/CASP10/FOXO1/FASLG/SMARCB1/FH/TTN/GNAS/ABL1/ACVR1B/PHB1/SIX3/GNB2/DCX/MTOR/DCHS1/TBK1/MT-CO3/PPM1D/BRAF/MSH6/TAL1/DCC/LRRK2/KANK1/RPS14/XRCC3/BRIP1/SCN4A/MT-ATP6/MT-ND4L/KRAS/PPP2R1B/CHD8/SMAD4/NEK9/PDGFRL"
"GOBP_BIOLOGICAL_PROCESS_INVOLVED_IN_SYMBIOTIC_INTERACTION","GOBP_BIOLOGICAL_PROCESS_INVOLVED_IN_SYMBIOTIC_INTERACTION",209,0.602314794863045,1.64304815629557,4.94922657901953e-05,0.00675050064753182,0.00601239377006817,2235,"tags=30%, list=13%, signal=27%","EGFR/AXL/KPNA2/SRC/CD4/HSPD1/SIGLEC1/CDK1/HSP90AB1/CAV1/SCARB2/CTSL/FN1/IFIT1/CTSB/CH25H/VAPB/HSPA1A/GAS6/CD209/DDB1/LAMP3/ITGB3/CR2/ANPEP/PHB1/AGTR1/GAPDH/CCR5/TRIM5/MYH10/EXOC2/VAMP8/LGALS9/P4HB/HYAL2/MOG/TRIM38/MUC5B/F2RL1/NCAM1/EPS15/CXCR4/PPID/ITGB5/BSG/KRT6A/ILF3/IDE/PLSCR1/PVR/ITGB7/UVRAG/TMPRSS2/LDLR/RPSA/FURIN/CD46/ITGA5/CLEC5A/TFRC/F11R/SLAMF1"
"GOBP_RESPONSE_TO_MOLECULE_OF_BACTERIAL_ORIGIN","GOBP_RESPONSE_TO_MOLECULE_OF_BACTERIAL_ORIGIN",336,0.545406720234355,1.5374386660423,5.02312285158682e-05,0.00676773917857697,0.00602774742190418,1886,"tags=22%, list=11%, signal=20%","AXL/EPHB2/MAPK3/JAK2/AKT1/MAPK1/RHOA/HAVCR2/KMO/FOS/PRKCE/SIRPA/NOTCH1/MEF2C/RIPK2/CD180/GSK3A/GATA1/PLAA/PRDX2/TNF/CASP7/CASP8/CAPN2/PTPN11/CDC73/VCAM1/DUSP10/HDAC5/ABCC8/ANKRD1/VIM/HDAC2/COL6A1/FASLG/HADHB/GCH1/CDK4/BTK/LILRB1/SNCA/ABL1/IRAK2/NFKB2/GFI1/CCR5/TRIM5/FOSL2/CTR9/NR4A1/CCL2/LGALS9/TLR10/F2R/LITAF/AICDA/MALT1/NR1H3/PPARD/HCK/MMP9/BLVRA/IRF3/CASP9/CD40/PRDX3/SLC11A1/BMP6/NFKBIA/PTAFR/FGF10/S100A7/PALM3/IRF8/TLR6"
"GOBP_REGULATION_OF_SMALL_MOLECULE_METABOLIC_PROCESS","GOBP_REGULATION_OF_SMALL_MOLECULE_METABOLIC_PROCESS",327,0.542588413611867,1.524586076069,5.92925161519949e-05,0.00789233395719566,0.00702937781850157,1626,"tags=21%, list=9%, signal=20%","EGR1/RANBP2/AKT1/MAPK1/GAPDHS/IRS2/VCP/CAV1/NME1/PRKAG1/PARP1/ENO1/SIK1/TP53/PLAA/MAP2K1/TNF/PLIN5/CH25H/HDAC4/PDK4/IRS1/GNB3/PINK1/UCHL1/KAT2A/FMO2/PARK7/PDK1/TWIST1/CD74/FOXO1/BCKDK/PRKAG2/DDB1/DNM1L/FOXK1/ATP5IF1/SNCA/PRKAG3/AGTR1/TCF7L2/NCOR1/NME2/GFI1/AKT2/WNT4/MTOR/INSIG1/GUCA1A/MTCH2/PTH1R/ZBTB20/NR1H3/PTPN2/PDP1/PPARD/ACADM/DAB2/PRKACA/SIRT1/ADIPOR1/SREBF2/CD244/PPTC7/TIGAR/NLN/BMP6/ELOVL5/ACACB"
"GOCC_CYTOSOLIC_LARGE_RIBOSOMAL_SUBUNIT","GOCC_CYTOSOLIC_LARGE_RIBOSOMAL_SUBUNIT",55,-0.775999551456133,-2.07460689896306,6.03154495288548e-05,0.00793291769517605,0.00706552408766585,1135,"tags=64%, list=6%, signal=60%","RPL10A/RPL37A/RPLP0/RPL41/RPL29/RPL27A/RPL13A/RPL37/RPL24/RPL32/RPL15/RPL8/RPL39L/RPL35/RPL39/RPL38/RPL10/RPL36A/RPL27/RPL9/RPL23A/RPL5/RPL34/RPL35A/RPL14/RPL30/RPL31/RPL7/RPL6/RPL26/RPL17/RPL4/RPL11/RPL23/RPL3L"
"GOBP_ERK1_AND_ERK2_CASCADE","GOBP_ERK1_AND_ERK2_CASCADE",310,0.549833238336278,1.54053362021582,6.35469887812078e-05,0.00825961331829157,0.0073564984659657,2592,"tags=31%, list=15%, signal=27%","EGFR/EPHB2/SRC/ATF3/MAPK3/MYC/MAPK1/HAVCR2/DUSP5/CDK1/SIRPA/NOTCH1/KLF4/FN1/RIPK2/DUSP6/MAP2K1/TNF/RRAS/PTPN11/CSF1R/DUSP1/DUSP10/PRKCZ/PDGFRB/ARRB2/GPNMB/KARS1/HRAS/EPHA7/EZR/GAS6/CD74/MARCO/ABL1/ROS1/ITGB3/CSK/HESX1/CD2AP/NECAB2/PHB1/EIF3A/LGALS9/HTR2C/ZFP36L2/F2R/BRAF/MAP2K2/AGER/TRAF7/CHI3L1/NAMPT/PTPN2/DUSP3/SYK/F2RL1/DAB2/NTRK1/NOX4/EPHB1/VRK3/PIN1/DNAJC27/ZFP36L1/SMAD4/FGF10/CD44/S100A7/EGF/ABCA7/FGB/RGS14/NODAL/RASGRP1/PRKCA/PTPN1/ARRB1/CIB1/TPBG/SLAMF1/NLRP12/DUSP4/NRG1/DUSP7/DUSP26/FGA/ALOX15/ITGAV/SPRED1/ADORA2A/IGF1/NDRG2/PYCARD/CFLAR/PHB2/CCR7"
"HP_TYPIFIED_BY_SOMATIC_MOSAICISM","HP_TYPIFIED_BY_SOMATIC_MOSAICISM",173,0.611954300580659,1.64235861353197,6.74324486598522e-05,0.00866271735807031,0.00771552668387146,1295,"tags=29%, list=7%, signal=28%","EGFR/SRC/MYC/NRAS/JAK2/AKT1/RHOA/BUB1/BUB1B/MSR1/AURKA/TGFBR2/RAD51/RAD54L/PTEN/ESR1/TP53/PAX3/CASP8/PTPN11/CDC73/HDAC4/KIT/ACTB/HMMR/WT1/RB1/CHEK2/BARD1/BRCA2/KLF6/IDH1/HRAS/DNMT3A/CALR/GATA2/CASP10/FOXO1/FASLG/SMARCB1/GNAS/ABL1/ACVR1B/PHB1/MTOR/PPM1D/BRAF/MSH6/TAL1/DCC/RPS14"
"GOMF_HISTONE_BINDING","GOMF_HISTONE_BINDING",165,0.624430864160192,1.67144600599393,7.19101730732951e-05,0.009131765426595,0.00813328854070372,2142,"tags=33%, list=12%, signal=29%","JAK2/CHD4/TBL1X/STAT1/EZH2/BRD7/SMARCC1/SMARCA5/CTSL/CHD5/CHD1/YEATS2/HDAC4/ATRX/CHD6/CHD3/RBBP4/INO80/TP53BP1/TONSL/SMARCA4/SSRP1/HDAC2/DAXX/ATAD2/ASF1B/MCM2/RNF8/FH/EZH1/APBB1/KDM1B/SNCA/RBBP7/CKS1B/AGER/MYSM1/CHAF1B/RNF20/DTX3L/DNAJC9/MLLT3/SIRT1/BAZ1B/CHD2/TNKS/CHD8/SMARCA2/SUPT6H/IPO7/VPS72/CTCFL/ATAD2B/NASP"
"GOBP_DOUBLE_STRAND_BREAK_REPAIR","GOBP_DOUBLE_STRAND_BREAK_REPAIR",326,0.551034726617488,1.54856862449683,7.99144236319135e-05,0.00987850582917788,0.00879837955821056,2305,"tags=29%, list=13%, signal=25%","CHD4/PSMD14/TRIP13/FOXM1/DDX1/RBBP8/VCP/RAD51/BRD7/SMARCC1/RAD54L/PARP1/PLK1/CHEK1/BRD8/RUVBL1/TIMELESS/RAD51B/RAD21L1/FEN1/MCM4/ATR/ACTR8/ACTB/INO80/TP53BP1/BRCC3/MSH2/TONSL/SMARCA4/SMC6/CHEK2/CDC45/BRCA2/MCM6/CSNK2A2/PRMT1/POLA1/TWIST1/ACTR2/MCM2/SMARCB1/CDC7/RNF8/FH/PPP4C/ABL1/XRCC6/MCM7/PARPBP/MLH1/ACTL6B/MCM3/MRNIP/PRDM9/PALB2/AGER/TNKS1BP1/NSD2/BLM/RIF1/DTX3L/KAT5/EME1/RUVBL2/XRCC3/SAMHD1/EP400/SIRT1/BRIP1/RNF138/SMARCAD1/CSNK2A3/PRPF19/DCLRE1A/SMARCA2/ERCC5/SETX/SIRT6/DDX11/PBRM1/UVRAG/KHDC3L/VPS72/ERCC6L2/ESCO2/SMARCD2/CIB1/DYRK1A/UIMC1/ZCWPW1/TOP2B/PNKP"
"GOBP_CELL_SUBSTRATE_ADHESION","GOBP_CELL_SUBSTRATE_ADHESION",360,0.538563500916854,1.51782423782335,8.0472983764121e-05,0.00987850582917788,0.00879837955821056,1928,"tags=24%, list=11%, signal=21%","AXL/SRC/THBS1/JAK2/KIF14/RHOA/CTTN/SIGLEC1/GSK3B/CDC42/BCL6/EPHA1/PRKCE/MERTK/NOTCH1/PTEN/FN1/PTPRK/GSK3A/ACTG1/RRAS/CDK6/COL3A1/CASK/CASS4/VCAM1/PTPRO/PLEKHA2/ILK/MACF1/ANXA2/JUP/PTK2/RHOD/DUSP22/CORO2B/PXN/TIAM1/ACTN1/CALR/THBS3/CDH11/COL8A1/GAS6/RCC2/VAMP3/EFEMP2/ROCK2/SNED1/EGFL6/ABL1/ITGB3/CORO1C/BCL2/RAC2/WNT4/P4HB/BRAF/RAC1/PPM1F/ITGA4/KANK1/PKP2/GFUS/PPARD/EDIL3/DUSP3/UTRN/ITGAX/DAB2/PIK3R1/EPHB1/NID1/ITGB5/ACVRL1/ITGA2B/HAS2/ONECUT2/TESK2/CD44/ITGB7/TSC1/EPHA3/ITGA8/FGB"
"GOBP_NUCLEOTIDE_METABOLIC_PROCESS","GOBP_NUCLEOTIDE_METABOLIC_PROCESS",490,0.508718266007512,1.46195369618112,7.93389467859689e-05,0.00987850582917788,0.00879837955821056,2459,"tags=28%, list=14%, signal=24%","MYH7/LDHA/MT-ND3/KMO/GAPDHS/HSPA8/PGK2/ENO2/PRPS1L1/VCP/ALDH1L2/NME1/PRKAG1/PARP1/ENO1/MT-ND4/TP53/MDH2/ATP5F1B/MTHFD1/MAP2K1/NME4/GART/CASK/HDAC4/ENO4/MT-ND2/NME7/AK2/HSPA1A/PINK1/RRM2/UCHL1/CAD/KARS1/MT-ND1/FMO2/PARK7/GOT1/IDH1/COL6A1/NPR1/TALDO1/SDHA/HK1/GUK1/MPP1/PRPS2/PRKAG2/MYH6/ENO3/DNM1L/FOXK1/ATP5IF1/NDUFA9/MAGI3/PRKAG3/RHOQ/ADK/GAPDH/AK1/LDHC/NCOR1/IDH2/LIPA/NDUFA12/NME2/NUDT12/PGD/NDUFS1/MTOR/TPST2/HKDC1/EFL1/IMPDH1/RRM1/NDUFA8/ATP5F1A/GUCA1A/CNP/MTCH2/LRRK2/NAMPT/SLC25A25/ZBTB20/STOML2/SAMHD1/PRKACA/MFN1/SDHC/SHMT1/MT-ATP6/NDUFV2/TIGAR/MT-ND4L/GARS1/AK5/ADSL/AMPD2/PDE5A/ATP1B1/RAN/SIRT6/NDUFA13/NDUFV1/TYMS/NT5E/ATP6V1A/PKM/ATP5MC3/TPI1/ALDOC/FIS1/ATP6V1B2/P2RX7/HIF1A/CBFA2T3/NOX1/NDUFS7/PFAS/AMPD1/ATP5MC1/PAICS/PDE9A/TKT/G6PD/PRKAA1/CMPK2/NNT/TJP2/NDUFB8/RPTOR/GPD2/NDUFB10/INSR"
"HP_ABNORMAL_LYMPH_NODE_MORPHOLOGY","HP_ABNORMAL_LYMPH_NODE_MORPHOLOGY",264,0.573938495189815,1.58816293257486,8.18161220547029e-05,0.00993301666439953,0.00884693012107996,2096,"tags=31%, list=12%, signal=28%","HABP2/TLR7/MYC/ISG15/NRAS/JAK2/TRIP13/BIRC3/STAT1/BCL6/TGFBR2/IFIH1/IRF4/NUMA1/TP53/MAP2K1/CASP8/MCM4/CYBB/ATRX/KIT/EPHB4/TRIM28/WT1/BRCA2/XIAP/CALR/SDHA/GATA2/BLK/CASP10/FASLG/ZBTB16/BTK/NCF4/RBBP7/YARS1/CR2/STAT2/ZAP70/TLR8/BCL2/PLCG1/RAC2/HLA-DPB1/ADA2/GINS1/CTR9/TBK1/PSTPIP1/PALB2/STAT5B/POLD3/BRAF/AICDA/DLEC1/MALT1/ANKRD55/TNFRSF1A/ERAP1/PTPN2/FLT3LG/PRKAR1A/SYK/PIK3R1/CD40/SDHC/CXCR4/FCHO1/KRAS/NFKBIA/TRAF3/SMAD4/HLA-DRB1/TSC1/IRF8/NCKAP1L/TSC2/RASGRP1/PALLD/CTNNBL1/ABCA1"
"GOBP_REGULATION_OF_SISTER_CHROMATID_SEGREGATION","GOBP_REGULATION_OF_SISTER_CHROMATID_SEGREGATION",115,0.662283845157375,1.70581200847132,8.43480587439963e-05,0.0101291016630834,0.00902157497870569,2242,"tags=38%, list=13%, signal=34%","CCNB1/TRIP13/CDK1/BUB1/BUB1B/CDC20/NUMA1/BRD7/SMARCC1/BIRC5/PLK1/CDC6/KNL1/CDCA8/HNRNPU/CENPE/DUSP1/ACTB/SMARCA4/RB1/MAD2L1/AURKB/DYNC1I2/SMARCB1/NDC80/ESPL1/ACTL6B/CDC27/KAT5/CENPF/XRCC3/NUF2/SIRT1/DYNLL2/MAPK15/DYNC1H1/SMARCA2/HECW2/PBRM1/RIOK2/TACC3/SMARCD2/CDC23/ZW10"
"GOBP_REGULATION_OF_BODY_FLUID_LEVELS","GOBP_REGULATION_OF_BODY_FLUID_LEVELS",386,0.525510308113169,1.48824302600941,8.95879280785087e-05,0.010642660531305,0.00947898077733898,2216,"tags=21%, list=13%, signal=19%","AXL/EPHB2/TUBB1/SRC/THBS1/JAK2/HGFAC/MYL9/CAV1/PRKCE/MERTK/THBD/NME1/FN1/PPP3CA/LCK/GATA1/ACTG1/PRKAR2B/PRDX2/PDIA3/COL3A1/ACTB/ANXA5/PTPRO/ILK/ANXA2/CAD/CORO2B/MT-CO2/ACTN1/HEG1/NPR1/GAS6/VAMP3/F10/GNAS/ITGB3/AQP3/CFTR/F12/FOSL2/PRKACG/VAMP8/STAT5B/HBB/COPA/VAMP2/GNAQ/F2R/HYAL2/CYP4F12/NR1H3/PROC/PRKAR1A/SYK/F2RL1/SOCS2/CD40/PRKACA/PRICKLE1/ITPR3/TMX1/GP6/HAS2/FGF10/PLSCR1/GUCA1B/ADAMTS18/FGB/PROZ/CD9/ANGPTL4/UBASH3B/MED1/PRKCA/HIF1A/ANGPTL2/MYL12A/F11R"
"GOBP_RESPONSE_TO_INSULIN","GOBP_RESPONSE_TO_INSULIN",275,0.553405903784262,1.53917853728176,9.15382840409027e-05,0.0107586698094031,0.00958230547832429,2685,"tags=32%, list=15%, signal=27%","IGF1R/EGR1/MAPK3/AKT1/MAPK1/YWHAG/GSK3B/IRS2/FOS/SMARCC1/BCAR1/IRS4/EPRS1/PARP1/GSK3A/MAP2K1/PTPN11/SHC1/RAF1/PDK4/IRS1/HDAC5/ABCC8/PRKCZ/NCL/FOXO4/CAT/RB1/CAD/GOT1/HRAS/COL6A1/FOXO1/RAB10/SOS1/CD2AP/RHOQ/CD101/HADHA/HDAC9/AKT2/MTOR/INSIG1/VAMP2/ACVR1C/SORL1/KANK1/NAMPT/NDEL1/PTPN2/BLVRA/MAPKAP1/TNS2/SLC27A1/PIK3R1/SIRT1/ADIPOR1/TRIM72/APPL1/IDE/ZFP36L1/RPS6KB2/TSC1/NCK1/CAPN10/SLC2A4/SOS2/PHIP/TSC2/PKM/SORT1/PTPN1/CRY2/USO1/APPL2/PRKAA1/FER/INSR/PIK3CA/KCNQ1/IGF1/OGT/CFLAR/PTPRE/RPS6KB1/ALPL/SCAP"
"HP_ABNORMAL_BASAL_GANGLIA_MORPHOLOGY","HP_ABNORMAL_BASAL_GANGLIA_MORPHOLOGY",177,0.613273371038636,1.64920428563292,9.60867702044258e-05,0.0110987825239507,0.00988522990909444,1952,"tags=27%, list=11%, signal=24%","TUBA1A/RANBP2/ISG15/MT-ND3/RBBP8/TUBB3/IFIH1/HTT/AIFM1/FBXO7/TUBB2B/MT-ND4/ATR/PNPT1/MT-ND2/PDGFRB/TUBB/MT-ND1/MT-CO2/IDH1/KCNQ2/GCH1/MT-CO1/GNAS/DNM1L/PDHX/GFM1/SNCA/GCDH/DCX/ACVR1/NDUFS1/MT-CO3/DLAT/GNA11/LRRK2/FA2H/SAMHD1/PRNP/NR4A2/MT-ATP6/CYP2U1/HIBCH/NUP62/ZEB2/FOXP2/GJA1"
"GOCC_CHROMOSOMAL_REGION","GOCC_CHROMOSOMAL_REGION",399,0.532260870887638,1.51303329043635,9.64412674057994e-05,0.0110987825239507,0.00988522990909444,1876,"tags=26%, list=11%, signal=23%","H3-7/CCNB1/CHD4/TOP2A/CDK1/BUB1/BUB1B/AURKA/DNMT1/CDC20/EZH2/PPP2CB/H3-3A/HNRNPA2B1/RAD51/KAT8/BRD7/SMARCC1/SMARCA5/SPAG5/SUMO3/PARP1/ORC1/BIRC5/PLK1/CHEK1/KNL1/XPO1/SMC3/CDCA8/PCNA/FEN1/MCM4/CDC73/ATR/HNRNPU/CENPE/ATRX/CKAP5/ACTB/RBBP4/SP100/TP53BP1/MSH2/SMARCA4/SGO1/PPP1CC/SMC6/CHEK2/MAD2L1/BRCA2/MCM6/DNMT3A/H4C16/HDAC2/DAXX/DHX36/AURKB/RCC2/MCM2/SMC4/SMARCB1/NDC80/DDB1/RNF8/EZH1/PLK3/SSB/XRCC6/H2BC11/RBBP7/MCM7/ACTL6B/NCAPG/MCM3/DCTN5/CSNK1A1/SEPTIN2/BLM/RIF1/NDEL1/TNKS2/KAT5/CENPF/MACROH2A2/XRCC3/CENPO/NUF2/SIRT1/BAZ1B/ZBTB10/ATF7/TNKS/NHP2/NUP37/PPP1R12A/POLD1/SETX/SMC1B/SEC13/SIRT6/PSEN2"
"GOMF_PROTEIN_SERINE_KINASE_ACTIVITY","GOMF_PROTEIN_SERINE_KINASE_ACTIVITY",355,0.533467011787998,1.50191081418903,9.99000388518374e-05,0.011378305456032,0.0101341895082689,1792,"tags=25%, list=10%, signal=23%","MAPK3/AKT1/MAPK1/CAMK2G/SGK1/CDK1/GSK3B/BUB1/BUB1B/AURKA/DAPK2/RIPK4/PRKCE/MYO3B/MAP3K9/VRK2/ERN1/CDK18/MAPK13/RIPK2/GSK3A/SIK1/CIT/PLK1/CHEK1/OBSCN/MAP3K1/MAP2K1/EIF2AK2/CDK11A/CDK6/PLK4/ATR/ULK2/CASK/RAF1/CDK17/MAP3K21/PRKCZ/PINK1/MELK/CAMK2A/CHEK2/PBK/AURKB/CSNK2A2/GAK/CAMK2D/BCKDK/ROCK2/MAPK6/CDC7/CDK4/TTN/PLK3/ULK1/CDC42BPB/STK17B/AKT2/MTOR/TBK1/PRKACG/CDK3/CAMK1G/BRAF/CSNK1A1/MAP2K2/FAM20C/LRRK2/CSNK1D/PAK6/RIOK1/PNCK/CSNK1E/TNIK/CDC42BPG/PRKACA/MAPK15/MAP3K2/CAMK4/STK33/PAK4/CSNK2A3/TESK2/RPS6KB2/NEK9/SMG1/LIMK1"
"GOBP_VIRAL_LIFE_CYCLE","GOBP_VIRAL_LIFE_CYCLE",282,0.562162426907107,1.56261265017541,0.000101492952841341,0.0114230983868955,0.0101740847327165,2285,"tags=29%, list=13%, signal=26%","EGFR/AXL/KPNA2/SRC/ISG15/CD4/TOP2A/OASL/SIGLEC1/CDK1/IFIH1/VCP/HSP90AB1/CAV1/SCARB2/IFIT5/NOTCH1/CTSL/MX1/IFIT1/PCBP2/CTSB/TNF/EIF2AK2/CH25H/VAPB/TRIM28/HSPA1A/SMC6/GAS6/CD209/SMARCB1/DDB1/LAMP3/ITGB3/CR2/CTBP2/ANPEP/IFI16/PHB1/AGTR1/BCL2/CCR5/TRIM5/MYH10/CCL2/VAMP8/LGALS9/P4HB/HYAL2/AICDA/MOG/PCBP1/TRIM38/NCAM1/EPS15/CXCR4/PPID/ITGB5/BSG/ILF3/IDE/PLSCR1/PDCD6IP/PVR/ITGB7/UVRAG/TMPRSS2/RSAD2/LDLR/RPSA/FURIN/APOBEC3F/CD46/ITGA5/CLEC5A/TFRC/F11R/SLAMF1/TOP2B/CCL8/RAB1B"
"GOBP_REGULATION_OF_PROTEIN_CATABOLIC_PROCESS","GOBP_REGULATION_OF_PROTEIN_CATABOLIC_PROCESS",393,0.526655017859428,1.49255744490632,0.000102361218347452,0.0114230983868955,0.0101740847327165,2078,"tags=25%, list=12%, signal=23%","EGFR/UBQLN2/AKT1/PSMD14/PSMC2/CDC20B/GSK3B/HSP90AA1/AURKA/CDC20/VCP/HSP90AB1/CAV1/GABARAPL2/SMARCC1/PSMD1/PSMB2/GSK3A/PLK1/CYP51A1/SNRNP70/XPO1/PSMA5/TNF/PSMD2/FZR1/NSF/TRIB2/VPS35/PSMC5/HSPA1A/PSMB7/UBE2K/PINK1/CHEK2/BARD1/ANXA2/MAD2L1/PBK/KAT2A/PARK7/PSMC3/PSMD7/CSNK2A2/EZR/FOXO1/DDB1/PSMA3/LAMP3/SNCA/PLK3/PTPN3/PSMD11/CLU/SUMO2/PHB1/USP25/RAD23B/MTOR/PSMC4/CSNK1A1/DNAJB2/CUL4A/RYBP/SF3B3/SORL1/LRRK2/PSMD10/UBB/CSNK1D/UBQLN1/USP14/CSNK1E/DAB2/PRKACA/PSMA4/SIRT1/PRICKLE1/TMX1/NOP53/CTSA/PIN1/CST3/STK33/CSNK2A3/IDE/MYCBP2/SMAD4/LRP2/PSMA6/CREBRF/SIRT6/NDUFA13/DTL/LDLR/PSME2/TMTC3/FURIN/SENP1"
"HP_ABNORMAL_PLATELET_FUNCTION","HP_ABNORMAL_PLATELET_FUNCTION",63,0.735834284657147,1.75803434524408,0.000106325771021196,0.0116305655271503,0.0103588671965205,1614,"tags=33%, list=9%, signal=30%","EPHB2/TUBB1/NRAS/GATA1/MRAS/RRAS/SAMD9L/PTPN11/RAF1/ACTN1/CALR/GNAS/GFI1B/ITGB3/SOS1/BRAF/RASGRP2/GP6/ITGA2B/KRAS/TPM4"
"HP_INCREASED_CIRCULATING_LACTATE_CONCENTRATION","HP_INCREASED_CIRCULATING_LACTATE_CONCENTRATION",217,0.586110773000128,1.60115351278806,0.000105947256700012,0.0116305655271503,0.0103588671965205,3450,"tags=37%, list=19%, signal=30%","LDHA/MT-ND3/HSPD1/AIFM1/YME1L1/MT-ND4/UQCRC2/MDH2/PNPT1/MT-ND2/KLC4/ACAD9/KARS1/PYGL/MT-ND1/SLC7A7/MT-CO2/SDHA/MRPS7/HADHB/MT-CO1/DNM1L/PDHX/GFM1/NDUFA9/YARS1/MRPS22/STAT2/NDUFA12/MRPL44/NDUFS1/MT-CO3/NDUFA8/ATP5F1A/PDP1/ACAT1/PITRM1/MTO1/MT-ATP6/HTRA2/HIBCH/ECHS1/AMPD2/NARS2/ISCU/SCO1/COQ9/NDUFA13/SLC25A3/NDUFV1/COX4I1/LARS2/TUFM/RARS1/AMPD1/NDUFB8/CYP27A1/MRPL12/C1QBP/NDUFB9/COX6B1/GOT2/NDUFS2/OPA1/CDK5/DARS2/DLD/RRM2B/COX5A/IARS2/COQ8A/TXN2/SUCLG1/PRSS12/AGK/LONP1/LRPPRC/CYC1/SLC31A1/COX6A2/MRPS34"
"GOBP_REGULATION_OF_MITOTIC_SISTER_CHROMATID_SEGREGATION","GOBP_REGULATION_OF_MITOTIC_SISTER_CHROMATID_SEGREGATION",66,0.727795909157984,1.75907580995828,0.000110975394568957,0.0120201584235082,0.0107058615937111,1496,"tags=35%, list=8%, signal=32%","CCNB1/TRIP13/CDK1/BUB1/BUB1B/CDC20/NUMA1/BIRC5/PLK1/KNL1/CDCA8/HNRNPU/DUSP1/MAD2L1/AURKB/DYNC1I2/NDC80/KAT5/CENPF/XRCC3/NUF2/SIRT1/DYNLL2"
"GOBP_POSITIVE_REGULATION_OF_CELL_CELL_ADHESION","GOBP_POSITIVE_REGULATION_OF_CELL_CELL_ADHESION",325,0.544531385108332,1.53076948078629,0.000114998149696371,0.0123349471635486,0.0109862310001193,2810,"tags=33%, list=16%, signal=28%","SRC/JAK2/AKT1/CD4/RHOA/HAVCR2/YWHAG/HSPD1/BCL6/TGFBR2/CAV1/SIRPA/BRD7/SMARCC1/ANK3/PPP3CA/RIPK2/HLA-DRB5/LCK/TNF/HSPH1/PTPN11/HLA-DRA/TYK2/FOXO3/ABL2/VCAM1/ACTB/HLA-DOB/DUSP10/PRKCZ/SMARCA4/RHOH/PTK2/CD209/CD74/SMARCB1/ZBTB16/DNAJA3/LILRB1/ABL1/CSK/ZAP70/IL4I1/ACTL6B/HLA-DPB1/LILRB4/MTOR/CCL2/LGALS9/STAT5B/PTPRU/MALT1/AGER/ITGA4/SOX4/KIF26B/AMBRA1/KAT5/SYK/HLA-DMB/SIRPG/HLA-DPA1/GP6/FCHO1/HAS2/CD44/SMARCA2/HLA-DRB1/ALOX5/NCK1/CCDC88B/ICOSLG/HLA-DQB1/NCKAP1L/PBRM1/FGB/CCR2/TNFSF13B/NODAL/RASGRP1/SIRPB1/CD46/SMARCD2/TFRC/F11R/SLAMF1/CD40LG/PRKAA1/TJP1/FGA/PODXL/CYLD/IGF1/PYCARD/SMARCD3/CCR7/HLA-DOA/SPN/IL12RB1/CD276/CORO1A/KLHL22/LGALS1/NFKBID/TMIGD2"
"GOCC_MITOTIC_SPINDLE","GOCC_MITOTIC_SPINDLE",163,0.614720954592615,1.63973127833318,0.000122988351779224,0.0130651472159314,0.0116365902068035,1263,"tags=26%, list=7%, signal=25%","TUBB1/MAPK1/CTTN/TBL1X/CDK1/CDC42/AURKA/KIF11/KIF20A/TUBB3/NUMA1/SPAG5/BIRC6/PRC1/TUBB2B/PLK1/TPX2/KIF23/KIFC1/MAPRE1/SMC3/HNRNPU/YEATS2/CENPE/SMC6/MAD2L1/RACGAP1/TUBB/KAT2A/CDC14B/AURKB/RCC2/MAPRE3/CNTRL/CDC7/ESPL1/ASPM/NCOR1/GEM/CDC27/TUBG1/TUBB4B/EML3"
"GOCC_ENDOPLASMIC_RETICULUM_CHAPERONE_COMPLEX","GOCC_ENDOPLASMIC_RETICULUM_CHAPERONE_COMPLEX",11,0.94473984837446,1.73868017086264,0.000128406817496786,0.0135108430448047,0.012033553182556,374,"tags=64%, list=2%, signal=62%","HSPA5/HSP90B1/DNAJB11/DNAJC10/PDIA6/HYOU1/PPIB"
"GOBP_REGULATION_OF_MACROAUTOPHAGY","GOBP_REGULATION_OF_MACROAUTOPHAGY",195,0.59097837906118,1.60584617814711,0.000137184819072164,0.0142982818972572,0.0127348926383971,1723,"tags=21%, list=10%, signal=19%","CUL1/UBQLN2/MAPK3/AKT1/PSMD14/CTTN/VDAC1/HTT/FKBP8/FBXO7/ERN1/RIPK2/GSK3A/SPTLC2/VPS35/PINK1/UCHL1/CSNK2A2/HUWE1/EXOC4/DNM1L/ATP5IF1/EHMT2/ULK1/GAPDH/CALCOCO2/MTOR/TBK1/ADRB2/LRRK2/UBQLN1/AMBRA1/KAT5/PRKACA/SIRT1/SREBF2/PPTC7/TIGAR/ATP6V0B/HTRA2/SCFD1"
"HP_ABNORMALITY_OF_THE_THENAR_EMINENCE","HP_ABNORMALITY_OF_THE_THENAR_EMINENCE",35,-0.794690833414001,-1.96770487390535,0.000140455254276382,0.0145023331705184,0.0129166327297159,896,"tags=54%, list=5%, signal=52%","RPS10/SALL4/RPS29/RPS17/RPL15/RPL8/RPL35/EIF4A3/RPL27/RPL9/RPL5/RPL35A/RPS20/RPS24/RPS7/RPS27/RPL31/RPL26/RPL11"
"GOBP_MACROAUTOPHAGY","GOBP_MACROAUTOPHAGY",382,0.522340379912232,1.47963026106725,0.000146213979102581,0.0149571485289381,0.0133217180960129,2201,"tags=19%, list=12%, signal=17%","CUL1/SRC/UBQLN2/MAPK3/AKT1/PSMD14/CTTN/GABARAPL1/VDAC1/VCP/RNF213/HTT/FKBP8/RAB39A/GABARAPL2/FBXO7/ERN1/RIPK2/GSK3A/ATP2A2/SPTLC2/PLAA/ULK2/RAB2A/VPS35/GAA/PINK1/CHEK2/UCHL1/EIF2S1/CSNK2A2/HUWE1/EXOC4/MAP1LC3C/CCPG1/DNM1L/ATP5IF1/STX12/STX17/EHMT2/IFT88/ULK1/GAPDH/CALCOCO2/MTOR/TBK1/VAMP8/RTN3/ADRB2/STAM2/LRRK2/UBQLN1/AMBRA1/KAT5/PRKACA/SIRT1/SREBF2/PPTC7/TIGAR/ATP6V0B/HTRA2/SCFD1/PDCD6IP/TSC1/IRGQ/LAMP2/UVRAG/TSC2/ATP6V1A/SQSTM1/ATP6V1B2/HGS/HIF1A/VMP1"
"GOMF_2_OXOGLUTARATE_DEPENDENT_DIOXYGENASE_ACTIVITY","GOMF_2_OXOGLUTARATE_DEPENDENT_DIOXYGENASE_ACTIVITY",66,-0.730018029856942,-1.98681859818402,0.000148284089895727,0.0150297488547522,0.0133863802254491,1218,"tags=15%, list=7%, signal=14%","KDM2A/KDM1A/METTL3/P4HA2/ALKBH3/KDM2B/KDM5C/KDM5D/KDM6A/UTY"
"GOBP_REGULATION_OF_PROTEOLYSIS","GOBP_REGULATION_OF_PROTEOLYSIS",406,0.515687432194725,1.46732816036681,0.000159557514379647,0.0160253765351486,0.0142731449226885,1679,"tags=21%, list=9%, signal=20%","SRC/UBQLN2/THBS1/AKT1/PSMD14/PSMC2/CDC20B/NEDD8/CDK1/GSK3B/AURKA/CDC20/VCP/HSP90AB1/CAV1/GABARAPL2/SMARCC1/PTEN/PSMD1/IL1R2/ENO1/PSMB2/GSK3A/PLK1/XPO1/PSMA5/TNF/CASP8/PSMD2/FZR1/TRIB2/PSMC5/HSPA1A/PSMB7/UBE2K/PINK1/ANXA2/PTK2/PBK/KAT2A/PARK7/PSMC3/PSMD7/HDAC2/CSNK2A2/PSMA3/LAMP3/ATP5IF1/PLK3/PTPN3/PSMD11/CLU/SUMO2/F12/GAPDH/USP25/GSN/RAD23B/MTOR/PSMC4/CSNK1A1/DNAJB2/TRAF7/RYBP/LRRK2/PSMD10/UBB/CSNK1D/UBQLN1/NR1H3/USP14/CSNK1E/DAB2/PRNP/PRKACA/PSMA4/SIRT1/PRICKLE1/TMX1/NOP53/CST3/STK33/TRAF3/A2ML1/SPINK5/IDE"
"GOBP_ADAPTIVE_IMMUNE_RESPONSE","GOBP_ADAPTIVE_IMMUNE_RESPONSE",490,0.500808597752313,1.43922290486905,0.000166878134648094,0.0166096363206499,0.0147935211255608,2275,"tags=24%, list=13%, signal=22%","EPHB2/MAPK3/JAK2/CD4/HAVCR2/YWHAG/HSPD1/SLAMF7/BCL6/C1QA/C1QB/IRF4/NOTCH1/CTSL/MEF2C/RIPK2/PSMB2/HLA-DRB5/IGLL5/PSMA5/TNF/PDIA3/HLA-DRA/C2/EXO1/HLA-DOB/TP53BP1/DUSP10/PRKCZ/MSH2/DUSP22/HRAS/CD209/CD74/ZBTB16/PSMA3/LAMP3/RNF8/BTK/LILRB1/CSK/CR2/LAG3/CLU/ZAP70/NFKB2/PHB1/TLR8/IL4I1/MLH1/FCER1A/HLA-DPB1/LILRB4/MTOR/FCAMR/LGALS9/AICDA/MALT1/AGER/MSH6/NSD2/ERAP1/RIF1/GFUS/SYK/PPP3CB/JCHAIN/MR1/C1QC/CD40/HLA-DMB/PSMA4/SIRT1/CAMK4/SLC11A1/CD244/HLA-DPA1/CLEC10A/C1RL/RC3H1/CD1B/RC3H2/STAT6/SIGLEC10/HLA-DRB1/PVR/CCR6/PSMA6/TSC1/IRF7/CTSS/CD79B/ICOSLG/HLA-DQB1/NCKAP1L/SUPT6H/FGB/FCRL4/RSAD2/CLEC6A/CCR2/TNFSF13B/BACH2/CX3CR1/BMX/CTNNBL1/LILRA1/CD46/JUNB/P2RX7/STX7/BCL3/TFRC/CD84/SLAMF1/TNFRSF17/SLC15A4/PSMB4"
"GOBP_RESPONSE_TO_RADIATION","GOBP_RESPONSE_TO_RADIATION",437,0.50887281186706,1.45528262997703,0.000180302374165851,0.01778554133736,0.0158408514445712,2305,"tags=26%, list=13%, signal=23%","EGFR/EGR1/TUBA1A/MYC/AKT1/MT-ND3/FOS/TICRR/RAD51/RAD54L/PTPRK/PARP1/MAPK13/SIK1/TP53/TNF/CASP7/PCNA/FEN1/COL3A1/ATR/VCAM1/UBE2B/KIT/DUSP1/INO80/CIRBP/ABCC8/BRCC3/MSH2/CAT/PPP1CC/CHEK2/BARD1/CDC25A/BRCA2/KARS1/PBK/HRAS/DNMT3A/EIF2S1/DHX36/COL6A1/AURKB/IVL/POLA1/DDB2/DDB1/RNF8/PLK3/XRCC6/IFI16/CEP250/BCL2/USP28/CDKN2D/AKT2/MRNIP/GNB5/PPM1D/POLD3/GNAQ/BRAF/HYAL2/GNGT2/GUCA1A/TNKS1BP1/CUL4A/MTCH2/MSH6/GNA11/BLM/IKBIP/MEIS2/AEN/MMP9/KAT5/COL6A2/RUVBL2/PIK3R1/CASP9/SIRT1/DCT/XPA/PPID/TIGAR/KRAS/NR2F6/TP53I13/RHOB/GUCA1B/UBE4B/BCL2L1/ERCC5/POLD1/ABCA7/SIRT6/MAP3K4/DTL/SMC1A/RGS14/STK11/CCL7/MFAP4/POLH/INTS7/TIPIN/HIF1A/BCL3/CRY2/UIMC1/DRD3/NOC2L/PNKP"
"GOBP_CANONICAL_NF_KAPPAB_SIGNAL_TRANSDUCTION","GOBP_CANONICAL_NF_KAPPAB_SIGNAL_TRANSDUCTION",324,0.54290564957674,1.52434144709011,0.000198092663808818,0.0193675022102639,0.0172498390431749,1483,"tags=21%, list=8%, signal=20%","CUL1/TLR7/UBD/RHOA/BIRC3/DDX21/STAT1/DDX1/PPP2CB/CAV1/PRKCE/SIRPA/IFIT5/FBXO7/KLF4/PARP1/S100A12/RIPK2/ESR1/TNF/CASP8/REL/PPM1A/ILK/MIB2/S100A4/PINK1/RHOH/ARRB2/HDAC1/XIAP/DHX36/FKBP1A/HUWE1/CD74/CASP10/PRMT2/FASLG/DNAJA3/BTK/ABL1/IRAK2/LPAR1/NFKB2/TLR8/GAPDH/TRIM5/SNIP1/LILRB4/TBK1/TAB1/LGALS9/F2R/LITAF/TRIM22/MALT1/TNFRSF1A/ERC1/NAMPT/APOL3/TMC8/BLVRA/IRF3/PRDX4/TRIM38/MYO18A/F2RL1/CD40/SIRT1"
"HP_CLEFT_LIP","HP_CLEFT_LIP",223,-0.51010334236419,-1.61772204642072,0.000209857750887394,0.020337793261438,0.0181140374450172,1564,"tags=27%, list=9%, signal=25%","RPS28/GLI2/PHF8/RPGRIP1L/MASP1/TP63/KIF7/DYNC2H1/SNRPB/ZRSR2/OFD1/RPS19/WNT3/CTBP1/SF3B4/NUP107/INTU/TCTN2/POLR1D/TFAP2A/PTCH1/RPS10/CRIPTO/CHUK/GRIP1/H4C3/FGF8/EIF2S3/ASXL1/RPS29/IRF6/IFT80/LMX1B/RPS17/SMO/RPL15/RPL8/RPL35/PHGDH/TBX2/GLI3/POLR1C/BMP4/CHD7/FGFR1/RPL27/RPL9/RPL5/RPL35A/RPS20/SUMO1/RPS24/RPS7/YAP1/RPS27/RPL31/CDH1/RPL26/DDX3X/RPL11/KDM6A"
"GOBP_REGULATION_OF_DNA_REPLICATION","GOBP_REGULATION_OF_DNA_REPLICATION",123,0.632868538100064,1.64216664939116,0.000214362135732188,0.0205936771788627,0.0183419427443889,1216,"tags=24%, list=7%, signal=23%","EGFR/CDK1/BCL6/TICRR/SMARCA5/CDC6/GTPBP4/RUVBL1/TIMELESS/SMC3/PCNA/MCM4/ATR/ATRX/ACTR8/GLI1/INO80/CDC25A/CCNA2/MCM6/SSBP1/MCM2/CDC7/DDB1/MCM7/EHMT2/MCM3/AICDA/AGER/CUL4A"
"GOBP_MACROPHAGE_PROLIFERATION","GOBP_MACROPHAGE_PROLIFERATION",12,0.916847202400227,1.71612156401015,0.000219947958272665,0.0208797417366479,0.0185967287009971,1065,"tags=50%, list=6%, signal=47%","MAPK3/MAPK1/CSF1R/PTK2/CLU/NDP"
"GOBP_REGULATION_OF_TELOMERE_MAINTENANCE","GOBP_REGULATION_OF_TELOMERE_MAINTENANCE",111,0.651017612507398,1.67068282216784,0.000223009551495697,0.0208797417366479,0.0185967287009971,1970,"tags=30%, list=11%, signal=27%","SRC/MAPK3/CCT5/MYC/MAPK1/HSP90AA1/HNRNPA2B1/KLF4/PARP1/TP53/RUVBL1/XRN1/ATR/HNRNPU/ATRX/ACTR8/HNRNPA1/INO80/SMC6/DHX36/AURKB/CCT6A/TCP1/HNRNPC/TNKS2/RUVBL2/MAPK15/HDAC8/TNKS/SMG1/SIRT6/MAP3K4/CCT2"
"GOBP_MONOSACCHARIDE_METABOLIC_PROCESS","GOBP_MONOSACCHARIDE_METABOLIC_PROCESS",264,0.561058469881456,1.5525222168243,0.000221517596714802,0.0208797417366479,0.0185967287009971,2605,"tags=25%, list=15%, signal=22%","RANBP2/ATF3/LDHA/AKT1/GAPDHS/IRS2/PGK2/ENO2/PRKAG1/ENO1/SIK1/MDH2/TNF/PDK4/IRS1/GNB3/GAA/OTOG/KAT2A/GOT1/PDK1/HK1/FOXO1/BCKDK/PRKAG2/DDB1/ENO3/FOXK1/PRKAG3/TCF7L2/GAPDH/LIPA/CD101/AKT2/PGD/HKDC1/DLAT/PTPN2/PPARD/ACADM/PRKACA/SIRT1/G6PC2/ADIPOR1/TIGAR/NLN/ACACB/SIRT6/PKM/TPI1/ALDOC/FBN3/GLB1/PDHB/G6PD/PRKAA1/DGAT2/GPD2/INSR/PIK3CA/PGM2/KCNQ1/HSD17B14/IGF1/OGT/ZNF692/GALK2"
"GOBP_POSITIVE_REGULATION_OF_PROTEOLYSIS","GOBP_POSITIVE_REGULATION_OF_PROTEOLYSIS",201,0.589792564486802,1.60564224604998,0.000233303792819672,0.0216600025468213,0.0192916749692905,1576,"tags=22%, list=9%, signal=21%","SRC/UBQLN2/AKT1/PSMC2/CDC20B/CDK1/GSK3B/AURKA/CDC20/VCP/CAV1/PTEN/ENO1/GSK3A/PLK1/TNF/CASP8/FZR1/TRIB2/PSMC5/HSPA1A/ANXA2/PTK2/PSMC3/HDAC2/ATP5IF1/PLK3/CLU/SUMO2/F12/GSN/MTOR/CSNK1A1/DNAJB2/TRAF7/LRRK2/PSMD10/CSNK1D/UBQLN1/CSNK1E/DAB2/SIRT1/PRICKLE1/TMX1/NOP53"
"GOBP_PEPTIDYL_TYROSINE_MODIFICATION","GOBP_PEPTIDYL_TYROSINE_MODIFICATION",126,0.625623014022901,1.62720803272056,0.000238661612023646,0.0219727790803103,0.019570252185939,1464,"tags=18%, list=8%, signal=17%","EGFR/IGF1R/EPHB2/EFEMP1/SRC/MAPK3/JAK2/RIPK2/ABL2/CASS4/KIT/CSF1R/PDGFRB/EPHA7/BLK/BTK/ZAP70/TPST2/PTPN2/HCK/SYK/RAP2C/NTRK1"
"HP_RETICULOCYTOPENIA","HP_RETICULOCYTOPENIA",37,-0.789917877381447,-1.98820360649259,0.000244607053108217,0.0223340390309056,0.0198920115916104,896,"tags=51%, list=5%, signal=49%","RPS10/PRF1/RPS29/RPS17/RPL15/RPL8/RPL35/TERT/RPL27/RPL9/RPL5/RPL35A/RPS20/RPS24/RPS7/RPS27/RPL31/RPL26/RPL11"
"GOBP_NEGATIVE_REGULATION_OF_TRANSPORT","GOBP_NEGATIVE_REGULATION_OF_TRANSPORT",392,0.513153517128695,1.45435895177959,0.000260077411151128,0.0235519281835874,0.0209767354567795,2354,"tags=23%, list=13%, signal=21%","YWHAE/UBQLN2/MAPK3/THBS1/AKT1/IRS2/VDAC1/WDR41/CAV1/YWHAB/PRKCE/SIRPA/NOTCH1/PTEN/ANK3/PPP3CA/GSK3A/CYP51A1/TNF/GNAZ/KCNB1/PTPN11/CNN2/SP100/RAB11FIP1/IRS1/VPS35/ABCC8/BARD1/ANXA2/PARK7/PPP3CC/CD74/CAMK2D/FOXO1/VAMP3/LILRB1/PPP3R1/SNCA/ITGB3/CSK/NECAB2/CTNND1/IDH2/BCL2/AKT2/VAMP8/LGALS9/INSIG1/F2R/BRAF/RGS4/RAC1/ACVR1C/PPM1F/TNFRSF1A/LRRK2/UBQLN1/NR1H3/MMP9/PPP3CB/PEA15/APOA2/SDCBP/RGS2/SREBF2/ALDH7A1/APPL1/NFKBIA/DLG4/PLSCR1/EGF/ISCU/ABCA7/SIRT6/DDX39A/EPHA3/NCKAP1L/GJA1/RSAD2/CCR2/FIS1/CASQ2/SYT4/CRY2/CD84/NOS1/ATP9A/DRD3/KLF7/APPL2/NRG1"
"GOMF_ADENYL_NUCLEOTIDE_EXCHANGE_FACTOR_ACTIVITY","GOMF_ADENYL_NUCLEOTIDE_EXCHANGE_FACTOR_ACTIVITY",15,0.898488580465922,1.75943450246283,0.00027941565246027,0.0250965301526048,0.0223524490135437,862,"tags=33%, list=5%, signal=32%","HSPA4/HSPA4L/HYOU1/HSPH1/SIL1"
"GOBP_CELL_MATRIX_ADHESION","GOBP_CELL_MATRIX_ADHESION",236,0.558585400364537,1.53523791255977,0.000281677203016201,0.0250965301526048,0.0223524490135437,1928,"tags=25%, list=11%, signal=23%","SRC/THBS1/RHOA/CTTN/SIGLEC1/GSK3B/BCL6/EPHA1/PTEN/FN1/PTPRK/ACTG1/RRAS/CDK6/COL3A1/CASK/VCAM1/PLEKHA2/ILK/MACF1/ANXA2/JUP/PTK2/RHOD/DUSP22/CORO2B/TIAM1/ACTN1/THBS3/CDH11/RCC2/EFEMP2/ROCK2/SNED1/ABL1/ITGB3/CORO1C/BCL2/WNT4/RAC1/PPM1F/ITGA4/GFUS/DUSP3/UTRN/ITGAX/PIK3R1/NID1/ITGB5/ACVRL1/ITGA2B/ONECUT2/TESK2/CD44/ITGB7/TSC1/EPHA3/ITGA8/FGB"
"GOBP_CARBOHYDRATE_BIOSYNTHETIC_PROCESS","GOBP_CARBOHYDRATE_BIOSYNTHETIC_PROCESS",192,0.589399932845653,1.59571726234292,0.000284041186420439,0.0251046962205841,0.022359722195017,1639,"tags=18%, list=9%, signal=17%","RANBP2/ATF3/AKT1/GSK3B/IRS2/PGK2/ENO2/PRKAG1/PARP1/ENO1/GSK3A/SIK1/MDH2/IRS1/KAT2A/GOT1/FOXO1/PRKAG2/DDB1/ENO3/SNCA/PRKAG3/TCF7L2/AKT2/PGD/PTH1R/PTPN2/ACADM/AP2A1/PRKACA/SIRT1/G6PC2/CD244/NLN/HAS2"
"GOCC_MITOTIC_SPINDLE_MIDZONE","GOCC_MITOTIC_SPINDLE_MIDZONE",14,0.902619348885892,1.7394085598267,0.000290423990160385,0.0254651130419995,0.0226807306601444,708,"tags=50%, list=4%, signal=48%","CTTN/NUMA1/PRC1/HNRNPU/CENPE/AURKB/RCC2"
"HP_ABNORMAL_ERYTHROCYTE_ADENOSINE_DEAMINASE_ACTIVITY","HP_ABNORMAL_ERYTHROCYTE_ADENOSINE_DEAMINASE_ACTIVITY",27,-0.819427933918622,-1.94378369105078,0.000312734119850808,0.0272054059536357,0.024230738104976,896,"tags=63%, list=5%, signal=60%","RPS10/RPS29/RPS17/RPL15/RPL8/RPL35/RPL27/RPL9/RPL5/RPL35A/RPS20/RPS24/RPS7/RPS27/RPL31/RPL26/RPL11"
"GOBP_MITOTIC_SPINDLE_ORGANIZATION","GOBP_MITOTIC_SPINDLE_ORGANIZATION",136,0.615652094840428,1.61695652279845,0.00031693709839683,0.0273556333053764,0.0243645394392563,2440,"tags=37%, list=14%, signal=32%","CCNB1/PCNT/RHOA/AURKA/KIF11/CDC20/VCP/NUMA1/MYBL2/PRC1/BIRC5/PLK1/TPX2/KIF23/KIFC1/SMC3/CDCA8/HNRNPU/CENPE/CKAP5/ILK/HSPA1A/DRG1/CHEK2/RACGAP1/AURKB/NDC80/PLK3/TUBG1/EML3/KIF15/NUF2/PRICKLE1/TNKS/DYNC1H1/PDCD6IP/SPAST/RAN/NUP62/BCCIP/SMC1A/STMN1/EFHC1/TACC3/MAP4/RMDN1/ABRAXAS2/PIBF1/DLGAP5/STIL"
"HP_MYELOFIBROSIS","HP_MYELOFIBROSIS",14,0.900392484091763,1.73511724069061,0.000332736839964282,0.0283595164081309,0.0252586569022455,963,"tags=50%, list=5%, signal=47%","SRC/JAK2/TP53/CALR/GFI1B/TLR8/TBXAS1"
"GOBP_POSITIVE_REGULATION_OF_CANONICAL_NF_KAPPAB_SIGNAL_TRANSDUCTION","GOBP_POSITIVE_REGULATION_OF_CANONICAL_NF_KAPPAB_SIGNAL_TRANSDUCTION",218,0.565946706443565,1.54630794860432,0.000333701768017471,0.0283595164081309,0.0252586569022455,1474,"tags=22%, list=8%, signal=20%","CUL1/TLR7/UBD/RHOA/BIRC3/DDX21/DDX1/CAV1/PRKCE/IFIT5/PARP1/S100A12/RIPK2/TNF/CASP8/REL/PPM1A/ILK/MIB2/S100A4/PINK1/XIAP/DHX36/FKBP1A/HUWE1/CD74/CASP10/FASLG/BTK/ABL1/IRAK2/LPAR1/TLR8/GAPDH/TRIM5/TBK1/LGALS9/F2R/LITAF/TRIM22/MALT1/TNFRSF1A/NAMPT/APOL3/IRF3/TRIM38/F2RL1/CD40"
"HP_ASYMMETRIC_GROWTH","HP_ASYMMETRIC_GROWTH",75,0.694271565602701,1.70208039926532,0.000336348560712144,0.0283662511354792,0.0252646552473855,1286,"tags=32%, list=7%, signal=30%","NRAS/AKT1/MAPK1/TRIP13/PTEN/FN1/ACTB/TRIM28/PRKCZ/COL2A1/TONSL/WT1/BRCA2/TUBB/IDH1/HRAS/DNMT3A/IDH2/AKT2/CTR9/CDKN1C/GNAQ/GNA11/PTH1R"
"GOBP_POSITIVE_REGULATION_OF_CHROMOSOME_ORGANIZATION","GOBP_POSITIVE_REGULATION_OF_CHROMOSOME_ORGANIZATION",105,0.66007891252298,1.68078265560645,0.000349695728288183,0.0292684727736958,0.0260682270178464,1970,"tags=33%, list=11%, signal=30%","MAPK3/CCT5/MYC/MAPK1/CDK1/BUB1/HSP90AA1/HNRNPA2B1/NUMA1/KLF4/SMC2/RUVBL1/FEN1/ATR/ATRX/ACTR8/HNRNPA1/INO80/DHX36/AURKB/SMC4/CCT6A/NCAPG/NCAPH/TCP1/TAL1/TNKS2/KAT5/RUVBL2/MAPK15/TNKS/SIRT6/DDX11/MAP3K4/CCT2"
"GOMF_ATP_HYDROLYSIS_ACTIVITY","GOMF_ATP_HYDROLYSIS_ACTIVITY",383,0.513406465785616,1.45439704397272,0.000361075260974136,0.0299936803251297,0.0267141396089135,2023,"tags=32%, list=11%, signal=29%","HSPA5/HSP90B1/CCT5/HSPA9/KIF14/CHD4/DDX60/TRIP13/PSMC2/HSPD1/DDX21/EIF4A1/DDX1/HSP90AA1/HSPA8/KIF20A/IFIH1/VCP/RNF213/RIGI/HSP90AB1/ABCB4/DDX10/SMARCA5/RAD54L/DDX18/YME1L1/SMC2/ORC1/ATP2A2/KIF23/CHD5/ABCF1/KIFC1/RUVBL1/DDX46/SMC3/CHD1/MCM4/DDX17/NSF/MDN1/MYO1E/ATRX/CHD6/CHD3/ACTB/INO80/ABCC8/PSMC5/MSH2/RAD54L2/SMARCA4/HSPA1A/DDX20/SMC6/DHX34/MCM6/ABCG2/PSMC3/DHX36/ATAD2/ATP1A1/DHX30/MCM2/ABCC5/SMC4/TDRD9/DDX24/XRCC6/DHX57/ATP10A/MCM7/CCT6A/CLU/ASCC3/ATP2B3/CFTR/MLH1/MTREX/DHX58/MCM3/MOV10/TCP1/NAV2/PSMC4/CHD1L/ATP5F1A/ATP13A4/AFG3L2/BLM/RHOT2/RIOK1/RUVBL2/MYO18A/KIF15/BRIP1/SKIC2/KATNA1/CHD2/HSPA1L/SMARCAD1/CHD8/IDE/ABCA8/RHOT1/SMARCA2/KIF3C/DDX28/SPAST/ABCA7/SMC1B/DDX39A/ATP10D/DDX11/CCT2/SMC1A/ATP13A1/ABCA3/G3BP1/ATP6V1A"
"GOBP_REGULATION_OF_CARBOHYDRATE_METABOLIC_PROCESS","GOBP_REGULATION_OF_CARBOHYDRATE_METABOLIC_PROCESS",174,0.588919835883512,1.58074365881744,0.000371614941969015,0.0306388199915946,0.0272887390222023,1639,"tags=24%, list=9%, signal=22%","RANBP2/AKT1/GAPDHS/GSK3B/IRS2/SCARB2/PRKAG1/GSK3A/SIK1/TP53/HDAC4/PDK4/IRS1/GNB3/UCHL1/KAT2A/PDK1/FOXO1/BCKDK/PRKAG2/DDB1/FOXK1/SNCA/PRKAG3/TCF7L2/NCOR1/AKT2/MTOR/MTCH2/PTH1R/ZBTB20/PTPN2/ACADM/AP2A1/PRKACA/SIRT1/ADIPOR1/CD244/TIGAR/NLN/ACACB/HAS2"
"HP_ABNORMAL_HEPATOBILIARY_SYSTEM_PHYSIOLOGY","HP_ABNORMAL_HEPATOBILIARY_SYSTEM_PHYSIOLOGY",228,0.55937634512849,1.53562879525515,0.00037510523512497,0.0306975010197086,0.0273410038046645,1978,"tags=21%, list=11%, signal=19%","NRAS/JAK2/MT-ND3/SCARB2/ABCB4/MT-ND4/UQCRC2/MAP2K1/KRT18/PNPT1/ATRX/QRSL1/MT-ND2/ACAD9/IFT122/MT-ND1/SLC7A7/XIAP/CALR/TALDO1/MRPS7/HADHB/FH/GFM1/LIPA/HADHA/LARS1/HBB/BRAF/HSD3B7/AKR1D1/TFAM/ACADM/BLVRA/GSTZ1/UBR1/MT-ATP6/BMP6/ACVRL1/RYR1/SLC2A2/TCF4/NHP2/ALMS1/SMAD4/HLA-DRB1/GANAB/TYMS/LARS2"
"GOBP_PEPTIDYL_AMINO_ACID_MODIFICATION","GOBP_PEPTIDYL_AMINO_ACID_MODIFICATION",404,0.506276003928945,1.44031377097242,0.00038226230212534,0.0310531905432408,0.0276578018596569,1483,"tags=16%, list=8%, signal=15%","EGFR/IGF1R/EPHB2/EFEMP1/EGR1/RANBP2/SRC/MAPK3/JAK2/AKT1/MAPK1/CDK1/GSK3B/AURKA/IFIH1/EGR2/PTEN/HDAC7/SUMO3/RIPK2/CHEK1/BCL11A/ABL2/HDAC4/CASS4/RAF1/KIT/CSF1R/TRIM28/PDGFRB/UBE2K/RASD2/SMC6/CAMK2A/KAT2A/PARK7/EPHA7/IVL/PRMT1/BLK/BTK/EHMT2/ZAP70/ULK1/SUMO2/ACVR1B/GAPDH/TPST2/TBK1/S100A9/P4HB/BRAF/MAP2K2/CHI3L1/SAE1/PTPN2/HCK/KAT5/SYK/TRIM38/RAP2C/APOA2/NTRK1/SIRT1"
"GOBP_CELLULAR_RESPONSE_TO_INSULIN_STIMULUS","GOBP_CELLULAR_RESPONSE_TO_INSULIN_STIMULUS",214,0.570868270027595,1.56251743433763,0.000392475233498403,0.0316501195597837,0.0281894620264547,2034,"tags=28%, list=11%, signal=25%","IGF1R/MAPK3/AKT1/MAPK1/YWHAG/GSK3B/IRS2/SMARCC1/BCAR1/IRS4/EPRS1/PARP1/GSK3A/MAP2K1/PTPN11/SHC1/RAF1/PDK4/IRS1/HDAC5/PRKCZ/NCL/FOXO4/RB1/GOT1/HRAS/COL6A1/FOXO1/RAB10/SOS1/RHOQ/HDAC9/AKT2/MTOR/INSIG1/VAMP2/SORL1/KANK1/NAMPT/NDEL1/PTPN2/BLVRA/MAPKAP1/TNS2/SLC27A1/PIK3R1/SIRT1/ADIPOR1/TRIM72/APPL1/IDE/ZFP36L1/RPS6KB2/NCK1/CAPN10/SLC2A4/SOS2/PHIP/TSC2/PKM"
"HP_INCREASED_MEAN_PLATELET_VOLUME","HP_INCREASED_MEAN_PLATELET_VOLUME",29,0.826437298142236,1.78800377248732,0.000397764734058361,0.0318442375498317,0.0283623549502484,1614,"tags=41%, list=9%, signal=38%","TUBB1/TUBA8/CDC42/GATA1/ACTB/ACTN1/GFI1B/ITGB3/PRKACG/SKIC2/ITGA2B/TPM4"
"GOBP_APOPTOTIC_MITOCHONDRIAL_CHANGES","GOBP_APOPTOTIC_MITOCHONDRIAL_CHANGES",107,0.645951672167181,1.64633909216054,0.000412146505309815,0.0322446651173047,0.0287189993441599,1338,"tags=23%, list=8%, signal=22%","AKT1/HSPD1/PPM1K/GSK3B/PPP2CB/GSK3A/TP53/VPS35/HSPA1A/PINK1/CAMK2A/HGF/IFIT2/IFI6/DNM1L/ATP5IF1/CLU/BCL2/HIP1R/MTCH2/LRRK2/PSMD10/RHOT2/PPIF/MMP9"
"GOBP_DNA_TEMPLATED_DNA_REPLICATION","GOBP_DNA_TEMPLATED_DNA_REPLICATION",171,0.589820650680628,1.58199311326826,0.00041184102188104,0.0322446651173047,0.0287189993441599,2577,"tags=36%, list=15%, signal=31%","BCL6/RBBP8/TICRR/RAD51/PARP1/ORC1/CDC6/TIMELESS/PCNA/FEN1/MCM4/ATR/EXO1/ATRX/INO80/TONSL/BARD1/CDC45/BRCA2/CDC34/MCM6/POLA1/SSBP1/MCM2/CDC7/DDB1/DNAJA3/MCM7/MCM3/GINS1/RRM1/POLD3/AICDA/AGER/CUL4A/NOC3L/BLM/CCNE1/WDHD1/EME1/XRCC3/SAMHD1/CCNE2/MCM10/POLE/POLD1/DDX11/DTL/PHIP/KHDC3L/LIG1/TIPIN/RFC1/PNKP/ATAD5/RFC2/CDK9/LIG3/RAD50/LRWD1/FBH1"
"GOBP_REGULATION_OF_CELL_SUBSTRATE_ADHESION","GOBP_REGULATION_OF_CELL_SUBSTRATE_ADHESION",214,0.570389163246312,1.56120607629241,0.000408942462803161,0.0322446651173047,0.0287189993441599,1641,"tags=26%, list=9%, signal=24%","SRC/THBS1/JAK2/RHOA/GSK3B/CDC42/BCL6/EPHA1/PRKCE/NOTCH1/PTEN/FN1/GSK3A/ACTG1/RRAS/CDK6/CASK/CASS4/PTPRO/PLEKHA2/ILK/MACF1/JUP/PTK2/RHOD/DUSP22/CORO2B/CALR/COL8A1/RCC2/EFEMP2/ROCK2/EGFL6/ABL1/ITGB3/CORO1C/BCL2/RAC2/WNT4/P4HB/BRAF/RAC1/PPM1F/KANK1/PKP2/GFUS/EDIL3/DUSP3/UTRN/DAB2/PIK3R1/NID1/ACVRL1/HAS2/ONECUT2"
"GOBP_REGULATION_OF_ENDOCYTOSIS","GOBP_REGULATION_OF_ENDOCYTOSIS",309,0.53253904766847,1.49269374587956,0.000414440844194178,0.0322446651173047,0.0287189993441599,2688,"tags=31%, list=15%, signal=27%","AXL/SRC/UBQLN2/ANKFY1/CDC42/CAV1/SIRPA/MERTK/PPP3CA/ACTG1/ITSN1/MYLK/ABL2/C2/ACTB/CNN2/ARRB2/ANXA2/PARK7/CALR/DLL1/CD22/GAS6/GATA2/PPP3CC/BTK/LILRB1/PPP3R1/CFB/SNCA/ABL1/ITGB3/CSK/LPAR1/CLU/NECAB2/CCL2/ARF1/AHI1/HIP1R/TGM2/RAC1/LRRK2/NR1H3/HCK/AP2A1/SYK/PPP3CB/MYO18A/F2RL1/DAB2/APOA2/RSPO1/SDCBP/PRKACA/SGIP1/SLC11A1/SIRPG/APPL1/DLG4/BTBD9/PLSCR1/EGF/ABCA7/EPHA3/NCKAP1L/CCDC32/WASL/CAMK1D/RABEP1/TSC2/CFP/SIRPB1/SYT4/PTPN1/FCN1/AP2B1/ARRB1/CD151/APPL2/NRG1/TF/INSR/NEDD4L/HIP1/EHD4/ALOX15/ITGAV/PYCARD/SYT11/CCR7/SPHK1/AP2M1/RAB5C/CD63"
"GOCC_NURD_COMPLEX","GOCC_NURD_COMPLEX",16,0.89091957368492,1.74960527502166,0.000417820098800799,0.0322802549059527,0.0287506977076914,847,"tags=44%, list=5%, signal=42%","CHD4/CHD5/CHD3/RBBP4/HDAC1/HDAC2/RBBP7"
"HP_PAPILLOMA","HP_PAPILLOMA",57,0.740809540056325,1.75762753952516,0.000427220631762917,0.0327773162480327,0.0291934098371327,2921,"tags=56%, list=16%, signal=47%","NRAS/AKT1/CD4/PTEN/ATP2A2/TP53/RHOH/HRAS/GATA2/DDB2/SEC61A1/FLT3LG/TMC8/PIK3R1/SDHC/XPA/CXCR4/ERCC5/POLD1/CD79B/ICOSLG/CIB1/BLNK/TMC6/TCF3/PIK3CA/ERCC2/MSH3/IVNS1ABP/DCLRE1C/FLT4/SEC23B"
"HP_ABNORMAL_ERYTHROCYTE_ENZYME_CONCENTRATION_OR_ACTIVITY","HP_ABNORMAL_ERYTHROCYTE_ENZYME_CONCENTRATION_OR_ACTIVITY",49,-0.750317154828597,-1.95645467660056,0.00043437871551402,0.0330966624068889,0.0294778383493652,896,"tags=37%, list=5%, signal=35%","RPS10/RPS29/RPS17/RPL15/RPL8/RPL35/RPL27/RPL9/RPL5/RPL35A/RPS20/RPS24/RPS7/PKLR/RPS27/RPL31/RPL26/RPL11"
"GOBP_CEREBELLAR_CORTEX_DEVELOPMENT","GOBP_CEREBELLAR_CORTEX_DEVELOPMENT",57,0.739710584763759,1.75502018367662,0.000440676125874761,0.0331196587664242,0.0294983202626371,1235,"tags=23%, list=7%, signal=21%","HSPA5/TUBA1A/KIF14/EZH2/MAP2K1/PTPN11/GLI1/AARS1/DLL1/MYH10/NAV2/WNT7A/SEZ6"
"GOBP_POSITIVE_REGULATION_OF_PHOSPHATIDYLINOSITOL_3_KINASE_PROTEIN_KINASE_B_SIGNAL_TRANSDUCTION","GOBP_POSITIVE_REGULATION_OF_PHOSPHATIDYLINOSITOL_3_KINASE_PROTEIN_KINASE_B_SIGNAL_TRANSDUCTION",197,0.575431438033389,1.56665304684897,0.000439029439619837,0.0331196587664242,0.0294983202626371,1483,"tags=21%, list=8%, signal=19%","EGFR/IGF1R/AXL/SRC/THBS1/JAK2/IRS2/CDC42/MERTK/FN1/TNF/PTPN11/CASS4/KIT/CSF1R/IRS1/PDGFRB/CAT/RASD2/PINK1/ARRB2/PTK2/HGF/PARK7/LIN28A/GAS6/PHB1/TCF7L2/MTOR/NDP/F2R/EPHA8/RAC1/CHI3L1/HCLS1/PPARD/AMBRA1/F2RL1/NTRK1/NOX4/SIRT1"
"GOBP_EXECUTION_PHASE_OF_APOPTOSIS","GOBP_EXECUTION_PHASE_OF_APOPTOSIS",77,0.689708039615406,1.69977871921533,0.000444011315315534,0.0331448446730136,0.0295207523155733,2004,"tags=29%, list=11%, signal=25%","AKT1/TOP2A/HSPD1/NME1/TP53/CASP7/CASP8/COL6A1/CASP10/FASLG/PTGIS/APAF1/ACVR1C/TNFRSF1A/BLVRA/CASP9/HTRA2/PLSCR1/BCL2L1/CAPN10/NDUFA13/CYCS"
"GOMF_HORMONE_BINDING","GOMF_HORMONE_BINDING",89,0.673050258903865,1.67202180826264,0.000449769928033312,0.0333493836571277,0.0297029267909247,1765,"tags=17%, list=10%, signal=15%","EGFR/IGF1R/ALDH1A3/ALDH1A1/SHC1/CALR/NPR1/ATP1A1/ACVR1/PTH1R/PIK3R1/ADIPOR1/AR/IDE/LRP2"
"HP_TORSADE_DE_POINTES","HP_TORSADE_DE_POINTES",25,-0.82153582687791,-1.93630022807807,0.000463576925455789,0.0334744958982716,0.0298143591273527,1199,"tags=20%, list=7%, signal=19%","RYR2/CACNA1C/CALM1/CALM3/ANK2"
"HP_ADENOCARCINOMA_OF_THE_COLON","HP_ADENOCARCINOMA_OF_THE_COLON",36,-0.772959961851727,-1.93346489921503,0.000455768154422899,0.0334744958982716,0.0298143591273527,896,"tags=50%, list=5%, signal=48%","RPS10/RPS29/RPS17/RPL15/RPL8/RPL35/RPL27/RPL9/RPL5/RPL35A/RPS20/RPS24/RPS7/BMPR1A/RPS27/RPL31/RPL26/RPL11"
"GOBP_RESPONSE_TO_ISCHEMIA","GOBP_RESPONSE_TO_ISCHEMIA",60,0.722709666254306,1.72249866453721,0.000460790812696644,0.0334744958982716,0.0298143591273527,2394,"tags=42%, list=14%, signal=36%","EGR1/CAV1/AIFM1/MEF2C/HYOU1/CSF1R/PINK1/CAMK2A/UCHL1/ROCK2/ATP5IF1/SOS1/AQP3/BCL2/EEF2/PPIF/CASP9/TIGAR/CX3CR1/SLC8A2/SQSTM1/P2RX7/CIB1/ABRAXAS2/MAP2K3"
"HP_BRUISING_SUSCEPTIBILITY","HP_BRUISING_SUSCEPTIBILITY",184,0.588138091649216,1.58879538565047,0.00046345148372141,0.0334744958982716,0.0298143591273527,1967,"tags=28%, list=11%, signal=25%","EFEMP1/TUBB1/NRAS/JAK2/MAPK1/TUBA8/TGFBR2/BGN/SCARB2/NUMA1/COL1A2/GATA1/TP53/MRAS/MAP2K1/RRAS/PTPN11/COL3A1/MYLK/ATRX/RAF1/ACTN1/CALR/GATA2/CASP10/FASLG/EFEMP2/ZBTB16/F10/GNAS/GFI1B/ITGB3/SOS1/GSN/STAT5B/BRAF/RASGRP2/TNFRSF1A/PRKAR1A/NTRK1/PRKACA/GP6/ITGA2B/KRAS/TPM4/SMAD4/HBA2/FGB/ANKRD26/SOS2/PLEC"
"GOCC_SPINDLE","GOCC_SPINDLE",419,0.504213516894724,1.43867867828707,0.000496366209037951,0.0356094407626706,0.0317158668632041,1920,"tags=21%, list=11%, signal=20%","TUBB1/CCNB1/MYC/KIF14/AKT1/MAPK1/CTTN/TBL1X/CDK1/BUB1B/CDC42/AURKA/KIF11/KIF20A/CDC20/TUBB3/PPP2CB/NUMA1/SPAG5/BIRC6/PRC1/BIRC5/TUBB2B/PLK1/CDC6/TPX2/KIF23/KIFC1/MAPRE1/SMC3/CDCA8/HNRNPU/YEATS2/CENPE/CKAP5/INO80/HMMR/NME7/BRCC3/SGO1/RB1/SMC6/MAD2L1/RACGAP1/TUBB/KAT2A/CDC14B/AURKB/RCC2/MAPRE3/CNTRL/CDC7/ESPL1/PLK3/TUBGCP2/CRMP1/ASPM/NCOR1/CEP250/GEM/MYH10/CDC27/TUBG1/CSNK1A1/SEPTIN2/TUBB4B/EML3/RIF1/CSNK1D/NDEL1/KAT5/CENPF/CEP128/CCDC57/KIF15/MAPK15/KATNA1/MTUS1/TNKS/PHLPP2/BNIP2/PRPF19/ALMS1/SPAST/HECW2/NUP62/BCCIP/ODF2/DDX11/TUBGCP6"
"GOMF_PHOSPHATIDYLSERINE_BINDING","GOMF_PHOSPHATIDYLSERINE_BINDING",59,0.730218291294569,1.73286283288353,0.000504974502927974,0.035919865622793,0.031992349540938,1570,"tags=22%, list=9%, signal=20%","AXL/THBS1/C1QA/C1QB/SCARB2/ANXA5/ANXA2/GAS6/FCHO2/MFGE8/C1QC/TRIM72/APPL1"
"HP_MULTIPLE_CAFE_AU_LAIT_SPOTS","HP_MULTIPLE_CAFE_AU_LAIT_SPOTS",66,0.697963754710333,1.68697177558893,0.000507195785405115,0.035919865622793,0.031992349540938,1608,"tags=33%, list=9%, signal=30%","PCNT/AKT1/TRIP13/BUB1/BUB1B/RAD51/PTEN/MAP2K1/UBE2T/MSH2/BRCA2/MLH1/PALB2/BRAF/MAP2K2/MSH6/GNA11/TMC8/PRKAR1A/BRIP1/SDHC/KRAS"
"GOCC_CONDENSED_CHROMOSOME","GOCC_CONDENSED_CHROMOSOME",290,0.528168411040787,1.4734774676292,0.000512495585565136,0.0360640205689403,0.0321207424328722,1480,"tags=20%, list=8%, signal=19%","H3-7/TUBA1A/CCNB1/TOP2A/BUB1/BUB1B/AURKA/CDC20/H3-3A/RAD51/KAT8/BRD7/SMARCC1/SMARCA5/SPAG5/SUMO3/SMC2/BIRC5/PLK1/CHEK1/KNL1/XPO1/SMC3/MKI67/HNRNPU/CENPE/ATRX/CKAP5/ACTB/TP53BP1/SMARCA4/SGO1/PPP1CC/SMC6/MAD2L1/BRCA2/AURKB/SMC4/SMARCB1/NDC80/TTN/PLK3/MLH1/ACTL6B/NCAPG/DCTN5/NCAPH/TUBG1/CSNK1A1/SEPTIN2/RRS1/BLM/RIF1/NDEL1/KAT5/CENPF/RGS12/CENPO/NUF2"
"GOBP_OXIDATIVE_PHOSPHORYLATION","GOBP_OXIDATIVE_PHOSPHORYLATION",142,0.592904280170457,1.5580253870593,0.000534362083734943,0.0370016795866363,0.0329558768222756,3033,"tags=41%, list=17%, signal=34%","CCNB1/RHOA/MT-ND3/CDK1/VCP/MT-ND4/UQCRC2/ATP5F1B/TNF/MT-ND2/MSH2/PINK1/MT-CYB/MT-ND1/PARK7/MT-CO2/SDHA/MT-CO1/ATP5IF1/SNCA/NDUFA9/NDUFA12/NDUFS1/MT-CO3/NDUFA8/ATP5F1A/MTCH2/PPIF/STOML2/UQCRFS1/SDHC/MT-ATP6/NDUFV2/MT-ND4L/ISCU/COQ9/NDUFA13/NDUFV1/COX4I1/CYCS/NDUFC2-KCTD14/NDUFS7/UQCRC1/NDUFB8/NDUFB10/ATP5F1D/ATP5MF/NDUFB9/NDUFB5/COX6B1/SHMT2/NDUFS2/MACROH2A1/NDUFA10/ATP5PD/MLXIPL/DLD/COX5A"
"GOBP_GOLGI_VESICLE_TRANSPORT","GOBP_GOLGI_VESICLE_TRANSPORT",318,0.530413232945947,1.49044142918567,0.000535867915809359,0.0370016795866363,0.0329558768222756,2943,"tags=26%, list=17%, signal=22%","ANKFY1/PSMD14/ARF3/VCP/HTT/GABARAPL2/ANK3/HYOU1/NSF/KRT18/RAB2A/SNX2/VAPB/MACF1/ACSL3/RAB41/ARF5/GAK/EXOC4/VAMP3/MIA3/RAB10/CTAGE1/CSK/STX17/SNAP23/EXOC2/ARF4/MYO1B/INSIG1/COPA/VAMP2/ANK1/SEC31A/SORL1/LRRK2/CSNK1D/RAB14/AP2A1/MYO18A/PGAP1/EPS15/MAPK15/ALDH7A1/VAMP5/SCFD1/SEC23IP/RAB6B/SPAST/SEC13/YKT6/UVRAG/RABEP1/ERGIC1/GOSR1/SORT1/MPPE1/TRIP11/ZW10/ATP9A/RAB1B/BBS1/USO1/COPG1/EXOC5/BICD2/WIPI1/SPIRE1/BET1/TMED7/TMED3/GOLPH3/AP2M1/STX6/STX18/LMAN1/SCAP/COPB2/RAB33B/AP1G2/PDCD6/SEC24A/SEC23B/VPS13C"
"GOBP_PHOSPHATIDYLINOSITOL_3_KINASE_PROTEIN_KINASE_B_SIGNAL_TRANSDUCTION","GOBP_PHOSPHATIDYLINOSITOL_3_KINASE_PROTEIN_KINASE_B_SIGNAL_TRANSDUCTION",320,0.528099647425607,1.48363987724003,0.000534630345564996,0.0370016795866363,0.0329558768222756,2705,"tags=29%, list=15%, signal=25%","EGFR/IGF1R/AXL/SRC/THBS1/JAK2/AKT1/IRS2/CDC42/MERTK/PTEN/KLF4/FN1/TNF/RRAS/PTPN11/CASS4/KIT/CSF1R/IRS1/ILK/PDGFRB/CAT/RASD2/PINK1/ARRB2/PTK2/PREX2/HGF/PARK7/COL6A1/EPHA7/LIN28A/GAS6/TWIST1/PLK3/CD2AP/PHB1/TCF7L2/MTOR/MYO16/NDP/F2R/PTPN13/HYAL2/EPHA8/RAC1/CHI3L1/HCLS1/PPARD/BLVRA/AMBRA1/COL6A2/F2RL1/PIK3R1/NTRK1/NOX4/CD40/SIRT1/NOP53/LAMA1/ZFP36L1/LRP2/CEP55/RICTOR/EGF/STK11/TSC2/CX3CR1/RASGRP1/PTPN1/GRM2/RTN4/CIB1/TPBG/RET/MTDH/DRD3/TGFBR1/PHLPP1/FER/INSR/HIP1/PIK3CA/DDIT3/IGF1/P2RX4/CCR7/NTS/C1QBP/PKHD1/USP49/FLT3"
"HP_ABNORMAL_CORPUS_STRIATUM_MORPHOLOGY","HP_ABNORMAL_CORPUS_STRIATUM_MORPHOLOGY",42,0.775212355403838,1.76474157105002,0.000544707954433537,0.0373784688234889,0.0332914675256273,1881,"tags=31%, list=11%, signal=28%","RANBP2/TUBB3/IFIH1/HTT/AIFM1/TUBB2B/PNPT1/GCDH/DCX/SAMHD1/MT-ATP6/NUP62/FOXP2"
"HP_ABNORMALITY_OF_SKELETAL_MATURATION","HP_ABNORMALITY_OF_SKELETAL_MATURATION",394,0.509688639623347,1.44663800243677,0.000555485113349932,0.0378827131622842,0.0337405772553292,2029,"tags=24%, list=11%, signal=22%","IGF1R/EFEMP1/NRAS/PCNT/STAT1/RBBP8/EZH2/SCARB2/AIFM1/PTEN/EED/ORC1/CDC6/ESR1/TP53/MRAS/MAP3K1/DUSP6/LTBP3/RRAS/SMC3/OTX2/PTPN11/PLK4/ATR/CENPE/LTBP2/TARS1/ATRX/RAF1/GLI1/COL2A1/TONSL/SMARCA4/EIF4H/PDGFRB/WT1/CCDC8/CDC45/KARS1/SLC7A7/HRAS/ALDH18A1/AARS1/POLA1/HUWE1/DDB2/SMARCB1/GNAS/BTK/SOS1/MRPS22/HESX1/ASCC3/TRPS1/ACVR1/EFL1/CDKN1C/STAT5B/BRAF/MALT1/TRAF7/FLNB/NSD2/DCC/PTH1R/SOX4/ANKRD11/PRKAR1A/PIK3R1/KIF15/PRKACA/XPA/UBR1/HDAC8/BAZ1B/KRAS/TBL2/SRP54/SLC25A24/ALMS1/SMAD4/SMARCA2/KISS1/LIMK1/ERCC5/ZEB2/FOXP2/SOS2/COX4I1/GJA1/SMC1A/FLRT3/CCDC141"
"HP_SYMPHALANGISM_AFFECTING_THE_PHALANGES_OF_THE_HAND","HP_SYMPHALANGISM_AFFECTING_THE_PHALANGES_OF_THE_HAND",20,-0.824134789425076,-1.84222200337096,0.000567382809899351,0.0384567195323192,0.0342518211620221,1738,"tags=50%, list=10%, signal=45%","GDF5/GDF6/SF3B4/MYH8/FGF9/BMPR1B/IHH/ROR2/MYH3/UBAP2L"
"HP_INCREASED_CIRCULATING_LACTATE_DEHYDROGENASE_CONCENTRATION","HP_INCREASED_CIRCULATING_LACTATE_DEHYDROGENASE_CONCENTRATION",81,0.686465945490637,1.68837723374919,0.000581556455802702,0.039177047095782,0.0348933873481621,1371,"tags=27%, list=8%, signal=25%","MYC/JAK2/BCL6/AIFM1/KIF23/TP53/OBSCN/MTHFD1/ACAD9/GAA/RB1/CHEK2/SLC7A7/CALR/MT-CO1/LIPA/BCL2/MT-CO3/HBB/RPS14/AKR1D1/PITRM1"
"GOMF_HISTONE_H3_DEMETHYLASE_ACTIVITY","GOMF_HISTONE_H3_DEMETHYLASE_ACTIVITY",27,-0.803429219899179,-1.90583277663655,0.000586742427635949,0.039286850548618,0.0349911847753803,54,"tags=19%, list=0%, signal=18%","KDM2B/KDM5C/KDM5D/KDM6A/UTY"
"GOBP_POSITIVE_REGULATION_OF_PROTEIN_MODIFICATION_PROCESS","GOBP_POSITIVE_REGULATION_OF_PROTEIN_MODIFICATION_PROCESS",367,0.508876192183396,1.43821806540989,0.000600415404352253,0.0399601770318294,0.0355908890290733,2183,"tags=22%, list=12%, signal=20%","EGFR/HSPA5/EGR1/JAK2/KIF14/AKT1/MAPK1/RHOA/BIRC3/GSK3B/CDC20/EZH2/VCP/CAV1/NIBAN1/S100A12/RIPK2/GSK3A/TPX2/PRKAR2B/MAP2K1/TNF/FZR1/CENPE/HDAC4/CASS4/RAF1/KIT/CSF1R/PDGFRB/UBE2K/RASD2/PINK1/XIAP/CDC14B/GAS6/HUWE1/DNAJA3/MRNIP/MTOR/DIRAS2/BRAF/DNAJB2/MAP2K2/MALT1/RAC1/CHI3L1/TNFRSF1A/LRRK2/PSMD10/SAE1/UBB/UBQLN1/UBE2S/MMP9/RPS2/PRKAR1A/KAT5/RSPO1/SIRT1/PRICKLE1/NOP53/PIN1/MYCBP2/FGF10/CACUL1/EGF/TLR6/NPTN/UBA2/MAP3K4/UBE2D1/BMAL1/SEPTIN4/STK11/RASGRP1/TOLLIP/FANCI/ARRB1/CIB1"
"GOBP_REGULATION_OF_GENERATION_OF_PRECURSOR_METABOLITES_AND_ENERGY","GOBP_REGULATION_OF_GENERATION_OF_PRECURSOR_METABOLITES_AND_ENERGY",132,0.608126273317015,1.5923724894874,0.000617199606596817,0.0408312649921056,0.0363667313108544,2547,"tags=33%, list=14%, signal=29%","CCNB1/AKT1/RHOA/GAPDHS/CDK1/GSK3B/IRS2/VCP/PRKAG1/GSK3A/TP53/TNF/HDAC4/PNPT1/IRS1/PINK1/UCHL1/PARK7/PRKAG2/SNCA/PRKAG3/NCOR1/IFNLR1/AKT2/MTOR/MTCH2/PPIF/ZBTB20/PRKACA/TIGAR/NOP53/IDE/ISCU/SIRT6/P2RX7/HIF1A/CBFA2T3/PRKAA1/RPTOR/INSR/PIK3CA/RBPJ/IGF1/OGT"
"GOBP_ACTION_POTENTIAL_PROPAGATION","GOBP_ACTION_POTENTIAL_PROPAGATION",12,-0.901793623476742,-1.74958019125122,0.00062598365500892,0.0408496275992394,0.0363830861311112,1530,"tags=58%, list=9%, signal=53%","SCN9A/FKBP1B/NRCAM/SCN1A/ATP1A2/NTRK2/NTRK3"
"HP_SHIELD_CHEST","HP_SHIELD_CHEST",18,0.858989444378348,1.73109691755902,0.000632697733203272,0.0408496275992394,0.0363830861311112,1608,"tags=33%, list=9%, signal=30%","MAP2K1/PTPN11/IDH1/WNT4/BRAF/KRAS"
"GOBP_MICROTUBULE_CYTOSKELETON_ORGANIZATION_INVOLVED_IN_MITOSIS","GOBP_MICROTUBULE_CYTOSKELETON_ORGANIZATION_INVOLVED_IN_MITOSIS",168,0.591713846899702,1.58640997431055,0.000624576488422472,0.0408496275992394,0.0363830861311112,2440,"tags=35%, list=14%, signal=31%","CCNB1/PCNT/RHOA/CDK1/AURKA/KIF11/CDC20/VCP/HTT/NUMA1/MYBL2/PRC1/BIRC5/PLK1/TPX2/KIF23/KIFC1/MAPRE1/SMC3/CDCA8/HNRNPU/CENPE/CKAP5/ILK/HSPA1A/DRG1/CHEK2/RACGAP1/AURKB/NDC80/ESPL1/PLK3/TUBG1/EML3/NDEL1/KAT5/KIF15/NUF2/PRICKLE1/TNKS/DYNC1H1/FGF10/PDCD6IP/SPAST/RAN/NUP62/BCCIP/GJA1/SMC1A/STMN1/EFHC1/TACC3/MAP4/ZW10/RMDN1/ABRAXAS2/PIBF1/DLGAP5/STIL"
"GOCC_LATE_ENDOSOME","GOCC_LATE_ENDOSOME",321,0.528672597177599,1.48547943268567,0.000629181585957051,0.0408496275992394,0.0363830861311112,2509,"tags=21%, list=14%, signal=19%","EGFR/SRC/MAPK3/MAPK1/SIGLEC1/HTT/SCARB2/RAB39A/NOTCH1/CTSL/HLA-DRB5/MAP2K1/HLA-DRA/HLA-DOB/VPS35/ANXA2/TMEM192/CD74/LAMP3/CD2AP/HLA-DPB1/VAMP8/F2R/LITAF/MAP2K2/ATP13A4/ECPAS/SORL1/LRRK2/SLC9A9/STOML1/RAB14/PARM1/MAPKAP1/PRKAR1A/MR1/NTRK1/HLA-DMB/CXCR4/SLC11A1/VAMP5/HLA-DPA1/RHOB/HLA-DRB1/LAMTOR1/MYOF/MARCHF1/PSEN2/CTSS/HLA-DQB1/SLC2A4/LAMP2/UVRAG/LDLR/CD68/ABCA3/SQSTM1/HGS/PLD1/STX7/ATP9A/TF/PRKAR1B/GIMAP5/RAB9A/INSR/NEDD4L/DDIT3/KCNQ1"
"GOBP_REGULATION_OF_HEMOPOIESIS","GOBP_REGULATION_OF_HEMOPOIESIS",429,0.490050598000979,1.40089306671583,0.000635964513673894,0.0408496275992394,0.0363830861311112,2310,"tags=29%, list=13%, signal=26%","AXL/MYC/HSPA9/ISG15/CD4/RHOA/STAT1/BCL6/FOS/TGFBR2/IRF4/FBXO7/BRD7/SMARCC1/CSF3R/MEF2C/PPP3CA/RIPK2/PSMB2/LCK/GATA1/PSMA5/PRDX2/TNF/CASP8/HLA-DRA/CDK6/CDC73/FOXO3/ACTB/SLAMF8/DUSP10/PRKCZ/SMARCA4/HSPA1A/RHOH/RB1/KAT2A/H4C16/DLL1/GAS6/PRMT1/GATA2/CD74/METTL14/SMARCB1/ZBTB16/PSMA3/BTK/LILRB1/GFI1B/ABL1/XRCC6/SOS1/MYB/LAG3/ZAP70/ACVR1B/CORO1C/LEO1/IL4I1/ACTL6B/MAFB/CD101/CTR9/LILRB4/MTOR/LGALS9/STAT5B/ZFP36L2/BRAF/FCRL3/MALT1/AGER/CUL4A/MYSM1/TAL1/HCLS1/FGL2/SOX4/MEIS2/PTPN2/AMBRA1/KAT5/KLF10/SYK/TESC/PIK3R1/C1QC/GLUL/PSMA4/CAMK4/BRD1/RC3H1/RC3H2/NFKBIA/SH3RF1/SPINK5/ZFP36L1/SMARCA2/HLA-DRB1/PSMA6/IRF7/NCKAP1L/PBRM1/QKI/SOS2/CCR2/UBASH3B/RASGRP1/MED1/SENP1/PRKCA/CD46/JUNB/SMARCD2/CIB1/HIF1A/DTX1/PSMB4/RARG/TCF7/MEIS1"
"GOMF_MODIFIED_AMINO_ACID_BINDING","GOMF_MODIFIED_AMINO_ACID_BINDING",89,0.663976576055074,1.64948055609947,0.000647538292670331,0.0410733395481635,0.0365823371790305,1945,"tags=19%, list=11%, signal=17%","AXL/THBS1/C1QA/C1QB/SCARB2/ANXA5/ANXA2/GAS6/FCHO2/MFGE8/C1QC/NOX4/TRIM72/APPL1/ANXA4/FASN/TYMS"
"HP_ASCITES","HP_ASCITES",141,0.599130993384032,1.57601848431878,0.000650600508773408,0.0410733395481635,0.0365823371790305,2020,"tags=26%, list=11%, signal=23%","JAK2/TRIP13/BUB1/BUB1B/KIF20A/BCL6/SCARB2/ABCB4/NOTCH1/USP18/LCK/CYBB/KRT18/EPHB4/WT1/CALR/SDHA/PRKAG2/FH/MRPS22/GNB2/LIPA/BCL2/GNA11/PTH1R/TFAM/PRKAR1A/SCN4A/SDHC/MTO1/UBR1/TCF4/HLA-DRB1/TSC1/SOX18/LARS2/TSC2"
"HP_SPARSE_HAIR","HP_SPARSE_HAIR",386,0.49947867479048,1.41452154776244,0.000643648583959631,0.0410733395481635,0.0365823371790305,2086,"tags=21%, list=12%, signal=19%","IGF1R/AXL/HSPA9/NRAS/PCNT/RBBP8/RIPK4/EZH2/CAV1/NOTCH1/RPL21/TP53/MAP3K1/DUSP6/MAP2K1/HLA-DRA/PLK4/ATR/CENPE/HDAC4/TARS1/ATRX/CHD6/SMARCA4/PDGFRB/WT1/IFT122/JUP/SLC7A7/LTV1/HRAS/DNMT3A/ALDH18A1/AARS1/ASXL3/CYP4F22/CWC27/SMARCB1/ALX4/COL11A1/MRPS22/TCOF1/CDC42BPB/DSP/GNB2/FOSL2/GSN/TRPS1/KRT83/BRAF/MAP2K2/BCORL1/BLM/SOX4/ZBTB20/PIK3R1/NTRK1/SKIC2/UBR1/MED25/KRAS/NFKBIA/SLC25A24/NHP2/AR/SPINK5/SMAD4/SMARCA2/HLA-DRB1/KISS1/ST14/KDM4B/UBA2/TYMS/GJA1/SOX18/ATP6V1A/CCDC141/ESCO2/WLS"
"GOBP_REGULATION_OF_IMMUNE_EFFECTOR_PROCESS","GOBP_REGULATION_OF_IMMUNE_EFFECTOR_PROCESS",398,0.508436633621635,1.44508039932453,0.000657821352792218,0.0412932403730024,0.0367781938152013,2454,"tags=24%, list=14%, signal=21%","EPHB2/MAPK3/HAVCR2/DDX60/YWHAG/HSPD1/DDX21/DDX1/BCL6/RIGI/IRF4/RIPK2/GATA1/TNF/CD5L/HLA-DRA/C2/KIT/SLAMF8/TP53BP1/DUSP10/PRKCZ/MSH2/ARRB2/DUSP22/DHX36/CD22/GATA2/HK1/CD74/VAMP3/BTK/LILRB1/CFB/CR2/LAG3/CLU/PHB1/IL4I1/MLH1/DHX58/RAC2/LILRB4/VAMP8/S100A9/LGALS9/STAT5B/FCRL3/MALT1/AGER/NSD2/FGL2/RIF1/SYK/PPP3CB/MYO18A/F2RL1/MR1/APOA2/CD40/HLA-DMB/SIRT1/CAMK4/CD244/APPL1/RC3H1/CD1B/RC3H2/STAT6/SPINK5/HLA-DRB1/PVR/RASGRP4/EVPL/NCKAP1L/SUPT6H/RSAD2/CCR2/CX3CR1/RASGRP1/CFP/CD46/JUNB/P2RX7/FCN1/RTN4/STX7/TFRC/CD84/SLAMF1/SLC15A4/CD40LG/APPL2/PRKAA1/ATAD5/FER/IRF5"
"GOMF_ATP_DEPENDENT_PROTEIN_FOLDING_CHAPERONE","GOMF_ATP_DEPENDENT_PROTEIN_FOLDING_CHAPERONE",31,0.791119907416523,1.73459169436368,0.000667621736849076,0.0416716663768847,0.0371152423197452,513,"tags=42%, list=3%, signal=41%","HSPA4/HSPA4L/HSPA5/HSP90B1/CCT5/HSPA9/HSPD1/HSP90AA1/HSPA8/HSP90AB1/HYOU1/HSPH1/HSPA1A"
"GOBP_NEGATIVE_REGULATION_OF_TRANSMEMBRANE_TRANSPORT","GOBP_NEGATIVE_REGULATION_OF_TRANSMEMBRANE_TRANSPORT",101,0.639083275578818,1.61681932102974,0.000684467384572572,0.0422804294075313,0.0376574425570336,1522,"tags=23%, list=9%, signal=21%","YWHAE/THBS1/AKT1/IRS2/VDAC1/CAV1/PRKCE/ANK3/PPP3CA/GSK3A/TNF/PPP3CC/CAMK2D/PPP3R1/CTNND1/BCL2/AKT2/RGS4/UBQLN1/MMP9/PPP3CB/PEA15/RGS2"
"GOCC_CELL_SUBSTRATE_JUNCTION","GOCC_CELL_SUBSTRATE_JUNCTION",411,0.502903088305734,1.43210600673388,0.000685028680661486,0.0422804294075313,0.0376574425570336,2125,"tags=29%, list=12%, signal=27%","EGFR/HSPA5/RND3/HSP90B1/YWHAE/SRC/MAPK3/HSPA9/MAPK1/RHOA/CTTN/YWHAG/ACTC1/HSPA8/CDC42/CAV1/YWHAB/SCARB2/XIRP1/BCAR1/RPS11/ACTG1/PCBP2/KIF23/RPS9/HYOU1/MAP2K1/MAPRE1/RRAS/PDIA3/CAPN2/PTPN11/LAP3/SHC1/PPIB/CASK/CASS4/RHOU/ACTB/CNN2/ANXA5/ILK/HSPA1A/PDGFRB/CAT/PPP1CC/JUP/PTK2/FLRT2/CORO2B/PXN/VIM/ACTN1/CALR/EZR/GAK/ACTR2/DST/RAB10/ITGB3/CORO1C/RPS16/GNB2/NME2/RAC2/SNAP23/FBLN7/GSN/PDLIM7/ARF1/WASF1/P4HB/MAP2K2/TGM2/ZNF185/GDI2/RAC1/ITGA4/FLNB/RPS5/RPS14/HCK/RPS2/AMBRA1/TNS2/DAB2/NOX4/SDCBP/TNS3/RPS15/ITGB5/NEXN/BSG/ITGA2B/KRAS/TPM4/PAK4/SYNE2/CD44/RHOB/PDCD6IP/PPP1R12A/PVR/S100A7/LIMK1/ITGB7/FLII/RPLP2/PTPN12/ITGA8/RHOG/GJA1/PLEC/CD9/G3BP1/FLRT3/EPB41L2/CAPN5/PALLD/LMO7/CD46"
"GOBP_NEURON_APOPTOTIC_PROCESS","GOBP_NEURON_APOPTOTIC_PROCESS",290,0.525061310418292,1.46480931811249,0.000706479584515202,0.0433621469429108,0.0386208839534977,1535,"tags=20%, list=9%, signal=19%","AXL/EGR1/TUBA1A/JAK2/KIF14/AKT1/RHOA/GSK3B/NES/AIFM1/FBXO7/MEF2C/PARP1/GSK3A/CIT/HYOU1/TNF/KCNB1/CASP7/CASP8/FOXO3/MSH2/PINK1/RB1/PARK7/HRAS/XIAP/AARS1/DAXX/COL6A1/EPHA7/CASP10/FASLG/ISL1/SNCA/ABL1/CLU/CD2AP/PHB1/GAPDH/BCL2/AKT2/CCL2/NDP/F2R/BRAF/TOX3/CBLC/APAF1/UBB/AMBRA1/COL6A2/TMTC4/PRNP/CASP9/NTRK1/SIRT1/NR4A2/SIAH1"
"GOBP_RESPONSE_TO_TYPE_I_INTERFERON","GOBP_RESPONSE_TO_TYPE_I_INTERFERON",114,0.633539920414314,1.62852278207361,0.00072087712112219,0.0440013836141324,0.0391902258112837,1481,"tags=31%, list=8%, signal=28%","ISG15/PSMD14/PSMC2/OASL/STAT1/IFIH1/IFI27/MX1/PSMD1/PSMB2/USP18/IFIT1/PSMA5/PSMD2/PTPN11/TYK2/CH25H/HDAC4/SP100/PSMC5/PSMB7/UBE2K/PSMC3/PSMD7/PSMA3/PSMD11/CR2/STAT2/TBK1/PSMC4/PTPN2/RBM47/IRF3/SAMHD1/PSMA4"
"GOBP_MITOCHONDRIAL_TRANSPORT","GOBP_MITOCHONDRIAL_TRANSPORT",89,0.658533537569512,1.63595871440834,0.000737293321708081,0.0445830037968663,0.0397082510283458,1989,"tags=25%, list=11%, signal=22%","PPM1K/GSK3B/HSP90AA1/VDAC1/GSK3A/VPS35/HSPA1A/PINK1/CAMK2A/COL6A1/ATP5IF1/BCL2/HIP1R/MTCH2/LRRK2/RHOT2/PPIF/SLC25A24/RHOT1/BCL2L1/NPTX1/SLC25A6"
"GOBP_PURINE_CONTAINING_COMPOUND_BIOSYNTHETIC_PROCESS","GOBP_PURINE_CONTAINING_COMPOUND_BIOSYNTHETIC_PROCESS",267,0.538475699696222,1.49177488772017,0.00073847661973448,0.0445830037968663,0.0397082510283458,2672,"tags=32%, list=15%, signal=27%","MT-ND3/KMO/PRPS1L1/VCP/NME1/PARP1/ENO1/MT-ND4/ATP5F1B/MTHFD1/MAP2K1/NME4/GART/PDK4/MT-ND2/NME7/AK2/PINK1/ACSL3/MT-ND1/PDK1/NPR1/ACSL5/SDHA/GUK1/BCKDK/PRPS2/PRKAG2/ATP5IF1/PDHX/SNCA/GCDH/NDUFA9/ADK/AK1/LDHC/IDH2/LIPA/NDUFA12/NME2/ELOVL2/ADA2/NDUFS1/DLAT/IMPDH1/NDUFA8/ATP5F1A/GUCA1A/NAMPT/PDP1/ACAT1/STOML2/SDHC/SHMT1/MT-ATP6/NDUFV2/ELOVL7/ELOVL5/MT-ND4L/ACACB/AK5/ACSBG1/ADSL/AMPD2/ACLY/PCCA/NDUFA13/NDUFV1/FASN/NT5E/ATP5MC3/NDUFS7/PFAS/ELOVL1/PDHB/AMPD1/ATP5MC1/PAICS/NDUFB8/NDUFB10/PGM2/ATP5F1D/ADCYAP1R1/ATP5MF/NDUFB9"
"GOBP_SKELETAL_MUSCLE_ORGAN_DEVELOPMENT","GOBP_SKELETAL_MUSCLE_ORGAN_DEVELOPMENT",185,0.574319407519201,1.55091355539982,0.000751757738333813,0.0451381494190868,0.04020269644133,2569,"tags=33%, list=15%, signal=28%","EGR1/ATF3/MYC/RHOA/FOS/NR2F2/EGR2/CAV1/NOTCH1/KAT8/MEF2C/PPP3CA/DDX17/DNER/ZBTB18/ANKRD1/WT1/RB1/COL19A1/MYOCD/HIVEP3/DLL1/COL6A1/TWIST1/MYL6B/YBX3/BCL2/MEOX2/HDAC9/EEF2/NR4A1/BASP1/PAX5/MYL6/FLNB/PPIF/PPP3CB/FXR1/EPHB1/VAMP5/NLN/VRK3/RYR1/HLF/FOXP2/SIX1/PITX1/BMAL1/PLEC/SIX4/MYL11/ANKRD33/MYOM1/SHOX2/AKIRIN1/PRKAA1/SKIL/SKI/STAC3/STRA6/CFLAR"
"GOBP_METENCEPHALON_DEVELOPMENT","GOBP_METENCEPHALON_DEVELOPMENT",116,0.629247241653381,1.62275056140512,0.000756827059796828,0.0451968938196506,0.0402550176670313,1235,"tags=19%, list=7%, signal=18%","HSPA5/TUBA1A/KIF14/EZH2/MT-ND4/MAP2K1/PTPN11/GART/GLI1/KAT2A/AARS1/DLL1/MT-CO1/ABL1/LPAR1/BCL2/MYH10/MYO16/NAV2/GBX2/WNT7A/SEZ6"
"GOBP_CHROMOSOME_SEPARATION","GOBP_CHROMOSOME_SEPARATION",92,0.662213386186285,1.64965144896095,0.000767229866420202,0.045571804108658,0.0405889348686816,1722,"tags=33%, list=10%, signal=30%","CCNB1/TRIP13/BUB1/BUB1B/CDC20/NUMA1/SMC2/BIRC5/PLK1/KNL1/CDCA8/DUSP1/RB1/MAD2L1/AURKB/CSNK2A2/DYNC1I2/SMC4/NDC80/ESPL1/NCAPG/NCAPH/CENPF/XRCC3/NUF2/DYNLL2/MAPK15/SMARCAD1/DYNC1H1/PLSCR1"
"HP_ABNORMAL_CARDIAC_TEST","HP_ABNORMAL_CARDIAC_TEST",24,-0.805628462637204,-1.87734425933146,0.000797098624640561,0.0464347031521116,0.0413574836184629,453,"tags=25%, list=3%, signal=24%","DSG2/HMGCR/CACNA1C/CALM1/CALM3/ANK2"
"GOBP_ER_OVERLOAD_RESPONSE","GOBP_ER_OVERLOAD_RESPONSE",11,0.916463854863195,1.68664160245244,0.000795882707805079,0.0464347031521116,0.0413574836184629,288,"tags=27%, list=2%, signal=27%","HSPA5/GSK3B/TP53"
"GOCC_CLATHRIN_COATED_PIT","GOCC_CLATHRIN_COATED_PIT",78,0.678875340963857,1.66504839791085,0.000799767602196648,0.0464347031521116,0.0413574836184629,2752,"tags=38%, list=16%, signal=33%","CTTN/HSPD1/GAS7/ITSN1/BMPR2/ARRB2/DNM1L/FCHO2/HIP1R/MYO6/AP2A1/DAB2/AP2A2/EPS15L1/EPS15/SGIP1/FCHO1/LRP2/CCDC32/SLC2A4/LDLR/SORT1/AP2B1/ARRB1/TFRC/BTBD8/TF/SPHK1/AP2M1/SNX9"
"GOBP_FOCAL_ADHESION_ASSEMBLY","GOBP_FOCAL_ADHESION_ASSEMBLY",85,0.659026049272645,1.63873119860319,0.000808572079473768,0.0464347031521116,0.0413574836184629,2008,"tags=33%, list=11%, signal=29%","SRC/THBS1/RHOA/CTTN/PTEN/PTPRK/ACTG1/MACF1/PTK2/RHOD/DUSP22/CORO2B/ACTN1/CDH11/RCC2/ROCK2/ABL1/CORO1C/BCL2/WNT4/RAC1/PPM1F/DUSP3/ACVRL1/TESK2/TSC1/EPHA3/ARHGAP6"
"GOCC_VACUOLAR_LUMEN","GOCC_VACUOLAR_LUMEN",176,0.585839331472181,1.57348966762058,0.000816332449978141,0.0464347031521116,0.0413574836184629,2239,"tags=27%, list=13%, signal=24%","MAPK1/HSP90AA1/HSPA8/DAPK2/BGN/VCP/SCARB2/CTSL/PSMD1/SNRNP70/CTSB/GAA/AGRN/PDGFRB/TXNDC5/ANXA2/TUBB/OMD/CD74/ACTR2/FASLG/IFI30/LIPA/ADA2/CPPED1/IMPDH1/NAAA/TUBB4B/GDI2/SDC1/IDS/SDCBP/GNS/CTSA/VCAN/DYNC1H1/TCN2/S100A7/ACLY/CTSS/LAMP2/CCT2/BCAN/TPP1/TOLLIP/NCAN/PLAC8/GLB1"
"GOBP_STRIATED_MUSCLE_CONTRACTION","GOBP_STRIATED_MUSCLE_CONTRACTION",245,-0.485940500044392,-1.56576909821002,0.000812471222129485,0.0464347031521116,0.0413574836184629,1232,"tags=25%, list=7%, signal=24%","FKBP1B/RYR2/MYH8/RPL10A/RPL37A/KCNA5/CTNNA3/SCN2A/RPLP0/TNNI3K/RPL41/FGF13/ACTN3/RPL29/REM1/SCN7A/TNNI3/RPL27A/RPL13A/RPL37/STAC/RPL24/RPL32/RPL15/RPL8/MYH3/CACNA1C/RPL35/CASQ1/FKBP1C/MYH7B/RPL39/ADCY10/SCN1A/STAC2/SMAD7/RPL38/RPL10/RPL36A/RPL27/RPL9/TNNC1/ATP1A2/RPL23A/RPL5/RPL34/CALM1/CALM3/RPL35A/GATA4/RPL14/SUMO1/RPL30/RPL31/RPL7/RPL6/RPL17/RPL4/RPL11/RPL23/ANK2/RPL3L"
"GOBP_REGULATION_OF_CELL_CYCLE_G1_S_PHASE_TRANSITION","GOBP_REGULATION_OF_CELL_CYCLE_G1_S_PHASE_TRANSITION",186,0.576689560197254,1.55833125410989,0.000819584279024417,0.0464347031521116,0.0413574836184629,1959,"tags=28%, list=11%, signal=26%","EGFR/SOX2/KIF14/AKT1/EZH2/FBXO7/BRD7/SMARCC1/PTEN/KLF4/UBE2E2/PSMB2/CDC6/TP53/PSMA5/CDC73/GLI1/ACTB/INO80/SMARCA4/PSMB7/RB1/RRM2/GPNMB/PRMT2/SMARCB1/PSMA3/APBB1/GFI1B/PLK3/ACTL6B/BCL2/CDKN2D/ACVR1/MYO16/CCL2/RRM1/EIF4G1/CUL4A/CCNE1/CTDSPL/AMBRA1/PSMA4/CCNE2/APPL1/KLF11/FGF10/SMARCA2/PSMA6/MEPCE/CDKN2B/PBRM1/PLRG1"
"GOBP_NUCLEOSIDE_TRIPHOSPHATE_METABOLIC_PROCESS","GOBP_NUCLEOSIDE_TRIPHOSPHATE_METABOLIC_PROCESS",282,0.535477865897645,1.48843901173576,0.000791289107486669,0.0464347031521116,0.0413574836184629,2549,"tags=34%, list=14%, signal=30%","MYH7/LDHA/MT-ND3/GAPDHS/HSPA8/PGK2/ENO2/VCP/NME1/PRKAG1/PARP1/ENO1/MT-ND4/ATP5F1B/MAP2K1/NME4/HDAC4/ENO4/MT-ND2/NME7/AK2/HSPA1A/PINK1/UCHL1/CAD/MT-ND1/COL6A1/SDHA/HK1/GUK1/PRKAG2/MYH6/ENO3/DNM1L/FOXK1/ATP5IF1/NDUFA9/PRKAG3/RHOQ/ADK/GAPDH/AK1/LDHC/NCOR1/LIPA/NDUFA12/NME2/NDUFS1/MTOR/HKDC1/EFL1/IMPDH1/NDUFA8/ATP5F1A/MTCH2/LRRK2/SLC25A25/ZBTB20/STOML2/SAMHD1/PRKACA/MFN1/SDHC/MT-ATP6/NDUFV2/TIGAR/MT-ND4L/AK5/AMPD2/ATP1B1/RAN/SIRT6/NDUFA13/NDUFV1/TYMS/NT5E/ATP6V1A/PKM/ATP5MC3/TPI1/ALDOC/FIS1/ATP6V1B2/P2RX7/HIF1A/CBFA2T3/NDUFS7/ATP5MC1/PRKAA1/CMPK2/NDUFB8/RPTOR/NDUFB10/INSR/IGF1/OGT/ATP5F1D"
"GOCC_NUCLEAR_ENVELOPE","GOCC_NUCLEAR_ENVELOPE",448,0.48798648188053,1.39502163287393,0.000808943565908002,0.0464347031521116,0.0413574836184629,2174,"tags=21%, list=12%, signal=19%","EGFR/KPNA2/RANBP2/MAPK3/IFI27/VRK2/ERN1/PLAAT3/MX1/PARP1/ENO1/TMPO/LRRC59/ABCF1/XPO1/ITSN1/GNAZ/PCNA/FZR1/NUP93/ATR/CYBB/SMAD1/CASK/PRKCZ/KPNA1/DNAJB12/MAD2L1/TUBB/NUP205/CALR/POLA1/CANX/AGPAT3/GCH1/PHF11/CDK4/AGPAT5/DST/RTCB/SNCA/ABL1/NUP155/CD2AP/BCL2/RAC2/MTOR/NR4A1/GNAQ/DNAJB2/MGST3/SORL1/ITPR1/MYO6/RIF1/AEN/TMC8/TNKS2/CENPF/FXR1/SDCBP/SIRT1/BRIP1/PRICKLE1/ITPR3/TMX4/TNKS/CERS2/BNIP2/MNS1/SYNE2/NUP37/PARP8/ALOX5/MYOF/BCL2L1/SPAST/NXF1/SEC13/RAN/NUP62/PSEN2/ANXA4/DTL/CETN2/PLRG1/IPO7/ATP2A3/LMO7/RGPD3/MX2/SORT1/RTN4"
"GOBP_PROTEIN_LOCALIZATION_TO_MITOCHONDRION","GOBP_PROTEIN_LOCALIZATION_TO_MITOCHONDRION",68,0.691257350968291,1.66652573392323,0.000826845637547156,0.0466070949164335,0.0415110258850205,1252,"tags=21%, list=7%, signal=19%","HSPA4/ISG15/AKT1/HSPD1/HSP90AA1/DNAJA1/FKBP8/AIFM1/PINK1/HK1/DNM1L/MTCH2/CHCHD4/LRRK2"
"GOBP_REGULATION_OF_RESPONSE_TO_FOOD","GOBP_REGULATION_OF_RESPONSE_TO_FOOD",18,-0.836744219690984,-1.81498593552072,0.000838174407753202,0.0466180260348551,0.0415207617833974,971,"tags=22%, list=5%, signal=21%","PPARA/MKKS/FBN1/BBS4"
"HP_ABNORMAL_LEFT_VENTRICULAR_OUTFLOW_TRACT_MORPHOLOGY","HP_ABNORMAL_LEFT_VENTRICULAR_OUTFLOW_TRACT_MORPHOLOGY",28,0.814491434105808,1.75778647642986,0.000835443304312643,0.0466180260348551,0.0415207617833974,943,"tags=39%, list=5%, signal=37%","MYH7/TRIP13/ACTC1/BUB1/BUB1B/IFIH1/NOTCH1/PTPN11/HDAC4/MYH6/GNB2"
"GOBP_RESPONSE_TO_OXYGEN_LEVELS","GOBP_RESPONSE_TO_OXYGEN_LEVELS",328,0.516034737522682,1.45144305616724,0.000839698332814643,0.0466180260348551,0.0415207617833974,2230,"tags=27%, list=13%, signal=24%","HSP90B1/EGR1/CCNB1/MYC/THBS1/AKT1/FOS/CAV1/PRKCE/AIFM1/NOTCH1/ENO1/MT-ND4/TP53/HYOU1/MAP2K1/TNF/CAPN2/FOXO3/CYBB/VCAM1/MT-ND2/ANKRD1/KCNMA1/CAT/PINK1/MYOCD/CCNA2/MT-CYB/MT-ND1/MT-CO2/DNMT3A/HDAC2/PDK1/COL6A1/TWIST1/CYB5R4/FOXO1/ROCK2/MT-CO1/LPAR1/AQP3/BCL2/FOSL2/MTOR/NDP/P4HB/PTGIS/AGER/APAF1/ITPR1/UBQLN1/PPARD/TFAM/NPEPPS/EPAS1/CXCL12/CASP9/SIRT1/NR4A2/CXCR4/MT-ATP6/TIGAR/ALAS2/NOP53/PIN1/RYR1/TBL2/BNIP2/ZFP36L1/SMAD4/ADSL/TSC1/ATP1B1/ZEB2/PSEN2/SLC2A4/ANGPTL4/ATP6V1A/FIS1/PTPN1/RTN4/HIF1A/CBFA2T3/TFRC/NOX1/NOS1"
"GOBP_HEMOSTASIS","GOBP_HEMOSTASIS",246,0.541352014888754,1.48898919290739,0.000853993201432075,0.0471745844471078,0.0420164655104581,2216,"tags=20%, list=13%, signal=18%","AXL/EPHB2/TUBB1/SRC/THBS1/JAK2/HGFAC/MYL9/CAV1/MERTK/THBD/FN1/LCK/GATA1/ACTG1/PRDX2/PDIA3/COL3A1/ACTB/ANXA5/ILK/ANXA2/ACTN1/GAS6/F10/GNAS/ITGB3/F12/HBB/GNAQ/F2R/PROC/SYK/F2RL1/CD40/ITPR3/TMX1/GP6/PLSCR1/ADAMTS18/FGB/PROZ/CD9/ANGPTL4/UBASH3B/PRKCA/ANGPTL2/MYL12A/F11R"
"GOMF_OXIDOREDUCTASE_ACTIVITY_ACTING_ON_PAIRED_DONORS_WITH_INCORPORATION_OR_REDUCTION_OF_MOLECULAR_OXYGEN","GOMF_OXIDOREDUCTASE_ACTIVITY_ACTING_ON_PAIRED_DONORS_WITH_INCORPORATION_OR_REDUCTION_OF_MOLECULAR_OXYGEN",177,-0.52221346896727,-1.61541239515009,0.000869797737028565,0.0474270591463916,0.0422413343592047,1351,"tags=20%, list=8%, signal=18%","CYP2C18/CYP11A1/CYP27C1/KDM2A/KDM1A/CYP7B1/CYP1A1/CYP2C9/METTL3/CYP4F8/P4HA2/CYP4B1/CYP4V2/CYP19A1/NOS2/CYP21A2/CYP7A1/ALKBH3/CYP3A5/KDM2B/CYP46A1/CYP2A6/COQ6/AKR1C1/CYP2F1/CYP2C8/CYP1A2/CYP2R1/CYP27B1/CYP26B1/CYP2B6/KDM5C/KDM5D/KDM6A/UTY"
"GOBP_REGULATION_OF_CELL_MATRIX_ADHESION","GOBP_REGULATION_OF_CELL_MATRIX_ADHESION",121,0.619960839478167,1.60896301639965,0.000872287205103415,0.0474270591463916,0.0422413343592047,1641,"tags=27%, list=9%, signal=25%","SRC/THBS1/RHOA/GSK3B/BCL6/EPHA1/PTEN/ACTG1/RRAS/CDK6/CASK/PLEKHA2/MACF1/JUP/PTK2/RHOD/DUSP22/RCC2/EFEMP2/ROCK2/ABL1/ITGB3/CORO1C/BCL2/WNT4/RAC1/PPM1F/GFUS/DUSP3/UTRN/PIK3R1/ACVRL1/ONECUT2"
"GOBP_POSITIVE_REGULATION_OF_LEUKOCYTE_MIGRATION","GOBP_POSITIVE_REGULATION_OF_LEUKOCYTE_MIGRATION",143,0.596213392268806,1.56648264071046,0.000875734980617658,0.0474270591463916,0.0422413343592047,2677,"tags=31%, list=15%, signal=26%","MAPK3/THBS1/MAPK1/RHOA/DAPK2/TNF/ABL2/CSF1R/PTK2/CALR/GAS6/CD74/MIA3/DNM1L/ABL1/ITGB3/RAC2/CCL2/LGALS9/P4HB/AGER/RAC1/ITGA4/CXCL12/C3AR1/F2RL1/ITGA2B/S100A7/CCR6/NCKAP1L/CAMK1D/CCR2/CX3CR1/CCL7/RTN4/SLAMF1/CCL8/AKIRIN1/PYCARD/P2RX4/CCR7/SPN/C1QBP/BDKRB1"
"HP_HEPATIC_FAILURE","HP_HEPATIC_FAILURE",166,0.579831440391203,1.55300473615981,0.000871771462050889,0.0474270591463916,0.0422413343592047,1752,"tags=22%, list=10%, signal=20%","NRAS/JAK2/MT-ND3/SCARB2/MT-ND4/MAP2K1/KRT18/ATRX/MT-ND2/ACAD9/IFT122/MT-ND1/SLC7A7/XIAP/CALR/MRPS7/HADHB/FH/GFM1/LIPA/HADHA/LARS1/BRAF/HSD3B7/AKR1D1/TFAM/UBR1/MT-ATP6/BMP6/ACVRL1/RYR1/SLC2A2/TCF4/NHP2/ALMS1/SMAD4/HLA-DRB1"
"GOMF_DEMETHYLASE_ACTIVITY","GOMF_DEMETHYLASE_ACTIVITY",45,-0.721989610102553,-1.8755642105663,0.000887323469065021,0.0478202423718554,0.042591526515121,1218,"tags=27%, list=7%, signal=25%","KDM2A/KDM1A/CYP1A1/METTL3/ALKBH3/KDM2B/CYP1A2/FBXL19/KDM5C/KDM5D/KDM6A/UTY"
"GOBP_NEGATIVE_REGULATION_OF_CELL_CYCLE_G1_S_PHASE_TRANSITION","GOBP_NEGATIVE_REGULATION_OF_CELL_CYCLE_G1_S_PHASE_TRANSITION",61,0.704683573477558,1.67573879708601,0.000903421032609481,0.048451434797425,0.0431537036935791,1259,"tags=33%, list=7%, signal=31%","SOX2/EZH2/FBXO7/BRD7/PTEN/KLF4/TP53/CDC73/RB1/GPNMB/PRMT2/APBB1/GFI1B/PLK3/BCL2/CDKN2D/ACVR1/MYO16/CCL2/CTDSPL"
"HP_DRY_SKIN","HP_DRY_SKIN",196,0.564765540547454,1.53363099216189,0.000913440058997249,0.0487521051777855,0.0434214984566808,1952,"tags=25%, list=11%, signal=22%","SOX2/NRAS/PCNT/MAPK1/KIF11/IFIH1/RIPK4/CAV1/MAP2K1/OTX2/PTPN11/OSMR/TARS1/RAF1/DRG1/GPNMB/IDH1/AARS1/CYP4F22/BCKDK/DDB2/CDK4/HESX1/GNB2/FOSL2/GSN/GINS1/TTC5/EXOC2/POLD3/BRAF/MAP2K2/MYSM1/GNA11/NSD2/SAMHD1/KIF15/NTRK1/SKIC2/XPA/RYR1/KRAS/SMARCAD1/NFKBIA/SPINK5/ERCC5/ZEB2/CDKN2B/GJA1"
"HP_HEADACHE","HP_HEADACHE",347,0.512658457138328,1.44311750802051,0.000918902000833382,0.0488078331981116,0.0434711331163485,1902,"tags=25%, list=11%, signal=23%","TLR7/ANKFY1/NRAS/JAK2/AKT1/TGFBR2/IFIH1/ANLN/PTEN/PLAAT3/MT-ND4/MYL2/ESR1/KIF23/TP53/MDH2/TNF/NUP93/CDC73/COL3A1/YEATS2/MYO1E/ATRX/RAF1/KIT/PTPRO/MSH2/PDGFRB/WT1/CHEK2/BRCA2/RACGAP1/MT-CYB/NUP205/MT-ND1/MT-CO2/MAX/DNMT3A/CALR/KCNQ2/SDHA/GATA2/TWIST1/CASP10/FASLG/SMARCB1/ALX4/FH/MT-CO1/DNM1L/GCDH/CD2AP/MLH1/GNB2/HLA-DPB1/ADA2/TBK1/MT-CO3/NDP/GNAQ/BRAF/TRAF7/MSH6/TNFRSF1A/MOG/ERAP1/CSNK1D/EPAS1/IRF3/SAMHD1/SDHC/MT-ATP6/HLA-DPA1/ACVRL1/RYR1/KRAS/KCNJ10/TRAF3/SMAD4/NUP37/HLA-DRB1/CCM2/INF2/POLE/POLD1/ZEB2/HLA-DQB1/CDKN2B"
"GOBP_INSULIN_LIKE_GROWTH_FACTOR_RECEPTOR_SIGNALING_PATHWAY","GOBP_INSULIN_LIKE_GROWTH_FACTOR_RECEPTOR_SIGNALING_PATHWAY",52,0.724327499233586,1.69493458190952,0.00094295989695266,0.0496539651711534,0.044224748124923,1693,"tags=31%, list=10%, signal=28%","IGF1R/MAPK3/AKT1/MAPK1/IRS2/MAP2K1/SHC1/RAF1/IRS1/COL6A1/SOS1/MAP2K2/PIK3R1/TRIM72/AR/GIGYF1"
"GOBP_MYOTUBE_DIFFERENTIATION","GOBP_MYOTUBE_DIFFERENTIATION",167,-0.516676340940481,-1.59954977527399,0.000943820844129455,0.0496539651711534,0.044224748124923,1669,"tags=31%, list=9%, signal=28%","CACNA1S/MYOG/ERVFRD-1/RPL12/DOCK2/NPHS1/ERVW-1/RPL28/RPL10A/RPL37A/RPLP0/ADGRB3/TANC1/RPL41/ACTN3/RPL29/RPL27A/RPL13A/RPL37/HDAC3/SMO/SMYD3/RPL24/RPL32/RPL15/RPL8/RPL35/RPL39/MAMSTR/RPL38/MYEF2/RPL10/RPL36A/RPL27/RPL9/MAPK14/RPL23A/RPL5/CYP26B1/RPL34/RPL35A/RPL14/RPL30/RPL31/RPL7/RPL6/RPL17/RPL4/RPL11/RPL23/RPL3L"
