"ID","Description","setSize","enrichmentScore","NES","pvalue","p.adjust","qvalue","rank","leading_edge","core_enrichment"
"FIGAROL_EGFR_TKI_DRUG_TOLERANT_CELL_DN","FIGAROL_EGFR_TKI_DRUG_TOLERANT_CELL_DN",488,0.6510793841488,1.89059637642567,2.04044694989832e-15,1.28915438294576e-11,9.96812030997694e-12,2198,"tags=34%, list=12%, signal=30%","SOX2/KPNA2/CCNB1/KIF14/TOP2A/TUBA1B/TRIP13/DUSP5/FOXM1/CDK1/BUB1/BUB1B/AURKA/KIF11/KIF20A/CCNB2/DNMT1/CDC20/TICRR/ANLN/HNRNPA2B1/HNRNPM/RAD51/MYBL2/CDKN3/NME1/RAD54L/SPAG5/PARP1/MAPK13/PRC1/SMC2/ORC1/BIRC5/ENO1/HNRNPAB/CIT/PLK1/CHEK1/CDC6/TPX2/KIF23/TMPO/CDCA7/KIFC1/DUSP6/MTHFD1/TIMELESS/SMC3/MKI67/CSTF2/CDCA8/PCNA/FEN1/MCM4/UBE2T/PLK4/CENPE/EXO1/WDR76/TRIB2/STMN3/HMMR/MSH2/HNRNPA3/TONSL/SSRP1/MELK/SMC6/RRM2/CHEK2/BARD1/CDC25A/CDC45/MAD2L1/ANKRD22/BRCA2/RACGAP1/PBK/CCNA2/NUP205/MCM6/ATAD2/AURKB/ACSL5/CCNF/POLA1/ASF1B/MCM2/SMC4/STAMBPL1/NDC80/CDC7/LAMP3/ESPL1/TAF5/PLK3/MCM7/MYB/SCD/HNRNPF/ASPM/F12/GAPDH/DHRS13/NCAPG/MCM3/NCAPH/RRM1/TUBG1/INSIG1/POLD3/CKS1B/DHCR24/TUBB4B/IMPA2/MSH6/BLM/CHAF1B/CCNE1/SDC1/ARHGAP11A/UBE2S/WDHD1/CENPF/CEP128/EME1/XRCC3/CENPO/DNAJC9/KIF15/NUF2/BRIP1/SHMT1/UTP18/MCM10/TMT1B/ILF3/MNS1/NUP37/POLE/CEP55/HMGCS1/MPHOSPH9/NUP62/RAPGEF5/FASN/TYMS/DTL/SMC1A/LDLR/NT5E/UBASH3B/TCF19/LIPG/ESCO2/TPI1/TACC3/LIG1/KIF20B/NASP/FANCI/TIPIN/GTSE1"
"VECCHI_GASTRIC_CANCER_EARLY_UP","VECCHI_GASTRIC_CANCER_EARLY_UP",408,0.640759130672436,1.84584195969364,5.74109816054182e-12,1.81361290891516e-08,1.40233876647761e-08,1489,"tags=23%, list=8%, signal=22%","EPHB2/CCNB1/TUBA4A/ISG15/KIF14/TOP2A/TRIP13/EFTUD2/FOXM1/CDK1/BUB1/HSPA8/BUB1B/AURKA/KIF20A/CCNB2/CDC20/EZH2/ANLN/MYBL2/CDKN3/NME1/XPO5/PRC1/BIRC5/ENO1/CHEK1/CDC6/TPX2/GTPBP4/CDCA7/KNL1/MKI67/HSPH1/FEN1/MCM4/NUP93/UBE2T/CDK6/KRT18/HMMR/SMARCA4/MELK/RRM2/BARD1/JUP/MAD2L1/RACGAP1/CDC34/PBK/CCNA2/NCBP2/ATAD2/PRMT1/SPTAN1/MCM2/SMC4/STAMBPL1/PMEPA1/NDC80/IFI6/RNF123/MTHFD1L/KDM1B/ARL5B/MCM7/MYB/PARPBP/NUP155/PABPC1L/ASPM/CFTR/EIF3B/MMP7/F12/NCAPG/PGRMC1/GINS1/MUC13/POLD3/CKS1B/RRS1/MTCH2/CHI3L1/NSD2/BMS1/CCNE1/KIF26B/PDP1/WDR77/CENPF/RUVBL2/KIF15/NUF2/BRIP1"
"WINNEPENNINCKX_MELANOMA_METASTASIS_UP","WINNEPENNINCKX_MELANOMA_METASTASIS_UP",159,0.763435516889374,2.04882708336118,8.70622880315731e-12,1.83353178594493e-08,1.41774062720888e-08,1239,"tags=34%, list=7%, signal=32%","HSPA4/HSPA5/KPNA2/CCNB1/CCT5/TOP2A/HSPD1/CDK1/BUB1/AURKA/KIF11/CCNB2/DNAJA1/ANLN/CDKN3/NME1/SMARCA5/RAD54L/DDX18/SPAG5/PRC1/SMC2/BIRC5/CHEK1/CDC6/XPO1/TIMELESS/CDCA8/PCNA/MCM4/UBE2T/TARS1/EXO1/MELK/RRM2/CREM/CDC45/RACGAP1/MCM6/ATAD2/NDC80/NCBP1/PARPBP/TCOF1/ASPM/UBFD1/NCAPG/ARF4/NCAPH/IMMT/PWP1/CKS1B/MSH6/NSD2"
"SOTIRIOU_BREAST_CANCER_GRADE_1_VS_3_UP","SOTIRIOU_BREAST_CANCER_GRADE_1_VS_3_UP",152,0.761294301217912,2.04055587641066,2.13874389288212e-11,2.70251678304584e-08,2.08966534881388e-08,1071,"tags=39%, list=6%, signal=37%","TUBA1A/KPNA2/CCNB1/CCT5/TUBA1C/KIF14/TOP2A/TUBA1B/TRIP13/FOXM1/CDK1/BUB1/BUB1B/AURKA/KIF11/KIF20A/CCNB2/CDC20/EZH2/RAD51/MYBL2/CDKN3/NME1/SPAG5/PRC1/BIRC5/PLK1/CHEK1/TPX2/GTPBP4/TMPO/KIFC1/TIMELESS/MKI67/CDCA8/FEN1/MCM4/NUP93/CENPE/EXO1/HMMR/MELK/RRM2/CDC25A/CDC45/MAD2L1/RACGAP1/CCNA2/MCM6/AURKB/MCM2/NDC80/ESPL1/PARPBP/ASPM/NCAPG/MCM3/GINS1/PFDN6/NCAPH"
"SHEDDEN_LUNG_CANCER_POOR_SURVIVAL_A6","SHEDDEN_LUNG_CANCER_POOR_SURVIVAL_A6",448,0.62160926447025,1.79567651554261,1.90853834781121e-11,2.70251678304584e-08,2.08966534881388e-08,2053,"tags=32%, list=12%, signal=29%","KPNA2/CCNB1/CCT5/TUBA4A/NRAS/KIF14/TOP2A/TRIP13/FOXM1/CDK1/BUB1/BUB1B/AURKA/KIF11/KIF20A/CCNB2/CDC20/EZH2/DNAJA1/MYBL2/CDKN3/NME1/RAD54L/PLIN2/VRK2/ERN1/YME1L1/SPAG5/PRC1/SMC2/ORC1/RIPK2/BIRC5/PSMB2/CHEK1/CDC6/TPX2/KIF23/MRPL19/PSMA5/TEAD4/MKI67/CDCA8/PCNA/MCM4/PLK4/YEATS2/CENPE/EXO1/WDR76/HMMR/COL2A1/UBE2K/MELK/SMC6/RRM2/CDC25A/CAD/CDC45/MAD2L1/BRCA2/RACGAP1/PBK/CCNA2/PYGL/EIF5B/MCM6/PPM1G/HDAC2/ATAD2/AURKB/PRMT1/DARS1/NDC80/CDC7/GCH1/AGPAT5/GNAS/DNM1L/NCBP1/NDUFA9/H2BC11/PARPBP/SCD/ASPM/DSP/F12/GAPDH/WARS1/LDHC/MTHFD2/NCAPG/CDKN2D/SYNCRIP/CDC27/GINS1/NCAPH/WASF1/TCP1/TUBG1/MTCH2/MSH6/NSD2/CCNE1/PPIF/RIF1/PKP2/CSNK1D/UBE2S/PPARD/WDHD1/CENPF/RUVBL2/TUBA3C/XRCC3/DNAJC9/KIF15/BRIP1/CCNE2/PPID/MCM10/FCHO1/RC3H2/NUP37/PVR/CEP55/KLC1/MPHOSPH9/MOB1A/RAN/UBA6/NUP62/TOMM40/UBE2D1/PITX1/TYMS/YKT6/DTL/STMN1/PKM/XPNPEP1/CCL7"
"TARTE_PLASMA_CELL_VS_PLASMABLAST_DN","TARTE_PLASMA_CELL_VS_PLASMABLAST_DN",300,0.662818765495806,1.86649904461918,1.45069396848843e-10,1.52758074881832e-07,1.18117029960611e-07,1437,"tags=30%, list=8%, signal=28%","HSPA4/TUBA1A/KPNA2/CCNB1/CCT5/TUBA4A/HSPA9/KIF14/MAPK1/DNAJC7/PSMD14/GNL2/TOP2A/TRIP13/SGK1/FOXM1/CDK1/KIF11/CDC20/VDAC1/EZH2/CDKN3/NME1/EED/ORC1/CD180/PSMB2/UQCRC2/CDC6/KIF23/TMPO/BRD8/MRPL19/KIFC1/MTHFD1/PSMA5/MKI67/PCNA/GART/PLK4/CENPE/TARS1/HMMR/PSMC5/SMARCA4/RB1/RRM2/MAD2L1/CCNA2/EIF2S1/CCNF/HUWE1/PRPS2/IFI30/MAPK6/PSMA3/FH/PPP4C/ESPL1/UBE2D3/NDUFA9/XRCC6/YARS1/CCT6A/SUMO2/PHB1/WARS1/IDH2/MTHFD2/ATP1B3/MCM3/CDC27/ACVR1/UFD1/GINS1/LILRB4/NDUFS1/EIF3A/TCP1/RRM1/TUBG1/PWP1/CKS1B/DHCR24/CCNE1/PPIF/UBE2S/USP14/FDPS/SNRPB2/CAPRIN1"
"CHICAS_RB1_TARGETS_GROWING","CHICAS_RB1_TARGETS_GROWING",237,0.688096674587783,1.90675311534576,1.87077097284233e-10,1.68850442948827e-07,1.30560121578365e-07,1530,"tags=33%, list=9%, signal=31%","AXL/EGR1/CCNB1/KIF14/TOP2A/FOXM1/BUB1/BUB1B/KIF20A/CCNB2/CDC20/RBBP8/NR2F2/BGN/SUPT16H/EZH2/CAV1/ALDH1L2/NIBAN1/CDKN3/SMARCC1/SMC2/TPX2/TMPO/SLIT2/CDCA7/KNL1/TIMELESS/SMC3/CDCA8/VAT1L/MCM4/COL3A1/MYLK/POSTN/LTBP2/ATRX/STMN3/HMMR/MSH2/SSRP1/KCNMA1/SULF1/RALGPS2/CCNA2/PYGL/MCM6/EZR/MCM2/SMC4/CDC7/MCM7/CLU/SCD/ANPEP/IFI16/ASPM/IDH2/MCM3/ELOVL2/GINS1/CDCA7L/NAV2/TTC3/DHCR24/RGS4/IMPA2/MSH6/NSD2/DPYSL3/RIF1/MEIS2/CENPF/CXCL12/DNAJC9/PGAP1/PRICKLE1/RNF138/CCNE2"
"HECKER_IFNB1_TARGETS","HECKER_IFNB1_TARGETS",90,0.809935431754044,2.04594318853168,5.87096406073524e-10,4.63659386696566e-07,3.58515055340424e-07,1729,"tags=50%, list=10%, signal=45%","EGR1/ISG15/DDX60/OASL/SIGLEC1/STAT1/LGALS3BP/MYL9/C1QA/C1QB/RIGI/EGR2/IFI27/IFIT5/XAF1/MGAM/MX1/IFIT1/IFI44L/SAMD9/SAMD9L/CD163/IFIT3/EIF2AK2/CYP4F3/LAP3/IFI44/PNPT1/JUP/IFI35/IFIT2/IFI6/LAMP3/CLU/DHX58/FCER1A/CCL2/CHI3L1/DTX3L/MMP9/C3AR1/C1QC/ITGA2B/PLSCR1/HERC5"
"GRAHAM_CML_DIVIDING_VS_NORMAL_QUIESCENT_UP","GRAHAM_CML_DIVIDING_VS_NORMAL_QUIESCENT_UP",183,0.708369348612539,1.93465222140657,8.951684931055e-10,5.65567453944055e-07,4.37313365947645e-07,1596,"tags=35%, list=9%, signal=32%","KPNA2/CCNB1/TOP2A/TRIP13/CDK1/BUB1/BUB1B/AURKA/KIF11/KIF20A/CCNB2/CDC20/EZH2/RAD51/CDKN3/SPAG5/PRC1/SMC2/BIRC5/CHEK1/CDC6/TPX2/LRRC59/PRKAR2B/PRDX2/FEN1/MCM4/MRPS15/HMMR/MELK/RRM2/CDC45/MAD2L1/RACGAP1/PBK/CCNA2/HGF/ACTN1/AURKB/MCM2/NDC80/CDC7/ESPL1/TPM1/AQP3/ASPM/IDH2/NCAPG/SYNCRIP/GINS1/CCL2/RRM1/HBB/CKS1B/CCNE1/PPIF/UBE2S/CENPF/PRDX4/HDC/KIF15/CCNE2/MCM10/ITGA2B"
"DUTERTRE_ESTRADIOL_RESPONSE_24HR_UP","DUTERTRE_ESTRADIOL_RESPONSE_24HR_UP",316,0.644438511099433,1.82324870832746,8.64409187951306e-10,5.65567453944055e-07,4.37313365947645e-07,1548,"tags=27%, list=9%, signal=25%","JAK2/TOP2A/TRIP13/FOXM1/CDK1/BUB1/BUB1B/AURKA/KIF11/CCNB2/DNMT1/RBBP8/TICRR/ANLN/RERG/RAD51/MYBL2/NME1/DDX10/RAD54L/SPAG5/PRC1/SMC2/BIRC5/CIT/PLK1/CHEK1/CDC6/TPX2/KIF23/TMPO/CDCA7/KNL1/KIFC1/MTHFD1/TIMELESS/MKI67/PCNA/FEN1/MCM4/UBE2T/PLK4/EXO1/WDR76/TONSL/SULF1/MELK/RRM2/BARD1/CDC45/BRCA2/RACGAP1/PBK/CCNA2/MCM6/ATAD2/AURKB/POLA1/ASF1B/MCM2/ESPL1/MCM7/MYB/ASPM/BCL2/NCAPG/MCM3/ELOVL2/GINS1/CDCA7L/NCAPH/RRM1/POLD3/IMPA2/BLM/CHAF1B/ARHGAP11A/PPIF/WDHD1/CXCL12/XRCC3/CENPO/EPS15L1/BRIP1/CCNE2/MCM10"
"LINDGREN_BLADDER_CANCER_CLUSTER_1_DN","LINDGREN_BLADDER_CANCER_CLUSTER_1_DN",368,0.622542716107498,1.78506243304859,1.33598754154968e-09,7.67342662500987e-07,5.93331883285364e-07,1870,"tags=27%, list=11%, signal=25%","TAGLN2/TUBA1A/KPNA2/CCNB1/KIF14/CAMK2G/TOP2A/LAMA4/TRIP13/HSPD1/BIRC3/CDK1/BUB1/AURKA/MYL9/ENO2/KIF11/CCNB2/NES/VDAC1/EZH2/RAD51/MYBL2/THBD/RAD54L/PRC1/ORC1/BIRC5/CIT/PLK1/CDC6/KIF23/TMPO/CDCA7/KIFC1/CDCA8/MYLK/PLK4/CENPE/EXO1/ICAM3/GNB3/SMARCA4/PDGFRB/S100A4/MELK/RRM2/ARRB2/CDC25A/CDC45/RACGAP1/MCM6/ACTN1/PPP1R12B/ATAD2/SQLE/CDC7/PSMD11/NFKB2/IDH2/MTHFD2/GEM/AMOTL2/GCN1/NR4A1/STAT5B/INSIG1/NAV2/P4HB/CKS1B/HSD3B7/NSD2/PCSK6/HCLS1/CHAF1B/CCNE1/SAE1/WDHD1/CENPF/DAB2/PEA15/CISH/EBF1/ACOX3/RGS16/CTSA/CCL13/CERS2/ILF3/MNS1/PDGFRL/AMPD2/POLE/CACUL1/ITGB7/HMGCS1/MPHOSPH9/HDGF/SEC13/NUP62"
"HOFFMANN_LARGE_TO_SMALL_PRE_BII_LYMPHOCYTE_UP","HOFFMANN_LARGE_TO_SMALL_PRE_BII_LYMPHOCYTE_UP",151,0.729337010174747,1.95204011784618,1.92680889247564e-09,9.36429121743161e-07,7.24074499593477e-07,1329,"tags=40%, list=8%, signal=37%","TUBA1A/KPNA2/CCNB1/LDHA/TOP2A/TUBA1B/TRIP13/CDK1/BUB1/AURKA/KIF20A/CCNB2/DNMT1/CDC20/TUBB3/HTT/ANLN/RAD51/CDKN3/RAD54L/PRC1/SMC2/ENO1/CIT/KIF23/TMPO/KIFC1/XPO1/MKI67/EIF2AK2/FEN1/UBE2T/PLK4/CENPE/CKAP5/SNX2/SGO1/MELK/RRM2/CDC45/BRCA2/RACGAP1/TUBB/CCNA2/MCM6/PSMC3/AARS1/AURKB/POLA1/SMC4/MTHFD2/GSN/NCAPH/RRM1/CKS1B/TUBB4B/CHAF1B/CCNE1/UBE2S/WDHD1"
"FULCHER_INFLAMMATORY_RESPONSE_LECTIN_VS_LPS_DN","FULCHER_INFLAMMATORY_RESPONSE_LECTIN_VS_LPS_DN",437,0.598611757893447,1.72708822365325,1.89625841025419e-09,9.36429121743161e-07,7.24074499593477e-07,2564,"tags=30%, list=14%, signal=27%","HSPA5/CD4/OASL/SGK1/TRIM14/SIGLEC1/LGALS3BP/BCL6/TGFBR2/IFIH1/RNF213/RIGI/SCARB2/HNRNPA2B1/IFI27/IFIT5/ALDH1A1/XAF1/PDIA4/PDIA6/PLIN2/CSF3R/MX1/KLF4/GAS7/USP18/IFIT1/CYP51A1/SPTLC2/GNB4/IFI44L/SAMD9/SAMD9L/CD163/IFIT3/XRN1/IFI44/C2/DUSP1/SP100/SNX2/SAMD4A/PLEKHA2/AK2/PINK1/RB1/GPNMB/KLF6/MAX/HEG1/GAS6/IFIT2/MARCO/MPP1/ABCC5/UBE2L6/GCH1/CFB/LZTS2/HESX1/IFI16/CD2AP/TLR8/DHX58/MAFB/CCR5/TRIM5/RAD23B/CKMT1B/CALCOCO2/AGPS/ZFP36L2/ARID5B/SLC12A7/TRIM22/FCHO2/MBP/KANK1/FGL2/NAMPT/RBM47/APOL3/BLVRA/SLC26A11/KLF10/C3AR1/TRIM38/RAB42/AP2A2/PPA1/HLA-DMB/SIRT1/GNS/PRICKLE1/VAMP5/SH3PXD2A/ALMS1/STOM/HERC5/CHI3L2/PDGFRL/TGFBI/CREBRF/SETX/MARCHF1/NUP62/ZEB2/QKI/RSAD2/PATL1/WLS/MX2/SORT1/MS4A4A/FCN1/VMP1/CD84/LTA4H/RIPOR1/PCM1/CHN2/CMPK2/SPIRE1/GIMAP5/SETDB2/LIMD1/APOBEC3C/KCNQ1/DBT/ARHGAP45/TENT5A/TMT1A/HERC6"
"CHIANG_LIVER_CANCER_SUBCLASS_PROLIFERATION_UP","CHIANG_LIVER_CANCER_SUBCLASS_PROLIFERATION_UP",171,0.708557766345187,1.91991225406489,3.67578192248456e-09,1.5482393457505e-06,1.19714413349129e-06,1379,"tags=31%, list=8%, signal=29%","CCNB1/TUBA4A/KIF14/TOP2A/TRIP13/FOXM1/CDK1/BUB1B/AURKA/KIF11/KIF20A/CCNB2/CDC20/EZH2/ANLN/CDKN3/MAPK13/PRC1/BIRC5/CDC6/TPX2/KIF23/CDCA7/FMNL2/MKI67/FEN1/CENPE/SLAMF8/BARD1/MAD2L1/RACGAP1/PBK/CCNA2/SLC7A7/HDAC2/AURKB/ATP1A1/MCM2/SMC4/NDC80/CDC7/YBX3/CTBP2/ASPM/CDCA7L/WASF1/CKAP4/NCEH1/DBN1/CCNE1/SOX4/MMP9/CENPF"
"BLUM_RESPONSE_TO_SALIRASIB_DN","BLUM_RESPONSE_TO_SALIRASIB_DN",336,0.626785938868914,1.78370825374916,3.48449043020946e-09,1.5482393457505e-06,1.19714413349129e-06,2142,"tags=35%, list=12%, signal=31%","TUBA1A/KPNA2/LDHA/TOP2A/TRIP13/CDK1/BUB1/HSP90AA1/BUB1B/AURKA/KIF11/KIF20A/CCNB2/DNMT1/CDC20/FOS/RIPK4/EZH2/HNRNPA2B1/HNRNPM/RAD51/MYBL2/CDKN3/SPAG5/PARP1/PRC1/SMC2/ORC1/ENO1/PLK1/CHEK1/CDC6/TPX2/KIF23/TMPO/LTBP3/MTHFD1/TIMELESS/NME4/MKI67/PCNA/FEN1/MYLK/PLK4/EXO1/IRS1/HMMR/MSH2/PDGFRB/RRM2/BARD1/CDC25A/HDAC1/CDC45/MAD2L1/TUBB/PBK/CCNA2/MCM6/AURKB/CCNF/POLA1/MCM2/SMC4/NDC80/CDC7/ESPL1/RBBP7/PLS3/NCAPG/MCM3/SYNCRIP/CCL2/RRM1/TUBG1/F2R/DHCR24/TUBB4B/RGS4/MSH6/CHAF1B/DPYSL3/SDC1/SOX4/MEIS2/NPEPPS/CENPF/KIF15/NR4A2/TNS3/PRDX3/RGS2/CCNE2/SHMT1/VAMP1/TCF4/H2AZ2/POLE/ACLY/POLD1/NPTX1/DDX39A/UBE2E3/FASN/TYMS/SMC1A/STMN1/HNRNPR/PKM/ATP5MC3/TPI1/TACC3/LIG1/KIF20B/JUNB/NASP"
"CROONQUIST_IL6_DEPRIVATION_DN","CROONQUIST_IL6_DEPRIVATION_DN",95,0.78940676441579,2.00993312104971,3.96197894744415e-09,1.56448643687201e-06,1.20970686151897e-06,1139,"tags=45%, list=6%, signal=43%","KPNA2/CCNB1/KIF14/TOP2A/TRIP13/FOXM1/CDK1/BUB1/BUB1B/AURKA/KIF11/CCNB2/CDC20/MYBL2/CDKN3/SPAG5/SMC2/PLK1/CHEK1/CDC6/TPX2/KIFC1/MKI67/PCNA/MCM4/PLK4/CENPE/HMMR/RRM2/CDC25A/CDC45/MAD2L1/CCNA2/AURKB/CCNF/MCM2/SMC4/H2BC11/MCM7/MCM3/GINS1/NCAPH/CKS1B"
"BLANCO_MELO_HUMAN_PARAINFLUENZA_VIRUS_3_INFECTION_A594_CELLS_UP","BLANCO_MELO_HUMAN_PARAINFLUENZA_VIRUS_3_INFECTION_A594_CELLS_UP",196,0.693212180634851,1.89599470907685,4.60630047558504e-09,1.7119180238086e-06,1.32370529456286e-06,2011,"tags=35%, list=11%, signal=31%","HSPA5/EGR1/ATF3/JAK2/DDX60/OASL/BIRC3/TRIM14/DUSP5/PPM1K/STAT1/IFIH1/RIGI/ALDH1L2/NIBAN1/IFIT5/XAF1/MX1/KLF4/USP18/IFIT1/IFI44L/SAMD9/HYOU1/SAMD9L/RASGRP3/IFIT3/EIF2AK2/LAP3/IFI44/CH25H/PNPT1/SP100/CORO2B/KLF6/PPP1R15A/IFIT2/UBE2L6/PHF11/LAMP3/CFB/STAT2/IFI16/IL4I1/WARS1/DHX58/TRIM5/MAP2/CREB5/TRIM22/TGM2/ERAP1/DTX3L/NFE2L3/APOL3/TRIM38/SAMHD1/RGS2/PLSCR1/HERC5/IRF7/ZEB2/RUNX2/CTSS/RSAD2/NT5E/CD68/TNFSF13B"
"FLORIO_NEOCORTEX_BASAL_RADIAL_GLIA_DN","FLORIO_NEOCORTEX_BASAL_RADIAL_GLIA_DN",189,0.688396308402136,1.87606871795975,6.1245111646495e-09,2.14970341879198e-06,1.66221381959873e-06,1489,"tags=34%, list=8%, signal=31%","KPNA2/CCNB1/KIF14/TOP2A/FOXM1/CDK1/BUB1/BUB1B/AURKA/KIF11/KIF20A/CCNB2/CDC20/ANLN/MYBL2/CDKN3/SPAG5/FN1/COL1A2/PRC1/BIRC5/PLK1/TPX2/KIF23/KIFC1/TIMELESS/MKI67/CDCA8/HSD17B11/UBE2T/PLK4/CENPE/EXO1/VCAM1/DUSP10/HMMR/SGO1/MELK/RRM2/CHEK2/CDC45/MAD2L1/BRCA2/RACGAP1/PBK/AURKB/SMC4/NDC80/ESPL1/PARPBP/ASPM/GEM/GINS1/NCAPH/NSUN7/CKS1B/BLM/ARHGAP11A/LRP4/CENPF/KIF15/NUF2/NID1/BRIP1"
"REACTOME_EUKARYOTIC_TRANSLATION_ELONGATION","REACTOME_EUKARYOTIC_TRANSLATION_ELONGATION",93,-0.765401463529423,-2.17577163847669,1.11448352888625e-08,3.70595101868597e-06,2.86555017039396e-06,1141,"tags=63%, list=6%, signal=60%","RPL22L1/RPL10A/RPL37A/RPLP0/RPL41/RPL29/RPS10/RPS21/RPS3/RPL27A/RPL13A/RPL37/RPS29/EEF1B2/RPS17/RPL24/RPL32/RPL15/RPL8/RPS27L/RPL39L/RPL35/RPS3A/RPL39/RPL38/RPL10/RPL36A/RPL27/RPS25/RPL9/RPS23/RPS13/RPL23A/RPS18/RPL5/RPL34/RPL35A/RPS6/RPS20/RPL14/EEF1A2/RPS12/EEF1A1/RPS24/RPL30/RPS7/RPS27/RPS4X/RPL31/RPL7/RPS27A/RPL6/RPL26/RPL17/RPL4/RPL11/RPL23/RPL3L/RPS4Y1"
"BURTON_ADIPOGENESIS_3","BURTON_ADIPOGENESIS_3",100,0.771609605732487,1.98359408645958,1.66281175967367e-08,5.00268795124678e-06,3.86822525145138e-06,1139,"tags=44%, list=6%, signal=41%","KPNA2/CCNB1/CD4/TOP2A/CDK1/BUB1/AURKA/KIF11/KIF20A/CCNB2/DNMT1/CDC20/EZH2/RAD51/PRC1/SMC2/BIRC5/PLK1/CDC6/CDCA7/MKI67/CSTF2/CDCA8/PCNA/FEN1/MCM4/OSMR/RRM2/CDC45/MAD2L1/RACGAP1/HGF/CCNF/GAS6/POLA1/ASF1B/MCM2/CDC7/MCM7/MCM3/WNT4/NCAPH/RRM1/CKS1B"
"SARRIO_EPITHELIAL_MESENCHYMAL_TRANSITION_UP","SARRIO_EPITHELIAL_MESENCHYMAL_TRANSITION_UP",162,0.705383477121196,1.89918229535973,1.58734207419777e-08,5.00268795124678e-06,3.86822525145138e-06,1250,"tags=34%, list=7%, signal=32%","TUBA1A/CCNB1/TOP2A/FOXM1/CDK1/TUBA8/BUB1/BUB1B/KIF11/KIF20A/TUBB3/ANLN/RAD51/PRC1/ENO1/PLK1/CDC6/KIF23/TMPO/CDCA7/RAD51B/MKI67/PCNA/MCM4/UBE2T/PLK4/CENPE/EXO1/HMMR/MSH2/ANKRD1/RRM2/BARD1/CDC45/MAD2L1/TUBB/CCNA2/MCM6/ASF1B/MCM2/STAMBPL1/NDC80/CDC7/ESPL1/MCM7/NUP155/ASPM/IDH2/MCM3/TUBG1/POLD3/CKS1B/TUBB4B/RRS1/BLM"
"GRAHAM_NORMAL_QUIESCENT_VS_NORMAL_DIVIDING_DN","GRAHAM_NORMAL_QUIESCENT_VS_NORMAL_DIVIDING_DN",89,0.78779695784399,1.99005379564939,1.92289225109669e-08,5.06565472347545e-06,3.9169130090551e-06,1548,"tags=44%, list=9%, signal=40%","TOP2A/TRIP13/CDK1/BUB1/BUB1B/KIF11/CCNB2/CDC20/CDKN3/PRC1/SMC2/BIRC5/CHEK1/CDC6/PCNA/FEN1/MCM4/MSH2/MELK/RRM2/CDC25A/CDC45/MAD2L1/RACGAP1/CCNA2/MCM6/MCM2/NDC80/AQP3/NCAPG/GINS1/RRM1/HBB/CKS1B/CCNE1/PPIF/KIF15/CCNE2/MCM10"
"BLANCO_MELO_BRONCHIAL_EPITHELIAL_CELLS_INFLUENZA_A_DEL_NS1_INFECTION_DN","BLANCO_MELO_BRONCHIAL_EPITHELIAL_CELLS_INFLUENZA_A_DEL_NS1_INFECTION_DN",173,0.69441680217532,1.88595872996147,1.92427529856617e-08,5.06565472347545e-06,3.9169130090551e-06,1579,"tags=32%, list=9%, signal=29%","KIF14/TOP2A/FOXM1/BUB1B/AURKA/KIF11/KIF20A/CCNB2/ANLN/RAD51/MYBL2/THBD/CDKN3/RAD54L/SPAG5/PRC1/ORC1/BIRC5/CIT/PLK1/CDC6/CDCA7/KNL1/KIFC1/CDCA8/FEN1/MCM4/UBE2T/PLK4/CENPE/EXO1/WDR76/HMMR/SGO1/RRM2/CDC25A/CDC45/CCNA2/AURKB/ASF1B/MCM2/CDC7/MCM7/NCAPG/NCAPH/NSD2/BLM/WDHD1/CENPF/EME1/CENPO/KIF15/NUF2/MCM10/NEXN"
"NAKAMURA_TUMOR_ZONE_PERIPHERAL_VS_CENTRAL_UP","NAKAMURA_TUMOR_ZONE_PERIPHERAL_VS_CENTRAL_UP",267,0.644536657365829,1.8020887411596,1.81189211664753e-08,5.06565472347545e-06,3.9169130090551e-06,1801,"tags=25%, list=10%, signal=23%","AXL/EFEMP1/RND3/TUBA1A/KPNA2/TUBA4A/TUBA1C/THBS1/PSMD14/LAMA4/TUBA1B/TRIP13/PSMC2/CDK1/HSP90AA1/CCNB2/CAV1/NIBAN1/NME1/PSMD1/FN1/COL1A2/PTPRK/BIRC5/HNRNPAB/PSMB2/TMPO/MRPL19/PSMD2/COL3A1/HMMR/RRM2/RACGAP1/PBK/EIF2S1/CDH11/EZR/PMEPA1/PSMA3/FH/TPM1/PSMD11/LTBP1/PHB1/NCAPG/SYNCRIP/DCTN5/TUBG1/CALD1/TUBB4B/GPATCH4/SOX4/LRP4/F2RL1/PEA15/NCAM1/PSMA4/ITGB5/KRAS/TCF4/VCAN/IDE/HLA-DRB1/INF2/NAA15/CEP55/TGFBI/PSMA6"
"GOLDRATH_ANTIGEN_RESPONSE","GOLDRATH_ANTIGEN_RESPONSE",345,0.613588784802352,1.74546917614116,2.7895147909999e-08,7.04966177981495e-06,5.4510055347497e-06,2094,"tags=33%, list=12%, signal=29%","KPNA2/CCNB1/TOP2A/TRIP13/CDK1/BUB1/AURKA/KIF11/KIF20A/CCNB2/CDC20/EZH2/ANLN/IRF4/RAD51/CDKN3/PRC1/BIRC5/PLK1/CHEK1/CDC6/TMPO/LRRC59/KIFC1/ITSN1/MKI67/CDCA8/PCNA/CAPN2/FEN1/MCM4/UBE2T/PLK4/DUSP1/SP100/S100A4/RRM2/ANXA2/CDC45/MAD2L1/RACGAP1/CCNA2/MYL4/AURKB/CCNF/SQLE/POLA1/CD74/ASF1B/FASLG/IFI30/MAPK6/ATP5IF1/NCF4/YBX3/LAG3/CRMP1/RHOQ/ASPM/GAPDH/MTHFD2/CCR5/MCM3/GEM/ARL5A/NCAPH/SNU13/RRM1/HBB/RBM3/F2R/LITAF/CKS1B/HIP1R/ITGA4/FGL2/PRDX4/ITGAX/CD48/JCHAIN/CISH/SOCS2/MCM10/CD244/ALAS2/CST3/TBL2/TPM4/MYO1F/PLSCR1/CD44/BATF3/H2AZ2/HLA-DRB1/H1-2/IRF8/RAN/NUP62/RUNX2/HLA-DQB1/NPTN/ITM2B/ANXA4/TYMS/DTL/CD68/CCR2/DOCK5/STMN1/TCF19/TPI1/TACC3/LIG1"
"KOBAYASHI_EGFR_SIGNALING_24HR_DN","KOBAYASHI_EGFR_SIGNALING_24HR_DN",250,0.653477654574797,1.82053601916194,3.02340024123781e-08,7.07475656449647e-06,5.47040955929227e-06,1316,"tags=31%, list=7%, signal=29%","AXL/TUBA1A/KPNA2/CCNB1/KIF14/TOP2A/TRIP13/OASL/DUSP5/CDK1/BUB1/BUB1B/AURKA/ENO2/KIF11/CDC20/EZH2/RAD51/MYBL2/CDKN3/NME1/SPAG5/PRC1/SMC2/ORC1/BIRC5/PLK1/CDC6/TPX2/KIF23/TMPO/DUSP6/TIMELESS/MKI67/CDCA8/PCNA/FEN1/MCM4/PLK4/EXO1/HMMR/MSH2/MELK/RRM2/BARD1/CDC25A/CDC45/MAD2L1/RACGAP1/TUBB/PBK/CCNA2/MCM6/ATAD2/AURKB/CCNF/POLA1/ASF1B/MCM2/SMC4/NDC80/ESPL1/MCM7/TCOF1/ASPM/NCAPG/MCM3/GINS1/NCAPH/RRM1/TUBG1/CKS1B/TUBB4B/MSH6/NOC3L/BLM/PPIF/UBE2S"
"IBRAHIM_NRF1_UP","IBRAHIM_NRF1_UP",412,0.59262121364417,1.7048031363374,2.94698487016162e-08,7.07475656449647e-06,5.47040955929227e-06,2330,"tags=29%, list=13%, signal=25%","CUL1/HSPA4/HSPA5/CCT5/HSPA9/DNAJC7/CTTN/YWHAG/HSPD1/DDX21/PRDX1/DDX1/HSPA8/DNAJB11/TUBB3/DNAJA1/PPP2CB/SCARB2/DNAJC10/DDX10/CTSL/PDIA6/YME1L1/GTPBP4/LRRC59/HYOU1/MRPL19/MAP2K1/MAPRE1/PDIA3/HSPH1/PTPN11/ZNF746/ACTR8/HNRNPA1/CSDE1/EIF4H/EIF2B3/TXNDC5/KCNA2/KARS1/PSMC3/TALDO1/CANX/MAPK6/SSB/XRCC6/YARS1/PLS3/STX12/MRPS22/CCT6A/GAPDH/MTHFD2/SYNCRIP/PGRMC1/RAD23B/CTR9/TPST2/TBK1/DLAT/TCP1/IMPDH1/ABHD4/CALU/CUL4A/AFG3L2/SEC61A1/PPIF/NAMPT/UBQLN1/RAB14/USP14/RIOK1/WDR77/PRNP/FXR1/SDCBP/DYNLL2/CERK/PPID/RPN2/PES1/SLC25A24/SCFD1/TTC27/LIMK1/KTN1/SEC13/NUP62/BCCIP/SEL1L3/ATP10D/UBE2D1/STIP1/PLRG1/CCT2/SP140/SF3A3/EIF2S2/RIOK2/RABEP1/HNRNPR/PKM/TMTC3/RRP1/PTPN1/TPM3/RTN4/CCT7/MAP4/MAP7D1/SMU1/MTDH/MBD1/RARS1/IWS1/ABRAXAS2"
"BENPORATH_PROLIFERATION","BENPORATH_PROLIFERATION",146,0.719695796637831,1.91746502246615,3.24821718225293e-08,7.32937005624071e-06,5.66728418903603e-06,1745,"tags=34%, list=10%, signal=31%","KPNA2/TOP2A/CDK1/BUB1/AURKA/CCNB2/EZH2/ANLN/RAD51/MYBL2/CDKN3/RAD54L/SPAG5/PARP1/PRC1/BIRC5/GNB4/GTPBP4/CDCA7/PCNA/GART/UBE2T/CENPE/EXO1/MSH2/RRM2/MAD2L1/RACGAP1/PBK/HDAC2/ATAD2/MARCO/MCM2/NDC80/PSMA3/ASPM/IDH2/NCAPG/MCM3/ARF1/S100A9/CKS1B/GDI2/CHAF1B/NFE2L3/CENPF/NUF2/GARS1/PPIL1/H2AZ2"
"KEGG_RIBOSOME","KEGG_RIBOSOME",87,-0.772631968795035,-2.16465797371032,3.65188951710818e-08,7.93716177343921e-06,6.13724659544683e-06,1141,"tags=64%, list=6%, signal=61%","RPL22L1/RPL10A/RPL37A/RPLP0/RPL41/RPL29/RPS10/RPS21/RPS3/RPL27A/RPL13A/RPL37/RPS29/RSL24D1/RPS17/RPL24/RPL32/RPL15/RPL8/RPS27L/RPL35/RPS3A/RPL39/RPL38/RPL10/RPL36A/RPL27/RPS25/RPL9/RPS23/RPS13/RPL23A/RPS18/RPL5/RPL34/RPL35A/RPS6/RPS20/RPL14/RPS12/RPS24/RPL30/RPS7/RPS27/RPS4X/RPL31/RPL7/RPS27A/RPL6/RPL26/RPL17/RPL4/RPL11/RPL23/RPL3L/RPS4Y1"
"WHITEFORD_PEDIATRIC_CANCER_MARKERS","WHITEFORD_PEDIATRIC_CANCER_MARKERS",115,0.74858212262398,1.94913903237902,4.18249789786144e-08,7.93716177343921e-06,6.13724659544683e-06,1379,"tags=43%, list=8%, signal=40%","TUBA1A/KPNA2/CCNB1/KIF14/TOP2A/EIF4A1/CDK1/BUB1/AURKA/KIF11/CCNB2/DNMT1/MYBL2/NME1/PRC1/BIRC5/ENO1/TPX2/TMPO/CDCA7/MKI67/CDCA8/PCNA/MCM4/UBE2T/CDK6/PLK4/CENPE/MELK/RRM2/CDC25A/CDC45/MAD2L1/PBK/CCNA2/ATAD2/TWIST1/RCC2/ASF1B/SMC4/CDK4/ESPL1/MCM7/GPX7/GAPDH/NCAPH/CKS1B/NSD2/SOX4/CENPF"
"ZHOU_CELL_CYCLE_GENES_IN_IR_RESPONSE_24HR","ZHOU_CELL_CYCLE_GENES_IN_IR_RESPONSE_24HR",125,0.727981747872929,1.90789665461784,4.27134378437691e-08,7.93716177343921e-06,6.13724659544683e-06,976,"tags=31%, list=6%, signal=30%","KPNA2/CCNB1/TOP2A/TRIP13/CDK1/BUB1/KIF11/KIF20A/CCNB2/CDC20/RBBP8/EZH2/ANLN/MYBL2/CDKN3/RAD54L/SPAG5/PRC1/SMC2/BIRC5/KIF23/KIFC1/TIMELESS/CDCA8/PCNA/UBE2T/EXO1/HMMR/MELK/MAD2L1/RACGAP1/CCNA2/EIF2S1/MCM2/F10/MCM7/PARPBP/ASPM/MCM3"
"ROSTY_CERVICAL_CANCER_PROLIFERATION_CLUSTER","ROSTY_CERVICAL_CANCER_PROLIFERATION_CLUSTER",139,0.716950039038808,1.89807442640956,3.78913335912363e-08,7.93716177343921e-06,6.13724659544683e-06,1071,"tags=39%, list=6%, signal=37%","KPNA2/CCNB1/KIF14/TOP2A/TRIP13/FOXM1/CDK1/BUB1/BUB1B/AURKA/KIF11/KIF20A/CCNB2/CDC20/EZH2/MYBL2/SPAG5/MAPK13/PRC1/SMC2/BIRC5/PLK1/CHEK1/CDC6/TPX2/KIF23/TMPO/KIFC1/MKI67/CDCA8/PCNA/FEN1/MCM4/CENPE/MRPS15/HMMR/MELK/RRM2/MAD2L1/RACGAP1/PBK/CCNA2/ATAD2/AURKB/CCNF/ASF1B/MCM2/SMC4/NDC80/ESPL1/ASPM/NCAPG/GINS1/NCAPH"
"LINDGREN_BLADDER_CANCER_CLUSTER_3_UP","LINDGREN_BLADDER_CANCER_CLUSTER_3_UP",320,0.620998555115017,1.7609085729787,3.91258135392705e-08,7.93716177343921e-06,6.13724659544683e-06,2142,"tags=30%, list=12%, signal=27%","KPNA2/CCNB1/KIF14/TOP2A/TRIP13/HSPD1/PRDX1/CDK1/BUB1/AURKA/KIF11/CCNB2/EZH2/RAD51/MYBL2/RAD54L/PLAAT3/PRC1/ORC1/BIRC5/PLK1/CDC6/KIF23/TMPO/KIFC1/MAPRE1/CSTF2/CDCA8/PCNA/MCM4/PLK4/CENPE/TARS1/EXO1/RAF1/RBBP4/MSH2/GNB3/AK2/MELK/RRM2/ARRB2/CDC25A/CDC45/MAD2L1/RACGAP1/MCM6/ATAD2/ACOX1/PRPS2/CDC7/NDUFA9/PSMD11/RBBP7/YARS1/IDH2/MTHFD2/PPM1D/INSIG1/RTN3/PSMC4/CKS1B/NCEH1/IMPA2/ITPR1/CHAF1B/CCNE1/SAE1/WDHD1/USP14/ACADM/CENPF/PRDX4/DAB2/SHMT1/RGS16/ALAS2/MNS1/TESK2/H2AZ2/CEP55/BCL2L1/OSBP/H1-2/PAK1IP1/UBA2/ANXA4/TYMS/RPN1/STMN1/TCF19/TACC3/LIG1/RRP1/NASP"
"YANG_BCL3_TARGETS_UP","YANG_BCL3_TARGETS_UP",324,0.614177029571638,1.74373867892964,4.08980825043138e-08,7.93716177343921e-06,6.13724659544683e-06,2121,"tags=27%, list=12%, signal=24%","CCNB1/TOP2A/TBL1X/OASL/FOXM1/CDK1/BUB1/AURKA/MYL9/KIF20A/CCNB2/CDC20/TGFBR2/RIGI/MERTK/THBD/MX1/PRC1/UQCRC2/GNB4/TXNDC11/TNF/MKI67/IFIT3/EIF2AK2/UBE2T/PLK4/CH25H/PDK4/RASD2/ACSL3/RRM2/RACGAP1/PBK/CCNA2/IFI35/AURKB/EPB41L3/IFIT2/UBE2L6/GCH1/ENO3/ESPL1/PARPBP/STAT2/GPX7/ASCC3/SCD/DHX58/HADHA/TRIM5/CKMT1B/NR4A1/CCL2/MOV10/AGPAT4/DNAJB2/ANK1/SDC1/ARHGAP11A/FGL2/DTX3L/RBM47/PERM1/ACADM/CEP128/TNIK/CCNE2/NDUFV2/TCEAL5/TGFBI/OSBP/IRF7/EPHA3/ITGA8/RAPGEF5/PPRC1/FASN/RSAD2/ACADVL/SEPTIN4/CD68/ANGPTL4/RASGRP1/LIPE/TACC3/ABCA1/KIF20B"
"BLANCO_MELO_COVID19_SARS_COV_2_INFECTION_CALU3_CELLS_UP","BLANCO_MELO_COVID19_SARS_COV_2_INFECTION_CALU3_CELLS_UP",313,0.619358294819801,1.75040133254933,4.55621417145095e-08,8.22461746720774e-06,6.35951578036206e-06,2049,"tags=27%, list=12%, signal=24%","EGR1/ATF3/ISG15/THBS1/DDX60/OASL/BIRC3/KMO/PPM1K/STAT1/IRS2/IFIH1/RNF213/RIGI/EGR2/ALDH1L2/IFIT5/XAF1/MX1/KLF4/USP18/IFIT1/IFI44L/SAMD9/TNF/SAMD9L/RASGRP3/SCN3A/IFIT3/EIF2AK2/XRN1/IFI44/CH25H/VCAM1/PNPT1/KIT/DUSP1/SP100/ANKRD1/IFI35/KLF6/PPP1R15A/NPR1/IFIT2/UBE2L6/PHF11/LAMP3/UBQLNL/IRAK2/STAT2/IFI16/DHX58/HDAC9/TRIM5/AMOTL2/CREB5/CCL2/LGALS9/NAV2/TRIM22/GBX2/ADRB2/BCL2L14/ZBTB20/DTX3L/FLT3LG/APOL3/KLF10/SAMHD1/NFKBIA/ZBTB10/RTL9/PTAFR/HERC5/LRP2/CLEC4E/IRF7/ZEB2/RUNX2/TLR6/RSAD2/TNFSF13B/BACH2/RASGRP1"
"WHITFIELD_CELL_CYCLE_LITERATURE","WHITFIELD_CELL_CYCLE_LITERATURE",44,0.867669252322734,1.96636190555308,4.84635463520542e-08,8.27547799600752e-06,6.39884263498957e-06,1530,"tags=70%, list=9%, signal=65%","CCNB1/TOP2A/CDK1/BUB1/BUB1B/AURKA/KIF20A/CCNB2/CDC20/CDKN3/BIRC5/PLK1/CDC6/PCNA/CCNG2/MSH2/RRM2/CDC25A/CDC45/BRCA2/RACGAP1/CCNA2/MCM6/CCNF/MCM2/CDKN2D/RRM1/E2F5/CCNE1/CENPF/CCNE2"
"THUM_SYSTOLIC_HEART_FAILURE_UP","THUM_SYSTOLIC_HEART_FAILURE_UP",399,0.585814275159709,1.68652829113898,4.80359774593012e-08,8.27547799600752e-06,6.39884263498957e-06,2083,"tags=27%, list=12%, signal=24%","HSPA4/HSP90B1/TLR7/YWHAE/THBS1/JAK2/RHOA/OASL/STAT1/MSR1/C1QA/TGFBR2/C1QB/HSP90AB1/SCARB2/UEVLD/PDIA6/ENO1/ACTG1/HSD17B11/PTPN11/LAP3/HLA-DRA/SHC1/LTBP2/VCAM1/ACTB/RBBP4/CCNG2/VPS35/BRCC3/CAT/UCHL1/PTK2/OMD/DNAJB4/MAX/PDK1/NCBP2/EPHA7/EZR/CD74/ACTR2/PRMT2/VAMP3/FH/LILRB1/CFB/MAP3K7CL/RAC2/AGO4/MRPL44/SNAP23/PGRMC1/ADA2/PDLIM7/MAPK1IP1L/ARF1/VAMP8/S100A9/RRM1/ZFP36L2/CALU/FPR3/TGM2/RGS4/GDI2/MFGE8/ERAP1/SEC61A1/PKP2/NAMPT/SLC9A9/CXCL12/C3AR1/UTRN/CAPRIN1/PRNP/MR1/C1QC/SOCS2/NOX4/CXCR4/SLC11A1/HLA-DPA1/BSG/VCAN/GTDC1/APBB2/HLA-DRB1/RICTOR/CREBRF/GPX8/IRF8/CTSS/EPHA3/HLA-DQB1/ANXA4/BMAL1/CCT2/NT5E/RABEP1/CX3CR1/TPP1/CDH19/MFAP4"
"REACTOME_NONSENSE_MEDIATED_DECAY_NMD","REACTOME_NONSENSE_MEDIATED_DECAY_NMD",113,-0.733882008188237,-2.14184054350681,6.24661075284049e-08,1.03858122990648e-05,8.03061509804231e-06,1141,"tags=53%, list=6%, signal=50%","RPL22L1/RPL10A/RPL37A/PABPC1/RPLP0/RPL41/RPL29/RPS10/RPS21/RPS3/RPL27A/RPL13A/RPL37/RPS29/RPS17/RPL24/RPL32/RPL15/RPL8/RPS27L/RPL39L/RPL35/RPS3A/RPL39/EIF4A3/PPP2CA/GSPT1/RPL38/RPL10/RPL36A/RPL27/RPS25/RPL9/RPS23/RPS13/RPL23A/RPS18/RPL5/RPL34/RPL35A/RPS6/RPS20/RPL14/RPS12/RPS24/RPL30/RPS7/RPS27/RPS4X/RPL31/RPL7/RPS27A/RPL6/RPL26/RPL17/RPL4/RPL11/RPL23/RPL3L/RPS4Y1"
"REACTOME_DISEASES_OF_SIGNAL_TRANSDUCTION_BY_GROWTH_FACTOR_RECEPTORS_AND_SECOND_MESSENGERS","REACTOME_DISEASES_OF_SIGNAL_TRANSDUCTION_BY_GROWTH_FACTOR_RECEPTORS_AND_SECOND_MESSENGERS",450,0.575790671702502,1.6625552437138,6.57535753043462e-08,1.06520791993041e-05,8.23650048549179e-06,1806,"tags=31%, list=10%, signal=28%","CUL1/EGFR/RANBP2/SRC/CCNB1/MAPK3/MYC/NRAS/UBA52/JAK2/AKT1/MAPK1/CAMK2G/PSMD14/TBL1X/PSMC2/STAT1/FOXM1/GSK3B/IRS2/HSP90AA1/DNMT1/TGFBR2/GOLGB1/VCP/RNF213/PPP2CB/YWHAB/IRF4/NOTCH1/PTEN/HDAC7/PSMD1/FN1/BIRC6/PSMB2/GSK3A/LCK/ACTG1/ESR1/TP53/MRAS/DUSP6/MAP2K1/PSMA5/PSMD2/PTPN11/BCL11A/SHC1/TYK2/FOXO3/HDAC4/RAF1/KIT/ACTB/DUSP10/IRS1/HDAC5/PSMC5/MIB2/PSMB7/FOXO4/PDGFRB/PPP1CC/RB1/CAMK2A/ARRB2/HDAC1/KAT2A/HGF/RRBP1/HRAS/PSMC3/PSMD7/HDAC2/DLL1/NCBP2/FKBP1A/TWIST1/CAMK2D/FOXO1/CNTRL/PSMA3/NCBP1/PSMD11/ITGB3/SOS1/CSK/CTBP2/ZAP70/PHB1/TCF7L2/NCOR1/PLCG1/RAC2/HDAC9/AGO4/AKT2/MTOR/NR4A1/MOV10/STAT5B/PSMC4/BRAF/CSNK1A1/MAP2K2/SEC31A/RAC1/POLR2E/KANK1/UBB/BIN2/FLT3LG/HEY1/TNKS2/MAPKAP1/PRKAR1A/MYO18A/PIK3R1/FXR1/CASP9/NOX4/PSMA4/HDAC8/ITGA2B/KRAS/TPM4/PPP2R1B/TNKS/SMAD4/FGF10/STRN/RPS6KB2/FOXO6/RICTOR/PSMA6/KLC1/BCL2L1/EGF"
"REACTOME_RRNA_PROCESSING","REACTOME_RRNA_PROCESSING",204,-0.611791600964375,-1.912543791602,7.83398751876888e-08,1.23737832858954e-05,9.5677726512122e-06,1566,"tags=37%, list=9%, signal=34%","RPL12/RPS19/MTERF3/RPL22/NSUN4/RPS8/RPUSD4/RPL28/BUD23/UTP6/RPL22L1/RPL10A/RPL37A/MTERF4/EXOSC6/RPLP0/RPL41/RPL29/RPS10/RPS21/EXOSC8/RPS3/RPL27A/RPL13A/RPL37/XRN2/RPS29/RPS17/TFB1M/SENP3/RPL24/RPL32/RPL15/RPL8/RPS27L/RPL39L/RPL35/FBL/RPS3A/RBM28/RPL39/IMP3/RPL38/RPL10/RPL36A/RPL27/RPS25/RPL9/RPS23/RPS13/RPL23A/RPS18/RPL5/RPL34/RPL35A/RPS6/RPS20/RPL14/RPS12/RPS24/RPL30/RPP38/RPS7/RPS27/RPS4X/RPL31/RPL7/RPS27A/RPL6/RPL26/RPL17/RPL4/RPL11/RPL23/RPL3L/RPS4Y1"
"REACTOME_SELENOAMINO_ACID_METABOLISM","REACTOME_SELENOAMINO_ACID_METABOLISM",116,-0.715435583988589,-2.09745911220698,9.91155689196146e-08,1.52734674252226e-05,1.18098935906529e-05,1141,"tags=51%, list=6%, signal=48%","RPL22L1/RPL10A/RPL37A/RPLP0/EEF1E1/RPL41/RPL29/RPS10/RPS21/RPS3/RPL27A/RPL13A/RPL37/RPS29/RPS17/RPL24/RPL32/RPL15/MARS1/RPL8/RPS27L/RPL39L/RPL35/RPS3A/CTH/RPL39/RPL38/RPL10/RPL36A/RPL27/RPS25/RPL9/RPS23/RPS13/RPL23A/RPS18/RPL5/RPL34/RPL35A/RPS6/RPS20/RPL14/RPS12/RPS24/RPL30/RPS7/RPS27/RPS4X/RPL31/RPL7/RPS27A/RPL6/RPL26/RPL17/RPL4/RPL11/RPL23/RPL3L/RPS4Y1"
"REACTOME_MITOTIC_G1_PHASE_AND_G1_S_TRANSITION","REACTOME_MITOTIC_G1_PHASE_AND_G1_S_TRANSITION",138,0.712727252921671,1.88532790278637,1.2281054336175e-07,1.76344775672622e-05,1.36354959746862e-05,1278,"tags=38%, list=7%, signal=35%","CUL1/SRC/CCNB1/MYC/UBA52/JAK2/AKT1/PSMD14/TOP2A/PSMC2/CDK1/PPP2CB/MYBL2/PSMD1/ORC1/PSMB2/CDC6/PSMA5/PCNA/MCM4/PSMD2/CDK6/RBBP4/PSMC5/PSMB7/RB1/RRM2/CDC25A/HDAC1/CDC45/CCNA2/MCM6/MAX/PSMC3/PSMD7/POLA1/MCM2/CDC7/PSMA3/CDK4/ABL1/PSMD11/MCM7/CDKN2D/MCM3/AKT2/CDKN1C/PSMC4/E2F5/CKS1B/CCNE1/UBB"
"ALCALAY_AML_BY_NPM1_LOCALIZATION_DN","ALCALAY_AML_BY_NPM1_LOCALIZATION_DN",183,0.673067190222896,1.83823726601255,1.1860146843457e-07,1.76344775672622e-05,1.36354959746862e-05,1999,"tags=33%, list=11%, signal=29%","CCNB1/DDX60/FOXM1/CCNB2/CDC20/CDKN3/IL1R2/BIRC5/CHEK1/CDC6/TPX2/KIF23/KIFC1/MTHFD1/MKI67/MCM4/HLA-DRA/EXO1/TRIB2/HMMR/HNRNPA3/RRM2/MAD2L1/CCNA2/HGF/ABCG2/CCNF/MCM2/GPX7/IDH2/HDAC9/RAD23B/GNB5/NCAPH/WASF1/TUBG1/RBM3/CKS1B/ANK1/SORL1/PAK6/ACAT1/EPS8/KCNIP2/CD48/TESC/MLLT3/XPA/MCM10/HLA-DPA1/SPARC/STOM/PBX2/HPCAL1/HLA-DRB1/POLE/POLD1/TYMS/RSAD2/CORO2A"
"ZHENG_GLIOBLASTOMA_PLASTICITY_UP","ZHENG_GLIOBLASTOMA_PLASTICITY_UP",247,0.639332779943606,1.7795096032876,1.20057880998781e-07,1.76344775672622e-05,1.36354959746862e-05,1240,"tags=24%, list=7%, signal=23%","EPHB2/RND3/CCNB1/TUBA4A/TOP2A/BUB1/AURKA/CCNB2/CDC20/TUBB3/NES/ANLN/RAD51/RAD54L/SPAG5/PRC1/SMC2/BIRC5/CIT/PLK1/TPX2/KIF23/TAGLN3/DUSP6/CDCA8/OTX2/VAT1L/FEN1/MCM4/UBE2T/PLK4/EXO1/TRIB2/ACSL3/MELK/RRM2/CDC45/MAD2L1/RACGAP1/MCM6/AURKB/CCNF/POLA1/CAMK2D/MCM2/NDC80/CLU/ASPM/MTHFD2/MCM3/MAPK1IP1L/CPPED1/MYO1B/RRM1/CKS1B/MBP/WNT7A/MFGE8/COL4A6"
"WANG_RESPONSE_TO_GSK3_INHIBITOR_SB216763_DN","WANG_RESPONSE_TO_GSK3_INHIBITOR_SB216763_DN",351,0.595761461557524,1.70076008897516,1.43304256364834e-07,2.01199175936226e-05,1.55573111997472e-05,2221,"tags=28%, list=13%, signal=25%","HSPA4L/EGR1/TUBA4A/MYC/TRIP13/BUB1/HSP90AA1/BUB1B/ALDH1A3/FOS/TICRR/DNAJA1/RAD51/MYBL2/RAD54L/SMC2/HNRNPAB/CD180/CYP51A1/CDC6/GNB4/KIF23/KNL1/RUVBL1/DUSP6/TNF/HSPH1/FEN1/MCM4/GART/UBE2T/PLK4/EXO1/MSH2/HSPA1A/WT1/ACSL3/MELK/RRM2/CDC25A/CDC45/MAD2L1/PBK/CCNA2/MCM6/PDK1/ATAD2/EZR/SQLE/POLA1/ASF1B/MCM2/CCPG1/APBB1/MCM7/SCD/RRP7A/NCAPG/MCM3/GINS1/INSIG1/CKS1B/DBN1/DHCR24/RASGRP2/MSH6/ITGA4/BLM/CHAF1B/CCNE1/CTDSPL/TFAM/NUF2/BRIP1/CCNE2/MCM10/ITGB5/BYSL/NHP2/PNO1/CCM2/HMGCS1/SEL1L3/FASN/TYMS/DTL/LDLR/CCR2/STMN1/TCF19/ESCO2/NASP/ITGA5/ARRB1/TIPIN/TFRC/CD151"
"REACTOME_SIGNALING_BY_INTERLEUKINS","REACTOME_SIGNALING_BY_INTERLEUKINS",436,0.572218639028232,1.64941068412871,1.48859591375423e-07,2.04455412676071e-05,1.58090929879483e-05,1481,"tags=24%, list=8%, signal=23%","CUL1/SOX2/HSP90B1/MAPK3/MYC/HSPA9/UBA52/JAK2/AKT1/MAPK1/CD4/PSMD14/HAVCR2/PSMC2/STAT1/IRS2/HSP90AA1/HSPA8/CDC42/BCL6/FOS/PPP2CB/HNRNPA2B1/IRF4/CSF3R/PSMD1/FN1/IL1R2/COL1A2/MEF2C/S100A12/RIPK2/BIRC5/PSMB2/USP18/LCK/TP53/DUSP6/MAP2K1/PSMA5/TNF/CASP8/PSMD2/PTPN11/SHC1/TYK2/FOXO3/OSMR/VCAM1/CSF1R/RHOU/CNN2/IRS1/PSMC5/SMARCA4/PSMB7/ANXA2/HGF/VIM/PSMC3/PSMD7/TALDO1/TWIST1/FOXO1/CANX/FASLG/PSMA3/PSMD11/SOS1/IRAK2/STAT2/NFKB2/HNRNPF/BCL2/IFNLR1/CCR5/CCL2/TBK1/ARF1/TAB1/TCP1/LGALS9/STAT5B/PSMC4/P4HB/VAMP2/PTPN13/AGER/STX3/TNFRSF1A/SDC1/UBB/IKBIP/PTPN2/HCK/MMP9/USP14/DUSP3/SYK/ITGAX/PIK3R1/CISH/SOCS2/PRKACA/PSMA4"
"BASAKI_YBX1_TARGETS_UP","BASAKI_YBX1_TARGETS_UP",279,0.624245139322526,1.75269829635032,1.53919429292778e-07,2.06907011547185e-05,1.59986578129402e-05,1948,"tags=30%, list=11%, signal=27%","AXL/RND3/TUBA1A/KPNA2/CCNB1/TUBA4A/THBS1/TRIP13/CDK1/BUB1/BUB1B/AURKA/KIF20A/CCNB2/CDC20/CAV1/ANLN/RAD51/CDKN3/PRC1/SMC2/BIRC5/PLK1/CHEK1/CDC6/TPX2/KIF23/MTHFD1/RRAS/MKI67/CDCA8/FEN1/MCM4/PSMD2/GART/NUP93/OSMR/PINK1/MELK/CREM/CAD/MAD2L1/PBK/CCNA2/RHOD/AURKB/ASF1B/MCM2/DDB2/PMEPA1/NDC80/ESPL1/MCM7/ASPM/MCM3/GINS1/PDLIM7/TUBB4B/ADRB2/ZNF185/RRS1/FLNB/NSD2/DPYSL3/SAE1/WDHD1/ACTR1A/WDR77/CENPO/DNAJC9/NUF2/MCM10/TPM4/NFKBIA/H2AZ2/CCM2/CEP55/KLC1/SCO1/DDX39A/DDX11/TYMS/DTL"
"REACTOME_SRP_DEPENDENT_COTRANSLATIONAL_PROTEIN_TARGETING_TO_MEMBRANE","REACTOME_SRP_DEPENDENT_COTRANSLATIONAL_PROTEIN_TARGETING_TO_MEMBRANE",112,-0.727705496649032,-2.12743674466267,1.69091277042503e-07,2.22566393407194e-05,1.72094872095231e-05,1141,"tags=52%, list=6%, signal=49%","RPL22L1/RPL10A/RPL37A/RPLP0/RPL41/RPL29/RPS10/RPS21/RPS3/RPL27A/RPL13A/SEC61B/RPL37/RPS29/RPS17/RPL24/RPL32/RPL15/RPL8/RPS27L/RPL39L/RPL35/RPS3A/RPL39/SRP14/RPL38/RPL10/RPL36A/RPL27/RPS25/RPL9/RPS23/RPS13/RPL23A/RPS18/RPL5/RPL34/RPL35A/RPS6/RPS20/RPL14/RPS12/RPS24/RPL30/RPS7/RPS27/RPS4X/RPL31/RPL7/RPS27A/RPL6/RPL26/RPL17/RPL4/RPL11/RPL23/RPL3L/RPS4Y1"
"REACTOME_MITOTIC_G2_G2_M_PHASES","REACTOME_MITOTIC_G2_G2_M_PHASES",190,0.669316218076331,1.82504312372007,1.81789342260494e-07,2.34396951918736e-05,1.81242607396553e-05,1481,"tags=36%, list=8%, signal=33%","CUL1/TUBB1/TUBA1A/YWHAE/CCNB1/TUBA4A/TUBA1C/PCNT/UBA52/PSMD14/TUBA1B/YWHAG/PSMC2/FOXM1/CDK1/TUBA8/HSP90AA1/AURKA/CCNB2/TUBB3/TICRR/PPP2CB/HSP90AB1/MYBL2/PSMD1/TUBB2B/PSMB2/PLK1/TPX2/TP53/PRKAR2B/XPO1/PSMA5/MAPRE1/CDK11A/PSMD2/FZR1/PLK4/CKAP5/RBBP4/HMMR/NME7/PSMC5/PSMB7/SGO1/CDC25A/TUBB/CCNA2/PSMC3/PSMD7/PPP1R12B/DYNC1I2/CNTRL/PSMA3/PSMD11/TUBGCP2/CEP250/TUBG1/PSMC4/TUBB4B/UBB/CSNK1D/ACTR1A/CENPF/TUBA3C/CSNK1E/PRKACA/PSMA4"
"HORIUCHI_WTAP_TARGETS_DN","HORIUCHI_WTAP_TARGETS_DN",307,0.612769231818282,1.73030277936119,2.07014435102208e-07,2.61583440195151e-05,2.02263998591442e-05,2047,"tags=28%, list=12%, signal=25%","CCNB1/LDHA/KIF14/TOP2A/TRIP13/FOXM1/CDK1/TMEM123/BUB1/HSP90AA1/BUB1B/AURKA/KIF11/KIF20A/CCNB2/WDFY1/CDC20/H3-3A/ANLN/MYBL2/CDKN3/DNAJC10/SPAG5/PRC1/BIRC5/PLK1/TPX2/KIF23/TMPO/KNL1/MKI67/CDCA8/PPM1A/CNN2/HMMR/HNRNPA3/CAT/MELK/RRM2/MAD2L1/RACGAP1/PBK/CCNA2/AURKB/SQLE/POLA1/ASF1B/CANX/PEG10/NDC80/ARL5B/ESPL1/MCM7/CSK/PHB1/ASPM/NCAPG/USP28/CDC27/DLAT/RRM1/CKS1B/RGS4/UBE2S/FDPS/NUF2/CXCR4/SHMT1/GSR/NLN/BNIP2/BMAL2/CD44/H2AZ2/NAA15/CEP55/POLD1/DDX11/PBRM1/LAMP2/FASN/TYMS/MTPN/TPP1/RNF11"
"REACTOME_CELLULAR_RESPONSE_TO_STARVATION","REACTOME_CELLULAR_RESPONSE_TO_STARVATION",155,-0.658530235534987,-2.00326650001569,2.22669024021594e-07,2.75847626229104e-05,2.13293486168053e-05,1141,"tags=37%, list=6%, signal=35%","RPL22L1/RPL10A/RPL37A/RPLP0/RPL41/RPL29/RPS10/RPS21/RPS3/RPL27A/RPL13A/EIF2S3/RPL37/RPS29/TRIB3/RPS17/RPL24/RPL32/RPL15/RPL8/RPS27L/RPL39L/RPL35/RPS3A/RPL39/RPL38/RPL10/RPL36A/RPL27/RPS25/RPL9/RPS23/RPS13/RPL23A/RPS18/RPL5/RPL34/RPL35A/RPS6/RPS20/RPL14/RPS12/RPS24/RPL30/RPS7/RPS27/RPS4X/RPL31/RPL7/RPS27A/RPL6/RPL26/RPL17/RPL4/RPL11/RPL23/RPL3L/RPS4Y1"
"SENGUPTA_NASOPHARYNGEAL_CARCINOMA_UP","SENGUPTA_NASOPHARYNGEAL_CARCINOMA_UP",298,0.61349548509019,1.72823193399007,2.28458681263017e-07,2.77577297734566e-05,2.14630918976045e-05,2062,"tags=32%, list=12%, signal=29%","HAVCR2/DDX60/TOP2A/STAT1/CDK1/BUB1B/QDPR/KIF11/RBBP8/IFIH1/EZH2/ANLN/HNRNPA2B1/XAF1/VRK2/FN1/COL1A2/PRC1/CHEK1/KIF23/TMPO/CDCA7/KNL1/XPO1/FMNL2/PCNA/MCM4/GART/COL3A1/POSTN/CENPE/CASK/KCNMA1/SULF1/MELK/RRM2/MAD2L1/ANKRD22/RACGAP1/PBK/CCNA2/IDH1/ATAD2/CDH11/CCNF/COL8A1/SMC4/NDC80/CDC7/CCT6A/PARPBP/ASCC3/NCAPG/GINS1/CCL2/CKAP4/RRM1/CALD1/CHI3L1/ERAP1/RIF1/SOX4/IKBIP/NFE2L3/WDHD1/CENPF/VANGL2/CAPRIN1/DNAJC9/PRNP/KIF15/SOCS2/PGAP1/NUF2/NID1/BRIP1/CCNE2/DPYSL2/TIGAR/SPARC/TFEC/NFKBIA/GZMH/VCAN/CEP55/MPHOSPH9/RAN/TYMS/DTL/GJA1/SMC1A/G3BP1/PATL1/MANEA/ESCO2"
"WONG_EMBRYONIC_STEM_CELL_CORE","WONG_EMBRYONIC_STEM_CELL_CORE",335,0.595640171123286,1.69440966796124,2.39695630509749e-07,2.85735281803886e-05,2.20938911856156e-05,1612,"tags=32%, list=9%, signal=29%","SOX2/KPNA2/CCT5/MYC/HSPA9/PSMD14/TOP2A/TRIP13/EIF4A1/PRDX1/CDK1/BUB1/BUB1B/AURKA/KIF11/KIF20A/CCNB2/DNMT1/CDC20/MYBL2/CDKN3/PDIA4/DDX18/SPAG5/PARP1/MAPK13/SMC2/ORC1/BIRC5/ENO1/HNRNPAB/PLK1/CHEK1/CDC6/KIF23/TP53/CDCA7/RUVBL1/XPO1/PSMA5/NME4/CDCA8/PCNA/OTX2/MCM4/GART/PLK4/EXO1/HNRNPA1/NCL/MSH2/RRM2/CHEK2/HDAC1/MAD2L1/RACGAP1/CDC34/CCNA2/PPM1G/NCBP2/AURKB/CCNF/SQLE/PRMT1/RCC2/MCM2/SMC4/NDC80/CDC7/CDK4/FH/PPP4C/SSB/NDUFA9/MCM7/MRPS18B/RPS16/TCOF1/PHB1/MTHFD2/NME2/MCM3/EEF2/RAD23B/AMOTL2/EIF3A/DLAT/NCAPH/CDKN1C/RRM1/CKS1B/MRPL16/BLM/RPS5/WDHD1/FDPS/WDR77/STOML2/RUVBL2/ACAD8/SDHC/UTP18/ALDH7A1/NLN/KRAS/GARS1"
"WP_EBOLA_VIRUS_INFECTION_IN_HOST","WP_EBOLA_VIRUS_INFECTION_IN_HOST",127,0.718401895341928,1.88144284922169,2.5210682079562e-07,2.94964980330875e-05,2.28075585830891e-05,1595,"tags=35%, list=9%, signal=32%","EGFR/IGF1R/AXL/MAPK3/AKT1/MAPK1/RHOA/HAVCR2/STAT1/CDC42/RIGI/CAV1/MERTK/CTSL/HLA-DRB5/ACTG1/CTSB/EIF2AK2/HLA-DRA/REL/ICAM3/ACTB/HLA-DOB/KPNA1/TIAM1/ACTN1/EIF2S1/GAS6/CD209/ITGB3/NFKB2/HLA-DPB1/GSN/TBK1/RAC1/MFGE8/ITGA4/FLNB/IRF3/PIK3R1/HLA-DMB/EPS15/HLA-DPA1/CLEC10A"
"REACTOME_EUKARYOTIC_TRANSLATION_INITIATION","REACTOME_EUKARYOTIC_TRANSLATION_INITIATION",119,-0.695630254891952,-2.04116355274276,3.02567517423179e-07,3.4756755910539e-05,2.68749444662388e-05,1143,"tags=53%, list=6%, signal=50%","EIF2B2/RPL22L1/RPL10A/RPL37A/PABPC1/RPLP0/RPL41/RPL29/RPS10/RPS21/EIF2B1/RPS3/RPL27A/EIF3F/RPL13A/EIF2S3/RPL37/RPS29/RPS17/EIF4E/RPL24/RPL32/RPL15/RPL8/RPS27L/RPL39L/RPL35/RPS3A/RPL39/RPL38/RPL10/RPL36A/RPL27/RPS25/RPL9/RPS23/RPS13/RPL23A/RPS18/RPL5/RPL34/RPL35A/RPS6/RPS20/RPL14/EIF4B/RPS12/RPS24/RPL30/RPS7/RPS27/RPS4X/RPL31/RPL7/RPS27A/RPL6/RPL26/RPL17/RPL4/RPL11/RPL23/RPL3L/RPS4Y1"
"ZHAN_MULTIPLE_MYELOMA_PR_UP","ZHAN_MULTIPLE_MYELOMA_PR_UP",45,0.856808905908544,1.95454587756342,3.39369238138418e-07,3.63907127138629e-05,2.81383678554236e-05,574,"tags=38%, list=3%, signal=37%","KPNA2/CCNB1/KIF14/TOP2A/TRIP13/FOXM1/CDK1/BUB1B/AURKA/CCNB2/EZH2/PRC1/BIRC5/TPX2/UBE2T/RRM2/RACGAP1"
"ISHIDA_E2F_TARGETS","ISHIDA_E2F_TARGETS",52,0.830584520062467,1.93840538460696,3.45590813996799e-07,3.63907127138629e-05,2.81383678554236e-05,1254,"tags=58%, list=7%, signal=54%","KPNA2/CCNB1/TOP2A/TRIP13/CDK1/BUB1/CCNB2/CDC20/EZH2/ANLN/RAD51/PRC1/SMC2/CDCA7/KIFC1/MKI67/PCNA/FEN1/UBE2T/SGO1/RB1/RRM2/CCNA2/AURKB/ASF1B/MCM7/MCM3/NCAPH/RRM1/CCNE1"
"JISON_SICKLE_CELL_DISEASE_UP","JISON_SICKLE_CELL_DISEASE_UP",181,0.67158164545487,1.83469043346716,3.41035932887616e-07,3.63907127138629e-05,2.81383678554236e-05,2221,"tags=35%, list=13%, signal=31%","CUL1/AXL/EPHB2/ATF3/JAK2/RHOA/OASL/STAT1/PRDX1/MYL9/PPP2CB/CTSL/VRK2/MX1/FN1/PSMB2/IFIT1/SPTLC2/CASP7/IFIT3/IFI44/PTPRO/ANXA2/PTK2/IFI35/CALR/TALDO1/SQLE/IFIT2/MARCO/MPP1/IFI30/UBE2L6/PSMA3/TPM1/ITGB3/RRP7A/LIPA/CALCOCO2/VAMP8/HBB/P4HB/RHOBTB1/BLVRA/PRDX4/VAMP5/ITGB5/CTSA/ITGA2B/TFEC/CCRL2/TCN2/GNG11/ATP1B1/LAMP2/RSAD2/CD9/CCR2/PSME2/TDRD7/NFKBIE/STX7/RGL1/CD151"
"FOURNIER_ACINAR_DEVELOPMENT_LATE_2","FOURNIER_ACINAR_DEVELOPMENT_LATE_2",278,0.620624530272042,1.74293539182441,3.24449369129144e-07,3.63907127138629e-05,2.81383678554236e-05,1990,"tags=32%, list=11%, signal=29%","RND3/HSP90B1/LDHA/AKT1/TRIP13/PRDX1/FOXM1/CDK1/AURKA/SUPT16H/CDKN3/DNAJC10/PDIA6/FN1/PRC1/BIRC5/PSMB2/PLK1/CYP51A1/ACTG1/CDC6/TMPO/DUSP6/MTHFD1/TIMELESS/TEAD4/FEN1/MCM4/CKAP5/ACTB/ANXA5/SAMD4A/SMARCA4/UBE2K/MELK/RRM2/TXNDC5/BARD1/CDC25A/CAD/CDC45/RACGAP1/NUP205/EIF5B/MCM6/ACTN1/CCNF/SQLE/POLA1/MCM2/MRPL17/SMC4/NDC80/CDC7/DNM1L/SSB/MCM7/SCD/ASPM/MCM3/GINS1/GCN1/PDLIM7/ARF4/IMPDH1/TUBG1/CKS1B/MSH6/SF3B3/FLNB/NSD2/BLM/SAE1/PITRM1/XRCC3/DNAJC9/RNF138/PRDX3/ITGB5/ILF3/NUP37/H2AZ2/HPCAL1/XPO6/DDX11/DTL/CCT2/LDLR/NT5E"
"POOLA_INVASIVE_BREAST_CANCER_UP","POOLA_INVASIVE_BREAST_CANCER_UP",263,0.621197658926832,1.73494532326331,3.36505496975891e-07,3.63907127138629e-05,2.81383678554236e-05,1975,"tags=30%, list=11%, signal=27%","TOP2A/TRIP13/KMO/CDK1/BUB1B/AURKA/KIF11/KIF20A/CCNB2/CDC20/CDKN3/FN1/PRC1/BIRC5/LCK/TPX2/CD163/MCM4/CH25H/VCAM1/SLAMF8/SULF1/MELK/RRM2/MAD2L1/PBK/CCNA2/SLC7A7/COL6A3/CDH11/SQLE/CD74/IFI30/NDC80/LAMP3/EGFL6/BTK/LILRB1/COL11A1/ASPM/MAFB/NCAPG/STK17B/GINS1/LILRB4/PSTPIP1/AHI1/LGALS9/CPPED1/CALU/FPR3/RGS4/ITGA4/HCLS1/BLM/MMP9/CENPF/ITGAX/CD48/KIF15/CEACAM5/CD40/HLA-DMB/CCNE2/CXCR4/RGS16/TFEC/VCAN/HLA-DRB1/CEP55/NARS2/IRF8/CTSS/CNTNAP2/CD79B/TYMS/DTL/RSAD2/SP140"
"GARY_CD5_TARGETS_DN","GARY_CD5_TARGETS_DN",422,0.57309697937318,1.64849027790675,4.00356286633763e-07,4.14664101467559e-05,3.20630461823519e-05,2213,"tags=29%, list=12%, signal=26%","HSPA4/HSPA5/HSP90B1/KPNA2/CCNB1/TUBA4A/KIF14/DNAJC7/GNL2/PSMC2/KMO/DDX1/DNAJB11/DNAJA1/HNRNPM/DNAJC10/NME1/PDIA6/DDX18/PSMD1/BIRC5/IFIT1/KIF23/GTPBP4/SAMD9/PLAA/DDX46/CSTF2/HSPH1/FEN1/BCL11A/PPIB/ATR/CYBB/MRPS11/QRSL1/PSMC5/HSPA1A/UBE2K/DDX20/RHOH/DRG1/RALGPS2/RRM2/CDC25A/CREM/SERBP1/DNAJB4/IFI35/MAX/PSMC3/EIF2S1/FOXO1/CSTF2T/NCBP1/GFM1/ARL5B/CCT6A/ASCC3/PHB1/AFF3/CYB5B/HEATR1/CNDP2/SYNCRIP/UTP3/CDC27/UFD1/GINS1/BASP1/TLR10/HNRNPC/RBM3/NAV2/PMPCA/ZBTB24/CUL4A/GRSF1/ERAP1/RNF20/GPATCH4/IKBIP/SRFBP1/TFAM/WDR77/CENPF/KLF10/DNAJC9/RNF138/CCNE2/HLA-DPA1/NLN/ILF3/IDE/PNO1/NHLRC2/PPIL1/ADSL/SIGLEC10/SEC23IP/KLC1/NXF1/RUNX1T1/IRF8/RAN/MRPL15/RRP1B/PAK1IP1/BCCIP/PBRM1/GANAB/DTL/STIP1/SP140/LARS2/RPF1/MANEA/RBM22/PALLD/NASP/TIPIN/STX7/PFDN1/TFRC"
"LI_WILMS_TUMOR_VS_FETAL_KIDNEY_1_DN","LI_WILMS_TUMOR_VS_FETAL_KIDNEY_1_DN",160,0.684603541858643,1.83743828052506,4.31647671407334e-07,4.39862901282506e-05,3.40114913922146e-05,1612,"tags=36%, list=9%, signal=33%","KPNA2/KIF14/TOP2A/TRIP13/DDX1/CDK1/BUB1B/AURKA/KIF11/CCNB2/CDC20/EZH2/CDKN3/NME1/SPAG5/PARP1/CIT/PCBP2/TPX2/KIF23/KIFC1/TIMELESS/MKI67/PCNA/FEN1/PLK4/CKAP5/MSH2/COL2A1/SSRP1/MELK/MAD2L1/NUP205/MCM6/ZNF423/NCBP2/AURKB/MYL6B/MCM2/SMC4/ESPL1/TAF5/YARS1/MTHFD2/ELOVL2/GCN1/RRM1/CKS1B/MSH6/BLM/LRP4/CENPF/DNAJC9/NELL2/CXCR4/BAZ1B/GARS1"
"ODONNELL_TFRC_TARGETS_DN","ODONNELL_TFRC_TARGETS_DN",121,0.712755217622174,1.86091100716687,4.49489108492171e-07,4.50773363087862e-05,3.48551203427262e-05,1379,"tags=34%, list=8%, signal=31%","CCNB1/KIF14/TOP2A/FOXM1/CDK1/BUB1/BUB1B/AURKA/KIF11/KIF20A/CDC20/ANLN/MYBL2/CDKN3/PRC1/BIRC5/PLK1/CDC6/MKI67/HSPH1/PLK4/CENPE/HMMR/RRM2/BRCA2/CCNA2/AURKB/NDC80/APBB1/ZFAND4/TAF5/SCD/SIX3/ASPM/NCAPH/GNAQ/CKS1B/NSD2/ARHGAP11A/RIF1/CENPF"
"LEE_EARLY_T_LYMPHOCYTE_UP","LEE_EARLY_T_LYMPHOCYTE_UP",105,0.74040502869225,1.91577718063818,4.61803878587846e-07,4.54048097031044e-05,3.51083323890151e-05,1948,"tags=43%, list=11%, signal=38%","CCNB1/KIF14/TOP2A/CDK1/BUB1/BUB1B/AURKA/KIF11/KIF20A/CCNB2/CDKN3/PRC1/BIRC5/KNL1/MKI67/MCM4/UBE2T/HMMR/MELK/RRM2/CDC25A/TUBB/PBK/ATAD2/MPP1/MCM2/NDC80/MYB/ASPM/NCAPG/GFI1/GINS1/CPVL/TUBB4B/NSD2/CEP128/SYK/KIF15/NUF2/MCM10/CD1B/CEP55/RAPGEF5/TYMS/DTL"
"GRUETZMANN_PANCREATIC_CANCER_UP","GRUETZMANN_PANCREATIC_CANCER_UP",350,0.584818373298125,1.66909032902075,4.67127671842638e-07,4.54048097031044e-05,3.51083323890151e-05,2090,"tags=29%, list=12%, signal=26%","TUBA1A/ATF3/LDHA/PSMD14/RHOA/TOP2A/LAMA4/CBR1/BIRC3/DUSP5/STAT1/PRDX1/MYL9/DNMT1/H2BC21/VDAC1/DNAJA1/CAV1/CTSL/KLF4/FN1/PPP3CA/ENO1/IFI44L/DUSP6/XPO1/PSMA5/MKI67/EIF2AK2/NUP93/HLA-DRA/SHC1/NSDHL/MYLK/HNRNPU/POSTN/C2/RAB2A/CCNG2/IRS1/ANXA5/PDGFRB/MELK/TUBB/CCNA2/PYGL/MCM6/NCBP2/CDH11/MYL6B/IFI30/PSMA3/NDUFA9/LTBP1/CSK/PHB1/GDI1/ATP1B3/MCM3/GEM/MYH10/ACVR1/DLAT/CSNK1A1/CKS1B/CALD1/APLP2/SORL1/DPYSL3/SDC1/GLUD1/MMP9/USP14/TRIP10/EPS8/CENPF/SNRPB2/PRNP/NID1/ITPR3/CXCR4/PTPN9/RGS16/ITGB5/SPARC/VCAN/STOM/ALOX5/EVPL/PTPN12/HBA2/RHOG/LAMP2/CETN2/TFCP2/PLEC/CD9/STMN1/G3BP1/PKM/ALDOC/PAK2"
"PUJANA_BRCA2_PCC_NETWORK","PUJANA_BRCA2_PCC_NETWORK",417,0.571029570814481,1.64120726589533,4.8143839710263e-07,4.60867847408245e-05,3.56356555175966e-05,2198,"tags=30%, list=12%, signal=27%","CCNB1/KIF14/TOP2A/FOXM1/CDK1/BUB1/BUB1B/AURKA/KIF11/CCNB2/DNMT1/CDC20/RBBP8/EZH2/MYBL2/CDKN3/RAD54L/SPAG5/SMC2/CHEK1/LCK/CDC6/TPX2/KIF23/TMPO/KIFC1/DDX46/XPO1/MAPRE1/TIMELESS/SMC3/MKI67/PCNA/FEN1/MCM4/NUP93/PLK4/ATR/CENPE/HDAC4/CKAP5/RBBP4/HMMR/TRIM28/MSH2/SMARCA4/SSRP1/PPP1CC/RHOH/RB1/MELK/RRM2/CHEK2/BARD1/CAD/CDC45/MAD2L1/BRCA2/CCNA2/NUP205/MCM6/AURKB/CCNF/POLA1/MCM2/DDB2/SMC4/CNTRL/NDC80/CDC7/ESPL1/MCM7/MYB/ZAP70/CD2AP/ADK/MLH1/CYB5B/MCM3/CDC27/GINS1/AGPS/NCAPH/TCP1/RRM1/INSIG1/POLD3/EPHB6/ITGA4/NSD2/BLM/RIF1/UBE2S/WDHD1/WDR77/CENPF/XRCC3/DNAJC9/CCNE2/CXCR4/KATNA1/ELOVL5/CD1B/ILF3/CHI3L2/H2AZ2/POLE/NCK1/POLD1/HMGCS1/MPHOSPH9/DDX39A/DDX11/TYMS/SMC1A/DNAJC5/STMN1/CNOT3/PRKCA/PAK2/LIG1/KIF20B/ATAD2B/NASP/FANCI/CDC23/GTSE1"
"BOSCO_INTERFERON_INDUCED_ANTIVIRAL_MODULE","BOSCO_INTERFERON_INDUCED_ANTIVIRAL_MODULE",75,0.780483603440071,1.92646679984006,5.37480882237285e-07,5.0683644984704e-05,3.91900828666652e-05,1824,"tags=44%, list=10%, signal=40%","DDX60/OASL/CDK1/SLAMF7/IFIH1/IFIT5/XAF1/MX1/IFIT1/IFI44L/SAMD9L/IFIT3/EIF2AK2/UBE2Z/IFI44/PNPT1/IFI35/MIA3/GCH1/IFI6/LAMP3/LILRB1/STAT2/DHX58/CCL2/MOV10/TRIM22/ITGA4/PTPN2/CD40/HERC5/CMTR1/IRF7"
"CHEMNITZ_RESPONSE_TO_PROSTAGLANDIN_E2_UP","CHEMNITZ_RESPONSE_TO_PROSTAGLANDIN_E2_UP",139,0.692035722310803,1.83211553826124,6.29466252031809e-07,5.84848202990731e-05,4.52221807380747e-05,1489,"tags=28%, list=8%, signal=26%","CCNB1/HSPA9/TOP2A/BUB1/BUB1B/AURKA/KIF20A/CCNB2/NES/CDKN3/SPAG5/PRC1/BIRC5/CDC6/TPX2/RPS9/KNL1/MKI67/MCM4/CENPE/WDR76/TRIM28/RRM2/BARD1/CDC45/ATAD2/ASF1B/SMC4/STAMBPL1/ASPM/MTHFD2/NCAPG/NCAPH/CHD1L/SAE1/UBE2S/CENPF/PEA15/BRIP1"
"CROONQUIST_NRAS_SIGNALING_DN","CROONQUIST_NRAS_SIGNALING_DN",70,0.789868392088871,1.91756119211731,6.70268993664289e-07,6.13733261155214e-05,4.74556582699614e-05,1139,"tags=50%, list=6%, signal=47%","CCNB1/TOP2A/TRIP13/FOXM1/CDK1/BUB1B/AURKA/KIF11/CCNB2/CDC20/MYBL2/CDKN3/SPAG5/SMC2/PLK1/CHEK1/CDC6/TPX2/BRD8/MKI67/PCNA/MCM4/PLK4/CHEK2/CCNA2/AURKB/MCM2/SMC4/NDC80/MCM7/MCM3/GINS1/NCAPH/POLD3/CKS1B"
"MORI_IMMATURE_B_LYMPHOCYTE_DN","MORI_IMMATURE_B_LYMPHOCYTE_DN",89,0.753982149825322,1.90463421338689,7.72123890653647e-07,6.87081512837992e-05,5.31271605118395e-05,1170,"tags=51%, list=7%, signal=47%","TUBA1A/KPNA2/CCNB1/TOP2A/TUBA1B/CDK1/CCNB2/DNMT1/CDC20/EZH2/RAD51/CDKN3/SMARCA5/RAD54L/PRC1/SMC2/HNRNPAB/CHEK1/TMPO/CDCA7/IGLL5/KIFC1/MKI67/PCNA/CKAP5/RBBP4/HNRNPA3/SMARCA4/MELK/RRM2/CDC45/TUBB/CCNA2/MCM6/MCM2/SMC4/XRCC6/MCM7/MTHFD2/MCM3/GSN/NCAPH/RRM1/CKS1B/TUBB4B"
"GRADE_COLON_AND_RECTAL_CANCER_UP","GRADE_COLON_AND_RECTAL_CANCER_UP",284,0.61342554563241,1.72241752995802,7.65127656325624e-07,6.87081512837992e-05,5.31271605118395e-05,1099,"tags=19%, list=6%, signal=18%","HSPA4/EPHB2/CCNB1/CCT5/UBD/LDHA/MYC/HSPA9/PSMD14/EFTUD2/EIF4A1/PRDX1/DDX1/CDK1/GSK3B/AURKA/HNRNPA2B1/PLAAT3/EPRS1/PLK1/CDC6/KIF23/CTSB/CDCA7/ABCF1/MTHFD1/TIMELESS/PCNA/MCM4/TARS1/PNPT1/HNRNPA1/ANXA5/SSRP1/PSMB7/DRG1/MELK/RRM2/CDC45/KARS1/AARS1/TALDO1/MCM2/MRPL17/DNAJA3/PSMA3/CFB/SSB/MCM7/EIF3B/MTHFD2/MCM3/SYNCRIP/EXOC2/RRM1"
"RUIZ_TNC_TARGETS_DN","RUIZ_TNC_TARGETS_DN",142,0.684796799830789,1.81930452542218,8.00394174048685e-07,6.92724711183505e-05,5.35635091818305e-05,1548,"tags=30%, list=9%, signal=27%","EGFR/EFEMP1/THBS1/TRIP13/FOXM1/CDK1/CAV1/RAD54L/ORC1/BIRC5/CDC6/TMPO/FEN1/MCM4/EXO1/MELK/RRM2/BARD1/CDC25A/CDC45/MAD2L1/PBK/CCNA2/MCM6/EIF2S1/ATAD2/AURKB/ASF1B/MCM2/TPM1/MCM7/RRP7A/MCM3/GINS1/TUBB4B/BLM/CCNE1/ABHD5/DNAJC9/PEA15/CCNE2/MCM10"
"RHEIN_ALL_GLUCOCORTICOID_THERAPY_DN","RHEIN_ALL_GLUCOCORTICOID_THERAPY_DN",357,0.586788051803175,1.67523363503751,7.92932094927887e-07,6.92724711183505e-05,5.35635091818305e-05,2264,"tags=33%, list=13%, signal=30%","EGR1/TUBA1A/LDHA/TUBA1C/PSMD14/RHOA/TOP2A/TUBA1B/PRDX1/CDK1/HSPA8/BUB1B/KIF11/CCNB2/FOS/VDAC1/HSP90AB1/RAD51/NME1/PDIA6/EPRS1/KLF4/MEF2C/PRC1/SMC2/BIRC5/ENO1/PSMB2/CHEK1/UQCRC2/DUSP6/MTHFD1/PCNA/MCM4/ATRX/RBBP4/HMMR/HNRNPA3/AK2/SSRP1/CAT/MELK/RRM2/BARD1/CDC25A/MAD2L1/RACGAP1/TUBB/SERBP1/MCM6/PARK7/TALDO1/PRMT1/DARS1/MPP1/SSBP1/PRPS2/CANX/MCM2/UBE2L6/CDK4/MYB/CCT6A/GPX7/GAPDH/IDH2/BCL2/NCAPG/MYH10/PGD/WASF1/GIMAP6/RRM1/NDUFA8/RTN3/CKS1B/GDI2/NSD2/PSMD10/ACAT1/ACADM/STOML2/PRDX4/MRPS35/MYO18A/FXR1/KIF15/PPA1/PRDX3/SDHC/DPYSL2/SPARC/NHP2/ADSL/NUP37/CCNG1/CEP55/PSMA6/PCCA/BCCIP/TYMS/DTL/VPREB1/CETN2/SMC1A/CD9/STMN1/SNRPD2/IPO7/ATP5MC3/TPI1/PAK2/NASP/CCT7/LTA4H/AHCYL1/ATP9A/TUFM/BLNK"
"WP_CYTOPLASMIC_RIBOSOMAL_PROTEINS","WP_CYTOPLASMIC_RIBOSOMAL_PROTEINS",88,-0.747621198921536,-2.09127999321073,9.07585869339308e-07,7.74882097633209e-05,5.99161595960701e-05,1135,"tags=60%, list=6%, signal=57%","RPL10A/RPL37A/RPLP0/RPL41/RPL29/RPS10/RPS21/RPS3/RPL27A/RPL13A/RPL37/RPS29/RPS17/RPL24/RPL32/RPL15/RPL8/RPL35/RPS3A/RPL39/RPL38/RPL10/RPL36A/RPL27/RPS25/RPL9/RPS23/RPS13/RPL23A/RPS18/RPL5/RPL34/RPL35A/RPS6/RPS20/RPL14/RPS12/RPS24/RPL30/RPS7/RPS27/RPS4X/RPL31/RPL7/RPS27A/RPL6/RPL26/RPL17/RPL4/RPL11/RPL23/RPL3L/RPS4Y1"
"REACTOME_INFLUENZA_VIRAL_RNA_TRANSCRIPTION_AND_REPLICATION","REACTOME_INFLUENZA_VIRAL_RNA_TRANSCRIPTION_AND_REPLICATION",135,-0.659192898446407,-1.96753385585506,9.75134883556645e-07,8.21453625908118e-05,6.35172069415634e-05,1566,"tags=54%, list=9%, signal=50%","RPL12/RPS19/GTF2F2/RPL22/NUP153/RPS8/NUP107/RPL28/RPL22L1/RPL10A/RPL37A/POM121/RPLP0/RPL41/RPL29/RPS10/RPS21/RPS3/RPL27A/TPR/RPL13A/RPL37/NUP98/RPS29/RPS17/POLR2A/POLR2K/RPL24/RPL32/RAE1/RPL15/RPL8/RPS27L/POLR2H/RPL39L/RPL35/RPS3A/RPL39/RPL38/RPL10/RPL36A/RPL27/RPS25/RPL9/POLR2I/RPS23/RPS13/RPL23A/RPS18/RPL5/RPL34/RPL35A/RPS6/RPS20/RPL14/RPS12/RPS24/RPL30/RPS7/RPS27/RPS4X/RPL31/RPL7/RPS27A/POLR2C/RPL6/RPL26/RPL17/RPL4/RPL11/RPL23/RPL3L/RPS4Y1"
"LE_EGR2_TARGETS_UP","LE_EGR2_TARGETS_UP",107,0.723029014421396,1.87471967089294,1.09429846610428e-06,9.09707593269319e-05,7.03412628973678e-05,1139,"tags=38%, list=6%, signal=36%","SOX2/KPNA2/ATF3/CCNB1/TOP2A/CDK1/BUB1/AURKA/KIF11/KIF20A/CCNB2/CDC20/EZH2/HNRNPA2B1/RAD51/PRC1/SMC2/BIRC5/PLK1/KIF23/MKI67/CDCA8/MCM4/UBE2T/PLK4/RRM2/MAD2L1/CCNA2/HDAC2/EZR/CDC7/MCM7/CORO1C/BASP1/CCL2/NCAPH/CDKN1C/RRM1/RBM3/NAV2/CKS1B"
"REACTOME_RESPONSE_OF_EIF2AK4_GCN2_TO_AMINO_ACID_DEFICIENCY","REACTOME_RESPONSE_OF_EIF2AK4_GCN2_TO_AMINO_ACID_DEFICIENCY",101,-0.712750818370997,-2.04018170932843,1.14287731822427e-06,9.25730627761658e-05,7.158021098352e-05,1141,"tags=57%, list=6%, signal=54%","RPL22L1/RPL10A/RPL37A/RPLP0/RPL41/RPL29/RPS10/RPS21/RPS3/RPL27A/RPL13A/EIF2S3/RPL37/RPS29/TRIB3/RPS17/RPL24/RPL32/RPL15/RPL8/RPS27L/RPL39L/RPL35/RPS3A/RPL39/RPL38/RPL10/RPL36A/RPL27/RPS25/RPL9/RPS23/RPS13/RPL23A/RPS18/RPL5/RPL34/RPL35A/RPS6/RPS20/RPL14/RPS12/RPS24/RPL30/RPS7/RPS27/RPS4X/RPL31/RPL7/RPS27A/RPL6/RPL26/RPL17/RPL4/RPL11/RPL23/RPL3L/RPS4Y1"
"REACTOME_EXTRA_NUCLEAR_ESTROGEN_SIGNALING","REACTOME_EXTRA_NUCLEAR_ESTROGEN_SIGNALING",74,0.78361083695688,1.93296490196797,1.13835857637901e-06,9.25730627761658e-05,7.158021098352e-05,1806,"tags=43%, list=10%, signal=39%","EGFR/IGF1R/SRC/MAPK3/NRAS/AKT1/MAPK1/HSP90AA1/FOS/CAV1/GNB4/ESR1/XPO1/SHC1/FOXO3/PRKCZ/GNB3/PTK2/HRAS/PRMT1/MMP7/GNB2/BCL2/AKT2/GNB5/GNGT2/MMP9/PIK3R1/KRAS/GNG11/STRN/EGF"
"NAKAYAMA_SOFT_TISSUE_TUMORS_PCA2_UP","NAKAYAMA_SOFT_TISSUE_TUMORS_PCA2_UP",88,0.749791512145873,1.89427257469404,1.18306622810362e-06,9.46153472045404e-05,7.31593652848623e-05,1471,"tags=38%, list=8%, signal=35%","CCNB1/AHNAK2/TOP2A/TBL1X/CDK1/BUB1/ENO2/KIF11/KIF20A/CCNB2/CDC20/CDKN3/BIRC5/TPX2/MKI67/CDCA8/MCM4/CENPE/HMMR/COL2A1/MELK/RRM2/PBK/CCNA2/CDH11/COL11A1/ESPL1/ASPM/TRPS1/NCAPH/UBE2S/CENPF/NCAM1"
"REACTOME_CELL_CYCLE_CHECKPOINTS","REACTOME_CELL_CYCLE_CHECKPOINTS",269,0.609421994814173,1.70594373693605,1.77028081708255e-06,0.000139807927529094,0.000108103595685265,1548,"tags=32%, list=9%, signal=30%","CUL1/YWHAE/RANBP2/CCNB1/UBA52/PSMD14/YWHAG/PSMC2/CDK1/GSK3B/BUB1/BUB1B/CCNB2/CDC20/RBBP8/H2BC21/PPP2CB/YWHAB/PSMD1/ORC1/BIRC5/PSMB2/PLK1/CHEK1/CDC6/TP53/KNL1/XPO1/PSMA5/MAPRE1/CDCA8/MCM4/PSMD2/ATR/CENPE/EXO1/CKAP5/TP53BP1/PSMC5/BRCC3/PSMB7/SGO1/PPP1CC/CHEK2/BARD1/CDC25A/CDC45/MAD2L1/CCNA2/MCM6/PSMC3/PSMD7/H4C16/AURKB/DYNC1I2/RCC2/MCM2/NDC80/CDC7/PSMA3/RNF8/PLK3/PSMD11/H2BC11/MCM7/UBE2E1/H2BC15/MCM3/CDC27/PSMC4/CSNK1A1/NSD2/BLM/CCNE1/UBB/NDEL1/UBE2S/KAT5/CENPF/CENPO/CSNK1E/NUF2/PSMA4/BRIP1/DYNLL2/CCNE2/MCM10"
"RHODES_CANCER_META_SIGNATURE","RHODES_CANCER_META_SIGNATURE",65,0.788064353187716,1.90108104986861,1.81679760813543e-06,0.000141710213434563,0.000109574499016979,1524,"tags=48%, list=9%, signal=44%","HSP90B1/KPNA2/CCT5/LDHA/TOP2A/HSPD1/CDK1/HNRNPA2B1/CDKN3/NME1/COL1A2/PLK1/TPX2/TARS1/SMARCA4/HDAC1/TUBB/NUP205/NCBP2/SSBP1/CANX/MTHFD2/MCM3/PSMC4/E2F5/SOX4/GFUS/UBE2S/MMP9/PRDX4/SDHC"
"KEGG_MEDICUS_REFERENCE_TRANSLATION_INITIATION","KEGG_MEDICUS_REFERENCE_TRANSLATION_INITIATION",80,-0.761104771275446,-2.07336407096109,2.49703126880499e-06,0.00019239321410134,0.000148764083678099,1135,"tags=65%, list=6%, signal=61%","RPL10A/RPL37A/RPLP0/RPL41/RPL29/RPS10/RPS21/RPS3/RPL27A/RPL13A/RPL37/RPS29/RPS17/RPL24/RPL32/RPL15/RPL8/RPL35/RPS3A/RPL39/RPL38/RPL10/RPL36A/RPL27/RPS25/RPL9/RPS23/RPS13/RPL23A/RPS18/RPL5/RPL34/RPL35A/RPS6/RPS20/RPL14/RPS12/RPS24/RPL30/RPS7/RPS27/RPS4X/RPL31/RPL7/RPS27A/RPL6/RPL26/RPL17/RPL4/RPL11/RPL23/RPS4Y1"
"KEGG_CELL_CYCLE","KEGG_CELL_CYCLE",124,0.692317885913904,1.81154728274274,2.96088283031072e-06,0.000225383827974736,0.000174273395250121,1125,"tags=35%, list=6%, signal=33%","CUL1/YWHAE/CCNB1/MYC/YWHAG/CDK1/GSK3B/BUB1/BUB1B/CCNB2/CDC20/YWHAB/ORC1/PLK1/CHEK1/CDC6/TP53/SMC3/PCNA/MCM4/FZR1/CDK6/ATR/RB1/CHEK2/CDC25A/HDAC1/CDC45/MAD2L1/CCNA2/MCM6/HDAC2/CDC14B/MCM2/CDC7/CDK4/ESPL1/ABL1/MCM7/CDKN2D/MCM3/CDC27/CDKN1C/E2F5"
"REACTOME_MAPK1_MAPK3_SIGNALING","REACTOME_MAPK1_MAPK3_SIGNALING",266,0.598076788859088,1.67122055404357,3.22898149467657e-06,0.000242865536706745,0.000187790765874611,1810,"tags=27%, list=10%, signal=25%","EGFR/SRC/MAPK3/NRAS/UBA52/JAK2/MAPK1/CAMK2G/PSMD14/PSMC2/DUSP5/CDK1/IRS2/PPP2CB/YWHAB/PSMD1/FN1/PSMB2/ACTG1/MRAS/DUSP6/MAP2K1/PSMA5/RASGRP3/PSMD2/PTPN11/SHC1/TYK2/RAF1/KIT/DUSP1/ACTB/DUSP10/IRS1/PSMC5/PSMB7/PDGFRB/PPP1CC/CAMK2A/ARRB2/PTK2/HGF/HRAS/PSMC3/PSMD7/SPTAN1/CAMK2D/PSMA3/PTPN3/PSMD11/ITGB3/SOS1/CSK/PHB1/PSMC4/BRAF/MAP2K2/UBB/FLT3LG/PEA15/PIK3R1/NCAM1/PSMA4/ITGA2B/KRAS/PPP2R1B/DLG4/FGF10/PSMA6/BCL2L1/EGF/RASGRP4"
"MITSIADES_RESPONSE_TO_APLIDIN_DN","MITSIADES_RESPONSE_TO_APLIDIN_DN",248,0.603456460206315,1.68007371860051,3.36041007709401e-06,0.000249777304318588,0.000193135147588772,1413,"tags=29%, list=8%, signal=27%","CCNB1/MYC/KIF14/CHD4/TOP2A/TBL1X/TRIP13/FOXM1/BUB1/BUB1B/AURKA/ENO2/SUPT16H/MYBL2/EPRS1/SUMO3/PARP1/SMC2/BIRC5/HNRNPAB/TPX2/MRPL19/DDX46/SMC3/MKI67/CDCA8/EIF2AK2/MCM4/PSMD2/PTPN11/NSDHL/MDN1/WDR76/MSH2/MACF1/MELK/RRM2/CAD/RACGAP1/TUBB/CCNA2/NUP205/MCM2/MAPK6/CDC7/AGPAT5/MYB/SCD/ASPM/DSP/HEATR1/NCAPG/HDAC9/GINS1/GCN1/EIF3A/NCAPH/PALB2/IMPDH1/RRM1/POLD3/TTC3/DHCR24/EIF4G1/IMPA2/MSH6/NSD2/BLM/CCNE1/RAP2A/CENPF/SYK/TUBA3C"
"JIANG_MELANOMA_TRM4","JIANG_MELANOMA_TRM4",191,0.634134620279769,1.73038638925745,3.73193486666018e-06,0.000274167028925105,0.000211993998973928,2193,"tags=35%, list=12%, signal=31%","EGR1/ATF3/CCNB1/HAVCR2/TOP2A/KIF11/CCNB2/FOS/C1QB/EGR2/IRF4/KLF4/GAS7/SIK1/PLK1/KIF23/PRKAR2B/KNL1/DUSP6/ITSN1/TNF/MKI67/CYBB/MYO1E/CSF1R/DUSP1/ANXA5/HSPA1A/RRM2/ANXA2/PYGL/PPP1R15A/CD74/IFI30/BTK/RGS1/GEM/NR4A1/LITAF/CKS1B/NAAA/ARHGAP11A/FGL2/SYK/RGS18/PRNP/C1QC/KIF15/NR4A2/RGS2/RGS16/NFKBIA/STOM/CD44/RHOB/H1-2/IRF8/CTSS/ANXA4/LAMP2/MYO9A/STMN1/TACC3/GSTK1/PSTPIP2/STX7"
"WP_NETWORK_MAP_OF_SARSCOV2_SIGNALING","WP_NETWORK_MAP_OF_SARSCOV2_SIGNALING",249,0.611909621315603,1.7048391571145,3.88710970401836e-06,0.000282284587471127,0.000218270733652138,2524,"tags=33%, list=14%, signal=29%","EGR1/CCNB1/JAK2/AKT1/CD4/STAT1/CDK1/LGALS3BP/HSPA8/CCNB2/FOS/TGFBR2/IFIH1/RIGI/IFI27/GABARAPL2/CTSL/MX1/FN1/IL1R2/BIRC5/IFIT1/HLA-DRB5/LCK/ACTG1/IFI44L/CTSB/TNF/RRAS/CD163/CASP8/HLA-DRA/MDN1/SMAD1/DUSP1/ACTB/RRM2/IFI6/CFB/ZAP70/ULK1/NFKB2/CCR5/GSN/MTOR/CCL2/TBK1/MOV10/HBB/RAC1/CXCR2/PITRM1/CXCL12/IRF3/APOA2/CASP9/NTRK1/CAMK4/SRP54/TRAF3/LRG1/NEK9/HLA-DRB1/CCR6/SRP72/NPTX1/FGB/G3BP1/CFP/JUNB/RTN4/HIF1A/GTSE1/CCL8/TF/RPTOR/FAM98A/FGA/NLRP1/TP53I3/ITGA3/PTGS2"
"BLANCO_MELO_RESPIRATORY_SYNCYTIAL_VIRUS_INFECTION_A594_CELLS_UP","BLANCO_MELO_RESPIRATORY_SYNCYTIAL_VIRUS_INFECTION_A594_CELLS_UP",275,0.592119345624064,1.65629097714435,3.94237312785816e-06,0.000283044470702362,0.000218858297684088,2175,"tags=25%, list=12%, signal=23%","EGR1/ATF3/DDX60/LAMA4/OASL/BIRC3/PPM1K/STAT1/IFIH1/RIGI/NIBAN1/XAF1/MX1/KLF4/USP18/IFIT1/IFI44L/SAMD9/TNF/SAMD9L/RASGRP3/IFIT3/LAP3/IFI44/OSMR/CH25H/SP100/SAMD4A/HIVEP3/CORO2B/PPP1R15A/IFIT2/UBE2L6/LAMP3/CFB/ITGB3/IRAK2/STAT2/ANPEP/IFI16/WARS1/DHX58/MAP2/CREB5/CCL2/TRIM22/TGM2/DTX3L/NFE2L3/APOL3/MMP9/SAMHD1/ANTXR2/RGS2/PTAFR/HERC5/BMAL2/IRF7/RUNX2/CTSS/RSAD2/LDLR/NT5E/CD68/TNFSF13B/LIPG/ABCA1/MX2/ITGA5/CRYBG1"
"BAELDE_DIABETIC_NEPHROPATHY_DN","BAELDE_DIABETIC_NEPHROPATHY_DN",422,0.555302406619875,1.59730490921852,4.2910499356283e-06,0.000304616331385389,0.000235538293923725,2515,"tags=31%, list=14%, signal=27%","AXL/HSPA5/HSP90B1/YWHAE/ISG15/BIRC3/STAT1/TMEM123/HSP90AA1/MYL9/DNAJA1/PPP2CB/SMARCC1/PARP1/IFIT1/ATP2A2/CYP51A1/ACTG1/PRKAR2B/XPO1/TEAD4/PDIA3/CAPN2/PTPN11/DDX17/COL3A1/MYLK/POSTN/IFI44/OSMR/ULK2/MYO1E/DUSP1/CHD3/RBBP4/HNRNPA1/TRIB2/SP100/IRS1/PTPRO/MSH2/HNRNPA3/AGRN/WT1/SULF1/PDE4DIP/ACSL3/GPNMB/FLRT2/IFI35/CORO2B/MCM6/VIM/MTSS1/CANX/UBE2L6/PSMA3/DNM1L/DST/ITGB3/YBX3/PLS3/AQP3/CD2AP/WARS1/MTHFD2/FOSL2/RAD23B/CDKN1C/MYO1B/ARID5B/F2R/LITAF/TRIM22/SEPTIN2/MGAT5/CALU/CALD1/ZNF185/ARMCX2/CHI3L1/COL4A6/DPYSL3/CTDSPL/KANK1/PTH1R/NAMPT/ZBTB20/ACADM/PRKAR1A/GLUL/EPS15/TMX4/RPN2/ITGB5/VCAN/PHLPP2/PLSCR1/SMARCA2/PSMA6/NPTN/GJA1/ZNF516/RNF11/TNNT2/PALLD/PNMA2/SEC61G/GRIK2/STX7/MYL12A/DYRK1A/ATP9A/MTDH/TOP2B/LSR/TSPAN3/CCDC6/FAM98A/TSC22D3/PARD3/CDC14A/PODXL/UAP1/CYP1B1/PAWR/ARHGEF18/ITGA3/ITGAV"
"FUJII_YBX1_TARGETS_DN","FUJII_YBX1_TARGETS_DN",191,0.632152933637538,1.72497888825715,4.81264372479615e-06,0.00033784758948069,0.000261233678675777,2177,"tags=34%, list=12%, signal=30%","CCT5/TOP2A/TBL1X/TRIP13/FOXM1/BUB1B/KIF11/RAD51/MYBL2/CDKN3/CHEK1/CDC6/KIF23/CDCA7/PRKAR2B/TIMELESS/FEN1/MCM4/PLK4/EXO1/VAPB/COL2A1/SSRP1/MELK/RRM2/CDC25A/MAD2L1/PTK2/MCM6/TIAM1/NCBP2/ATAD2/CCNF/ASF1B/MCM2/MCM7/PARPBP/ASPM/MCM3/RAD23B/NCAPH/RRM1/CKS1B/CALU/DBN1/NSD2/ITPR1/RAP2A/XRCC3/BRIP1/CXCR4/MCM10/SH3RF1/H2AZ2/UBE4B/NUP62/ODF2/DTL/TCF19/LIG1/ZBTB14/FANCI/TIPIN/CDC23"
"SMIRNOV_RESPONSE_TO_IR_6HR_DN","SMIRNOV_RESPONSE_TO_IR_6HR_DN",112,0.70507559749572,1.83642551739734,4.90270098650669e-06,0.000340387525634607,0.000263197631907201,2082,"tags=34%, list=12%, signal=30%","EGR1/CCNB1/MYC/KIF14/BUB1/AURKA/KIF20A/CDC20/PLK1/TPX2/KIF23/TNF/CYBB/CENPE/CCNG2/HMMR/KLF6/PDK1/CD22/RGS1/CR2/SCD/ASPM/INSIG1/LPCAT4/ITGA4/ARHGAP11A/UBE2S/HEY1/CENPF/NR4A2/RGS2/CCR6/P2RX5/ZNF395/LDLR/ATP2A3/TRAF5"
"WP_HDAC6_INTERACTIONS_IN_THE_CENTRAL_NERVOUS_SYSTEM","WP_HDAC6_INTERACTIONS_IN_THE_CENTRAL_NERVOUS_SYSTEM",112,0.704425972857302,1.83473351831674,4.99608297051352e-06,0.000343100567475048,0.000265295435539511,1012,"tags=37%, list=6%, signal=35%","EGFR/HSPA4/MAPK3/UBD/TUBA4A/ISG15/TUBA1C/AKT1/MAPK1/CTTN/SGK1/PRDX1/GSK3B/HSP90AA1/HSPA8/AURKA/CDC20/TUBB3/VCP/DNAJA1/HTT/PRKCE/BIRC5/GSK3A/MAPRE1/PRDX2/CYBB/PRKCZ/TUBB/PXN/PARK7/VIM/CSNK2A2/DYNC1I2/TWIST1/SNCA/XRCC6/CFTR/BCL2/HDAC9/RAD23B"
"KANG_DOXORUBICIN_RESISTANCE_UP","KANG_DOXORUBICIN_RESISTANCE_UP",54,0.803454852813146,1.88517463501965,5.12391415340686e-06,0.000348095587324995,0.000269157731589828,1239,"tags=54%, list=7%, signal=50%","TOP2A/FOXM1/CDK1/BUB1/BUB1B/AURKA/CDC20/CDKN3/PRC1/BIRC5/PLK1/CDC6/TPX2/MKI67/CDCA8/MCM4/PLK4/HMMR/RRM2/BARD1/MAD2L1/PBK/ATAD2/ASF1B/ASPM/NCAPG/GINS1/RRM1/NSD2"
"PETROVA_ENDOTHELIUM_LYMPHATIC_VS_BLOOD_UP","PETROVA_ENDOTHELIUM_LYMPHATIC_VS_BLOOD_UP",130,0.689889250165404,1.81421241834491,5.30517605157656e-06,0.000356575556317667,0.000275714692669281,1565,"tags=35%, list=9%, signal=32%","CCNB1/TUBA4A/TOP2A/DUSP5/FOXM1/CDK1/BUB1/BUB1B/KIF11/CCNB2/MYBL2/CDKN3/ALDH1A1/SPAG5/MEF2C/PLK1/CH25H/PRKCZ/ACSL3/ARRB2/CREM/CCNA2/PYGL/MCM6/AURKB/PEG10/SMC4/NDC80/GCH1/LAMP3/CRMP1/DSP/LIPA/HLA-DPB1/GINS1/CDKN1C/ARID5B/CKS1B/DHCR24/PCSK6/CTDSPL/CENPF/CXCL12/SOCS2/CCNE2/RGS16"
"MOOTHA_PGC","MOOTHA_PGC",415,0.549489537247613,1.58185353465842,5.7407805103593e-06,0.000381792118573158,0.000295212879208615,2420,"tags=25%, list=14%, signal=22%","HSPA4L/HSPA5/SRC/LDHA/HSPA9/TBL1X/HSPD1/FOXM1/GABARAPL1/FOS/AIFM1/S100A1/CDK18/ENO1/MYL2/SPTLC2/GTPBP4/MDH2/ABCF1/DUSP6/MAP2K1/PSMA5/PRDX2/HLA-DRA/NSF/IDH3A/UBE2B/DUSP1/PDK4/NME7/PSMB7/PDGFRB/RRM2/CDC34/RHOD/PPM1G/ATP1A1/SDHA/MRPL46/GUK1/ACTR2/AGPAT3/HADHB/GCH1/DNAJA3/FH/GCDH/MRPS18B/ULK1/SCD/IFI16/CRMP1/GAPDH/AK1/IDH2/MTHFD2/CDKN2D/MTOR/ACO2/VAMP8/RRM1/NDUFA8/ATP5F1A/SLC12A7/GRSF1/MTCH2/DPYSL3/POLR2E/ABHD5/ACADM/RUVBL2/NCAM1/MFN1/SKIC2/PRDX3/SHMT1/NDUFV2/BSG/ADSL/TCN2/PYGM/PSMA6/ATP1B1/RXRB/MRPL15/SLC2A4/TOMM40/CYCS/TSC2/PKM/ATP2A3/TPI1/TMX2/RTN4/TFRC/MAIP1/TUFM/ARIH1/PDHB/FDX1/GNA13/UQCRC1/SLC25A5/MAP2K3/LPGAT1"
"MOSERLE_IFNA_RESPONSE","MOSERLE_IFNA_RESPONSE",31,0.863803961238806,1.86797388793918,5.94841256933365e-06,0.000390453995945667,0.000301910497189957,1136,"tags=55%, list=6%, signal=51%","DDX60/OASL/STAT1/IFIH1/RIGI/IFIT5/MX1/USP18/IFIT1/IFI44L/SAMD9/SAMD9L/IFIT3/IFI44/IFIT2/IFI16/TRIM22"
"REACTOME_INTERLEUKIN_4_AND_INTERLEUKIN_13_SIGNALING","REACTOME_INTERLEUKIN_4_AND_INTERLEUKIN_13_SIGNALING",106,0.70825810241088,1.83375121136518,5.99462450248967e-06,0.000390453995945667,0.000301910497189957,1053,"tags=25%, list=6%, signal=24%","SOX2/HSP90B1/MYC/JAK2/AKT1/STAT1/HSP90AA1/HSPA8/BCL6/FOS/IRF4/FN1/COL1A2/BIRC5/TP53/TNF/TYK2/FOXO3/VCAM1/RHOU/HGF/VIM/TWIST1/FOXO1/FASLG/BCL2/CCL2"
"BORCZUK_MALIGNANT_MESOTHELIOMA_UP","BORCZUK_MALIGNANT_MESOTHELIOMA_UP",308,0.577292509835728,1.62918448206526,6.07210942085118e-06,0.000391465176744263,0.000302692371881529,2477,"tags=36%, list=14%, signal=32%","HSPA4/TUBA1A/KPNA2/UBQLN2/CCNB1/CCT5/TOP2A/HSPA8/BUB1B/KIF11/VDAC1/DNAJA1/HSP90AB1/NME1/SMARCC1/DDX18/VRK2/EPRS1/PARP1/ATP2A2/TPX2/MAP2K1/MAPRE1/PCNA/PSMD2/OSMR/RAF1/RBBP4/PSMB7/ANXA2/MAD2L1/SERBP1/MCM6/PARK7/NCBP2/FKBP1A/CCNF/SQLE/SSBP1/VAMP3/PRPS2/SMC4/CDK4/PPP4C/UBE2D3/FTSJ1/CDC27/PGRMC1/GINS1/COPA/ATP5F1A/F2R/CKS1B/CALU/DBN1/CALD1/GDI2/RAC1/MSH6/PSMD10/TAF12/RIF1/CSNK1D/UBE2S/BLVRA/MAPKAP1/PRDX4/TUBA3C/MFN1/CCNE2/GARS1/NHP2/PNO1/SMAD4/H2AZ2/CCNG1/SEC23IP/NCK1/HDGF/MOB1A/RAN/UBE2E3/UBA2/SLC25A3/UBE2D1/LAMP2/QKI/YKT6/STIP1/CCT2/SMC1A/G3BP1/IPO7/PKM/PRKCA/PAK2/ILF2/ZBTB14/SEC61G/RASA1/PSMD8/RARS1/DUSP7/RPS15A/BICD2/PSMB6/LPGAT1/UBXN7/RFC2/BET1/TMED7"
"HELLER_SILENCED_BY_METHYLATION_UP","HELLER_SILENCED_BY_METHYLATION_UP",266,0.590593307726238,1.65030928024398,6.15916475304976e-06,0.000393066696058267,0.000303930713651291,1379,"tags=22%, list=8%, signal=21%","CCNB1/UBD/ISG15/DDX60/TOP2A/BIRC3/STAT1/FOXM1/IRS2/BUB1/MSR1/AURKA/SLAMF7/BCL6/CDC20/IFIH1/RIGI/IFI27/SIRPA/IFIT5/MX1/KLF4/IL1R2/USP18/IFIT1/PLK1/IFI44L/IFIT3/DAZL/HLA-DRA/IFI44/REL/VCAM1/CCNG2/HLA-DOB/AGRN/HSPA1A/S100A4/PDE4DIP/GPNMB/CDH11/CCNF/MZF1/BLK/LAMP3/CFB/RGS1/NCF4/CLU/IDH2/MAFB/HLA-DPB1/VAMP8/TRIM22/CHI3L1/HCK/MMP9/RPS2/CENPF"
"DESERT_STEM_CELL_HEPATOCELLULAR_CARCINOMA_SUBCLASS_UP","DESERT_STEM_CELL_HEPATOCELLULAR_CARCINOMA_SUBCLASS_UP",239,0.611055551568773,1.69664282754951,6.6519998149116e-06,0.000420273348306115,0.000324967696221102,2441,"tags=36%, list=14%, signal=31%","RND3/TUBA1C/TOP2A/TRIP13/CDK1/BUB1/BUB1B/KIF11/KIF20A/DNMT1/SMARCC1/EPRS1/SPAG5/COL1A2/MAPK13/PRC1/ENO1/TPX2/KIF23/MAPRE1/GNAZ/POSTN/YEATS2/CENPE/ANXA5/TRIM28/NCL/SSRP1/SULF1/PPP1CC/UCHL1/CDC25A/PTK2/RACGAP1/HGF/HDAC2/PRMT1/MCM2/CDK4/AGPAT5/JARID2/SSB/MCM7/GPX7/CORO1C/HEATR1/MTHFD2/ATP1B3/NCAPG/MCM3/CKAP4/CALU/BLM/MYO6/SOX4/MMP9/MACROH2A2/DAB2/KIF15/VCAN/CEP55/RPLP2/PTPN12/NUP62/DDX39A/CCT2/RPSA/PKM/XPNPEP1/TRAF5/TACC3/ILF2/ITGA5/HIF1A/TFRC/SPATS2L/CNOT6/HIC2/SERPINH1/KHDRBS1/TKT/G6PD/TSPAN3/DLGAP5/CDC25B"
"REACTOME_MITOTIC_PROMETAPHASE","REACTOME_MITOTIC_PROMETAPHASE",201,0.623582460806511,1.70400210984196,6.96300059116961e-06,0.00043556671024762,0.000336792972836041,1737,"tags=33%, list=10%, signal=30%","TUBB1/TUBA1A/YWHAE/RANBP2/CCNB1/TUBA4A/TUBA1C/PCNT/TUBA1B/YWHAG/CDK1/TUBA8/BUB1/HSP90AA1/BUB1B/CCNB2/CDC20/TUBB3/PPP2CB/NUMA1/SMC2/BIRC5/TUBB2B/PLK1/PRKAR2B/KNL1/XPO1/MAPRE1/SMC3/CDCA8/PLK4/CENPE/CKAP5/NME7/SGO1/PPP1CC/MAD2L1/TUBB/AURKB/CSNK2A2/DYNC1I2/RCC2/SMC4/CNTRL/NDC80/TUBGCP2/CEP250/NCAPG/NCAPH/TUBG1/TUBB4B/CSNK1D/NDEL1/ACTR1A/CENPF/TUBA3C/CENPO/CSNK1E/PRKACA/NUF2/DYNLL2/HDAC8/PPP2R1B/DYNC1H1/ALMS1/NUP37/NEK9"
"MARKEY_RB1_ACUTE_LOF_UP","MARKEY_RB1_ACUTE_LOF_UP",231,0.612143709215157,1.68916789378241,7.90217375885892e-06,0.000480057055850679,0.000371194214725346,1745,"tags=29%, list=10%, signal=26%","IGF1R/KPNA2/CCNB1/TRIP13/HSPD1/CDK1/BUB1/AURKA/KIF11/KIF20A/CCNB2/CAV1/ANLN/IFI27/RAD51/CDKN3/PARP1/PRC1/SMC2/BIRC5/GSK3A/PLK1/CDC6/KIF23/TMPO/XPO1/PRDX2/SMC3/MKI67/PDIA3/PCNA/MCM4/UBE2T/RBBP4/RRM2/CDC45/MAD2L1/BRCA2/RACGAP1/TUBB/CCNA2/HDAC2/COL6A3/CCNF/GAS6/POLA1/ASF1B/MCM7/IDH2/MCM3/CDCA7L/HNRNPC/NAV2/CKS1B/HIP1R/PTGIS/CHAF1B/SAE1/UBE2S/KLF10/DNAJC9/VAMP5/VCAN/ILF3/PRPF19/ADSL/H2AZ2"
"WEST_ADRENOCORTICAL_TUMOR_UP","WEST_ADRENOCORTICAL_TUMOR_UP",295,0.589661497104752,1.66051769610294,7.87446669656903e-06,0.000480057055850679,0.000371194214725346,1984,"tags=30%, list=11%, signal=27%","TUBA1A/CCNB1/TUBA1C/NRAS/KIF14/PSMD14/TOP2A/TUBA1B/PSMC2/FOXM1/CDK1/BUB1/BUB1B/AURKA/KIF20A/DNMT1/ARF3/VDAC1/EZH2/EPRS1/PRC1/ENO1/CYP51A1/TPX2/TMPO/XPO1/MAPRE1/CDK17/SMARCA4/PSMB7/UBE2K/MELK/RRM2/BARD1/CDC25A/HDAC1/CAD/RACGAP1/PBK/ATP1A1/SQLE/ACTR2/MCM2/SMC4/MAPK6/PSMA3/ESPL1/PSMD11/STX12/CCT6A/PARPBP/SCD/ASPM/GAPDH/MTHFD2/RAD23B/UFD1/TBK1/RALGPS1/TCP1/TUBB4B/PCSK6/CCNE1/UBE2S/USP14/FDPS/WDR77/CENPF/RPN2/SPARC/SLC25A24/ATP6V0B/DYNC1H1/STOM/KIF3C/XPO6/ACLY/TSC1/HMGCS1/DDX39A/KDM4B/ANXA4/YKT6/DTL/TFCP2/RNGTT/EIF2S2/ATP13A1"
"KUMAR_TARGETS_OF_MLL_AF9_FUSION","KUMAR_TARGETS_OF_MLL_AF9_FUSION",384,0.552419524727166,1.58308778932533,7.83145819317796e-06,0.000480057055850679,0.000371194214725346,2387,"tags=25%, list=13%, signal=22%","HSPA4/MAPK3/ISG15/AKT1/LGR5/PPIC/LGALS3BP/HNRNPA2B1/IRF4/HDAC7/MEF2C/ENO1/USP18/LCK/SPTLC2/PCBP2/GNB4/AQP9/CTSB/IGLL5/XPO1/ITSN1/IFIT3/CD5L/POSTN/VCAM1/UBE2B/CCNG2/RB1/COL19A1/RALGPS2/MYL4/CORO2B/CYP2D6/IDH1/PDK1/IFIT2/BLK/CAMK2D/ABCC5/F10/IFIT1B/PLS3/ZAP70/SCD/DSP/GAPDH/FCER1A/ATP1B3/TBXAS1/TRIM5/BASP1/DLAT/F2R/CSNK1A1/PAX5/ARMCX2/SOX4/MMP9/HDC/MR1/C1QC/CD72/GIMAP4/EBF1/FCRLA/ALDH7A1/ELOVL5/RYR1/PES1/FKBP9/RPS6KB2/RHOB/CMTR1/NAV1/HMGCS1/RPS6KC1/FASN/BMAL1/VPREB1/RSAD2/EIF2S2/CD9/RNF11/TPI1/PRKCA/CIB1/MYO1D/BLNK/MTDH/PHTF2/TCF7/MEIS1/ITM2A/CMPK2/MS4A1"
"WEIGEL_OXIDATIVE_STRESS_BY_HNE_AND_TBH","WEIGEL_OXIDATIVE_STRESS_BY_HNE_AND_TBH",58,0.787962248241366,1.86539267598824,8.45972242413357e-06,0.000502127506971104,0.000388259735734642,1859,"tags=45%, list=10%, signal=40%","IGF1R/CTTN/HTT/S100A1/CTSL/PPP3CA/ITSN1/CAPN2/MYLK/ATR/REL/SMAD1/EZR/GAK/DST/YBX3/CLU/MLH1/NME2/CDKN1C/BRAF/TNFRSF1A/STAT6/BCL2L1/ERCC5/RXRB"
"WP_EGFR_TYROSINE_KINASE_INHIBITOR_RESISTANCE","WP_EGFR_TYROSINE_KINASE_INHIBITOR_RESISTANCE",83,0.737032218843224,1.84197499943993,8.50390048210005e-06,0.000502127506971104,0.000388259735734642,1140,"tags=35%, list=6%, signal=33%","EGFR/IGF1R/AXL/SRC/MAPK3/MYC/NRAS/JAK2/AKT1/MAPK1/GSK3B/PTEN/MRAS/MAP2K1/RRAS/SHC1/FOXO3/RAF1/PDGFRB/HGF/HRAS/GAS6/SOS1/BCL2/PLCG1/AKT2/MTOR/BRAF/MAP2K2"
"REACTOME_INTERFERON_SIGNALING","REACTOME_INTERFERON_SIGNALING",273,0.588360993559797,1.64553541330232,8.43161064753716e-06,0.000502127506971104,0.000388259735734642,1895,"tags=35%, list=11%, signal=32%","HSPA5/EGR1/TUBB1/TUBA1A/KPNA2/RANBP2/MAPK3/TUBA4A/ISG15/TUBA1C/UBA52/JAK2/MAPK1/CAMK2G/TUBA1B/OASL/TRIM14/EIF4A1/STAT1/CDK1/TUBA8/HSPA8/TUBB3/IFIH1/RIGI/PPP2CB/IRF4/IFI27/IFIT5/XAF1/MX1/TUBB2B/USP18/IFIT1/HLA-DRB5/ACTG1/IFI44L/TP53/IFIT3/EIF2AK2/PTPN11/NUP93/HLA-DRA/TYK2/IFI44/VCAM1/RAF1/ACTB/SP100/KPNA1/HSPA1A/CAMK2A/NUP205/IFI35/EIF2S1/IFIT2/CAMK2D/IFI30/UBE2L6/IFI6/SNCA/UBE2E1/NUP155/STAT2/PLCG1/TRIM5/HLA-DPB1/TRIM22/TUBB4B/EIF4G1/FLNB/UBB/PTPN2/IRF3/TRIM38/TUBA3C/SAMHD1/NCAM1/HLA-DPA1/PIN1/TRIM26/HSPA1L/PPP2R1B/PTAFR/ILF3/HERC5/CD44/NUP37/HLA-DRB1/NCK1/IRF7/IRF8/SEC13/NUP62/HLA-DQB1"
"JIANG_MELANOMA_TRM3_CD8","JIANG_MELANOMA_TRM3_CD8",408,0.547826397097341,1.57812959969665,8.72140384331009e-06,0.00051020212483364,0.000394503267415226,2212,"tags=26%, list=12%, signal=23%","HSPA5/KPNA2/LDHA/ISG15/RHOA/HAVCR2/TUBA1B/OASL/BIRC3/STAT1/PRDX1/VDAC1/YWHAB/HNRNPA2B1/NIBAN1/PDIA6/MX1/ENO1/PSMB2/HLA-DRB5/ACTG1/TMPO/MDH2/CTSB/ATP5F1B/PDIA3/LAP3/HLA-DRA/PPIB/UBE2B/ACTB/HNRNPA1/SP100/ANXA5/PSMC5/HNRNPA3/S100A4/PPP1CC/CREM/TUBB/PARK7/VIM/PPM1G/PSMC3/CALR/FKBP1A/ARF5/TALDO1/CD74/SMC4/UBE2L6/IFI6/ATP5IF1/RGS1/XRCC6/LAG3/SUMO2/IFI16/GAPDH/IDH2/MTHFD2/NDUFA12/CAPZB/GEM/HLA-DPB1/ARF1/AHI1/HNRNPC/RBM3/ARID5B/TRIM22/MYL6/RAC1/UBB/NAMPT/PSMA4/PRDX3/RGS2/SIRPG/VAMP5/NDUFV2/HLA-DPA1/BSG/TPM4/GZMH/NHP2/ZFP36L1/H2AZ2/HLA-DRB1/RAN/HLA-DQB1/SLC25A3/SP140/SMC1A/STMN1/HNRNPR/PSME2/PKM/ATP5MC3/TPI1/ILF2/SEC61G/NASP/TPM3/HIF1A/PSMD8"
"DER_IFN_BETA_RESPONSE_UP","DER_IFN_BETA_RESPONSE_UP",103,0.711586678003585,1.83691950975024,9.82524966326303e-06,0.000569503920848586,0.000440357157771161,1722,"tags=37%, list=10%, signal=34%","ISG15/OASL/DDX21/TRIM14/STAT1/DDX1/IFIT5/EPRS1/MX1/PARP1/PPP3CA/IFIT1/IFIT3/EIF2AK2/CASP8/PTPN11/DDX17/IFI44/RBBP4/IFI35/IFIT2/SSBP1/IFI30/HADHB/IFI6/XRCC6/IFI16/LIPA/CTR9/EIF3A/ZFP36L2/TRIM22/CALD1/EPS15/TRIM26/ATP6V0B/SMAD4/PLSCR1"
"TAKEDA_TARGETS_OF_NUP98_HOXA9_FUSION_10D_UP","TAKEDA_TARGETS_OF_NUP98_HOXA9_FUSION_10D_UP",183,0.629741331014351,1.71990850160972,1.05047295058255e-05,0.00060335346379823,0.000466530618531445,2136,"tags=29%, list=12%, signal=26%","ISG15/THBS1/DDX60/OASL/STAT1/LGALS3BP/IFIH1/RIGI/CAV1/IFI27/ALDH1A1/XAF1/MX1/FN1/USP18/IFIT1/IFI44L/SAMD9/PRKAR2B/SAMD9L/IFIT3/EIF2AK2/MCM4/IFI44/KRT18/KIT/PLAAT4/IFIT2/TDRD9/IFI6/ATP10A/AFF3/GEM/CDKN1C/HBB/DBN1/FLNB/SOX4/JCHAIN/NR4A2/NEXN/TMT1B/HERC5/BATF3/CCR6/ITGB7/IRF7/HMGCS1/RSAD2/PALLD/CFP/SLITRK4/MX2"
"WIELAND_UP_BY_HBV_INFECTION","WIELAND_UP_BY_HBV_INFECTION",96,0.717507638509016,1.83199129923029,1.12067995628222e-05,0.000637878915656855,0.000493226711911409,2482,"tags=43%, list=14%, signal=37%","KPNA2/STAT1/AURKA/C1QB/IFI27/PRC1/CD5L/LAP3/HLA-DRA/PLAAT4/RRM2/GPNMB/PBK/MCM6/SLC7A7/CD74/IFI30/UBE2L6/IFI16/WARS1/RAC2/HLA-DPB1/ADA2/TRIM22/FGL2/APOL3/C3AR1/CD48/HLA-DMB/CXCR4/HLA-DPA1/HLA-DRB1/HLA-DQB1/TYMS/PSME2/TPP1/PLAC8/RGL1/RFX5/GIMAP5/BTN3A3"
"PUJANA_BREAST_CANCER_LIT_INT_NETWORK","PUJANA_BREAST_CANCER_LIT_INT_NETWORK",100,0.705664687012784,1.81406800768522,1.25304935870017e-05,0.00070059874763431,0.000541723528060317,1254,"tags=39%, list=7%, signal=36%","KPNA2/CCNB1/MYC/JAK2/AKT1/STAT1/CDK1/BUB1B/AURKA/RBBP8/RAD51/PLK1/CHEK1/ESR1/TP53/ATR/RBBP4/TP53BP1/MSH2/SMARCA4/RB1/CHEK2/BARD1/CDC25A/HDAC1/BRCA2/CCNA2/HDAC2/CDK4/PLK3/ABL1/XRCC6/RBBP7/MLH1/MCM3/TUBG1/MSH6/BLM/CCNE1"
"REACTOME_M_PHASE","REACTOME_M_PHASE",366,0.551990300160618,1.58185059426406,1.24653203378383e-05,0.00070059874763431,0.000541723528060317,1979,"tags=32%, list=11%, signal=29%","TUBB1/TUBA1A/YWHAE/RANBP2/CCNB1/MAPK3/TUBA4A/TUBA1C/PCNT/UBA52/MAPK1/PSMD14/TUBA1B/YWHAG/PSMC2/CDK1/TUBA8/BUB1/HSP90AA1/BUB1B/KIF20A/CCNB2/CDC20/TUBB3/H2BC21/PPP2CB/H3-3A/NUMA1/PPP2R2D/VRK2/PSMD1/SMC2/BIRC5/TUBB2B/PSMB2/PLK1/KIF23/TMPO/PRKAR2B/KNL1/XPO1/PSMA5/MAPRE1/SMC3/CDCA8/PSMD2/NUP93/PLK4/CENPE/CKAP5/RAB2A/NME7/PSMC5/PSMB7/SGO1/PPP1CC/RB1/MAD2L1/TUBB/NUP205/PSMC3/PSMD7/H4C16/AURKB/CSNK2A2/DYNC1I2/RCC2/SMC4/CNTRL/NDC80/PSMA3/H2AC6/ESPL1/PSMD11/H2BC11/UBE2E1/NUP155/TUBGCP2/CEP250/NCAPG/H2BC15/CDC27/NCAPH/TUBG1/PSMC4/TUBB4B/UBB/CSNK1D/NDEL1/UBE2S/ACTR1A/CENPF/TUBA3C/CENPO/CSNK1E/PRKACA/NUF2/PSMA4/DYNLL2/HDAC8/PPP2R1B/DYNC1H1/ALMS1/NUP37/NEK9/H2AZ2/PSMA6/SPAST/H2AJ/SEC13/RAN/NUP62/ODF2/TUBGCP6/UBE2D1/CETN2/SMC1A"
"REN_ALVEOLAR_RHABDOMYOSARCOMA_DN","REN_ALVEOLAR_RHABDOMYOSARCOMA_DN",400,0.55378982299713,1.59267843373989,1.26930486862389e-05,0.000703462119295238,0.000543937571124973,2227,"tags=24%, list=13%, signal=21%","EGFR/AXL/EFEMP1/TAGLN2/THBS1/RHOA/CTTN/LAMA4/CBR1/PPIC/LGALS3BP/GABARAPL1/TGFBR2/CAV1/PTEN/FN1/LRRC59/RRAS/MYLK/OSMR/DUSP1/CNN2/SNX2/ANXA5/PDGFRB/CAT/TXNDC5/ANXA2/KLF6/RRBP1/IDH1/ACTN1/COL6A1/COL8A1/GAS6/TWIST1/ACTR2/VAMP3/PRPS2/EFEMP2/CCPG1/ATP10A/PLS3/STX12/LPAR1/CLU/FTSJ1/CAPZB/SNAP23/PGRMC1/TPST2/ARF1/ARF4/MYO1B/P4HB/CALU/PTPN13/RAC1/GRSF1/MFGE8/APLP2/TNFRSF1A/DPYSL3/ABHD5/NDEL1/IDS/EDIL3/EPAS1/COL6A2/PRDX4/DAB2/PEA15/GNS/CST3/ELOVL5/TPM4/VCAN/STAT6/TGFBI/NPTN/ATP10D/LAMP2/YKT6/GJA1/ACADVL/NT5E/TPP1/PRKCA/WLS/ALG5/ITGA5/STX7/CD151/TPBG"
"MUELLER_PLURINET","MUELLER_PLURINET",297,0.578989098013727,1.63167874681395,1.32026129683116e-05,0.000725340075946024,0.000560854249756834,1830,"tags=30%, list=10%, signal=27%","KPNA2/CCNB1/MYC/HSPA9/TRIP13/HSPD1/CDK1/HSPA8/BUB1B/AURKA/CCNB2/HSP90AB1/RAD51/MYBL2/NME1/SMARCC1/RAD54L/SPAG5/PARP1/ORC1/BIRC5/HNRNPAB/CHEK1/LCK/TPX2/TMPO/TP53/RUVBL1/MTHFD1/PCNA/OTX2/HSPH1/FEN1/MCM4/CENPE/EXO1/KIT/HMMR/TRIM28/NCL/MSH2/FOXO4/CHEK2/ANXA2/HDAC1/CDC45/CCNA2/PXN/MCM6/HDAC2/DAXX/AURKB/WDR33/MCM2/CDC7/PSMA3/SSB/PSMD11/MYB/CTBP2/TCOF1/PHB1/BCL2/MCM3/SYNCRIP/PFDN6/VAMP8/CKS1B/DHCR24/STX3/MSH6/BLM/CCNE1/MYBBP1A/WDR77/TUBA3C/PRNP/CASP9/SIRT1/PPID/MCM10/STRBP/SMARCAD1/BYSL/PLSCR1/PSMA6/ERCC5/POLD1"
"REACTOME_MAPK_FAMILY_SIGNALING_CASCADES","REACTOME_MAPK_FAMILY_SIGNALING_CASCADES",306,0.571145001678065,1.61175978663501,1.48077452614487e-05,0.000806511504843386,0.000623618382562462,1810,"tags=27%, list=10%, signal=25%","EGFR/SRC/MAPK3/MYC/NRAS/UBA52/JAK2/MAPK1/CAMK2G/PSMD14/PSMC2/DUSP5/CDK1/IRS2/CDC42/PPP2CB/YWHAB/PSMD1/FN1/PSMB2/ACTG1/MRAS/DUSP6/MAP2K1/XPO1/PSMA5/RASGRP3/PSMD2/PTPN11/SHC1/TYK2/FOXO3/RAF1/KIT/DUSP1/ACTB/DUSP10/IRS1/PSMC5/PSMB7/PDGFRB/PPP1CC/CAMK2A/ARRB2/PTK2/HGF/HRAS/PSMC3/PSMD7/CDC14B/SPTAN1/CAMK2D/FOXO1/MAPK6/PSMA3/PTPN3/PSMD11/ITGB3/SOS1/CSK/PHB1/AGO4/PRKACG/MOV10/PSMC4/BRAF/MAP2K2/RAC1/UBB/FLT3LG/PEA15/PIK3R1/NCAM1/PRKACA/PSMA4/ITGA2B/KRAS/PPP2R1B/DLG4/FGF10/PSMA6/BCL2L1/EGF/RASGRP4"
"WP_CELL_CYCLE","WP_CELL_CYCLE",120,0.690443115988006,1.79969194847687,1.53806557344557e-05,0.000818039991565204,0.000632532547084206,1125,"tags=35%, list=6%, signal=33%","CUL1/YWHAE/CCNB1/MYC/YWHAG/CDK1/GSK3B/BUB1/CCNB2/CDC20/YWHAB/ORC1/PLK1/CHEK1/CDC6/TP53/SMC3/PCNA/MCM4/FZR1/CDK6/ATR/RB1/CHEK2/CDC25A/HDAC1/CDC45/CCNA2/MCM6/HDAC2/CDC14B/MCM2/CDC7/CDK4/ESPL1/ABL1/MCM7/CDKN2D/MCM3/CDC27/CDKN1C/E2F5"
"REACTOME_INTRACELLULAR_SIGNALING_BY_SECOND_MESSENGERS","REACTOME_INTRACELLULAR_SIGNALING_BY_SECOND_MESSENGERS",298,0.574327680073079,1.61789525986619,1.52245410811936e-05,0.000818039991565204,0.000632532547084206,1806,"tags=30%, list=10%, signal=27%","EGFR/EGR1/KPNA2/SRC/MAPK3/UBA52/AKT1/MAPK1/CAMK2G/CHD4/PSMD14/PSMC2/SGK1/GSK3B/IRS2/EZH2/PPP2CB/PRKCE/PTEN/EED/HDAC7/PSMD1/PSMB2/GSK3A/LCK/ESR1/TP53/PRKAR2B/PSMA5/PSMD2/PTPN11/FOXO3/KIT/CHD3/RBBP4/IRS1/HDAC5/PSMC5/PSMB7/FOXO4/PDGFRB/CAMK2A/HDAC1/PREX2/HGF/PSMC3/PSMD7/XIAP/HDAC2/CSNK2A2/CAMK2D/FOXO1/PSMA3/PSMD11/RBBP7/PLCG1/RAC2/AGO4/AKT2/MTOR/NR4A1/PRKACG/MOV10/PSMC4/RAC1/ITPR1/UBB/FLT3LG/TNKS2/MAPKAP1/PRKAR1A/PIK3R1/CASP9/PRKACA/PSMA4/ITPR3/CAMK4/PPP2R1B/TNKS/PHLPP2/FGF10/STRN/RPS6KB2/FOXO6/LAMTOR1/RICTOR/PSMA6/EGF"
"RUTELLA_RESPONSE_TO_CSF2RB_AND_IL4_DN","RUTELLA_RESPONSE_TO_CSF2RB_AND_IL4_DN",311,0.568675547255649,1.60721478123061,1.54078440956409e-05,0.000818039991565204,0.000632532547084206,3317,"tags=37%, list=19%, signal=31%","EGR1/TUBA4A/SGK1/STAT1/C1QA/SCARB2/CTSL/PLIN2/MEF2C/S100A12/SPTLC2/AQP9/DUSP6/CD163/EIF2AK2/CYBB/ATRX/ICAM3/HNRNPA1/PLAAT4/ANXA5/PINK1/SLC7A7/EPB41L3/IFI6/CD2AP/RHOQ/TCF7L2/MAFB/HADHA/HDAC9/CCR5/STK17B/LILRB4/CCL2/PSTPIP1/S100A9/CDKN1C/ZNF185/RASGRP2/IMPA2/APLP2/PPM1F/ITGA4/SORL1/ITPR1/PPIF/NAMPT/NR1H3/ACAT1/KLF10/C3AR1/F2RL1/DAB2/CD48/GNS/NR4A2/RNF138/RGS2/TMX4/GSR/SPARC/CCRL2/VCAN/PLSCR1/SETD1B/AMPD2/ALOX5/MYOF/CLEC4E/ZNF395/RSAD2/ACADVL/CX3CR1/CFP/MX2/MS4A4A/FCN1/PLAC8/CLEC5A/VMP1/LTA4H/FDX1/NRG1/TSPAN3/TM9SF4/TFEB/BTN3A3/CYP27A1/SPHK1/SLC43A3/ACAA2/MCL1/ETS2/MITF/LILRA2/NKTR/C5AR1/CXCL5/MFHAS1/SLC30A1/ITGAL/FPR1/BCAT1/PACSIN2/VWA5A/SMAD3/C3/NLRP3/ARHGEF40/ARGLU1/CTSD/FBP1/ABCC3/SUN2/TCIRG1"
"GERHOLD_ADIPOGENESIS_DN","GERHOLD_ADIPOGENESIS_DN",62,0.775427927910263,1.85331315119882,1.6320431191149e-05,0.000859270702213997,0.000664413343492304,2053,"tags=47%, list=12%, signal=41%","TUBA1A/CCT5/THBS1/HGFAC/HSPA8/THBD/GAS7/FN1/CASP8/ANXA5/PDGFRB/ANXA2/TUBB/GAS6/DDB1/CDK4/EEF2/CCL2/SDC1/SAE1/SOX4/CXCL12/SAMHD1/UBTF/VCAN/CD44/CCT2/CD9/CCL7"
"FARMER_BREAST_CANCER_APOCRINE_VS_LUMINAL","FARMER_BREAST_CANCER_APOCRINE_VS_LUMINAL",315,0.567810385379948,1.60638864158734,1.81027449547357e-05,0.000945232583669587,0.000730881594910207,1527,"tags=17%, list=9%, signal=16%","EGFR/IGF1R/TUBA4A/NRAS/THBS1/TBL1X/OASL/KMO/ENO2/ALDH1A3/RBBP8/DIP2C/PLAAT3/SPTLC2/ESR1/PRKAR2B/MANSC1/EIF2AK2/ULK2/KIT/KCNMA1/ACSL3/CYP2J2/IFI35/IDH1/MYL6B/MIA3/ABCC5/CLU/SCD/IDH2/BCL2/MYH10/TRPS1/ELOVL2/PGRMC1/RALGPS1/AGPS/S100A9/DHCR24/NAAA/APLP2/PCSK6/PPIF/PKP2/NAMPT/GFUS/AKR1D1/ACADM/NPEPPS/CCNDBP1/ACAD8/TMX4"
"MORI_LARGE_PRE_BII_LYMPHOCYTE_UP","MORI_LARGE_PRE_BII_LYMPHOCYTE_UP",86,0.726037596215807,1.82635800023844,1.83816657532611e-05,0.000951929214992653,0.000736059626927392,1402,"tags=48%, list=8%, signal=44%","TUBA1A/KPNA2/CCNB1/TOP2A/CDK1/AURKA/CCNB2/CDC20/MYBL2/CDKN3/SMARCC1/PRC1/SMC2/HNRNPAB/KIF23/TMPO/CDCA7/IGLL5/MKI67/CENPE/RBBP4/SMARCA4/MELK/RRM2/RACGAP1/TUBB/CCNA2/MCM6/ASF1B/MCM2/SMC4/XRCC6/MCM7/MCM3/NCAPH/LGALS9/RRM1/CKS1B/TUBB4B/UBE2S/PRDX4"
"OSMAN_BLADDER_CANCER_UP","OSMAN_BLADDER_CANCER_UP",391,0.545217558625591,1.56430299832031,1.95640871124634e-05,0.00100492603558165,0.000777038325108622,3053,"tags=31%, list=17%, signal=26%","HSP90B1/YWHAE/UBQLN2/LDHA/HAVCR2/HSP90AA1/WDR41/SCARB2/BRD7/GAS7/RIPK2/ENO1/TMPO/SMC3/PDIA3/PCNA/CYBB/SERBP1/EIF2S1/CALR/DHX36/FNIP1/LILRB1/RAB10/SOS1/RHOQ/TCF7L2/SYNCRIP/RAD23B/NDUFS1/AGPS/P4HB/CSNK1A1/TUBB4B/EIF4G1/ERAP1/BLM/GLUD1/SAE1/RIF1/NAMPT/RAB14/RAP2A/TNKS2/ACTR1A/C3AR1/SAMHD1/CD48/DIAPH2/PRNP/PIK3R1/MR1/FXR1/SOCS2/DYNLL2/MAP3K2/SDHC/APPL1/TMX1/BSG/TPM4/GZMH/STRN/PLSCR1/CD44/SMG1/GRK3/KTN1/MARCHF1/SRP72/MOB1A/UBA6/FCRL2/NCKAP1L/RPS6KC1/GANAB/TYMS/PKM/TPP1/ERGIC1/UBE2W/MS4A4A/MTDH/RMDN1/ARIH1/MRPS10/ABRAXAS2/KHDRBS1/JAZF1/BICD2/NNT/LPGAT1/CHD9/UBXN7/TM9SF4/TMED7/APOBEC3C/CYP1B1/SLC1A4/IFNAR2/ALDH3B1/ABCB10/THUMPD3/RNPC3/NRIP1/FOXN2/ATXN1/COQ2/SEC24A/TTC33/TIPRL/MACROH2A1/LILRA2/NKTR/SAP30/UHMK1/MAGT1/KYNU/ELF1/ANKRD17"
"BURTON_ADIPOGENESIS_PEAK_AT_24HR","BURTON_ADIPOGENESIS_PEAK_AT_24HR",43,0.815675059109455,1.85648562082444,2.02160851360598e-05,0.00103004214427118,0.000796458838000455,655,"tags=40%, list=4%, signal=38%","KPNA2/CCNB1/TOP2A/CDK1/BUB1/KIF20A/CDC20/ANLN/PRC1/SNRNP70/KIFC1/HMMR/MELK/CAD/RACGAP1/CCNA2/AURKB"
"GAL_LEUKEMIC_STEM_CELL_DN","GAL_LEUKEMIC_STEM_CELL_DN",220,0.612450615433364,1.68405438060138,2.06867575880096e-05,0.00104559147552836,0.000808482037608023,2198,"tags=30%, list=12%, signal=27%","CCNB1/TOP2A/LAMA4/CDK1/BUB1/BUB1B/KIF20A/CCNB2/CDC20/C1QA/RAD51/SIRPA/CDKN3/S100A12/MAPK13/SMC2/ORC1/BIRC5/TUBB2B/PLK1/CDC6/KIFC1/PLAA/CD163/CDCA8/FEN1/CD93/HMMR/MELK/RRM2/CDC45/CCNA2/PPP1R12B/ASF1B/IFI30/LILRB1/ESPL1/MAFB/NCAPG/LILRB4/NR4A1/S100A9/PALB2/FGL2/MMP9/COL6A2/C3AR1/SAMHD1/SLC11A1/VAMP1/ITGA2B/ONECUT2/VCAN/LRP2/P2RX5/TYMS/SMC1A/MEGF6/CX3CR1/TPI1/LIG1/ADAP2/MS4A4A/FCN1/CLEC5A/GTSE1"
"SENESE_HDAC3_TARGETS_UP","SENESE_HDAC3_TARGETS_UP",468,0.53351195236682,1.54466919604525,2.19873097834855e-05,0.00110250653342906,0.000852490431956191,2349,"tags=25%, list=13%, signal=22%","HSPA4/TUBA1A/RANBP2/ATF3/CHD4/OASL/BIRC3/STMN2/GSK3B/BCL6/TGFBR2/ARF3/SUPT16H/HSP90AB1/SCARB2/UEVLD/SMARCC1/EPRS1/FN1/PPP3CA/CD180/IFIT1/FMNL2/IFIT3/MCM4/PTPN11/CDK6/LTBP2/CASK/PDK4/KRT6B/CDK17/BRCC3/KCNMA1/RB1/CREM/KLF6/EZR/IFIT2/ACTR2/CAMK2D/VAMP3/GCH1/KDM1B/DST/ITGB3/SCD/NFKB2/IFI16/HEATR1/HDAC9/GEM/SNAP23/CDC27/MAP2/CCL2/NR6A1/CDKN1C/MYO1B/COPA/E2F5/FCHO2/NCEH1/RGS4/EIF4G1/DPYSL3/SEC61A1/MYO6/NAMPT/ZBTB20/IDS/PDP1/MMP9/TFAM/TNKS2/MAPKAP1/EDIL3/F2RL1/TNIK/FXR1/NR4A2/ANTXR2/MAP3K2/PPTC7/RGS16/NFKBIA/HAS2/STRN/GTDC1/BMAL2/CD44/RHOB/PARP8/SMG1/BCL2L1/CREBRF/PTPN12/SUPT6H/ANXA4/STIP1/ABCA3/UBASH3B/ATP6V1A/TPP1/CD46/SQSTM1/PLD1/TFRC/DNAJC13/PHTF2/MICAL2/TGFBR1/CNTNAP3/GNA13/EXOC5/AKIRIN1"
"RIGGINS_TAMOXIFEN_RESISTANCE_DN","RIGGINS_TAMOXIFEN_RESISTANCE_DN",215,0.609956358249097,1.67239605507533,2.28866341782382e-05,0.00113856499793786,0.000880371895741429,1952,"tags=24%, list=11%, signal=21%","IGF1R/HSPA4L/RANBP2/ISG15/DDX60/STAT1/LGALS3BP/TMEM123/IFIH1/SCARB2/IFI27/IFIT5/SMARCA5/KLF4/ESR1/LTBP3/EIF2AK2/PTPN11/LAP3/COL3A1/CASK/PLAAT4/ZBTB18/UBE2K/PYGL/PEG10/UBE2L6/IFI6/SHTN1/DSP/ELOVL2/BASP1/ARID5B/NAMPT/RBM47/NFE2L3/ACADM/PRNP/PIK3R1/CISH/RGS2/CXCR4/ZFP36L1/APBB2/NAA15/MYOF/HMGCS1/UBA6/PTPN12/LAMP2/GJA1"
"WP_PI3KAKT_SIGNALING","WP_PI3KAKT_SIGNALING",322,0.560150795690878,1.5898255173528,2.34831877655796e-05,0.00115911547111666,0.000896262125164927,1809,"tags=26%, list=10%, signal=24%","EGFR/IGF1R/HSP90B1/MAPK3/MYC/NRAS/THBS1/JAK2/AKT1/MAPK1/LAMA4/SGK1/GSK3B/HSP90AA1/PPP2CB/HSP90AB1/PPP2R2D/PTEN/CSF3R/FN1/COL1A2/GNB4/TP53/MAP2K1/CDK6/FOXO3/OSMR/RAF1/KIT/CSF1R/IRS1/GNB3/COL2A1/PDGFRB/PTK2/HGF/HRAS/COL6A1/COL6A3/THBS3/FASLG/CDK4/ITGB3/SOS1/MYB/LPAR1/GNB2/BCL2/AKT2/GNB5/MTOR/CREB5/F2R/MAP2K2/GNGT2/EIF4E1B/RAC1/ITGA4/COL4A6/CCNE1/FLT3LG/COL6A2/SYK/PIK3R1/CASP9/NTRK1/G6PC2/CCNE2/ITGB5/ITGA2B/KRAS/PPP2R1B/PPP2R2B/LAMA1/PHLPP2/FGF10/GNG11/RPS6KB2/COL9A1/ITGB7/BCL2L1/EGF/TSC1"
"SHEPARD_BMYB_TARGETS","SHEPARD_BMYB_TARGETS",75,0.737034248470267,1.81922080587573,2.6817767004483e-05,0.00130593179898587,0.00100978482182793,1495,"tags=37%, list=8%, signal=34%","CCNB1/KIF14/FOXM1/CDK1/KIF11/CDC20/GOLGB1/ANLN/NUMA1/CTSL/PRC1/BIRC5/TPX2/KIF23/MKI67/DDX17/MELK/CDC14B/AURKB/ATP1A1/TTN/PARPBP/ASPM/ARID5B/TOX3/BMS1/HEY1/PLP1"
"REACTOME_S_PHASE","REACTOME_S_PHASE",149,0.641515935528377,1.71178639764605,2.68710246704912e-05,0.00130593179898587,0.00100978482182793,2447,"tags=44%, list=14%, signal=38%","CUL1/MYC/UBA52/AKT1/PSMD14/PSMC2/GSK3B/PSMD1/ORC1/PSMB2/CDC6/PSMA5/SMC3/PCNA/FEN1/MCM4/PSMD2/FZR1/RBBP4/PSMC5/PSMB7/RB1/CDC25A/CDC45/CCNA2/MCM6/MAX/PSMC3/PSMD7/POLA1/MCM2/PSMA3/CDK4/PSMD11/MCM7/UBE2E1/MCM3/AKT2/CDC27/GINS1/PSMC4/POLD3/E2F5/CKS1B/CCNE1/UBB/UBE2S/PSMA4/CCNE2/POLE/PSMA6/POLD1/UBE2D1/SMC1A/ESCO2/LIG1/CDC23/RFC1/PSMD8/PSMB4/PSMB6/GINS2/CDC25B/CDKN1B/RFC2"
"KEGG_OOCYTE_MEIOSIS","KEGG_OOCYTE_MEIOSIS",108,0.688376610690406,1.78462261390939,2.76857801116055e-05,0.00133525770034445,0.00103246047005192,1672,"tags=35%, list=9%, signal=32%","CUL1/IGF1R/YWHAE/CCNB1/MAPK3/MAPK1/CAMK2G/YWHAG/CDK1/BUB1/AURKA/CCNB2/CDC20/PPP2CB/YWHAB/PPP3CA/PLK1/MAP2K1/SMC3/SGO1/PPP1CC/CAMK2A/MAD2L1/PPP3CC/CAMK2D/PPP3R1/ESPL1/CDC27/PRKACG/ITPR1/CCNE1/PPP3CB/PRKACA/ITPR3/CCNE2/FBXO43/PPP2R1B/AR"
"FINETTI_BREAST_CANCER_KINOME_RED","FINETTI_BREAST_CANCER_KINOME_RED",16,0.935806158253833,1.80832782447453,3.13515536688194e-05,0.0015005993642394,0.00116030750061396,763,"tags=69%, list=4%, signal=66%","CDK1/BUB1/BUB1B/AURKA/PLK1/CHEK1/PLK4/MELK/PBK/AURKB/CDC7"
"PID_AURORA_B_PATHWAY","PID_AURORA_B_PATHWAY",39,0.813434405745637,1.82619799779388,3.27474692542572e-05,0.00153258156109924,0.00118503707453417,1071,"tags=51%, list=6%, signal=48%","RHOA/BUB1/AURKA/KIF20A/SMC2/BIRC5/KIF23/CDCA8/MYLK/NCL/SGO1/PPP1CC/RACGAP1/VIM/AURKB/SMC4/NDC80/PSMA3/NCAPG/NCAPH"
"ICHIBA_GRAFT_VERSUS_HOST_DISEASE_35D_UP","ICHIBA_GRAFT_VERSUS_HOST_DISEASE_35D_UP",137,0.65986738987187,1.74472716536421,3.2703200453631e-05,0.00153258156109924,0.00118503707453417,2265,"tags=35%, list=13%, signal=31%","UBD/STAT1/MSR1/C1QA/C1QB/SIRPA/BIRC5/PLK1/LCK/SPTLC2/RRAS/CD5L/MCM4/CYBB/VCAM1/CSF1R/S100A4/CD74/LILRB1/NCF4/SCD/IFI16/WARS1/ATP1B3/CCL2/S100A9/RBM3/LITAF/STX3/FGL2/NAMPT/HCK/SAMHD1/C1QC/HLA-DMB/DCLRE1A/LRG1/HLA-DRB1/CTSS/TLR6/HLA-DQB1/CD68/PKM/CFP/PTPN1/PLAC8/NCOA3/CYP26A1"
"HELLER_HDAC_TARGETS_DN","HELLER_HDAC_TARGETS_DN",289,0.569918038191205,1.60175142499838,3.24068575874309e-05,0.00153258156109924,0.00118503707453417,2569,"tags=29%, list=15%, signal=25%","CUL1/HSPA5/HSP90B1/ATF3/MYC/HSPA9/HSPD1/MYBL2/PDIA4/ANK3/SUMO3/MAPK13/HNRNPAB/CD180/SIK1/PLK1/MYL2/DUSP6/PDIA3/RASGRP3/CAPN2/HSPH1/HLA-DRA/DDX17/HSPA1A/SULF1/RHOH/DNAJB4/HGF/CALR/PPP1R15A/TMPRSS15/CCPG1/PHF11/MYB/UBE2E1/CTBP2/AK1/BCL2/HBB/TMPRSS3/MBP/ECPAS/RRS1/NSD2/DCC/ERAP1/SDC1/KANK1/PPIF/CD48/TNS3/SETBP1/ITGB5/TCF4/PNO1/CD44/ITGB7/BCL2L1/HDGF/P2RX5/RAN/ZEB2/PAK1IP1/PPRC1/TYMS/GJA1/SLC47A1/CCR2/TPP1/GTSE1/TNFRSF17/BLNK/KIAA1549L/SERPINH1/CEBPG/NOP14/ST7/CDKN1B/PBX1/DDIT3/SLC1A4/OGT/CFLAR"
"ICHIBA_GRAFT_VERSUS_HOST_DISEASE_D7_UP","ICHIBA_GRAFT_VERSUS_HOST_DISEASE_D7_UP",112,0.676772421709938,1.76270764314243,3.45168730000037e-05,0.00160310213135103,0.0012395656506223,2175,"tags=38%, list=12%, signal=33%","ISG15/STAT1/LGALS3BP/MSR1/C1QB/IFI27/USP18/IFIT3/CD5L/HLA-DRA/KRT18/VCAM1/IFI35/CD74/MARCO/IFIT1B/IFI16/WARS1/CCL2/LITAF/FGL2/NAMPT/HCK/SAMHD1/C1QC/HLA-DMB/GIMAP4/SLC11A1/NFKBIA/NEK9/HLA-DRB1/IRF7/IRF8/CTSS/HLA-DQB1/RPS6KC1/PSME2/PKM/CCL7/PTPN1/PLAC8/CRYBG1"
"TOYOTA_TARGETS_OF_MIR34B_AND_MIR34C","TOYOTA_TARGETS_OF_MIR34B_AND_MIR34C",428,0.531895102692356,1.53064627758056,3.47617904392356e-05,0.00160310213135103,0.0012395656506223,2040,"tags=23%, list=12%, signal=21%","TAGLN2/CCNB1/LDHA/KIF14/TRIP13/HSPD1/DDX21/FOXM1/BUB1B/AURKA/KIF11/TICRR/RAD51/MYBL2/RAD54L/PRKAG1/XPO5/HNRNPAB/PLK1/ATP2A2/ESR1/SNRNP70/CDCA7/ABCF1/KIFC1/MKI67/FEN1/PLK4/CENPE/MDN1/RBBP4/MSL1/MAP3K21/RAD54L2/HNRNPA3/MELK/RRM2/BARD1/CDC25A/TUBB/CCNA2/AURKB/CCNF/ASF1B/CDK4/DNM1L/PTPN3/XRCC6/MYB/PARPBP/TCF7L2/NCOR1/MCM3/DCTN5/SNU13/POLD3/NOL10/AFG3L2/NSD2/PPP4R1/PATJ/ARHGAP11A/RIF1/ZBTB20/UBE2S/USP14/PARM1/RIOK1/CENPF/GPR157/CENPO/KIF15/BRIP1/CCNE2/SHMT1/SAMD1/HDAC8/BMP6/STRBP/PIGX/ILF3/PRPF19/ALMS1/MNS1/SYNE2/NAV1/POLE/XPO6/GRK3/MPHOSPH9/RAN/BCCIP/TOMM40/DTL/EIF2S2/TCF19/MANEA"
"KARLSSON_TGFB1_TARGETS_UP","KARLSSON_TGFB1_TARGETS_UP",121,0.663361520900313,1.73195050061173,3.5966186364961e-05,0.00164662583662191,0.00127321945781681,2004,"tags=33%, list=11%, signal=30%","MYC/HSPA9/HSPD1/DDX21/GTPBP4/HSPH1/IDH3A/CHD3/CDK17/NCL/EIF2B3/RRM2/ANXA2/PTK2/CDC34/KLF6/ACTN1/EIF2S1/PMEPA1/TPM1/YBX3/EIF3B/SYNCRIP/EIF3A/DLAT/TCP1/EIF4G1/MYBBP1A/WDR77/PPA1/UTP18/GARS1/TPM4/CD44/NAA15/PPRC1/UCHL3/CCT2/EIF2S2/CYCS"
"BROWNE_INTERFERON_RESPONSIVE_GENES","BROWNE_INTERFERON_RESPONSIVE_GENES",66,0.742998973561561,1.79397612036109,3.6716220035271e-05,0.00166887106606361,0.00129042012255731,2278,"tags=47%, list=13%, signal=41%","ISG15/OASL/TRIM14/STAT1/IFI27/IFIT5/XAF1/MX1/IFI44L/IFIT3/EIF2AK2/IFI44/SP100/PLAAT4/MELK/IFI35/IFIT2/IFI30/UBE2L6/GCH1/IFI6/WARS1/TRIM22/SAMHD1/PLSCR1/IRF7/RSAD2/TDRD7/MX2/RGL1/CCL8"
"GAVIN_FOXP3_TARGETS_CLUSTER_P6","GAVIN_FOXP3_TARGETS_CLUSTER_P6",92,0.711235262394279,1.79950047565537,3.86294753059532e-05,0.00173092925519867,0.00133840533702821,2069,"tags=42%, list=12%, signal=38%","CCNB1/CDK1/BUB1/BUB1B/AURKA/KIF20A/CCNB2/CDC20/TGFBR2/RAD51/RAD54L/SPAG5/BIRC5/PLK1/TPX2/CDCA8/CENPE/IFI44/HMMR/RRM2/PBK/CCNA2/AURKB/ASPM/NCAPG/ABHD4/CKS1B/RASGRP2/CENPF/NUF2/MCM10/MYO1F/AR/CEP55/H1-2/IRF8/TYMS/CCR2/TPI1"
"REACTOME_REGULATION_OF_PLK1_ACTIVITY_AT_G2_M_TRANSITION","REACTOME_REGULATION_OF_PLK1_ACTIVITY_AT_G2_M_TRANSITION",87,0.700036693866371,1.76429152940109,3.8401247857002e-05,0.00173092925519867,0.00133840533702821,1479,"tags=33%, list=8%, signal=31%","CUL1/TUBA1A/YWHAE/CCNB1/TUBA4A/PCNT/UBA52/YWHAG/CDK1/HSP90AA1/AURKA/CCNB2/PLK1/PRKAR2B/MAPRE1/PLK4/CKAP5/TUBB/PPP1R12B/DYNC1I2/CNTRL/CEP250/TUBG1/TUBB4B/UBB/CSNK1D/ACTR1A/CSNK1E/PRKACA"
"BENPORATH_ES_1","BENPORATH_ES_1",372,0.547599826214332,1.5688957168119,4.02207639806731e-05,0.00178954075232319,0.00138372546800818,1632,"tags=22%, list=9%, signal=21%","HSPA4/SOX2/KPNA2/CCNB1/L1TD1/HSPD1/DDX21/ACTC1/CDK1/BUB1/HSPA8/BUB1B/CDC20/RBBP8/EPHA1/DDX18/PLAAT3/EPRS1/PARP1/ORC1/BIRC5/TUBB2B/HNRNPAB/CHEK1/LCK/CDC6/TMPO/RUVBL1/MTHFD1/TEAD4/FEN1/MCM4/GART/MDN1/HMMR/MSH2/MAP7/RRM2/CHEK2/CDC25A/SERBP1/CCNA2/MCM6/DNMT3A/PDK1/AURKB/LIN28A/RCC2/FOXO1/MCM2/JARID2/ARL5B/SSB/MCM7/PARPBP/HESX1/CRMP1/MTHFD2/MCM3/ADA2/NCAPH/TRIM22/TUBB4B/MFGE8/MSH6/NOC3L/SORL1/PRDM14/PTPN2/NFE2L3/AEN/WDHD1/TFAM/DIAPH2/FXR1/SIRT1/ITPR3/RNF138/MCM10/NLN/TMX1/PPP2R1B/PPP2R2B"
"WP_ALZHEIMERS_DISEASE","WP_ALZHEIMERS_DISEASE",254,0.578748165051673,1.61334768110847,4.20527011422183e-05,0.00184506226261483,0.00142665633041692,1539,"tags=31%, list=9%, signal=28%","TUBB1/TUBA1A/MAPK3/TUBA4A/TUBA1C/NRAS/AKT1/MAPK1/PSMD14/TUBA1B/PSMC2/GSK3B/IRS2/TUBA8/TUBB3/VDAC1/ERN1/IRS4/PSMD1/PPP3CA/TUBB2B/PSMB2/ATP2A2/MAP2K1/PSMA5/TNF/CASP7/EIF2AK2/CASP8/CAPN2/PSMD2/CYBB/ULK2/RAF1/IRS1/KLC4/PSMC5/PSMB7/TUBB/HRAS/PSMC3/PSMD7/EIF2S1/CSNK2A2/PPP3CC/PSMA3/APBB1/PPP3R1/SNCA/ULK1/GAPDH/AKT2/WNT4/MTOR/RTN3/PSMC4/GNAQ/BRAF/CSNK1A1/MAP2K2/TUBB4B/AGER/WNT7A/APAF1/TNFRSF1A/ITPR1/PPIF/AMBRA1/WNT7B/PPP3CB/TUBA3C/CSNK1E/PIK3R1/CASP9/NOX4/PSMA4/ITPR3/PPID"
"WP_ALZHEIMERS_DISEASE_AND_MIRNA_EFFECTS","WP_ALZHEIMERS_DISEASE_AND_MIRNA_EFFECTS",254,0.578748165051673,1.61334768110847,4.20527011422183e-05,0.00184506226261483,0.00142665633041692,1539,"tags=31%, list=9%, signal=28%","TUBB1/TUBA1A/MAPK3/TUBA4A/TUBA1C/NRAS/AKT1/MAPK1/PSMD14/TUBA1B/PSMC2/GSK3B/IRS2/TUBA8/TUBB3/VDAC1/ERN1/IRS4/PSMD1/PPP3CA/TUBB2B/PSMB2/ATP2A2/MAP2K1/PSMA5/TNF/CASP7/EIF2AK2/CASP8/CAPN2/PSMD2/CYBB/ULK2/RAF1/IRS1/KLC4/PSMC5/PSMB7/TUBB/HRAS/PSMC3/PSMD7/EIF2S1/CSNK2A2/PPP3CC/PSMA3/APBB1/PPP3R1/SNCA/ULK1/GAPDH/AKT2/WNT4/MTOR/RTN3/PSMC4/GNAQ/BRAF/CSNK1A1/MAP2K2/TUBB4B/AGER/WNT7A/APAF1/TNFRSF1A/ITPR1/PPIF/AMBRA1/WNT7B/PPP3CB/TUBA3C/CSNK1E/PIK3R1/CASP9/NOX4/PSMA4/ITPR3/PPID"
"EINAV_INTERFERON_SIGNATURE_IN_CANCER","EINAV_INTERFERON_SIGNATURE_IN_CANCER",27,0.862737214909348,1.81890180603423,4.37624792497279e-05,0.00190683685448125,0.00147442225915054,772,"tags=48%, list=4%, signal=46%","ISG15/STAT1/MX1/IFIT1/IFI44L/IFIT3/EIF2AK2/IFI44/SP100/IFI35/IFI30/UBE2L6/IFI6"
"KEGG_CHEMOKINE_SIGNALING_PATHWAY","KEGG_CHEMOKINE_SIGNALING_PATHWAY",176,0.622109495879071,1.68885288132655,4.51592628491861e-05,0.0019542207032956,0.0015110608427042,2053,"tags=32%, list=12%, signal=28%","MAPK3/NRAS/JAK2/AKT1/MAPK1/RHOA/STAT1/GSK3B/CDC42/BCAR1/GSK3A/GNB4/MAP2K1/SHC1/FOXO3/RAF1/PRKCZ/GNB3/ARRB2/PTK2/PXN/TIAM1/HRAS/ROCK2/SOS1/CSK/STAT2/GNB2/RAC2/CCR5/AKT2/GNB5/CCL2/PRKACG/STAT5B/BRAF/GNGT2/RASGRP2/RAC1/CXCR2/HCK/CXCL12/PIK3R1/PRKACA/CXCR4/KRAS/CCL13/NFKBIA/GNG11/CCR6/GRK3/SOS2/WASL/CCR2/CX3CR1/CCL7"
"PID_CXCR4_PATHWAY","PID_CXCR4_PATHWAY",99,0.690332961627234,1.77475777783798,4.73317718471486e-05,0.00202889287898349,0.00156879956204702,1890,"tags=37%, list=11%, signal=34%","SRC/JAK2/AKT1/CD4/RHOA/STAT1/CDC42/BCAR1/PTEN/LCK/GNAZ/PTPN11/HLA-DRA/PRKCZ/ARRB2/PTK2/PXN/BLK/FOXO1/RGS1/CSK/STAT2/MTOR/STAT5B/RAC1/ITGA4/UBQLN1/HCK/MMP9/MAPKAP1/CXCL12/PIK3R1/CXCR4/RHOB/LIMK1/RICTOR/ITGA8"
"SHAFFER_IRF4_TARGETS_IN_MYELOMA_VS_MATURE_B_LYMPHOCYTE","SHAFFER_IRF4_TARGETS_IN_MYELOMA_VS_MATURE_B_LYMPHOCYTE",100,0.689505967511093,1.77252842573835,4.75270886498191e-05,0.00202889287898349,0.00156879956204702,2569,"tags=42%, list=15%, signal=36%","HSP90B1/ATF3/LDHA/MYC/DUSP5/HSP90AA1/SLAMF7/VDAC1/CAV1/DNAJC10/PDIA4/CYP51A1/UBE2B/HDAC5/GAA/TXNDC5/PDK1/CANX/CCPG1/YARS1/F12/NR4A1/GRSF1/ITGA4/NAMPT/BMP6/KRAS/GARS1/EIF2S2/LDLR/CYCS/SORT1/TNFRSF17/GNG7/AMPD1/PAICS/TM9SF4/UAP1/DDIT3/MXI1/ATP5F1D/CFLAR"
"REACTOME_G2_M_CHECKPOINTS","REACTOME_G2_M_CHECKPOINTS",136,0.654585897686085,1.73012285118228,4.80410477614242e-05,0.00203706939434012,0.00157512188386273,1548,"tags=38%, list=9%, signal=35%","YWHAE/CCNB1/UBA52/PSMD14/YWHAG/PSMC2/CDK1/CCNB2/RBBP8/H2BC21/YWHAB/PSMD1/ORC1/PSMB2/CHEK1/CDC6/TP53/PSMA5/MCM4/PSMD2/ATR/EXO1/TP53BP1/PSMC5/BRCC3/PSMB7/CHEK2/BARD1/CDC25A/CDC45/CCNA2/MCM6/PSMC3/PSMD7/H4C16/MCM2/CDC7/PSMA3/RNF8/PSMD11/H2BC11/MCM7/H2BC15/MCM3/PSMC4/NSD2/BLM/UBB/KAT5/PSMA4/BRIP1/MCM10"
"SEITZ_NEOPLASTIC_TRANSFORMATION_BY_8P_DELETION_UP","SEITZ_NEOPLASTIC_TRANSFORMATION_BY_8P_DELETION_UP",70,0.740191847595757,1.79696158991451,4.90481697609861e-05,0.00206590891033273,0.00159742144463675,1246,"tags=34%, list=7%, signal=32%","ISG15/DDX60/OASL/ALDH1A3/IFIH1/RIGI/IFI27/MX1/KLF4/COL1A2/IFIT1/IFI44L/SLIT2/SAMD9/IFIT3/IFI44/CH25H/PLAAT4/ABCG2/IFIT2/CLU/NDP/ZFP36L2/SORL1"
"REACTOME_ESTROGEN_DEPENDENT_NUCLEAR_EVENTS_DOWNSTREAM_OF_ESR_MEMBRANE_SIGNALING","REACTOME_ESTROGEN_DEPENDENT_NUCLEAR_EVENTS_DOWNSTREAM_OF_ESR_MEMBRANE_SIGNALING",24,0.877973701184342,1.83543038927589,5.0050282542527e-05,0.0020941568549913,0.00161926358508099,993,"tags=42%, list=6%, signal=39%","EGFR/MAPK3/AKT1/MAPK1/FOS/XPO1/FOXO3/PTK2/BCL2/AKT2"
"REACTOME_REGULATION_OF_EXPRESSION_OF_SLITS_AND_ROBOS","REACTOME_REGULATION_OF_EXPRESSION_OF_SLITS_AND_ROBOS",156,-0.588649055121018,-1.79866098083609,5.19266349437896e-05,0.00215837157615041,0.00166891629344964,1371,"tags=47%, list=8%, signal=44%","RPL12/RPS19/RPL22/RPS8/RPL28/PSMA2/SLIT1/HOXA2/PSMB5/RPL22L1/RPL10A/RPL37A/PABPC1/RPLP0/MSI1/RPL41/ROBO1/RPL29/RPS10/RPS21/PSMC1/RPS3/RPL27A/RPL13A/RPL37/RPS29/RPS17/RPL24/RPL32/RPL15/RPL8/RPS27L/RPL39L/RPL35/RPS3A/RPL39/COL4A5/EIF4A3/GSPT1/RPL38/RPL10/RPL36A/RPL27/RPS25/RPL9/RPS23/RPS13/RPL23A/PSMC6/RPS18/RPL5/RPL34/RPL35A/UBC/RPS6/RPS20/RPL14/RPS12/RPS24/RPL30/RPS7/RPS27/RPS4X/RPL31/RPL7/RPS27A/RPL6/RPL26/RPL17/RPL4/RPL11/RPL23/RPL3L/RPS4Y1"
"REACTOME_DEUBIQUITINATION","REACTOME_DEUBIQUITINATION",241,0.588550627674283,1.63598473141712,5.52333678470057e-05,0.00228081318991753,0.00176359174529036,1717,"tags=32%, list=10%, signal=29%","MYC/UBA52/PSMD14/RHOA/PSMC2/BIRC3/NEDD8/CDK1/CDC20/TGFBR2/H2BC21/IFIH1/VDAC1/VCP/RIGI/FKBP8/PTEN/PSMD1/RIPK2/PSMB2/USP18/ESR1/TP53/RUVBL1/PSMA5/PSMD2/SMAD1/ACTR8/ACTB/INO80/PSMC5/BRCC3/H2AC21/PSMB7/FOXO4/ARRB2/UCHL1/BARD1/CDC25A/CCNA2/KAT2A/PSMC3/PSMD7/DDB2/STAMBPL1/PSMA3/RNF123/H2AC6/FOXK1/KDM1B/PSMD11/H2BC11/CFTR/H2BC15/USP28/USP25/RAD23B/UFD1/MBD6/TAB1/PSMC4/ADRB2/STAM2/MYSM1/UBB/USP14/TNKS2/PSMA4/NFKBIA/TNKS/TRAF3/AR/IDE/USP21/SMAD4/RHOT1"
"ZHANG_BREAST_CANCER_PROGENITORS_UP","ZHANG_BREAST_CANCER_PROGENITORS_UP",426,0.52432635164276,1.50871920656979,5.60568350400721e-05,0.00229978625833231,0.00177826227902238,1602,"tags=19%, list=9%, signal=18%","NRAS/TOP2A/TRIP13/EFTUD2/BUB1/BUB1B/AURKA/RBBP8/VDAC1/EZH2/DNAJA1/YWHAB/ANLN/HNRNPA2B1/RAD51/BRD7/SMARCA5/PARP1/SMC2/CHEK1/CDC6/TMPO/CDCA7/MTHFD1/XPO1/CSTF2/CDCA8/BCL11A/CDC73/ATR/HNRNPU/IDH3A/UBE2B/TP53BP1/NME7/HNRNPA3/EIF4H/SGO1/ACSL3/MELK/RRM2/CDC25A/SERBP1/PBK/CCNA2/PARK7/PDK1/ATAD2/POLA1/SSBP1/PRPS2/MCM2/SMC4/FH/ZFAND4/NCBP1/SSB/MYB/NUP155/CD2AP/ADK/BCL2/NCAPG/SYNCRIP/TRPS1/DLAT/PWP1/POLD3/TTC3/CHCHD4/RIF1/EPS8/CENPF/TMTC4/SNRPB2/CAPRIN1/DNAJC9/TNIK/MLLT3/SHMT1/PIN1/STRBP"
"SCHUETZ_BREAST_CANCER_DUCTAL_INVASIVE_UP","SCHUETZ_BREAST_CANCER_DUCTAL_INVASIVE_UP",342,0.54341608130878,1.54688437858695,5.69543710096391e-05,0.00232153365186387,0.00179507800241586,1933,"tags=26%, list=11%, signal=23%","AXL/TLR7/AHNAK2/LAMA4/SGK1/PPIC/MSR1/MYL9/C1QA/TGFBR2/BGN/C1QB/MERTK/PTEN/FN1/COL1A2/MEF2C/CD163/HSD17B11/HLA-DRA/COL3A1/POSTN/CH25H/SLAMF8/CD93/SAMD4A/PDGFRB/SULF1/S100A4/GPNMB/SLC7A7/HEG1/COL6A1/COL6A3/CDH11/TWIST1/CD74/IFI30/EFEMP2/PMEPA1/ANKRD6/COL11A1/RGS1/PLS3/GPX7/IFI16/MAFB/GEM/HLA-DPB1/CPVL/GIMAP6/F2R/TRIM22/TGM2/CALD1/RGS4/HCLS1/DPYSL3/FGL2/ISLR/MEIS2/HEY1/COL6A2/C3AR1/DAB2/PRNP/NOX4/HLA-DMB/GIMAP4/NID1/TNS3/RGS2/HLA-DPA1/SPARC/TFEC/TCF4/ADGRL4/DNM3/VCAN/HLA-DRB1/ALOX5/TGFBI/IRF8/ZEB2/CTSS/HLA-DQB1/ATP10D/QKI"
"WP_SPINAL_CORD_INJURY","WP_SPINAL_CORD_INJURY",112,0.668439413365335,1.74100365960497,5.80018761713885e-05,0.00234907598494123,0.0018163745432619,2230,"tags=36%, list=13%, signal=31%","EGFR/EGR1/MAPK3/MYC/MAPK1/RHOA/CDK1/CDC42/FOS/C1QB/PPP3CA/TP53/SLIT2/TNF/FOXO3/COL2A1/RB1/VIM/FKBP1A/ROCK2/CDK4/ROS1/NR4A1/CCL2/E2F5/MBP/RAC1/MMP9/NOX4/VCAN/RHOB/CCNG1/GJA1/CCR2/TNFSF13B/BCAN/PRKCA/NCAN/RTN4/NOS1"
"QI_PLASMACYTOMA_UP","QI_PLASMACYTOMA_UP",249,0.581474767055703,1.62004472101494,6.34313711669229e-05,0.00255260766262814,0.00197375121411793,2236,"tags=31%, list=13%, signal=27%","AXL/CD4/TUBA8/TUBB3/IL1R2/LCK/GATA1/GNB4/TNF/CASP7/CD5L/KIT/CSF1R/CNN2/SP100/SNX2/ANKRD1/RB1/IFI35/CD22/ARF5/MARCO/BLK/ACTR2/RGS1/ITGB3/MYB/LAG3/CLU/ZAP70/BCL2/RAC2/CCR5/TRIM5/STK17B/PDLIM7/PSTPIP1/LGALS9/PTPN13/TGM2/APAF1/CNP/PCSK6/HCLS1/FGL2/NR1H3/HCK/CISH/CD40/CD244/RGS16/NFKBIA/ZFP36L1/GNG11/PLSCR1/LIMK1/ITGB7/CLEC4E/IRF8/MOB1A/PAK1IP1/UBE2D1/RSAD2/PLEC/CCR2/TNFSF13B/UBASH3B/MTPN/PTPN1/NFKBIE/PLAC8/ARRB1/CIB1/RGL1/SLAMF1/CNR2"
"WP_FOCAL_ADHESION_PI3KAKTMTORSIGNALING","WP_FOCAL_ADHESION_PI3KAKTMTORSIGNALING",296,0.561219627345148,1.58046263793595,6.46723781929175e-05,0.00258607649001806,0.00199963029442592,1809,"tags=26%, list=10%, signal=23%","EGFR/IGF1R/HSP90B1/MAPK3/NRAS/THBS1/JAK2/AKT1/MAPK1/LAMA4/GSK3B/IRS2/HSP90AA1/PPP2CB/HSP90AB1/PPP2R2D/PTEN/CSF3R/IRS4/FN1/COL1A2/GNB4/MAP2K1/FOXO3/COL3A1/OSMR/RAF1/KIT/CSF1R/RAB2A/IRS1/GNB3/COL2A1/PDGFRB/PTK2/HGF/HRAS/THBS3/FOXO1/RAB10/COL11A1/ITGB3/SOS1/LPAR1/ULK1/RAB11B/GNB2/AKT2/MTOR/CREB5/F2R/MAP2K2/GNGT2/EIF4E1B/ITGA4/COL4A6/RAB14/EPAS1/COL6A2/ITGAX/PIK3R1/CASP9/ITGB5/ITGA2B/KRAS/PPP2R1B/SLC2A2/PPP2R2B/LAMA1/PHLPP2/FGF10/GNG11/RPS6KB2/ITGB7/EGF/TSC1"
"WP_RETINOBLASTOMA_GENE_IN_CANCER","WP_RETINOBLASTOMA_GENE_IN_CANCER",87,0.69277533813166,1.74599084812686,6.54283002168224e-05,0.00259984906144581,0.00201027965115043,1254,"tags=45%, list=7%, signal=42%","CCNB1/MYC/TOP2A/CDK1/CCNB2/DNMT1/ANLN/MAPK13/SMC2/ORC1/CHEK1/TP53/SMC3/PCNA/MCM4/CDK6/PLK4/RAF1/RBBP4/RB1/RRM2/BARD1/CDC25A/HDAC1/CDC45/CCNA2/MCM6/POLA1/PRMT2/CDC7/CDK4/ABL1/RBBP7/MCM7/MCM3/RRM1/POLD3/MSH6/CCNE1"
"WP_APOPTOSISRELATED_NETWORK_DUE_TO_ALTERED_NOTCH3_IN_OVARIAN_CANCER","WP_APOPTOSISRELATED_NETWORK_DUE_TO_ALTERED_NOTCH3_IN_OVARIAN_CANCER",53,0.775336931610693,1.8061649612127,6.66077281564015e-05,0.0026138361893922,0.00202109490927662,854,"tags=34%, list=5%, signal=32%","CUL1/HSPA5/THBS1/AKT1/MAPK1/HSPD1/ERN1/RIPK2/BIRC5/TNF/CASP7/ANXA5/HDAC1/PTK2/SERBP1/VIM/ABL1/YBX3"
"WP_P53_TRANSCRIPTIONAL_GENE_NETWORK","WP_P53_TRANSCRIPTIONAL_GENE_NETWORK",88,0.703428239280372,1.77714044550945,6.63476807839372e-05,0.0026138361893922,0.00202109490927662,2480,"tags=35%, list=14%, signal=30%","ISG15/THBS1/AURKA/NOTCH1/PTEN/PRKAG1/TNF/PCNA/ULK2/MSH2/CDC25A/FASLG/PRKAG2/DDB2/ULK1/PRKAG3/MLH1/MTOR/CCL2/APAF1/CCNE1/TIGAR/CCNG1/ERCC5/TSC2/POLH/PRKAA1/RPTOR/POLK/IRF5/TP53I3"
"WILCOX_RESPONSE_TO_PROGESTERONE_UP","WILCOX_RESPONSE_TO_PROGESTERONE_UP",150,0.641948917897798,1.71690337307446,6.74329168436022e-05,0.00262988375690049,0.0020335033597866,1540,"tags=26%, list=9%, signal=24%","CCNB1/TOP2A/SGK1/CDK1/KIF20A/CCNB2/CDC20/THBD/PRC1/SMC2/CYP51A1/CDC6/SAMD9/HSD17B11/NSDHL/HMMR/MAP7/RRM2/PBK/KLF6/IDH1/PEG10/ARHGEF3/NDC80/SCD/ASPM/CYB5B/NCAPG/HBB/INSIG1/PCSK6/RIF1/IFT74/WDHD1/FDPS/CENPF/MUC5B/RGS2/SHMT1"
"WHITFIELD_CELL_CYCLE_G2_M","WHITFIELD_CELL_CYCLE_G2_M",197,0.599194038526363,1.63893107935291,7.39190791635024e-05,0.00286266402186851,0.00221349589735122,2470,"tags=28%, list=14%, signal=25%","CCNB1/KIF14/TRIP13/FOXM1/BUB1/HSPA8/BUB1B/AURKA/CCNB2/DNAJA1/ANLN/SPAG5/MAPK13/BIRC5/PLK1/TPX2/MKI67/MCM4/CENPE/CKAP5/GLI1/CNN2/HMMR/PBK/CCNA2/GOT1/GAS6/SMARCB1/CTNND1/CDKN2D/CDC27/AHI1/STAT5B/E2F5/CKS1B/TUBB4B/ITPR1/PATJ/CENPF/NUF2/PTPN9/HSPA1L/CEP55/CREBRF/ODF2/KIF20B/RRP1/CNTROB/GTSE1/QRICH1/PPP1R10/DUSP4/VANGL1/DLGAP5/CDC25B/FGA"
"FISCHER_G2_M_CELL_CYCLE","FISCHER_G2_M_CELL_CYCLE",233,0.581414265060601,1.60785680161183,7.43078346923766e-05,0.00286266402186851,0.00221349589735122,1139,"tags=24%, list=6%, signal=23%","KPNA2/CCNB1/KIF14/TOP2A/TRIP13/BIRC3/STAT1/FOXM1/CDK1/BUB1/BUB1B/AURKA/KIF11/KIF20A/CCNB2/CDC20/ANLN/SPAG5/PRC1/BIRC5/CIT/PLK1/TPX2/KIF23/TMPO/BRD8/KIFC1/MKI67/CDCA8/FZR1/PLK4/CENPE/CKAP5/HMMR/SGO1/MELK/CHEK2/MAD2L1/RACGAP1/TUBB/PBK/CCNA2/GOT1/AURKB/CCNF/NDC80/ESPL1/PSMD11/ASPM/CTNND1/CDKN2D/STK17B/CDC27/NCAPH/E2F5/CKS1B"
"SHEPARD_BMYB_MORPHOLINO_DN","SHEPARD_BMYB_MORPHOLINO_DN",196,0.604099673461458,1.65226436671818,7.66394001683592e-05,0.00293459230462845,0.00226911295809477,1244,"tags=23%, list=7%, signal=22%","CCNB1/KIF14/FOXM1/CDK1/KIF11/DNMT1/CDC20/GOLGB1/ANLN/HNRNPA2B1/NUMA1/CTSL/COL1A2/PRC1/BIRC5/CDC6/TPX2/KIF23/MKI67/MCM4/DDX17/WDR76/CCNG2/MSH2/SULF1/MELK/PYGL/CDC14B/AURKB/ATP1A1/MCM2/GCH1/TTN/MTHFD1L/CFB/PARPBP/AQP3/ASPM/MCM3/GINS1/CPVL/CDCA7L/ARID5B/RGS4/TOX3/BMS1"
"REACTOME_AURKA_ACTIVATION_BY_TPX2","REACTOME_AURKA_ACTIVATION_BY_TPX2",72,0.728448700625783,1.78823965518729,7.8273437039313e-05,0.00296126691745138,0.00228973855215538,1694,"tags=38%, list=10%, signal=34%","TUBA1A/YWHAE/TUBA4A/PCNT/YWHAG/CDK1/HSP90AA1/AURKA/PLK1/TPX2/PRKAR2B/MAPRE1/PLK4/CKAP5/HMMR/TUBB/DYNC1I2/CNTRL/CEP250/TUBG1/TUBB4B/CSNK1D/ACTR1A/CSNK1E/PRKACA/DYNC1H1/ALMS1"
"REACTOME_RIBOSOME_ASSOCIATED_QUALITY_CONTROL","REACTOME_RIBOSOME_ASSOCIATED_QUALITY_CONTROL",143,-0.589109411398218,-1.76337321919632,7.78519980360894e-05,0.00296126691745138,0.00228973855215538,1141,"tags=42%, list=6%, signal=40%","RPL22L1/RPL10A/RPL37A/RPLP0/RPL41/RPL29/RPS10/RPS21/PSMC1/RPS3/RPL27A/RPL13A/RPL37/RPS29/RPS17/RPL24/RPL32/RPL15/RPL8/RPS27L/RPL39L/RPL35/RPS3A/UBE2D2/RPL39/RPL38/RPL10/RPL36A/RPL27/RPS25/RPL9/RPS23/RPS13/RPL23A/PSMC6/RPS18/RPL5/RPL34/RPL35A/UBC/RPS6/RPS20/RPL14/RPS12/RPS24/RPL30/RPS7/RPS27/RPS4X/RPL31/RPL7/RPS27A/RPL6/RPL26/RPL17/RPL4/RPL11/RPL23/RPL3L/RPS4Y1"
"LIU_SOX4_TARGETS_UP","LIU_SOX4_TARGETS_UP",133,0.643386486506392,1.69297414860418,8.03354649001359e-05,0.00302118730499439,0.00233607075564869,1292,"tags=13%, list=7%, signal=12%","EGFR/TUBA1A/THBS1/TBL1X/DUSP5/GABARAPL1/RNF213/DDX18/VRK2/ATR/BMPR2/ATRX/HSDL2/DST/MBP/SORL1/SOX4"
"RUTELLA_RESPONSE_TO_HGF_VS_CSF2RB_AND_IL4_UP","RUTELLA_RESPONSE_TO_HGF_VS_CSF2RB_AND_IL4_UP",401,0.534173202909938,1.53640069063805,8.13778247480664e-05,0.0030422786790431,0.00235237922551091,3331,"tags=35%, list=19%, signal=29%","EGR1/TUBA4A/SGK1/KMO/STAT1/PRDX1/SLAMF7/C1QA/SCARB2/CTSL/PLIN2/MEF2C/S100A12/SPTLC2/AQP9/DUSP6/CD163/EIF2AK2/CYBB/LTBP2/SLAMF8/PLAAT4/ANXA5/KCNMA1/PINK1/EIF2B3/PDE4DIP/GPNMB/SLC7A7/EIF2S1/EPB41L3/IFI6/LPAR1/SCD/CD2AP/RHOQ/TCF7L2/MAFB/HADHA/HDAC9/CCR5/LILRB4/CCL2/PSTPIP1/NDP/S100A9/CDKN1C/DHCR24/TGM2/IMPA2/APLP2/CHI3L1/ITPR1/PPIF/NAMPT/NR1H3/RBM47/PPARD/MMP9/ACAT1/KLF10/C3AR1/DAB2/CD48/GNS/NR4A2/TNS3/TMX4/GSR/SPARC/CCRL2/TRAF3/STOM/PLSCR1/PDCD6IP/AMPD2/ALOX5/MYOF/CLEC4E/LAMP2/ZNF395/RSAD2/ACADVL/CD9/CX3CR1/SQSTM1/MX2/MS4A4A/FCN1/CLEC5A/VMP1/TFRC/RGL1/LTA4H/CCL8/FDX1/TSPAN3/GPD2/TM9SF4/TFEB/BTN3A3/CYP1B1/SLC1A4/CYP27A1/SPHK1/SLC43A3/CD63/CCND1/ACAA2/CXCL9/GOT2/ETS2/MITF/NDUFS2/NARS1/CSTF3/LILRA2/C5AR1/CXCL5/SLC12A8/MFHAS1/SLC30A1/KYNU/ITGAL/FPR1/BCAT1/PACSIN2/AKT3/VWA5A/SMAD3/C3/MPZL1/NLRP3/ARHGEF40/CTSD/FBP1/ABCC3/SUN2/TCIRG1/FADS1"
"BILANGES_SERUM_AND_RAPAMYCIN_SENSITIVE_GENES","BILANGES_SERUM_AND_RAPAMYCIN_SENSITIVE_GENES",68,-0.712954285001045,-1.91660056643471,8.36837377502634e-05,0.00307668174485106,0.00237898068640206,902,"tags=50%, list=5%, signal=48%","RPL29/RPS10/RPS3/RPL27A/EIF3F/RPL13A/EEF1B2/RPS17/RPL24/RPL32/RPL15/RPL8/RPS3A/TPT1/RPL10/RPL36A/RPS25/RPS23/RPS13/RPL5/RPS6/RPL14/EIF4B/EEF1A1/RPS24/RPL30/RPS7/RPS4X/RPL7/RPS27A/RPL6/RPL26/RPL4/RPL23"
"GREENBAUM_E2A_TARGETS_UP","GREENBAUM_E2A_TARGETS_UP",33,0.828550331351002,1.81279030971912,8.29563401042413e-05,0.00307668174485106,0.00237898068640206,584,"tags=39%, list=3%, signal=38%","CCNB1/TOP2A/BUB1/AURKA/KIF11/CCNB2/ANLN/EPRS1/MKI67/PLK4/MAD2L1/RACGAP1/CCNA2"
"ENK_UV_RESPONSE_KERATINOCYTE_DN","ENK_UV_RESPONSE_KERATINOCYTE_DN",476,0.513396404020111,1.48921864740374,8.37589838737549e-05,0.00307668174485106,0.00237898068640206,2023,"tags=25%, list=11%, signal=23%","CUL1/HSPA4L/EFEMP1/RND3/RANBP2/TOP2A/TRIP13/HSPD1/BIRC3/DUSP5/GSK3B/DNMT1/BCL6/FOS/RBBP8/TGFBR2/DNAJA1/EPRS1/YME1L1/PARP1/GSK3A/IFIT1/ATP2A2/CYP51A1/TPX2/IFI44L/BRD8/ATP5F1B/RUVBL1/MTHFD1/XPO1/ITSN1/FEN1/DDX17/FOXO3/ATR/IFI44/ATRX/CCNG2/SP100/TP53BP1/IRS1/MACF1/EIF4H/RB1/ACSL3/MAD2L1/FLRT2/MCM6/GOT1/SQLE/ACTR2/ABCC5/ROCK2/CDC7/LAMP3/FH/SSB/UBE2D3/TUBGCP2/CD2AP/PHB1/GAPDH/CYB5B/ATP1B3/UTP3/NDUFS1/TPST2/AGPS/WASF1/RRM1/GNAQ/CSNK1A1/ADRB2/MALT1/GRSF1/TNFRSF1A/AFG3L2/SORL1/ZNF638/RAB14/USP14/ACADM/PRKAR1A/NPEPPS/STT3A/TRIM38/PTOV1/EPS15/RGS2/XPA/SIAH1/ITGB5/TMX1/ELOVL5/KRAS/TBL2/SMAD4/PLSCR1/SCFD1/RPGR/CD44/SMARCA2/H2AZ2/ZNF146/ERCC5/KTN1/NPTN/UBA2/RAPGEF5/LAMP2/FASN/TYMS/SMC1A/HNRNPR/G3BP1/IPO7/ATP6V1A"
"WP_CYCLINDEPENDENT_KINASE_46_INHIBITORS_IN_BREAST_CANCER","WP_CYCLINDEPENDENT_KINASE_46_INHIBITORS_IN_BREAST_CANCER",36,0.813708054840917,1.80677355955703,8.58696400816859e-05,0.00313183031689726,0.00242162318200633,1608,"tags=47%, list=9%, signal=43%","EGFR/IGF1R/MAPK3/NRAS/AKT1/MAPK1/ESR1/CDK6/RAF1/IRS1/HRAS/CDK4/AKT2/MTOR/CCNE1/PIK3R1/KRAS"
"REACTOME_INFLUENZA_INFECTION","REACTOME_INFLUENZA_INFECTION",157,-0.578935654777051,-1.76775357665968,8.62517371225265e-05,0.00313183031689726,0.00242162318200633,1141,"tags=43%, list=6%, signal=41%","RPL22L1/RPL10A/RPL37A/POM121/RPLP0/RPL41/KPNA7/RPL29/RPS10/RPS21/RPS3/MLKL/RPL27A/TPR/RPL13A/RPL37/NUP98/RPS29/RPS17/POLR2A/POLR2K/RPL24/RPL32/RAE1/RPL15/RPL8/RPS27L/POLR2H/RPL39L/RPL35/KPNB1/RPS3A/RPL39/RPL38/RPL10/RPL36A/RPL27/RPS25/RPL9/POLR2I/RPS23/RPS13/RPL23A/RPS18/RPL5/RPL34/RPL35A/RPS6/RPS20/RPL14/RPS12/RPS24/RPL30/RPS7/RPS27/RPS4X/RPL31/RPL7/RPS27A/POLR2C/RPL6/RPL26/RPL17/RPL4/RPL11/RPL23/RPL3L/RPS4Y1"
"REACTOME_RECRUITMENT_OF_MITOTIC_CENTROSOME_PROTEINS_AND_COMPLEXES","REACTOME_RECRUITMENT_OF_MITOTIC_CENTROSOME_PROTEINS_AND_COMPLEXES",80,0.712853752458308,1.77721468437961,8.74067052256475e-05,0.00315563179208938,0.00244002718166755,1954,"tags=38%, list=11%, signal=34%","TUBA1A/YWHAE/TUBA4A/PCNT/YWHAG/CDK1/HSP90AA1/PLK1/PRKAR2B/MAPRE1/CDK11A/PLK4/CKAP5/NME7/TUBB/DYNC1I2/CNTRL/TUBGCP2/CEP250/TUBG1/TUBB4B/CSNK1D/ACTR1A/CSNK1E/PRKACA/DYNC1H1/ALMS1/ODF2/TUBGCP6/CETN2"
"ZHONG_SECRETOME_OF_LUNG_CANCER_AND_FIBROBLAST","ZHONG_SECRETOME_OF_LUNG_CANCER_AND_FIBROBLAST",129,0.658443567260956,1.72621740533483,9.44776529600189e-05,0.00339153301932613,0.00262243293892014,866,"tags=25%, list=5%, signal=24%","HSP90B1/YWHAE/LDHA/UBA52/RHOA/HGFAC/PPIC/PRDX1/LGALS3BP/BGN/VCP/HSP90AB1/YWHAB/FN1/ENO1/PSMB2/MDH2/CTSB/PSMA5/LAP3/C2/VCAM1/ACTB/AGRN/PARK7/GOT1/ACTN1/CALR/PSMA3/ENO3/CFB/CLU"
"SIG_INSULIN_RECEPTOR_PATHWAY_IN_CARDIAC_MYOCYTES","SIG_INSULIN_RECEPTOR_PATHWAY_IN_CARDIAC_MYOCYTES",51,0.772190809508052,1.79283851603223,9.78638796612889e-05,0.00346478652376453,0.00267907469998687,993,"tags=35%, list=6%, signal=33%","YWHAE/MAPK3/AKT1/MAPK1/YWHAG/GSK3B/IRS2/CDC42/YWHAB/PTEN/IRS4/GSK3A/SHC1/RAF1/IRS1/FOXO1/SOS1/AKT2"
"BLANCO_MELO_BRONCHIAL_EPITHELIAL_CELLS_INFLUENZA_A_INFECTION_UP","BLANCO_MELO_BRONCHIAL_EPITHELIAL_CELLS_INFLUENZA_A_INFECTION_UP",129,0.657853071860807,1.72466932515273,9.75008743634799e-05,0.00346478652376453,0.00267907469998687,2564,"tags=27%, list=14%, signal=23%","EGFR/THBS1/BIRC3/CDYL2/XAF1/ERN1/USP18/TNF/EIF2AK2/POSTN/AOC2/RAD54L2/MACF1/IFI35/COL6A1/ROCK2/ARL5B/DHX58/MAFB/ITPR1/DTX3L/EDIL3/SAMHD1/RGS16/ZBTB10/HERC5/PYGM/SIRPB1/ZKSCAN1/KIF17/TFRC/UBXN7/DDIT3/ITGAV/HERC6"
"REACTOME_RHO_GTPASE_CYCLE","REACTOME_RHO_GTPASE_CYCLE",444,0.51623871045644,1.49027379822842,9.81634675140631e-05,0.00346478652376453,0.00267907469998687,2226,"tags=25%, list=13%, signal=22%","RND3/SRC/RHOJ/ANKFY1/KIF14/RHOA/TUBA1B/STMN2/ACTC1/HSP90AA1/CDC42/VCP/HSP90AB1/CAV1/ANLN/VRK2/CIT/LCK/ACTG1/TMPO/OBSCN/ITSN1/FMNL2/CYBB/ABL2/RHOU/ACTB/VAPB/RHOH/JUP/RACGAP1/PREX2/RHOD/TIAM1/VIM/ACTN1/SPTAN1/VAMP3/ARHGEF3/ROCK2/DST/NCF4/SOS1/CSK/CCT6A/ZAP70/CDC42BPB/RHOQ/CFTR/DSP/CAPZB/RAC2/SNAP23/ARHGAP9/UACA/BASP1/ZNF512B/WASF1/MUC13/CKAP4/HNRNPC/CPSF7/PTPN13/DBN1/STAM2/RAC1/RNF20/MYO6/RHOBTB1/ARHGAP11A/PAK6/GOLGA3/TRIP10/SOWAHC/VANGL2/DIAPH2/PIK3R1/SH3PXD2A/TPM4/PAK4/SH3RF1/STOM/SCFD1/RHOB/LAMTOR1/PDE5A/KTN1/NCK1/NCKAP1L/RHOG/ANKRD26/YKT6/SOS2/GJA1/STIP1/WASL/CCT2/MYO9A/PHIP/DOCK5/ARHGAP6/ARHGAP29/SENP1/PAK2/TPM3/HGS/PLD1/CCT7/TFRC/NOX1"
"KEGG_PRION_DISEASES","KEGG_PRION_DISEASES",34,0.819678523501672,1.79987357928859,9.89143837346247e-05,0.00347189486908533,0.00268457108135902,1479,"tags=44%, list=8%, signal=41%","HSPA5/EGR1/MAPK3/MAPK1/C1QA/C1QB/NOTCH1/MAP2K1/HSPA1A/PRKACG/MAP2K2/PRNP/C1QC/NCAM1/PRKACA"
"PID_FOXM1_PATHWAY","PID_FOXM1_PATHWAY",39,0.794428666875933,1.78352923184879,0.000102890183951241,0.00359149271935877,0.0027770476517459,1379,"tags=54%, list=8%, signal=50%","CCNB1/MYC/LAMA4/FOXM1/CDK1/CCNB2/FOS/BIRC5/GSK3A/PLK1/ESR1/MAP2K1/RB1/CHEK2/BRCA2/CCNA2/AURKB/CDK4/CKS1B/CCNE1/CENPF"
"KEGG_GLIOMA","KEGG_GLIOMA",63,0.748622666366599,1.79676259782801,0.000108986213267985,0.00378337854630291,0.00292541940877223,1140,"tags=40%, list=6%, signal=37%","EGFR/IGF1R/MAPK3/NRAS/AKT1/MAPK1/CAMK2G/PTEN/TP53/MAP2K1/SHC1/CDK6/RAF1/PDGFRB/RB1/CAMK2A/HRAS/CAMK2D/CDK4/SOS1/PLCG1/AKT2/MTOR/BRAF/MAP2K2"
"PID_MYC_ACTIV_PATHWAY","PID_MYC_ACTIV_PATHWAY",78,0.726502571287993,1.80830892038859,0.000113545841302172,0.00386262865548612,0.00298669792074626,1540,"tags=42%, list=9%, signal=39%","HSPA4/CCNB1/LDHA/MYC/HSPD1/EIF4A1/HSP90AA1/NME1/DDX18/BIRC5/ENO1/TP53/CDCA7/RUVBL1/NCL/CDC25A/CAD/KAT2A/MAX/EIF2S1/HUWE1/PEG10/CDK4/GAPDH/NME2/EIF4G1/TAF12/MMP9/KAT5/RUVBL2/UBTF/PRDX3/SHMT1"
"PID_AVB3_INTEGRIN_PATHWAY","PID_AVB3_INTEGRIN_PATHWAY",73,0.718327471140196,1.76839642120372,0.00011371461378924,0.00386262865548612,0.00298669792074626,1449,"tags=44%, list=8%, signal=40%","IGF1R/SRC/MAPK3/AKT1/MAPK1/RHOA/HSP90AA1/TGFBR2/BCAR1/FN1/COL1A2/CASP8/PTPN11/COL3A1/CSF1R/IRS1/ILK/COL2A1/PTK2/PXN/COL6A1/COL6A3/COL8A1/COL11A1/ITGB3/RAC1/MFGE8/COL4A6/SDC1/EDIL3/COL6A2/PIK3R1"
"KONG_E2F3_TARGETS","KONG_E2F3_TARGETS",93,0.686295251304298,1.74224999325017,0.000113388575593997,0.00386262865548612,0.00298669792074626,1480,"tags=39%, list=8%, signal=36%","CCNB1/TOP2A/BUB1/BUB1B/AURKA/KIF11/KIF20A/CDC20/RBBP8/EZH2/RAD51/RAD54L/PRC1/SMC2/PLK1/CDC6/TPX2/MKI67/FEN1/UBE2T/HMMR/MELK/RACGAP1/PBK/CCNA2/CCNF/ASF1B/CDC7/MYB/NCAPG/MCM3/NCAPH/CHAF1B/CCNE1/CENPF/NUF2"
"COLINA_TARGETS_OF_4EBP1_AND_4EBP2","COLINA_TARGETS_OF_4EBP1_AND_4EBP2",353,0.538474208520346,1.53478599300624,0.000113307584056828,0.00386262865548612,0.00298669792074626,2115,"tags=21%, list=12%, signal=19%","CCNB1/ISG15/THBS1/TOP2A/STAT1/FOXM1/LGALS3BP/ENO2/KIF20A/CDC20/SCARB2/ANLN/RAD51/S100A1/THBD/BIRC5/USP18/PLK1/TPX2/XPO1/UBE2T/POSTN/IFI44/LTBP2/VCAM1/HMMR/COL2A1/HSDL2/MELK/RACGAP1/PBK/CCNA2/IFI35/ABCG2/AURKB/CDH11/ACSL5/POLA1/IFIT2/RCC2/ASF1B/VAMP3/NDC80/EGFL6/ENO3/ESPL1/GPX7/MTREX/TRIM5/EXOC2/LGALS9/TGM2/ARMCX2/ISLR/NAMPT/UBQLN1/RAP2A/ACADM/NUF2/ALDH7A1/VAMP5/GNG11/PLSCR1/SMARCA2/POLE/ATP1B1/FOXP2/ATP10D/LAMP2/HNRNPR/CNMD/TPP1/PRKCA/TACC3/ILF2"
"WP_ARYL_HYDROCARBON_RECEPTOR_PATHWAY_WP2586","WP_ARYL_HYDROCARBON_RECEPTOR_PATHWAY_WP2586",45,0.791154460668084,1.80477546270951,0.000116190053849264,0.00386362505378762,0.00298746836517691,627,"tags=29%, list=4%, signal=28%","EGFR/SRC/MYC/NRAS/MAPK1/HSP90AA1/ESR1/MAP2K1/TNF/RAF1/RB1/KLF6/HRAS"
"PID_AR_NONGENOMIC_PATHWAY","PID_AR_NONGENOMIC_PATHWAY",31,0.82600999972478,1.78624454146949,0.000114878790456655,0.00386362505378762,0.00298746836517691,1672,"tags=52%, list=9%, signal=47%","SRC/MAPK3/AKT1/MAPK1/CDC42/FOS/MAP2K1/GNAZ/RAF1/PTK2/HRAS/PLCG1/MAP2K2/RAC1/PIK3R1/AR"
"GARGALOVIC_RESPONSE_TO_OXIDIZED_PHOSPHOLIPIDS_TURQUOISE_DN","GARGALOVIC_RESPONSE_TO_OXIDIZED_PHOSPHOLIPIDS_TURQUOISE_DN",53,0.763842910027955,1.77938937733455,0.000115580301909829,0.00386362505378762,0.00298746836517691,1831,"tags=36%, list=10%, signal=32%","BUB1B/AURKA/CDC20/XAF1/PLK1/TMPO/KIFC1/MKI67/BARD1/CCNA2/CCNF/NDC80/ESPL1/RRS1/KIF15/NR2F6/DDX28/PPIL2/NXF1"
"GLASS_IGF2BP1_CLIP_TARGETS_KNOCKDOWN_DN","GLASS_IGF2BP1_CLIP_TARGETS_KNOCKDOWN_DN",117,0.652576057215787,1.70192127260908,0.0001151776761405,0.00386362505378762,0.00298746836517691,2500,"tags=35%, list=14%, signal=30%","MAPK1/TUBA1B/HSPD1/FOXM1/CDK1/AURKA/KIF11/SPAG5/PRC1/CIT/PLK1/TPX2/MKI67/EXO1/SGO1/AARS1/NUP155/CD2AP/HNRNPF/DCTN5/CDCA7L/DLAT/NCAPH/NCEH1/PSMD10/TNKS2/CENPO/DNAJC9/SIRT1/PTPN9/SH3PXD2A/LIMK1/MED1/SENP1/CPSF2/FANCI/MRPS10/AKIRIN1/CLIC4/PODXL/RBPJ"
"XIE_ST_HSC_S1PR3_OE_UP","XIE_ST_HSC_S1PR3_OE_UP",179,0.609171651915258,1.66151928077439,0.000116886225299495,0.00386642498137283,0.00298963335141889,1095,"tags=23%, list=6%, signal=22%","ISG15/DDX60/OASL/STAT1/LGALS3BP/MYL9/IFIH1/RNF213/RIGI/IFI27/XIRP1/IFIT5/XAF1/BCAR1/MX1/USP18/IFIT1/LCK/IFI44L/SAMD9/SAMD9L/IFIT3/EIF2AK2/IFI44/ANKRD45/IFI35/SLC7A7/SEPTIN5/COL6A3/IFIT2/BLK/IFI6/LAMP3/H2AC6/RGS1/IRAK2/DHX58/HDAC9/GSN/MAP2/ABHD4"
"SHIPP_DLBCL_VS_FOLLICULAR_LYMPHOMA_UP","SHIPP_DLBCL_VS_FOLLICULAR_LYMPHOMA_UP",44,0.780424284497437,1.76864234741083,0.000120366602755788,0.00396081352193264,0.0030626173431448,1336,"tags=41%, list=8%, signal=38%","KPNA2/CCNB1/CCT5/LDHA/HSPD1/PRDX1/HSP90AA1/HSP90AB1/CDKN3/NME1/ENO1/MELK/IFI30/MCM7/IDH2/MTHFD2/P4HB/HCK"
"PID_ERBB1_DOWNSTREAM_PATHWAY","PID_ERBB1_DOWNSTREAM_PATHWAY",105,0.666004156854485,1.72326701800716,0.000127614139128353,0.00417754472027427,0.00323020027103728,1806,"tags=36%, list=10%, signal=33%","EGFR/EGR1/YWHAE/SRC/MAPK3/NRAS/AKT1/MAPK1/YWHAG/STAT1/CDC42/FOS/YWHAB/MEF2C/MAP3K1/DUSP6/MAP2K1/CAPN2/SMAD1/RAF1/DUSP1/PRKCZ/HRAS/ACTR2/SOS1/MTOR/ARF4/BRAF/MAP2K2/RAC1/MAPKAP1/EPS8/PIK3R1/MAP3K2/KRAS/RICTOR/BCL2L1/EGF"
"BOYAULT_LIVER_CANCER_SUBCLASS_G3_UP","BOYAULT_LIVER_CANCER_SUBCLASS_G3_UP",186,0.595007890912883,1.621459043775,0.000128543081844147,0.00418626387160473,0.00323694217492504,2201,"tags=33%, list=12%, signal=29%","CCT5/NRAS/PSMD14/TRIP13/BUB1/H2BC21/EZH2/DNAJC10/NME1/BRD7/ENO1/CDC6/LRRC59/XPO1/MAPRE1/NSF/RBBP4/HMMR/PPP1CC/MELK/MAD2L1/CCNA2/EIF2S1/NDC80/PSMD11/NUP155/PHB1/EIF3B/CYB5B/NCAPG/NME2/PGD/MED24/PWP1/PSMC4/CSNK1D/USP14/PRKAR1A/NPEPPS/DUSP3/FXR1/UTP18/TMX1/ADSL/NUP37/CEP55/KLC1/PAK1IP1/CCT2/SMC1A/STMN1/HNRNPR/SNRPD2/IPO7/MED1/TACC3/SEC61G/FANCI/TIPIN/HGS/VMP1"
"PID_CERAMIDE_PATHWAY","PID_CERAMIDE_PATHWAY",44,0.778895943677367,1.76517873364413,0.000130757792004182,0.0042365524609355,0.0032758267891574,1234,"tags=36%, list=7%, signal=34%","MAPK3/MYC/AKT1/MAPK1/BIRC3/AIFM1/MAP3K1/MAP2K1/TNF/EIF2AK2/CASP8/RAF1/PRKCZ/BCL2/MAP2K2/TNFRSF1A"
"JIANG_MELANOMA_TRM5_CD8","JIANG_MELANOMA_TRM5_CD8",185,0.598330851616893,1.63216154186053,0.000132304872153296,0.00424315828560672,0.00328093460680442,1731,"tags=24%, list=10%, signal=22%","HSPA5/HSP90B1/ATF3/KDM6B/LDHA/TUBA4A/UBA52/CHD4/DUSP5/EIF4A1/TMEM123/HSPA8/FOS/DNAJA1/HSP90AB1/PDIA6/ENO1/PDIA3/DUSP1/ACTB/ANXA2/CREM/KLF6/PPP1R15A/GCH1/RGS1/GAPDH/FOSL2/GEM/STK17B/NR4A1/ZFP36L2/LITAF/FGL2/UBE2S/PRKAR1A/KLF10/TESC/CISH/NR4A2/RGS2/NFKBIA/ZFP36L1/CD44"
"TAKEDA_TARGETS_OF_NUP98_HOXA9_FUSION_3D_UP","TAKEDA_TARGETS_OF_NUP98_HOXA9_FUSION_3D_UP",173,0.600124987050498,1.62987265695532,0.0001322153272836,0.00424315828560672,0.00328093460680442,1465,"tags=25%, list=8%, signal=23%","ISG15/DDX60/OASL/STAT1/LGALS3BP/IFIH1/RNF213/RIGI/CAV1/IFI27/IFIT5/ALDH1A1/XAF1/MX1/USP18/IFIT1/IFI44L/SAMD9/SAMD9L/IFIT3/EIF2AK2/IFI44/CH25H/MAP7/IFI35/IFIT2/ARHGEF3/IFI6/H2AC6/DST/STAT2/IFI16/CDKN1C/ARID5B/TRIM22/PTPN13/RHOBTB1/SOX4/ZBTB20/DTX3L/HEY1/JCHAIN/MLLT3"
"BASSO_B_LYMPHOCYTE_NETWORK","BASSO_B_LYMPHOCYTE_NETWORK",141,0.618700889405969,1.63971381848946,0.000136536089613129,0.00435674249583712,0.00336876125409108,2530,"tags=37%, list=14%, signal=32%","CCNB1/HSPA9/PSMD14/TRIP13/CDK1/NME1/PSMD1/HNRNPAB/PSMB2/TPX2/PCNA/FEN1/PSMD2/SP100/SSRP1/PSMB7/S100A4/UCHL1/MAD2L1/SERBP1/CCNA2/EIF2S1/SSBP1/DDB2/PSMA3/TCP1/LGALS9/TUBG1/LITAF/EIF4G1/AFG3L2/ITPR1/ZBTB20/UBE2S/PRDX4/RUVBL2/PRDX3/PES1/GARS1/BYSL/CD44/TOMM40/CYCS/TPP1/MYL12A/RBM5/PAICS/ITM2A/FAM98A/ASNS/CYLD/TIMM17A"
"LIAN_LIPA_TARGETS_3M","LIAN_LIPA_TARGETS_3M",61,0.737589623754639,1.75776034329354,0.000144239727441685,0.00454410579466693,0.00351363605955403,2100,"tags=38%, list=12%, signal=33%","TLR7/MSR1/C1QA/C1QB/IL1R2/CTSB/CD5L/GPNMB/DNMT3A/MARCO/LILRB1/RGS1/MAFB/S100A9/C3AR1/UTRN/C1QC/SLC11A1/CD244/CLEC4E/CLEC6A/CD68/CFP"
"HELLER_HDAC_TARGETS_UP","HELLER_HDAC_TARGETS_UP",298,0.546626189705788,1.53985947731299,0.000143693713465707,0.00454410579466693,0.00351363605955403,2760,"tags=31%, list=16%, signal=26%","TUBA1A/UBD/ISG15/CTTN/TOP2A/BIRC3/STAT1/BCL6/CDC20/H2BC21/FN1/MEF2C/BIRC5/TUBB2B/IFIT1/SNRNP70/PRKAR2B/PRDX2/RRAS/TYK2/CENPE/AGRN/S100A4/PDE4DIP/IFT122/ACSL3/JUP/CDC34/CALCOCO1/CCNF/PEG10/IFI6/LAMP3/ANKRD6/H2AC6/SHTN1/CDKN2D/HLA-DPB1/GSN/PDLIM7/RALGPS1/WASF1/CDKN1C/DBN1/MGST3/FAM20C/APLP2/SOX4/ZBTB20/PPARD/EPAS1/CENPF/UQCRFS1/NCAM1/GNS/NR4A2/HLA-DPA1/VRK3/DNM3/ACSBG1/H2AZ2/PDGFRL/HLA-DRB1/SEC23IP/BRWD1/H2AJ/HBA2/PLEC/SEPTIN4/CD9/EFHC1/ALDOC/CEP131/JUNB/NCOA3/PRPH/G6PD/DLGAP5/FER/SYT11/KIF4A/SMARCD3/SFI1/ALDH4A1/PLPPR2/DNAAF11/MYO9B/PLK2/PFN2/SGK3/ATG4B"
"YOSHIMURA_MAPK8_TARGETS_DN","YOSHIMURA_MAPK8_TARGETS_DN",372,0.52948667791474,1.51700081213002,0.000144565568966137,0.00454410579466693,0.00351363605955403,1998,"tags=24%, list=11%, signal=22%","ANKFY1/MYC/HSPA9/JAK2/AKT1/CTTN/TOP2A/PSMC2/HSPA8/CDC42/KIF11/WDFY1/NR2F2/HTT/NME1/FN1/CYP51A1/MDH2/PLAA/DUSP6/MAP2K1/HSPH1/PPIB/LTBP2/SMAD1/CASK/VCAM1/CHD6/ACTB/PSMC5/MSH2/SMARCA4/HSPA1A/RB1/JUP/SERBP1/MYL4/MAX/PDK1/HUWE1/ASF1B/ROCK2/HADHB/COL11A1/EHMT2/SCD/PHB1/AGTR1/CYB5B/LIPA/MEOX2/PLEKHA7/ARL5A/ACVR1/MAP2/INSIG1/MYH2/LITAF/RAC1/APLP2/MTCH2/ITPR1/FLT3LG/TNKS2/KLF10/SLC27A1/CD48/NR4A2/PLP1/TNS3/DNAJA2/RPN2/BSG/CST3/NR2F6/IDE/MYCBP2/SCFD1/KIF3C/ITGB7/EGF/HMGCS1/NPTN/APMAP/SLC25A3/GRHPR/SMC1A/LDLR/RABEP1"
"PULVER_FOREY_PERTURB_ATTRITION_LG1","PULVER_FOREY_PERTURB_ATTRITION_LG1",439,0.51453196932137,1.48434474814681,0.000149543899145835,0.00467731858813558,0.00361664010388651,2211,"tags=21%, list=12%, signal=19%","EGR1/CHD4/YWHAG/DDX1/DNMT1/RBBP8/YWHAB/FBXO7/CTSL/VRK2/MEF2C/TUBB2B/TIMELESS/PCNA/FZR1/ACTR8/CHD3/INO80/RB1/RRM2/CDC25A/CAD/PBK/NUP205/MCM6/DYNC1I2/LIN28A/SDHA/POLA1/BCKDK/MCM2/SMARCB1/CSTF2T/CDC7/RNF8/KDM1B/MCM7/CSK/STX12/IFT88/ERV3-1/MCM3/MYH10/USP25/CDKN1C/AGPAT4/RTN3/POLD3/RASGRP2/ZMYM4/STX3/HCLS1/CHAF1B/ERC1/GFUS/ANKRD11/PTPN2/WDHD1/AMBRA1/AQP10/EME1/CSNK1E/PRNP/AP2A2/EBF1/RNF138/SREBF2/BRD1/PLSCR1/SMARCA2/POLE/PVR/SEC23IP/TSC1/POLD1/SETX/CAPN10/CCDC32/UBE2D1/RNGTT/RABEP1/SLC12A9/ZNF684/TACC3/UBE2W/SIX4/STK32C/TPM3/OTX1/TIPIN/CBFA2T3"
"NATSUME_RESPONSE_TO_INTERFERON_BETA_UP","NATSUME_RESPONSE_TO_INTERFERON_BETA_UP",68,0.737039220215237,1.7777146219375,0.000154581680788185,0.00481106925724015,0.00372006004945795,1833,"tags=37%, list=10%, signal=33%","HSPA4/HSP90B1/HSPA9/AKT1/MAPK1/STAT1/DNAJA1/TP53/CASP7/EIF2AK2/VCAM1/CREM/FASLG/ENO3/DST/MMP7/NCOR1/FOSL2/APAF1/CASP9/RGS2/FGF10/RPGR/AMPD2/TLX1"
"MOHANKUMAR_HOXA1_TARGETS_UP","MOHANKUMAR_HOXA1_TARGETS_UP",397,0.527026595488738,1.51534120183674,0.000155952103916371,0.00482992839482171,0.00373464248852361,1761,"tags=21%, list=10%, signal=20%","HSP90B1/KPNA2/LDHA/TUBA1C/GNL2/DDX1/CDK1/BUB1/HSPA8/CCNB2/DNMT1/CDYL2/CDC20/ARF3/HNRNPM/PLAAT3/YME1L1/SPAG5/PLK1/CDC6/TXNDC11/LRRC59/RUVBL1/MTHFD1/MAP2K1/XPO1/PCNA/NUP93/IDH3A/MSH2/EIF4H/UBE2K/SULF1/CAT/PPP1CC/RB1/RRM2/CDC25A/TUBB/CALR/PRMT1/ASF1B/BCKDK/METTL14/UBE2L6/HADHB/DNAJA3/GNAS/UBE2D3/CCT6A/CLU/UBE2E1/CORO1C/RHOQ/UBFD1/CYB5B/ATP1B3/MCM3/ELOVL2/PGD/PGRMC1/UFD1/PPM1D/RRM1/TTC3/LITAF/SEPTIN2/TUBB4B/SF3B3/SORL1/RBM47/EPAS1/WDR77/MRPS35/PRDX3/ADIPOR1/RPN2/RGS16/ELOVL5/SNX27/CHD8/AR/ILF3/RHOB/TTC27"
"PID_SYNDECAN_3_PATHWAY","PID_SYNDECAN_3_PATHWAY",17,0.899602350222383,1.76804902796449,0.00016144953941541,0.00497579604891006,0.00384743164275697,410,"tags=24%, list=2%, signal=23%","EGFR/SRC/CTTN/CASK"
"BERTUCCI_MEDULLARY_VS_DUCTAL_BREAST_CANCER_UP","BERTUCCI_MEDULLARY_VS_DUCTAL_BREAST_CANCER_UP",198,0.586641565890021,1.6042526098127,0.000168376734325049,0.00516409809449349,0.00399303231478054,2332,"tags=30%, list=13%, signal=26%","HSPA4/BIRC3/STAT1/FOXM1/PSMB2/MAP2K1/PSMA5/TEAD4/MKI67/LAP3/NUP93/CASS4/VCAM1/HLA-DOB/ANKRD22/DHX34/ACSL5/CASP10/IFI30/STAMBPL1/RGS1/YBX3/LAG3/NFKB2/TCOF1/WARS1/HEATR1/LARS1/ZNF512B/E2F5/NOC3L/PCSK6/ERAP1/PPIF/NR1H3/DTX3L/NFE2L3/DNAJC9/PPA1/MCM10/C1RL/TRAF3/BMAL2/PARP8/CEP55/SEC23IP/GRK3/ITGB7/ISCU/CTSS/SGPL1/ABCA3/XPNPEP1/TMX2/NFKBIE/GTSE1/CLEC2D/RARS1/RFX5"
"CHARAFE_BREAST_CANCER_LUMINAL_VS_BASAL_DN","CHARAFE_BREAST_CANCER_LUMINAL_VS_BASAL_DN",434,0.50596180373687,1.45683910854386,0.000173508514547526,0.00529578161792884,0.00409485388260905,2277,"tags=20%, list=13%, signal=18%","EGFR/AXL/RND3/TUBA4A/RHOA/CBR1/BIRC3/SGK1/IRS2/ALDH1A3/TGFBR2/RIPK4/CAV1/IFI27/SIRPA/SAMD9/FMNL2/IFIT3/HSD17B11/GART/CDK6/IFI44/OSMR/MYO1E/SP100/KRT6B/KPNA1/ANXA2/DNAJB4/ACTN1/FKBP1A/CSNK2A2/ATP1A1/COL8A1/VAMP3/STAMBPL1/ZBTB16/CFB/DST/YBX3/PLS3/CORO1C/IFI16/ATP1B3/RAC2/AGPS/MYO1B/NAV2/TRIM22/CALD1/MBP/ADRB2/MFGE8/PPP4R1/PKP2/NAMPT/NDEL1/PTPN2/PDP1/TRIP10/F2RL1/PRNP/RGS2/KRT6A/PLSCR1/BMAL2/CD44/TGFBI/GNAL/NCK1/GPX8/UBE2E3/SEL1L3/ATP10D/ANXA4/NT5E/DOCK5/UBASH3B/LIPG/WLS/CRYBG1/HIF1A/MYL12A/RGL1/SPATS2L/TOX2"
"WP_GLIOBLASTOMA_SIGNALING","WP_GLIOBLASTOMA_SIGNALING",82,0.696643592424928,1.73982903028212,0.000176910348241309,0.00534794057506501,0.00413518472016073,1254,"tags=34%, list=7%, signal=32%","EGFR/IGF1R/SRC/MAPK3/NRAS/AKT1/MAPK1/PTEN/TP53/MAP2K1/CDK6/FOXO3/RAF1/IRS1/PRKCZ/FOXO4/PDGFRB/RB1/BRCA2/HRAS/FOXO1/CDK4/PLCG1/AKT2/BRAF/MAP2K2/MSH6/CCNE1"
"REACTOME_ONCOGENIC_MAPK_SIGNALING","REACTOME_ONCOGENIC_MAPK_SIGNALING",82,0.696608168992519,1.73974056220931,0.000176910348241309,0.00534794057506501,0.00413518472016073,1140,"tags=30%, list=6%, signal=29%","SRC/MAPK3/NRAS/JAK2/MAPK1/CAMK2G/YWHAB/FN1/ACTG1/MRAS/DUSP6/MAP2K1/RAF1/ACTB/DUSP10/PPP1CC/CAMK2A/ARRB2/HRAS/CAMK2D/ITGB3/CSK/PHB1/BRAF/MAP2K2"
"SASAKI_ADULT_T_CELL_LEUKEMIA","SASAKI_ADULT_T_CELL_LEUKEMIA",163,0.610650628501144,1.64607403957507,0.000177805264974716,0.00534939840052501,0.00413631195362233,1562,"tags=29%, list=9%, signal=27%","CCNB1/ISG15/UBA52/KIF14/TOP2A/STAT1/PRDX1/FOXM1/BUB1B/KIF11/CCNB2/CAV1/IRF4/CDKN3/NME1/PARP1/PSMB2/PLK1/TPX2/MKI67/PCNA/PPIB/RBBP4/CNN2/TRIB2/PPP1CC/BARD1/ANXA2/HDAC1/TUBB/CCNA2/IDH1/MYL6B/DST/MYB/IFI16/MCM3/MED24/LPCAT4/ATP5F1A/DHCR24/POLR2E/PARM1/CENPF/PRDX4/GSTZ1/PPID/VAMP5"
"PID_PI3K_PLC_TRK_PATHWAY","PID_PI3K_PLC_TRK_PATHWAY",36,0.800381887244658,1.77718387180612,0.000186514881533828,0.00558483896460061,0.00431836151258916,1608,"tags=50%, list=9%, signal=46%","EGR1/YWHAE/SRC/NRAS/AKT1/YWHAG/GSK3B/YWHAB/SHC1/FOXO3/CAMK2A/HRAS/SOS1/PLCG1/PIK3R1/NTRK1/CAMK4/KRAS"
"KEGG_PROSTATE_CANCER","KEGG_PROSTATE_CANCER",86,0.690233727439391,1.73629285413565,0.000195212773433779,0.00581770897431421,0.00449842344342684,1672,"tags=38%, list=9%, signal=35%","EGFR/IGF1R/HSP90B1/MAPK3/NRAS/AKT1/MAPK1/GSK3B/HSP90AA1/HSP90AB1/PTEN/TP53/MAP2K1/RAF1/PDGFRB/RB1/HRAS/FOXO1/SOS1/TCF7L2/BCL2/AKT2/MTOR/CREB5/BRAF/MAP2K2/CCNE1/PIK3R1/CASP9/CCNE2/KRAS/NFKBIA/AR"
"ZHAN_MULTIPLE_MYELOMA_LB_DN","ZHAN_MULTIPLE_MYELOMA_LB_DN",37,0.794715353299772,1.76854893104622,0.000208392192791187,0.00618132335236958,0.00477958075979194,2185,"tags=49%, list=12%, signal=43%","DDX60/STAT1/IFI27/IFIT5/XAF1/USP18/DUSP6/SMAD1/IFI35/IFI6/STAT2/BASP1/PARP8/RSAD2/CCR2/TRAF5/MX2/HIF1A"
"YAMASHITA_LIVER_CANCER_WITH_EPCAM_UP","YAMASHITA_LIVER_CANCER_WITH_EPCAM_UP",53,-0.749485289779822,-1.93869488827146,0.000211506074042343,0.00621532732930012,0.00480587363344194,1026,"tags=42%, list=6%, signal=39%","RPLP0/PHF20/PEG3/RPL29/RPS10/TRIM24/RPS3/EIF3F/RPL13A/RPL35/RPS3A/RPL9/RPL23A/RPS12/RPS24/RPS7/RPS4X/RPL31/RPS27A/RPL6/RPL17/RPS4Y1"
"REACTOME_HDMS_DEMETHYLATE_HISTONES","REACTOME_HDMS_DEMETHYLATE_HISTONES",32,-0.776127631325966,-1.84648263220259,0.000210554351726842,0.00621532732930012,0.00480587363344194,336,"tags=31%, list=2%, signal=31%","H4C3/KDM2B/H3C15/H3C14/H3C12/KDM5C/KDM5D/H3C13/KDM6A/UTY"
"SMID_BREAST_CANCER_LUMINAL_A_DN","SMID_BREAST_CANCER_LUMINAL_A_DN",18,0.892412178403086,1.76676313549012,0.000216238886463682,0.0063249874290627,0.00489066604326486,1254,"tags=50%, list=7%, signal=47%","TOP2A/CDC20/MYBL2/TPX2/CDCA8/CDC45/NDC80/NCAPH/CCNE1"
"PUJANA_BRCA_CENTERED_NETWORK","PUJANA_BRCA_CENTERED_NETWORK",116,0.644660550482938,1.6808602186709,0.00022271180843629,0.00648430048709898,0.00501385157871851,1250,"tags=34%, list=7%, signal=31%","TOP2A/CDK1/AURKA/DNMT1/CDC20/RBBP8/EZH2/MYBL2/RAD54L/SMC2/TMPO/KIFC1/DDX46/XPO1/TIMELESS/SMC3/PCNA/MCM4/RBBP4/HMMR/MSH2/PPP1CC/RB1/CHEK2/CAD/MAD2L1/BRCA2/CCNA2/MCM6/POLA1/MCM2/SMC4/NDC80/CDC7/ESPL1/GINS1/RRM1/SEC31A/BLM"
"LIAN_LIPA_TARGETS_6M","LIAN_LIPA_TARGETS_6M",75,0.707263918339629,1.74573873352447,0.000224093324411873,0.00649459460382667,0.00502181129210769,2223,"tags=33%, list=13%, signal=29%","TLR7/MSR1/C1QA/C1QB/IL1R2/CTSB/CD5L/GPNMB/DNMT3A/MARCO/LILRB1/DST/RGS1/MAFB/S100A9/C3AR1/UTRN/C1QC/SLC11A1/CD244/CLEC4E/CLEC6A/CD68/CFP/CD84"
"PUJANA_XPRSS_INT_NETWORK","PUJANA_XPRSS_INT_NETWORK",165,0.604026346042872,1.62922153067197,0.00022896976991101,0.00660562103332312,0.00510766018820956,2198,"tags=39%, list=12%, signal=34%","TOP2A/FOXM1/CDK1/AURKA/DNMT1/CDC20/RBBP8/EZH2/MYBL2/RAD54L/SMC2/TMPO/KIFC1/DDX46/XPO1/TIMELESS/SMC3/MKI67/PCNA/MCM4/PLK4/RBBP4/HMMR/MSH2/PPP1CC/RHOH/RB1/CHEK2/CAD/MAD2L1/BRCA2/CCNA2/MCM6/AURKB/CCNF/POLA1/MCM2/SMC4/CNTRL/NDC80/CDC7/ESPL1/GINS1/RRM1/SEC31A/NSD2/BLM/RIF1/UBE2S/DNAJC9/KATNA1/ILF3/H2AZ2/POLE/NCK1/MPHOSPH9/DDX39A/SMC1A/STMN1/CNOT3/KIF20B/NASP/FANCI/GTSE1"
"CARRILLOREIXACH_MRS3_VS_LOWER_RISK_HEPATOBLASTOMA_DN","CARRILLOREIXACH_MRS3_VS_LOWER_RISK_HEPATOBLASTOMA_DN",158,0.611576926632679,1.64191590386302,0.000230726571214676,0.00662604762242873,0.00512345462682923,2524,"tags=34%, list=14%, signal=29%","AXL/TLR7/MSR1/RERG/NIBAN1/ANK3/MEF2C/GNB4/SLIT2/SAMD9/RRAS/SAMD9L/CH25H/MYOCD/GPNMB/OMD/VIM/LTBP1/IFI16/RHOQ/TANC2/BCL2/GEM/STK17B/LRCH2/CCL2/ARID5B/PTPN13/FPR3/RGS4/SLC9A9/RGS2/HLA-DPA1/SETBP1/NEXN/TCF4/SLC25A24/SH3RF1/PPP1R12A/ZEB2/EPHA3/SEL1L3/CD9/EPB41L2/MFAP4/JUNB/MS4A4A/RGL1/SLC24A3/CLIC4/SPIRE1/RARB/PTGS2"
"WP_CHEMOKINE_SIGNALING","WP_CHEMOKINE_SIGNALING",160,0.607178809820173,1.62963455499854,0.000233927894740195,0.00668758569669028,0.00517103767320431,2053,"tags=31%, list=12%, signal=27%","MAPK3/NRAS/JAK2/AKT1/MAPK1/STAT1/GSK3B/CDC42/BCAR1/GNB4/MAP2K1/SHC1/FOXO3/RAF1/PRKCZ/GNB3/ARRB2/PTK2/PXN/TIAM1/HRAS/ROCK2/SOS1/CSK/STAT2/GNB2/RAC2/AKT2/GNB5/PRKACG/STAT5B/BRAF/GNGT2/RASGRP2/RAC1/CXCR2/HCK/CXCL12/PIK3R1/CXCR4/KRAS/NFKBIA/GNG11/CCR6/SOS2/WASL/CCR2/CX3CR1/CCL7"
"WP_CANCER_PATHWAYS","WP_CANCER_PATHWAYS",489,0.499541625132065,1.45227338811145,0.000245721846744746,0.0069931109357356,0.00540727876122506,1735,"tags=25%, list=10%, signal=23%","CUL1/EGFR/IGF1R/HSP90B1/MAPK3/MYC/NRAS/JAK2/AKT1/MAPK1/CAMK2G/RHOA/LAMA4/BIRC3/STAT1/GSK3B/HSP90AA1/DAPK2/FOS/TGFBR2/HSP90AB1/RAD51/NOTCH1/PTEN/CSF3R/FN1/BIRC5/GNB4/ESR1/TP53/MAP2K1/RASGRP3/CASP7/CASP8/CDK6/RAF1/KIT/CSF1R/GLI1/MSH2/GNB3/PDGFRB/RB1/CAMK2A/HDAC1/JUP/BRCA2/PTK2/CCNA2/HGF/MAX/HRAS/XIAP/HDAC2/DLL1/CAMK2D/FOXO1/FASLG/DDB2/ROCK2/ZBTB16/CDK4/FH/GNAS/ABL1/SOS1/LPAR1/STAT2/CTBP2/NFKB2/AGTR1/TCF7L2/MLH1/GNB2/BCL2/PLCG1/RAC2/GSTT2B/AKT2/WNT4/GNB5/MTOR/PRKACG/STAT5B/GNAQ/F2R/BRAF/CKS1B/MAP2K2/GNGT2/RASGRP2/WNT7A/MGST3/APAF1/RAC1/MSH6/GNA11/COL4A6/DCC/CCNE1/PPARD/FLT3LG/HEY1/WNT7B/EPAS1/CXCL12/PIK3R1/CASP9/NTRK1/PRKACA/CCNE2/CXCR4/APPL1/ITGA2B/KRAS/NFKBIA/TRAF3/AR/STAT6/LAMA1/SMAD4/GNG11/RPS6KB2"
"DE_YY1_TARGETS_DN","DE_YY1_TARGETS_DN",93,0.675029599166654,1.71365066617707,0.000249900524501214,0.00708014131748282,0.00547457320845,2515,"tags=42%, list=14%, signal=36%","EGFR/HSP90B1/TAGLN2/CDK1/RBBP8/NUMA1/PTEN/FN1/OSMR/MACF1/RB1/BARD1/DST/LPAR1/CD2AP/NCOR1/CDC27/HNRNPC/CALD1/GDI2/ITGA4/ERAP1/EPS8/EPAS1/CCNE2/CCNG1/NAA15/EGF/MPHOSPH9/EPHA3/IPO7/HIF1A/RASA1/ARIH1/GNA13/PRKAA1/CLIC4/CYLD/ITGAV"
"VECCHI_GASTRIC_CANCER_ADVANCED_VS_EARLY_UP","VECCHI_GASTRIC_CANCER_ADVANCED_VS_EARLY_UP",170,0.600597598376888,1.62601020607392,0.000277931270394548,0.00783915074264623,0.0060614615878811,1933,"tags=23%, list=11%, signal=21%","AXL/EFEMP1/THBS1/HAVCR2/MSR1/BCL6/BGN/RNF213/ALDH1L2/FN1/COL1A2/GNB4/SLIT2/CD163/ACTL8/LTBP2/SULF1/GPNMB/FMO2/ZNF423/TIAM1/CDH11/COL8A1/TWIST1/EGFL6/COL11A1/MAFB/MYH10/CALD1/HEY1/C3AR1/DAB2/NOX4/SPARC/VCAN/ALOX5/GLIS2/HLA-DQB1/QKI"
"BLANCO_MELO_COVID19_SARS_COV_2_POS_PATIENT_LUNG_TISSUE_UP","BLANCO_MELO_COVID19_SARS_COV_2_POS_PATIENT_LUNG_TISSUE_UP",151,0.609999163200793,1.63263734296885,0.000280422331716906,0.00787425907461073,0.00608860838127795,2179,"tags=27%, list=12%, signal=24%","ISG15/H2BC21/CSF3R/MX1/S100A12/IFIT1/IFI44L/AQP9/SAMD9/TNF/SAMD9L/IFIT3/EIF2AK2/CYP4F3/RHOH/ARRB2/ANKRD22/IFIT2/GCH1/IFI6/LAMP3/HESX1/BASP1/CHI3L1/CEACAM3/BCL2L14/C3AR1/TRIM38/RGS18/TMT1B/TFEC/HERC5/CHI3L2/CLEC4E/SP140/TNFSF13B/CCL7/SIRPB1/MX2/PLAC8/PSTPIP2"
"WU_APOPTOSIS_BY_CDKN1A_VIA_TP53","WU_APOPTOSIS_BY_CDKN1A_VIA_TP53",51,0.75733140990797,1.7583386183384,0.000284112174367067,0.00790758025396975,0.00611437329579207,1099,"tags=49%, list=6%, signal=46%","TUBA1A/CCNB1/CDK1/BUB1/AURKA/TUBB3/ANLN/HNRNPA2B1/PRC1/SMC2/TPX2/MKI67/MCM4/UBE2T/EXO1/RACGAP1/PBK/MCM6/ATAD2/AURKB/MCM2/ASPM/NCAPG/MCM3/RRM1"
"BROWNE_HCMV_INFECTION_18HR_DN","BROWNE_HCMV_INFECTION_18HR_DN",172,0.604421760125596,1.63990374434712,0.000284051924941927,0.00790758025396975,0.00611437329579207,1731,"tags=21%, list=10%, signal=19%","AXL/MYC/THBS1/NUMA1/FKBP8/S100A1/PTEN/RRAS/CD5L/COL3A1/MYLK/DUSP1/CIRBP/IRS1/PDGFRB/ANXA2/COL6A1/THBS3/GAS6/DST/CEP250/RAC2/PRKACG/INSIG1/LPCAT4/PTGIS/EPHB6/COL6A2/TNS2/ALDH7A1/VAMP5/TPM4/VCAN/GNG11/ABCA8/CD44"
"LIANG_HEMATOPOIESIS_STEM_CELL_NUMBER_LARGE_VS_TINY_UP","LIANG_HEMATOPOIESIS_STEM_CELL_NUMBER_LARGE_VS_TINY_UP",41,0.773301420060634,1.75394657566518,0.000288881416496879,0.00794065504465941,0.00613994769535068,1476,"tags=29%, list=8%, signal=27%","HSPA4/TUBA1A/MSR1/CDKN3/GNB4/LTV1/FKBP1A/FCER1A/ARHGAP9/ELOVL2/RASGRP2/HLA-DMB"
"KAUFFMANN_MELANOMA_RELAPSE_UP","KAUFFMANN_MELANOMA_RELAPSE_UP",60,0.72494328724329,1.72213226365062,0.000290327843513188,0.00794065504465941,0.00613994769535068,1489,"tags=42%, list=8%, signal=38%","TOP2A/RAD51/RAD54L/SMC2/CHEK1/CDC6/PCNA/MCM4/EXO1/MSH2/RRM2/CHEK2/CDC45/MAD2L1/MCM6/SMC4/MCM7/CTBP2/MCM3/MSH6/BLM/TFAM/CENPF/EME1/BRIP1"
"DUTERTRE_ESTRADIOL_RESPONSE_6HR_UP","DUTERTRE_ESTRADIOL_RESPONSE_6HR_UP",222,0.574254157525157,1.58302581077235,0.000290023194216681,0.00794065504465941,0.00613994769535068,1548,"tags=22%, list=9%, signal=20%","MYC/JAK2/HSPD1/SGK1/DDX21/RBBP8/TICRR/RERG/DDX10/PLAAT3/CHEK1/CDC6/CDCA7/RUVBL1/PCNA/FEN1/MCM4/GART/EXO1/WDR76/PDCD11/MACF1/CDC45/MCM6/TIAM1/SEPTIN5/MCM2/MTHFD1L/TPM1/YARS1/MCM7/MYB/BCL2/MCM3/ELOVL2/NAV2/TGM2/ZNF185/RRS1/FLNB/PPIF/MYBBP1A/WDHD1/CXCL12/XRCC3/BRIP1/CCNE2/MCM10"
"HELLER_HDAC_TARGETS_SILENCED_BY_METHYLATION_DN","HELLER_HDAC_TARGETS_SILENCED_BY_METHYLATION_DN",273,0.546756825484637,1.5291763537147,0.000287491206755158,0.00794065504465941,0.00613994769535068,2569,"tags=31%, list=15%, signal=27%","HSP90B1/ATF3/MYC/HSPA9/HSPD1/CBR3/IRF4/MYBL2/NIBAN1/PDIA6/ANK3/SUMO3/MAPK13/CD180/DUSP6/RASGRP3/CAPN2/HSPH1/MRPS15/DNAJB12/HSPA1A/SULF1/TXNDC5/DNAJB4/HGF/PPP1R15A/PDK1/MZF1/TMPRSS15/CCPG1/PHF11/DST/MYB/UBE2E1/SCD/IFI16/BCL2/HBB/RBM3/ECPAS/ITGA4/NSD2/SDC1/RHOBTB1/CD48/JCHAIN/TNS3/SETBP1/ITGB5/TCF4/CERS2/STAT6/ILF3/ITGB7/BCL2L1/HDGF/IRF8/P2RX5/ST14/ZEB2/CD79B/PPRC1/PITX1/TYMS/GJA1/SLC47A1/CCR2/TPP1/ATF5/BCL3/PFAS/TNFRSF17/BLNK/KIAA1549L/SERPINH1/CEBPG/ST7/CDKN1B/DDIT3/SLC1A4/IFNAR2/OGT/ALDH3B1/CFLAR"
"KEGG_GAP_JUNCTION","KEGG_GAP_JUNCTION",88,0.677156737408297,1.71076814776248,0.000296230411677668,0.00806717129732545,0.00623777377765906,1608,"tags=40%, list=9%, signal=36%","EGFR/TUBB1/TUBA1A/SRC/MAPK3/TUBA4A/TUBA1C/NRAS/MAPK1/TUBA1B/CDK1/TUBA8/TUBB3/TUBB2B/MAP2K1/RAF1/PDGFRB/TUBB/HRAS/GNAS/SOS1/LPAR1/PRKACG/HTR2C/GNAQ/MAP2K2/TUBB4B/GNA11/ITPR1/CSNK1D/TUBA3C/PRKACA/ITPR3/MAP3K2/KRAS"
"SIMBULAN_UV_RESPONSE_IMMORTALIZED_DN","SIMBULAN_UV_RESPONSE_IMMORTALIZED_DN",31,0.809273902394631,1.75005277319618,0.000298905692779105,0.00810509084540081,0.00626709428591745,550,"tags=26%, list=3%, signal=25%","EGFR/IGF1R/MYC/THBS1/DDX21/THBD/FN1/RRM2"
"WP_VEGFAVEGFR2_SIGNALING","WP_VEGFAVEGFR2_SIGNALING",423,0.507347653504377,1.46064510147297,0.000301902065347312,0.00815135576437742,0.00630286768005791,1832,"tags=29%, list=10%, signal=27%","EPHB2/EGR1/YWHAE/SRC/RHOJ/MAPK3/LDHA/TUBA1C/AKT1/MAPK1/RHOA/DUSP5/STAT1/GSK3B/HSP90AA1/CDC42/DNAJA1/CAV1/PRKCE/BCAR1/PDIA6/ERN1/EPRS1/HDAC7/FN1/MEF2C/PPP3CA/RPS11/BIRC5/MYL2/ACTG1/LRRC59/HYOU1/MAP2K1/PRDX2/TEAD4/CAPN2/PTPN11/SHC1/FOXO3/CYBB/HDAC4/RAF1/HDAC5/PRKCZ/NCL/HSPA1A/FOXO4/PDE4DIP/ARRB2/TXNDC5/HDAC1/PTK2/PBK/DNAJB4/PXN/PPM1G/HRAS/CALR/DHX36/EZR/CGNL1/GATA2/FOXO1/ROCK2/ABL1/PSMD11/ITGB3/CSK/ASCC3/CDC42BPB/GAPDH/CTNND1/IDH2/BCL2/PLCG1/CAPZB/HDAC9/PGD/MTOR/NR4A1/CCL2/ARF4/WASF1/MOV10/P4HB/MAP2K2/CALU/ADRB2/EIF4G1/CNP/RAC1/GRSF1/FLNB/TAL1/MYO6/GLUD1/KANK1/SLC25A25/TFAM/MAPKAP1/AP2A1/PIK3R1/NOX4/SDCBP/NR4A2/EPS15/PTPN9/ITGB5/NEXN/BSG/CCRL2/SRP54/ACACB/NFKBIA/STAT6/SMARCA2/LIMK1/RICTOR/FLII/BCL2L1/NCK1/RPLP2"
"RHODES_UNDIFFERENTIATED_CANCER","RHODES_UNDIFFERENTIATED_CANCER",69,0.724926671361064,1.75126981286622,0.000304044341478753,0.00817426446579898,0.00632058136081922,1139,"tags=51%, list=6%, signal=48%","KPNA2/CCNB1/KIF14/PSMD14/TOP2A/TRIP13/FOXM1/CDK1/CDC20/EZH2/MYBL2/CDKN3/NME1/CTSL/COL1A2/BIRC5/CDC6/KIF23/PCNA/PSMD2/PSMB7/MELK/MAD2L1/TUBB/CCNA2/MCM6/GAS6/SSBP1/MCM2/IFI30/CCT6A/MTHFD2/MCM3/NCAPH/CKS1B"
"JISON_SICKLE_CELL_DISEASE_DN","JISON_SICKLE_CELL_DISEASE_DN",179,-0.533876965892606,-1.63934241930842,0.00030571028120385,0.00818422693494036,0.00632828463455427,1711,"tags=28%, list=10%, signal=25%","ERCC3/SRP19/TMED10/EIF3E/TRAF3IP3/SARAF/RPL22/USP9X/ASB9/RUNX3/EEF1G/MYOM2/FOXJ3/RPL10A/RPLP0/RPL41/FGF9/DDX5/EIF3F/RPL13A/RPL37/SFPQ/EEF1B2/JAK1/RPL24/FYN/POLR2H/FBL/DUSP2/HNRNPH1/RPS13/RPL23A/RPL5/SETD2/RPS6/RPS20/RPL14/EIF4B/HNRNPDL/EEF1A1/RPS24/RPL30/RPS7/BTF3/RPL7/RPS27A/RPL6/RPL17/RPL4/RPL11"
"REACTOME_TRANSCRIPTIONAL_REGULATION_BY_RUNX2","REACTOME_TRANSCRIPTIONAL_REGULATION_BY_RUNX2",104,0.661792646178193,1.71159891946578,0.000314695904627016,0.00835398624131718,0.00645954751602823,1118,"tags=32%, list=6%, signal=30%","CUL1/SRC/CCNB1/MAPK3/UBA52/AKT1/MAPK1/PSMD14/PSMC2/STAT1/CDK1/GSK3B/PSMD1/PSMB2/ESR1/PSMA5/PSMD2/SMAD1/HDAC4/PSMC5/PSMB7/RB1/HIVEP3/PSMC3/PSMD7/TWIST1/PSMA3/CDK4/ABL1/PSMD11/AKT2/PPM1D/PSMC4"
"LI_INDUCED_T_TO_NATURAL_KILLER_UP","LI_INDUCED_T_TO_NATURAL_KILLER_UP",305,0.533613282860706,1.50569812486108,0.000313939474292491,0.00835398624131718,0.00645954751602823,2360,"tags=21%, list=13%, signal=19%","EGR1/TUBA1C/HAVCR2/HGFAC/SGK1/DUSP5/LGALS3BP/SLAMF7/DAPK2/S100A1/CYP51A1/AQP9/DUSP6/TNF/SAMD9L/CAPN2/PPIB/MYO1E/KIT/S100A4/ANXA2/TIAM1/VIM/PPP3CC/PRMT2/CYB5R4/IFI30/RGS1/NCF4/IRAK2/LAG3/CORO1C/CAPZB/CCR5/FOSL2/PDLIM7/TPST2/F2R/LITAF/MYL6/PRDX4/PEA15/CISH/CD244/MYO1F/PLSCR1/BATF3/CCNG1/ITGB7/H1-2/HMGCS1/CDKN2B/HBA2/NT5E/CD9/CX3CR1/FURIN/JUNB/CRYBG1/STX7/ELOVL1/SLC24A3/GOLM1/TF"
"MORI_PRE_BI_LYMPHOCYTE_UP","MORI_PRE_BI_LYMPHOCYTE_UP",77,0.706156830681367,1.75380117203554,0.000317229331821334,0.00838600384287526,0.00648430446590095,1170,"tags=39%, list=7%, signal=37%","TUBA1A/KPNA2/TOP2A/TUBA1B/CDK1/AURKA/CCNB2/CDC20/RAD51/SMARCC1/PRC1/HNRNPAB/CDCA7/IGLL5/MKI67/RBBP4/MELK/RRM2/RACGAP1/TUBB/MCM6/SQLE/MCM2/SMC4/MCM7/MTHFD2/NCAPH/RRM1/CKS1B/TUBB4B"
"SIG_BCR_SIGNALING_PATHWAY","SIG_BCR_SIGNALING_PATHWAY",46,0.758395054309961,1.72448053717452,0.000320996629870185,0.00845023628133261,0.00653397087380494,1497,"tags=46%, list=8%, signal=42%","MAPK3/AKT1/MAPK1/GSK3B/PPP3CA/GSK3A/SHC1/RAF1/CD22/PPP3CC/BTK/SOS1/CSK/CR2/BCL2/AKT2/ITPR1/SYK/PPP3CB/PIK3R1/ITPR3"
"LEE_LIVER_CANCER_ACOX1_UP","LEE_LIVER_CANCER_ACOX1_UP",61,0.72441768448976,1.72637010712642,0.000329661864464848,0.00864233883688345,0.00668251021175524,701,"tags=21%, list=4%, signal=21%","TAGLN2/CBR1/SGK1/LGALS3BP/CBR3/NIBAN1/CTSL/PLIN2/RAD51B/ANXA5/ANXA2/HDAC1/CD74"
"REACTOME_PLATELET_ACTIVATION_SIGNALING_AND_AGGREGATION","REACTOME_PLATELET_ACTIVATION_SIGNALING_AND_AGGREGATION",255,0.55416557727457,1.54475565727144,0.000336370226942743,0.00878176485051343,0.006790318500397,2173,"tags=25%, list=12%, signal=22%","HSPA5/TAGLN2/SRC/MAPK3/TUBA4A/THBS1/AKT1/MAPK1/RHOA/LGALS3BP/CDC42/PRKCE/BCAR1/FN1/COL1A2/LCK/GNB4/PTPN11/SHC1/RAF1/ANXA5/PRKCZ/GNB3/ARRB2/PTK2/HGF/ACTN1/GAS6/TTN/ITGB3/SOS1/CSK/CLU/GNB2/RAC2/GNB5/GNAQ/F2R/CALU/GNGT2/RASGRP2/RAC1/APLP2/GNA11/ITPR1/ISLR/SYK/PIK3R1/ITPR3/GP6/SPARC/ITGA2B/NHLRC2/GNG11/RHOB/EGF/FGB/RHOG/LAMP2/CD9/RASGRP1/PRKCA/PTPN1/ARRB1"
"TANG_SENESCENCE_TP53_TARGETS_DN","TANG_SENESCENCE_TP53_TARGETS_DN",54,0.740835110179309,1.73824771056155,0.000344455699876117,0.00891914390089061,0.00689654401693296,1345,"tags=46%, list=8%, signal=43%","TOP2A/CDK1/BUB1/KIF11/KIF20A/CCNB2/CDC20/EZH2/SPAG5/PRC1/BIRC5/TPX2/KIF23/PLK4/CENPE/BARD1/CDC25A/RACGAP1/PBK/CCNA2/AURKB/SMC4/FOSL2/PDP1/TFAM"
"REACTOME_SIGNALING_BY_ROBO_RECEPTORS","REACTOME_SIGNALING_BY_ROBO_RECEPTORS",201,-0.502434111967807,-1.56649313879566,0.000343790268000658,0.00891914390089061,0.00689654401693296,1566,"tags=39%, list=9%, signal=36%","RPL12/RPS19/PAK5/RPL22/RPS8/PRKAR2A/RPL28/PSMA2/SLIT1/HOXA2/PSMB5/RPL22L1/RPL10A/RPL37A/PABPC1/RPLP0/MSI1/RPL41/ARHGAP39/ROBO1/RPL29/RPS10/RPS21/PSMC1/RPS3/RPL27A/RPL13A/RPL37/RPS29/RPS17/RPL24/RPL32/RPL15/RPL8/RPS27L/RPL39L/RPL35/CAP2/RPS3A/RPL39/COL4A5/EIF4A3/SLIT3/GSPT1/RPL38/RPL10/RPL36A/RPL27/RPS25/RPL9/RPS23/RPS13/RPL23A/PSMC6/RPS18/RPL5/RPL34/RPL35A/UBC/RPS6/RPS20/RPL14/RPS12/RPS24/RPL30/RPS7/RPS27/RPS4X/RPL31/RPL7/RPS27A/RPL6/RPL26/RPL17/RPL4/RPL11/RPL23/RPL3L/RPS4Y1"
"KEGG_MEDICUS_REFERENCE_E2_ER_RAS_ERK_SIGNALING_PATHWAY","KEGG_MEDICUS_REFERENCE_E2_ER_RAS_ERK_SIGNALING_PATHWAY",23,0.856984279012731,1.77110094859535,0.000349301006603634,0.00900768881519087,0.00696500954520931,1140,"tags=48%, list=6%, signal=45%","SRC/MAPK3/NRAS/MAPK1/ESR1/MAP2K1/RAF1/HRAS/CREB5/BRAF/MAP2K2"
"VILLANUEVA_LIVER_CANCER_KRT19_UP","VILLANUEVA_LIVER_CANCER_KRT19_UP",168,0.592341313545694,1.59823796049178,0.000356911920191155,0.00916654273076308,0.00708784005822486,2961,"tags=40%, list=17%, signal=34%","TOP2A/BUB1/KIF20A/CDC20/EZH2/ANLN/RAD54L/MAPK13/TPX2/KIF23/MKI67/CDCA8/PLK4/CENPE/MELK/BARD1/CDC25A/MCM6/POLA1/TDRD9/NDC80/CDC7/DNM1L/TAF5/SUMO2/DHRS13/NCAPG/USP28/GINS1/NR6A1/NCAPH/RRM1/POLD3/BLM/SOX4/GOLGA3/MACROH2A2/GPR157/CENPO/KIF15/MCM10/STRBP/ALMS1/CEP55/RRP1B/MAP3K4/STMN1/KIF20B/FANCI/PHTF2/DDX27/DLGAP5/STIL/CDC25B/GPD2/RBPJ/KIF4A/SFI1/ZWINT/DCLRE1C/TRMT6/AP1G2/IFT57/USP37/CEP135/KIF2C/SOX9"
"REACTOME_SIGNALING_BY_MODERATE_KINASE_ACTIVITY_BRAF_MUTANTS","REACTOME_SIGNALING_BY_MODERATE_KINASE_ACTIVITY_BRAF_MUTANTS",45,0.770259020730452,1.75710894604712,0.000365061242724157,0.00933788231389159,0.00722032485609551,1140,"tags=47%, list=6%, signal=44%","SRC/MAPK3/NRAS/JAK2/MAPK1/CAMK2G/YWHAB/FN1/ACTG1/MAP2K1/RAF1/ACTB/CAMK2A/ARRB2/HRAS/CAMK2D/ITGB3/CSK/PHB1/BRAF/MAP2K2"
"WANG_CISPLATIN_RESPONSE_AND_XPC_UP","WANG_CISPLATIN_RESPONSE_AND_XPC_UP",180,0.586473374598858,1.60088995269895,0.000368231539588069,0.00938099543192507,0.00725366118517923,2115,"tags=29%, list=12%, signal=26%","HSPA5/HSP90B1/UBD/MYC/THBS1/KIF14/TRIP13/CDK1/PGK2/AURKA/KIF11/HNRNPA2B1/RAD51/SMARCC1/VRK2/BIRC5/IGLL5/FEN1/CYP4F3/NUP93/KRT18/PSMC5/MAD2L1/SMC4/CDC7/JARID2/TTN/CFB/ADK/MLH1/NDP/INSIG1/MSH6/ANKRD11/HEY1/FDPS/STT3A/APOA2/RGS2/DYNC1H1/ITGB7/H1-2/POLD1/HMGCS1/DDX11/TOMM40/FGB/CETN2/RPN1/CD9/CX3CR1/LIG1/ILF2"
"TAKEDA_TARGETS_OF_NUP98_HOXA9_FUSION_16D_UP","TAKEDA_TARGETS_OF_NUP98_HOXA9_FUSION_16D_UP",166,0.590399632673556,1.59493798789164,0.000371017654641698,0.00941401422500502,0.00727919228574137,2537,"tags=33%, list=14%, signal=29%","ISG15/THBS1/OASL/STAT1/SLAMF7/ABCB4/IRF4/IFI27/XAF1/MX1/FN1/PTPRK/USP18/IFIT1/IFI44L/PRKAR2B/IFIT3/IFI44/KIT/WT1/ANKRD22/IFIT2/TDRD9/IFI6/LAMP3/ATP10A/LTBP1/GPX7/AFF3/HDAC9/GEM/HBB/FLNB/FGL2/SOX4/PRKAR1A/ZNF366/SAMHD1/TMT1B/CCR6/ITGB7/RSAD2/CCR2/PALLD/LILRA1/CFP/SLITRK4/MX2/MEIS1/DUSP4/NRG1/CMPK2/FCER2/PTGS2/PDLIM1"
"KAMMINGA_EZH2_TARGETS","KAMMINGA_EZH2_TARGETS",41,0.767607803598536,1.74103272494955,0.000378967924979384,0.00950609346296446,0.0073503906568731,1099,"tags=46%, list=6%, signal=44%","KPNA2/TOP2A/AURKA/CCNB2/EED/PRC1/SMC2/CDCA7/XPO1/MKI67/PCNA/MCM4/PPP1CC/MAD2L1/AURKB/MCM2/SMC4/MCM3/RRM1"
"BOSCO_TH1_CYTOTOXIC_MODULE","BOSCO_TH1_CYTOTOXIC_MODULE",110,0.659129384231044,1.71079913879387,0.00037701005758258,0.00950609346296446,0.0073503906568731,2802,"tags=34%, list=16%, signal=28%","ISG15/GIMAP8/IRF4/MERTK/USP18/KNL1/MKI67/CDK6/CH25H/RRM2/ANKRD22/GAS6/CDC7/HESX1/IL4I1/BCL2/CCR5/F2R/BCL2L14/APOL3/GIMAP4/CD300E/P2RX5/TYMS/CCL7/PRKCA/ATF5/RGL1/SLAMF1/CCL8/CMPK2/GIMAP5/HERC6/MYBL1/TSHZ3/SSTR2/CXCL9"
"REACTOME_UB_SPECIFIC_PROCESSING_PROTEASES","REACTOME_UB_SPECIFIC_PROCESSING_PROTEASES",165,0.594485479088656,1.60348724612475,0.000379160423024223,0.00950609346296446,0.0073503906568731,1717,"tags=34%, list=10%, signal=31%","MYC/UBA52/PSMD14/PSMC2/BIRC3/CDC20/H2BC21/IFIH1/VDAC1/RIGI/FKBP8/PTEN/PSMD1/PSMB2/USP18/TP53/RUVBL1/PSMA5/PSMD2/SMAD1/PSMC5/H2AC21/PSMB7/FOXO4/ARRB2/CDC25A/CCNA2/KAT2A/PSMC3/PSMD7/DDB2/PSMA3/RNF123/H2AC6/PSMD11/H2BC11/CFTR/H2BC15/USP28/USP25/UFD1/TAB1/PSMC4/ADRB2/STAM2/UBB/USP14/TNKS2/PSMA4/NFKBIA/TNKS/AR/IDE/USP21/SMAD4/RHOT1"
"REACTOME_TRANSCRIPTIONAL_REGULATION_BY_E2F6","REACTOME_TRANSCRIPTIONAL_REGULATION_BY_E2F6",33,0.802071774104067,1.75485771325956,0.000388442123103868,0.00961016606450481,0.00743086264896733,1228,"tags=39%, list=7%, signal=37%","RBBP8/EZH2/RAD51/EED/CHEK1/RBBP4/RRM2/MAX/CDC7/RBBP7/EHMT2/APAF1/RYBP"
"KEGG_NON_SMALL_CELL_LUNG_CANCER","KEGG_NON_SMALL_CELL_LUNG_CANCER",53,0.740366438924646,1.72470040562308,0.000386284464578405,0.00961016606450481,0.00743086264896733,2079,"tags=47%, list=12%, signal=42%","EGFR/MAPK3/NRAS/AKT1/MAPK1/TP53/MAP2K1/CDK6/FOXO3/RAF1/RB1/HRAS/CDK4/SOS1/PLCG1/AKT2/BRAF/MAP2K2/PIK3R1/CASP9/KRAS/EGF/RXRB/SOS2/PRKCA"
"FARMER_BREAST_CANCER_APOCRINE_VS_BASAL","FARMER_BREAST_CANCER_APOCRINE_VS_BASAL",320,0.524415207401091,1.48703604365384,0.000389395775959676,0.00961016606450481,0.00743086264896733,2054,"tags=24%, list=12%, signal=22%","MYC/NRAS/KIF14/TOP2A/KMO/PPIC/KIF11/KIF20A/CDC20/RBBP8/SIK1/CYP51A1/SPTLC2/KIF23/PRKAR2B/MKI67/BCL11A/YEATS2/KRT18/KIT/CIRBP/DUSP10/KRT6B/KCNMA1/S100A4/ACSL3/MELK/CYP2J2/IDH1/MYL6B/ABCC5/ZBTB16/LAMP3/TAF5/CLU/GPX7/SCD/TCF7L2/IDH2/SYNCRIP/GINS1/CCL2/AGPS/NAV2/DHCR24/NAAA/APLP2/KANK1/GFUS/AKR1D1/RBM47/STOML2/CCNDBP1/GSTZ1/PIK3R1/RNF138/ACAD8/ELOVL5/KRT6A/MTUS1/AR/PLSCR1/HERC5/BMAL2/RHOB/CEP55/EGF/NCK1/CNTNAP2/UBE2E3/KDM4B/SEL1L3/QKI/FASN/TYMS/TMPRSS2/RASGRP1/LRRC8D"
"CHARAFE_BREAST_CANCER_LUMINAL_VS_MESENCHYMAL_DN","CHARAFE_BREAST_CANCER_LUMINAL_VS_MESENCHYMAL_DN",454,0.505774051778253,1.46144715337069,0.000386438578391569,0.00961016606450481,0.00743086264896733,2452,"tags=23%, list=14%, signal=21%","EGFR/AXL/AHNAK2/SGK1/EIF4A1/BUB1/CDC20/TGFBR2/CAV1/ANLN/PSMD1/BIRC5/PSMB2/PLK1/ACTG1/SLIT2/MAPRE1/ITSN1/FMNL2/HSD17B11/CDK6/MYLK/LTBP2/OSMR/ANXA5/ANXA2/TUBB/PYGL/DNAJB4/FLRT2/CORO2B/VIM/ACTN1/HEG1/COL6A1/COL6A3/CDH11/ACTR2/MPP1/EFEMP2/STAMBPL1/NDC80/TPM1/IRAK2/LPAR1/NUP155/CORO1C/IFI16/NCAPG/FOSL2/CDC27/BASP1/AGPS/CALD1/MALT1/RGS4/FAM20C/MFGE8/PPP4R1/IKBIP/NDEL1/PDP1/UBE2S/EDIL3/COL6A2/DAB2/PRNP/SDCBP/ANTXR2/RGS2/NEXN/SPARC/HAS2/TRAF3/AK5/ILF3/GNG11/BMAL2/CD44/NAV1/KIF3C/TGFBI/GPX8/RUNX2/ATP10D/QKI/TYMS/GJA1/NT5E/UBASH3B/EPB41L2/PRKCA/WLS/PNMA2/RTN4/MAP7D1/SPATS2L/PFAS/TOX2/SHOX2/BCHE/BICD2/PSMB6/FER/STIL/ASB1"
"REACTOME_METABOLISM_OF_AMINO_ACIDS_AND_DERIVATIVES","REACTOME_METABOLISM_OF_AMINO_ACIDS_AND_DERIVATIVES",349,-0.44542167044227,-1.48037224440749,0.00039722497059203,0.00976524266225855,0.00755077242890687,1484,"tags=21%, list=8%, signal=20%","RPL22/TXNRD1/DLST/RPS8/RPL28/DUOX1/PSMA2/HOGA1/PSMB5/SIRT5/RPL22L1/RPL10A/RPL37A/RPLP0/DUOX2/EEF1E1/RPL41/RPL29/RPS10/SQOR/RPS21/PSMC1/RPS3/RPL27A/RPL13A/RPL37/RPS29/RPS17/RPL24/RPL32/RPL15/MARS1/RPL8/RPS27L/RPL39L/RPL35/PHGDH/RPS3A/CTH/RPL39/ALDH9A1/RPL38/RPL10/RPL36A/RPL27/RPS25/RPL9/RPS23/RPS13/RPL23A/PSMC6/RPS18/RPL5/RPL34/RPL35A/RPS6/RPS20/RPL14/RPS12/RPS24/RPL30/RPS7/RPS27/RPS4X/RPL31/RPL7/RPS27A/RPL6/RPL26/RPL17/RPL4/RPL11/RPL23/RPL3L/RPS4Y1"
"REN_BOUND_BY_E2F","REN_BOUND_BY_E2F",60,0.721086708736458,1.71297080455335,0.000403466903728726,0.00988024766572903,0.00763969767525507,1099,"tags=47%, list=6%, signal=44%","TOP2A/CDK1/H2BC21/RAD51/RAD54L/SMC2/ORC1/CHEK1/CDC6/TP53/PCNA/FEN1/CENPE/MSH2/RB1/SUPT4H1/BARD1/CDC25A/MAD2L1/CCNA2/MCM6/POLA1/SMC4/NDC80/H2AC6/MLH1/MCM3/RRM1"
"KEGG_PATHWAYS_IN_CANCER","KEGG_PATHWAYS_IN_CANCER",318,0.525085097476374,1.48761477321786,0.000405289240752133,0.00988655375703465,0.00764457373026071,1707,"tags=28%, list=10%, signal=26%","EGFR/IGF1R/HSP90B1/MAPK3/MYC/NRAS/AKT1/MAPK1/RHOA/LAMA4/BIRC3/STAT1/GSK3B/HSP90AA1/CDC42/DAPK2/FOS/TGFBR2/HSP90AB1/RAD51/PTEN/CSF3R/FN1/BIRC5/TP53/MAP2K1/CASP8/CDK6/RAF1/KIT/CSF1R/GLI1/MSH2/PDGFRB/RB1/HDAC1/JUP/BRCA2/PTK2/HGF/MAX/HRAS/XIAP/HDAC2/FOXO1/FASLG/ZBTB16/CDK4/FH/ABL1/SOS1/CTBP2/NFKB2/TCF7L2/MLH1/BCL2/PLCG1/RAC2/AKT2/WNT4/MTOR/STAT5B/BRAF/CKS1B/MAP2K2/WNT7A/CBLC/RAC1/MSH6/COL4A6/DCC/CCNE1/PPARD/FLT3LG/MMP9/WNT7B/EPAS1/PIK3R1/CASP9/NTRK1/CCNE2/APPL1/ITGA2B/KRAS/NFKBIA/TRAF3/AR/LAMA1/SMAD4/FGF10"
"ZHONG_SECRETOME_OF_LUNG_CANCER_AND_ENDOTHELIUM","ZHONG_SECRETOME_OF_LUNG_CANCER_AND_ENDOTHELIUM",67,0.71542255734767,1.72657974410562,0.000408344642314771,0.00992277480824894,0.00767258091086175,1008,"tags=37%, list=6%, signal=35%","YWHAE/LDHA/TUBA1C/YWHAG/ACTC1/PRDX1/LGALS3BP/BGN/VCP/FN1/ENO1/MDH2/PCNA/PPIB/C2/VCAM1/ACTB/TUBB/ALDH3A1/VIM/GOT1/CFB/CLU/GAPDH/EEF2"
"REACTOME_CELLULAR_RESPONSE_TO_HEAT_STRESS","REACTOME_CELLULAR_RESPONSE_TO_HEAT_STRESS",100,0.655031865667247,1.68390508040228,0.000410974433759406,0.00994841560341734,0.00769240712674895,722,"tags=22%, list=4%, signal=21%","HSPA4/HSPA4L/HSPA5/YWHAE/RANBP2/MAPK3/HSPA9/MAPK1/DNAJC7/CAMK2G/GSK3B/HSP90AA1/HSPA8/VCP/HSP90AB1/HSPH1/NUP93/ATR/HSPA1A/CAMK2A/NUP205/CAMK2D"
"WP_TARGETED_AGENTS_IN_TRIPLE_NEGATIVE_BREAST_CANCER","WP_TARGETED_AGENTS_IN_TRIPLE_NEGATIVE_BREAST_CANCER",38,0.790386368574567,1.76991426979816,0.000421974559863071,0.0101690976617951,0.00786304497565699,2020,"tags=63%, list=11%, signal=56%","MAPK3/NRAS/AKT1/MAPK1/PTEN/PARP1/MAP2K1/RAF1/IRS1/HRAS/PDK1/SOS1/AKT2/MTOR/BRAF/MAP2K2/MAPKAP1/PIK3R1/KRAS/AR/RICTOR/TSC1/SOS2/TSC2"
"WANG_TUMOR_INVASIVENESS_UP","WANG_TUMOR_INVASIVENESS_UP",380,0.514132036633885,1.47484635037921,0.000423310016627429,0.0101690976617951,0.00786304497565699,2034,"tags=28%, list=11%, signal=26%","HSPA4/HSPA5/HSP90B1/KPNA2/CCT5/ANKFY1/CAMK2G/TUBA1B/YWHAG/PSMC2/HSPD1/NEDD8/STAT1/DDX1/HSPA8/CDC42/KIF11/KIF20A/C1QB/EZH2/HNRNPA2B1/BRD7/FN1/COL1A2/RPS11/ENO1/TUBB2B/HNRNPAB/RPL21/ACTG1/ABCF1/PCNA/HSPH1/HNRNPU/POSTN/CNN2/CIRBP/TRIM28/PSMC5/NCL/KPNA1/AK2/EIF4H/UBE2K/EIF2B3/ANXA2/TUBB/SERBP1/EIF5B/VIM/ATP1A1/EZR/SDHA/FASLG/GNAS/GFI1B/TPM1/SSB/RPS16/EIF3B/UBFD1/GAPDH/NCOR1/AGPS/MOV10/ATP5F1A/PMPCA/CKS1B/CALD1/TUBB4B/EIF4G1/RPS5/GLUD1/RPS14/GFUS/USP14/PCBP1/PRKAR1A/SYK/DAB2/GLUL/PSMA4/ANTXR2/CLEC10A/FKBP9/NFKBIA/SLC34A1/NHP2/SMG1/TGFBI/RPLP2/HMGCS1/SGPL1/UBA2/FAU/FASN/COX4I1/STIP1/RPN1/CCT2/SMC1A/EIF2S2/CYCS/STK11/HNRNPR/SNRPD2/IPO7/PKM"
"WP_EGFEGFR_SIGNALING","WP_EGFEGFR_SIGNALING",162,0.585306790490177,1.57588649281868,0.000426551861452011,0.010199633854632,0.00788665645679799,2191,"tags=38%, list=12%, signal=34%","EGFR/SRC/JAK2/AKT1/MAPK1/NEDD8/STAT1/CDC42/AURKA/FOS/CAV1/MYBL2/BCAR1/PTEN/MEF2C/MAP3K1/MAP2K1/PCNA/PTPN11/SHC1/RAF1/PRKCZ/FOXO4/CAMK2A/PTK2/MT-CO2/HRAS/TWIST1/FOXO1/ABL1/SOS1/CSK/PLCG1/MTOR/STAT5B/BRAF/MAP2K2/STAM2/CBLC/RAC1/EPS8/AP2A1/PIK3R1/EPS15L1/EPS15/MAP3K2/KRAS/PLSCR1/RICTOR/EGF/NCK1/PTPN12/NDUFA13/MAP3K4/SOS2/GJA1/STMN1/PRKCA/AP2B1/HGS/PLD1/RASA1"
"MARTINEZ_RESPONSE_TO_TRABECTEDIN_DN","MARTINEZ_RESPONSE_TO_TRABECTEDIN_DN",269,0.542407231603451,1.51835054772659,0.000427809903684312,0.010199633854632,0.00788665645679799,1948,"tags=25%, list=11%, signal=22%","EGFR/YWHAE/MYC/PSMD14/TOP2A/PSMC2/DDX21/CDK1/BUB1/HSPA8/AURKA/KIF11/ANLN/SIRPA/SMARCA5/PTPRK/BIRC6/PLK1/TMPO/PSMA5/PCNA/HSPH1/UBE2T/RAB2A/SAMD4A/DDX20/PPP1CC/ACSL3/SERBP1/CCNA2/HDAC2/CDH11/UBE2D3/CORO1C/MCM3/STK17B/CDC27/RAD23B/SNIP1/TBK1/EIF3A/POLD3/CPSF7/GDI2/NOC3L/EPS8/MRPS35/DIS3/EP400/PSMA4/SIRT1/EPS15/DNAJA2/HSPA1L/PPP2R1B/VCAN/MYCBP2/ADSL/CEP55/BCL2L1/OSBP/MRPL15/KDM4B/UBA2/MAP3K4/DTL"
"WP_MIRTARGETED_GENES_IN_MUSCLE_CELL","WP_MIRTARGETED_GENES_IN_MUSCLE_CELL",327,0.528470504036614,1.49959838332793,0.00044288841324229,0.0104823265440036,0.00810524274682538,2741,"tags=29%, list=15%, signal=25%","EGFR/AXL/ANKFY1/THBS1/WDFY1/TGFBR2/EZH2/NOTCH1/COL1A2/PPP3CA/PLK1/ATP2A2/CYP51A1/ESR1/FMNL2/CHD1/PPIB/CDK6/COL3A1/HDAC4/MYO1E/ATRX/KIT/IRS1/CSDE1/NCL/RB1/ABCG2/DNMT3A/GAK/GFM1/TPM1/EHMT2/ACVR1B/ANPEP/CORO1C/MTHFD2/BCL2/IPO4/SNAP23/PGRMC1/RAD23B/CALCOCO2/PDLIM7/ARF4/MOV10/PWP1/NCEH1/PPIF/CSNK1D/CXCL12/SDCBP/SPARC/KRAS/TPM4/SLC25A24/STRN/SYNE2/CCNG1/NAA15/RHOG/TYMS/GJA1/NT5E/DOCK5/MTPN/CDIPT/PKM/PISD/TPM3/RTN4/STX7/NCOA3/RARS1/GNA13/G6PD/CDKN1B/GPD2/BET1/TMED7/PODXL/UAP1/TMED3/CYP1B1/MAPK12/KCNQ1/SLC1A4/TMT1A/RHEB/C1QBP/GFPT1/CCND1/ACAA2/MCL1"
"GARY_CD5_TARGETS_UP","GARY_CD5_TARGETS_UP",458,0.503026128002907,1.45275621244154,0.000442985309789325,0.0104823265440036,0.00810524274682538,2592,"tags=25%, list=15%, signal=22%","YWHAE/KDM6B/TBL1X/DUSP5/STAT1/GSK3B/CDC42/ENO2/WDFY1/KAT8/CYP51A1/LCK/TP53/NME4/DHRS7/GART/DDX17/TARS1/KPNA1/GAA/AGRN/CALR/AARS1/PDK1/CD22/AURKB/SQLE/CD74/TMPRSS15/DARS1/CAMK2D/WDR33/BCKDK/FNIP1/GFI1B/RGS1/STX17/SCD/NFKB2/RAB11B/WARS1/IDH2/GNB2/BCL2/UACA/LILRB4/STAT5B/INSIG1/ZFP36L2/LPCAT4/VAMP2/TTC3/BRAF/MAP2K2/MBP/SORL1/PKP2/ANKRD11/TMC8/AP2A1/PTOV1/CSNK1E/CD48/CD72/SDCBP/GNS/SREBF2/SAMD1/RGS16/GARS1/TPM4/TCF4/NFKBIA/ZFP36L1/APBB2/CHI3L2/HPCAL1/ALOX5/CCNG1/GRK3/ACLY/CREBRF/HMGCS1/MARCHF1/P2RX5/KDM4B/FASN/LDLR/CNOT3/TPP1/ALDOC/UBE2R2/SQSTM1/JUNB/VMP1/BCL3/AHCYL1/NCOA3/TMC6/GNG7/PNKP/PPP1R10/GNA13/CEBPG/TSTD1/UQCRC1/SPOP/TKT/MAP2K3/UBXN7/ASNS/SLC1A4/ATP5F1D/TRIM69/STX16/CCR7"
"PID_ERBB1_RECEPTOR_PROXIMAL_PATHWAY","PID_ERBB1_RECEPTOR_PROXIMAL_PATHWAY",35,0.787165190484618,1.74137402784483,0.000444939459808384,0.0104892817427962,0.00811062071080405,2191,"tags=57%, list=12%, signal=50%","EGFR/SRC/MAPK3/NRAS/MAPK1/STAT1/PTPN11/SHC1/PTK2/HRAS/SOS1/PLCG1/GSN/PIK3R1/KRAS/EGF/NCK1/WASL/PTPN1/RASA1"
"BIOCARTA_ERK_PATHWAY","BIOCARTA_ERK_PATHWAY",27,0.826027919455374,1.74150789900717,0.000452412069099096,0.0105736615406129,0.00817586564868707,842,"tags=41%, list=5%, signal=39%","EGFR/IGF1R/MAPK3/MYC/MAPK1/MAP2K1/SHC1/RAF1/HRAS/GNAS/SOS1"
"KEGG_ANTIGEN_PROCESSING_AND_PRESENTATION","KEGG_ANTIGEN_PROCESSING_AND_PRESENTATION",71,0.707160569227307,1.7257342548294,0.000453539455129172,0.0105736615406129,0.00817586564868707,738,"tags=24%, list=4%, signal=23%","HSPA4/HSPA5/CD4/HSP90AA1/HSPA8/HSP90AB1/CTSL/HLA-DRB5/CTSB/PDIA3/HLA-DRA/HLA-DOB/HSPA1A/CALR/CD74/CANX/IFI30"
"HESS_TARGETS_OF_HOXA9_AND_MEIS1_DN","HESS_TARGETS_OF_HOXA9_AND_MEIS1_DN",82,0.679099716574759,1.69601416592438,0.000451665026044688,0.0105736615406129,0.00817586564868707,1921,"tags=38%, list=11%, signal=34%","EGR1/MSR1/FOS/EGR2/SIRPA/MERTK/KLF4/IL1R2/AQP9/CYBB/CSF1R/DUSP1/S100A4/CAMK2D/LIPA/CCR5/LITAF/STX3/HCK/MMP9/C3AR1/SAMHD1/DAB2/SLC11A1/VCAN/ZFP36L1/PLSCR1/TGFBI/H1-2/CTSS/ANXA4"
"KEGG_MEDICUS_REFERENCE_CXCR_GNB_G_ERK_SIGNALING_PATHWAY","KEGG_MEDICUS_REFERENCE_CXCR_GNB_G_ERK_SIGNALING_PATHWAY",27,0.825078775950044,1.73950682752655,0.000467367504957785,0.0108559849129533,0.00839416637193917,1710,"tags=56%, list=10%, signal=50%","MAPK3/NRAS/MAPK1/GNB4/MAP2K1/RAF1/GNB3/HRAS/GNB2/GNB5/MAP2K2/GNGT2/CXCR2/KRAS/GNG11"
"LEE_AGING_CEREBELLUM_DN","LEE_AGING_CEREBELLUM_DN",70,0.700160919799379,1.69977862323853,0.000470630474801116,0.0108917338453973,0.00842180849644102,1353,"tags=24%, list=8%, signal=23%","HSPA4/THBS1/CD4/CAMK2G/HGFAC/TUBA8/MERTK/SMARCA4/CREM/MYL4/XIAP/MYH6/SNCA/NFKB2/MTOR/CNP/ACTR1A"
"HOSHIDA_LIVER_CANCER_SUBCLASS_S1","HOSHIDA_LIVER_CANCER_SUBCLASS_S1",226,0.559620209864877,1.54059735085164,0.000473147870047664,0.0109100300837998,0.00843595568532928,1921,"tags=27%, list=11%, signal=24%","EFEMP1/TUBA4A/RHOA/DUSP5/PPIC/LGALS3BP/CDC20/C1QB/COL1A2/LTBP3/PSMD2/COL3A1/CYBB/POSTN/LTBP2/TP53BP1/ANXA5/GPNMB/COL6A1/CDH11/ARF5/HK1/CD74/IFI30/ZNF384/COL11A1/PPP4C/IFI16/MTHFD2/ATP1B3/GEM/HLA-DPB1/LGALS9/POLD3/LITAF/STX3/HCLS1/PPP4R1/FGL2/BLVRA/TRIP10/COL6A2/C3AR1/DAB2/CD48/PEA15/GNS/ITPR3/CXCR4/DPYSL2/TCF4/TRAF3/VCAN/ATP6V0B/MYCBP2/KLC1/CTSS/HLA-DQB1/DDX11/ANXA4"
"WP_NONSMALL_CELL_LUNG_CANCER","WP_NONSMALL_CELL_LUNG_CANCER",71,0.705496666346446,1.72167371423485,0.000492693291841027,0.0113194044285513,0.00875249595190128,2079,"tags=42%, list=12%, signal=37%","EGFR/MAPK3/NRAS/AKT1/MAPK1/TP53/MAP2K1/CASP8/CDK6/FOXO3/RAF1/RB1/HRAS/PDK1/DDB2/CDK4/SOS1/PLCG1/AKT2/STAT5B/BRAF/MAP2K2/PIK3R1/CASP9/KRAS/EGF/RXRB/SOS2/CYCS/PRKCA"
"WP_PI3KAKTMTOR_SIGNALING_AND_THERAPEUTIC_OPPORTUNITIES_IN_PROSTATE_CANCER","WP_PI3KAKTMTOR_SIGNALING_AND_THERAPEUTIC_OPPORTUNITIES_IN_PROSTATE_CANCER",32,0.796207743502778,1.73745779981384,0.000495350123648892,0.0113392104391801,0.00876781054101644,2782,"tags=69%, list=16%, signal=58%","NRAS/AKT1/GSK3B/PTEN/FOXO3/FOXO4/HRAS/PDK1/FOXO1/ULK1/MTOR/MAPKAP1/PIK3R1/KRAS/RICTOR/TSC2/RPTOR/CDKN1B/TFEB/PIK3CA/RHEB/PIK3R2"
"WP_RELATIONSHIP_BETWEEN_INFLAMMATION_COX2_AND_EGFR","WP_RELATIONSHIP_BETWEEN_INFLAMMATION_COX2_AND_EGFR",25,0.843817798010095,1.76710697272407,0.000508896841790065,0.0115655044835598,0.00894278774232371,1133,"tags=40%, list=6%, signal=37%","EGFR/SRC/MAPK3/NRAS/AKT1/MAPK1/ESR1/HRAS/AKT2/BRAF"
"SIG_PIP3_SIGNALING_IN_CARDIAC_MYOCTES","SIG_PIP3_SIGNALING_IN_CARDIAC_MYOCTES",67,0.71273304109792,1.72008894474437,0.00050793891744918,0.0115655044835598,0.00894278774232371,2867,"tags=58%, list=16%, signal=49%","YWHAE/MYC/AKT1/YWHAG/GSK3B/IRS2/CDC42/YWHAB/IFI27/PTEN/IRS4/GSK3A/SHC1/FOXO3/IRS1/PTK2/SOS1/AKT2/MTOR/CREB5/PAK6/PAK4/BCL2L1/TSC1/SLC2A4/SOS2/TSC2/PAK2/PTPN1/CDKN1B/PARD3/PIK3CA/IGF1/RPS6KB1/NOLC1/MET/SFN/CREB3/CREB1"
"REACTOME_INTRINSIC_PATHWAY_FOR_APOPTOSIS","REACTOME_INTRINSIC_PATHWAY_FOR_APOPTOSIS",55,0.733808527529704,1.72570644044629,0.000518351117928688,0.0117381446705142,0.00907627820527086,2004,"tags=40%, list=11%, signal=36%","YWHAE/MAPK3/AKT1/MAPK1/YWHAG/YWHAB/TP53/CASP7/CASP8/XIAP/PPP3CC/PPP3R1/BCL2/AKT2/UACA/APAF1/TP73/CASP9/DYNLL2/BCL2L1/SEPTIN4/CYCS"
"SWEET_LUNG_CANCER_KRAS_UP","SWEET_LUNG_CANCER_KRAS_UP",457,0.495253105136678,1.43124109238771,0.00052229833965328,0.0117852889640336,0.00911273155763486,2114,"tags=22%, list=12%, signal=20%","AXL/HSPA5/MYH7/UBQLN2/LDHA/HSPA9/THBS1/MAPK1/CHD4/HSPA8/MSR1/C1QB/SIRPA/S100A1/BRD7/PDIA6/PLIN2/ANK3/ENO1/CTSB/DUSP6/MAPRE1/HSPH1/LAP3/HLA-DRA/SHC1/CH25H/CASK/KRT18/NCL/RRBP1/ACTN1/ACSL5/EPHA7/ATP1A1/CD74/MARCO/IFI30/GCH1/F10/ROS1/CLU/MRPS18B/EHMT2/SCD/GAPDH/AK1/CNDP2/NME2/CCR5/EEF2/CKMT1B/BASP1/VAMP8/VAMP2/LITAF/EIF4G1/CHI3L1/ITGA4/SDC1/POLR2E/GFUS/RPS2/PARM1/PRDX4/ITGAX/HDC/PRNP/C1QC/SOCS2/HLA-DMB/GNS/SHMT1/CTSA/BSG/KRAS/GARS1/TPM4/TMEM62/RPL36/CD44/LRG1/HLA-DRB1/MATN4/LRP2/TGFBI/ACLY/CTSS/ITGA8/HLA-DQB1/ANXA4/FASN/GRHPR/GJA1/CD9/CD68/PKM/TPI1/ALDOC/WLS/PISD"
"MARKEY_RB1_CHRONIC_LOF_UP","MARKEY_RB1_CHRONIC_LOF_UP",110,0.654671583399928,1.69922872180861,0.000526564845147386,0.0118392764827088,0.00915447629267285,2190,"tags=35%, list=12%, signal=30%","EGR1/TOP2A/STMN2/DNMT1/EZH2/KLF4/CYP51A1/CDCA7/NME4/PCNA/OSMR/MSH2/HSPA1A/BRCA2/COL6A3/SQLE/POLA1/MCM2/MCM7/SCD/IDH2/NCAPH/ZMYM4/CHAF1B/SDC1/WDHD1/CXCL12/PRDX4/DNAJC9/GSR/VCAN/ERCC5/POLD1/MAP3K4/GJA1/STMN1/TIPIN/ANGPTL2"
"DEURIG_T_CELL_PROLYMPHOCYTIC_LEUKEMIA_UP","DEURIG_T_CELL_PROLYMPHOCYTIC_LEUKEMIA_UP",337,0.52073375438698,1.48071341205016,0.000534630345564996,0.011977994763403,0.00926173734142272,2679,"tags=25%, list=15%, signal=22%","ATF3/CCNB1/TRIP13/LGALS3BP/CCNB2/RBBP8/H2BC21/HSP90AB1/MERTK/KLF4/FN1/RIPK2/ENO1/MKI67/MCM4/KRT18/EPHB4/CCNG2/IRS1/PTPRO/CAD/PTK2/KAT2A/HGF/KLF6/PPP1R15A/FKBP1A/MTSS1/PRMT1/MPP1/MCM2/SHTN1/MCM7/YBX3/ADK/TCF7L2/IPO4/NME2/HKDC1/MYO1B/BCORL1/NAAA/ANK1/GNA11/GFUS/LRCH4/MMP9/HEY1/TRIP10/PARM1/COL6A2/JCHAIN/CD40/EPS15L1/SLC11A1/AK5/MED31/INF2/ALOX5/ATP1B1/H1-2/MRPL15/DDX11/GRHPR/ZNF516/SLC12A9/SORT1/ANGPTL2/PFAS/BTBD8/MTDH/RMDN1/RAB1B/PAICS/TKT/CLIC4/TAF4B/GPD2/NEDD4L/RPL10L/ARHGEF1/COL18A1/EEA1/ALPL/BCL7A"
"CUI_GLUCOSE_DEPRIVATION","CUI_GLUCOSE_DEPRIVATION",58,0.720729446909462,1.7062282293785,0.000537627738835626,0.0120025867631218,0.0092807525978655,1002,"tags=31%, list=6%, signal=29%","CDK1/DNAJB11/CBR3/ANLN/PDIA4/PDIA6/PDIA3/PPIB/PRKCZ/RRM2/PBK/GOT1/CALR/CANX/CCPG1/PLK3/ZAP70/TRPS1"
"RUTELLA_RESPONSE_TO_HGF_UP","RUTELLA_RESPONSE_TO_HGF_UP",409,0.508841280266163,1.4643475843573,0.000545598837695206,0.0121376530160504,0.00938518979148795,3473,"tags=36%, list=20%, signal=30%","TUBA1C/BIRC3/SGK1/KMO/DUSP5/STAT1/PRDX1/SLAMF7/C1QA/SCARB2/IRF4/NIBAN1/CTSL/EED/IL1R2/AQP9/RASGRP3/CYBB/LTBP2/SLAMF8/ANXA5/KCNMA1/PINK1/EIF2B3/PDE4DIP/ACSL3/ANXA2/GPNMB/EIF2S1/HDAC2/EPB41L3/SQLE/CD209/IFI6/LAMP3/LPAR1/SCD/CD2AP/RHOQ/ATP1B3/CCR5/LILRB4/CCL2/PSTPIP1/NDP/ZNF274/LITAF/DHCR24/TGM2/GRSF1/CHI3L1/ITPR1/PPIF/NR1H3/RBM47/PPARD/MMP9/ACAT1/TRIP10/C3AR1/DAB2/GNS/TNS3/GSR/SPARC/CCRL2/CCL13/CD1B/TRAF3/STOM/PDCD6IP/PPP1R12A/PVR/GRK3/MYOF/CLEC4E/MOB1A/PSEN2/SGPL1/LAMP2/LDLR/CD9/EPB41L2/SQSTM1/CLEC5A/TFRC/RGL1/CD84/SLAMF1/NCOA3/CCL8/FDX1/TSPAN3/TCF3/RAB9A/GPD2/TM9SF4/BET1/TFEB/BTN3A3/CYP1B1/SLC1A4/CFLAR/CCR7/CYP27A1/SPHK1/PKNOX1/SLC43A3/RAB8B/CD63/GFPT1/CCND1/ACAA2/CXCL9/GOT2/MITF/NDUFS2/NARS1/CSTF3/CXCL5/SLC12A8/MFHAS1/SLC30A1/KYNU/BCAT1/PLXNA1/CCL19/PACSIN2/RAB3GAP1/AKT3/VWA5A/C3/MPZL1/CTSD/FBP1/ABCC3/FOXJ2/SUN2/TCIRG1/FADS1/SC5D/CERS6/STK17A/SLC31A1/SNTB1/HSPB1/ENSA/ARFGAP3"
"WP_NUCLEAR_RECEPTORS_METAPATHWAY","WP_NUCLEAR_RECEPTORS_METAPATHWAY",307,0.531290963171781,1.50022909521383,0.000554826908397844,0.0122996365166933,0.00951044019159517,2030,"tags=20%, list=11%, signal=18%","CUL1/EGFR/EGR1/SRC/MYC/DNAJC7/CBR1/BIRC3/PRDX1/CDK1/IRS2/HSP90AA1/TGFBR2/CBR3/HSP90AB1/ABCB4/THBD/ESR1/TNF/DNER/PDK4/PSMC5/ANKRD1/HSPA1A/ALDH3A1/HGF/SLC2A12/ACOX1/FOXO1/ABCC5/CDK4/ARL5B/SCD/NFKB2/PGD/CCL2/CDKN1C/AGER/MGST3/CYP4F12/MFGE8/NR1H3/PPARD/ACADM/SLC27A1/APOA2/RGS2/GSR/CYP3A7/SLC2A2/STOM/MYOF/KTN1/EPHA3/SLC2A4/FASN/KLK15/SMC1A/ANGPTL4/SLC5A1"
"WP_EPO_RECEPTOR_SIGNALING","WP_EPO_RECEPTOR_SIGNALING",26,0.82286245843363,1.72576449339789,0.000570186333803246,0.0125959344649262,0.00973954646735688,1143,"tags=62%, list=6%, signal=58%","SRC/MAPK3/JAK2/AKT1/MAPK1/STAT1/IRS2/MAP2K1/SHC1/RAF1/IRS1/PDK1/SOS1/STAT5B/MAP2K2/PTPRU"
"REACTOME_SIGNALING_BY_BRAF_AND_RAF1_FUSIONS","REACTOME_SIGNALING_BY_BRAF_AND_RAF1_FUSIONS",65,0.707982516641893,1.70789624042999,0.000575944825570248,0.0126788132681283,0.00980363079212001,1608,"tags=35%, list=9%, signal=32%","SRC/MAPK3/NRAS/JAK2/MAPK1/CAMK2G/YWHAB/FN1/ACTG1/MAP2K1/RAF1/ACTB/CAMK2A/ARRB2/HRAS/CAMK2D/ITGB3/CSK/BRAF/MAP2K2/FXR1/ITGA2B/KRAS"
"PID_IGF1_PATHWAY","PID_IGF1_PATHWAY",29,0.815262288303841,1.73869987490395,0.000580221307401577,0.0126953748516053,0.00981643669487346,842,"tags=48%, list=5%, signal=46%","IGF1R/YWHAE/AKT1/IRS2/BCAR1/PTPN11/SHC1/RAF1/IRS1/PRKCZ/PTK2/PXN/HRAS/SOS1"
"REACTOME_SIGNALING_BY_NTRKS","REACTOME_SIGNALING_BY_NTRKS",134,0.619755764831483,1.63488838461299,0.000580715943671086,0.0126953748516053,0.00981643669487346,1659,"tags=28%, list=9%, signal=26%","EGR1/SRC/MAPK3/NRAS/MAPK1/CHD4/RHOA/SGK1/IRS2/FOS/PPP2CB/EGR2/YWHAB/MEF2C/MAPK13/DUSP6/MAP2K1/PTPN11/SHC1/IRS1/PTPRO/TIAM1/HRAS/SOS1/PLCG1/BRAF/MAP2K2/RAC1/PCSK6/DUSP3/AP2A1/PIK3R1/AP2A2/NTRK1/VRK3/KRAS/PPP2R1B/DNM3"
"REACTOME_ANCHORING_OF_THE_BASAL_BODY_TO_THE_PLASMA_MEMBRANE","REACTOME_ANCHORING_OF_THE_BASAL_BODY_TO_THE_PLASMA_MEMBRANE",97,0.654921859485494,1.67774437108976,0.000604646545745444,0.0131729547448956,0.0101857154947536,1694,"tags=27%, list=10%, signal=24%","TUBA1A/YWHAE/TUBA4A/PCNT/YWHAG/CDK1/HSP90AA1/PLK1/PRKAR2B/MAPRE1/PLK4/CKAP5/TUBB/DYNC1I2/CNTRL/CEP250/AHI1/TUBG1/SEPTIN2/TUBB4B/CSNK1D/ACTR1A/CSNK1E/PRKACA/DYNC1H1/ALMS1"
"BIOCARTA_BAD_PATHWAY","BIOCARTA_BAD_PATHWAY",24,0.836111032534782,1.7479152232613,0.000611370843320016,0.013207554173177,0.0102124687888763,1449,"tags=42%, list=8%, signal=38%","IGF1R/MAPK3/AKT1/MAPK1/PRKAR2B/KIT/BCL2/PRKACG/PRKAR1A/PIK3R1"
"CAIRO_PML_TARGETS_BOUND_BY_MYC_UP","CAIRO_PML_TARGETS_BOUND_BY_MYC_UP",22,0.848232541925149,1.74039745765181,0.000609444548937973,0.013207554173177,0.0102124687888763,771,"tags=45%, list=4%, signal=44%","CUL1/CCNB1/LDHA/THBS1/DDX18/TP53/CDCA7/CDC25A/CAD/CDK4"
"REACTOME_KEAP1_NFE2L2_PATHWAY","REACTOME_KEAP1_NFE2L2_PATHWAY",112,0.626628049976149,1.63210263549097,0.000612506073558223,0.013207554173177,0.0102124687888763,1118,"tags=29%, list=6%, signal=27%","CUL1/MYC/UBA52/AKT1/PSMD14/PSMC2/PRDX1/GSK3B/VCP/NOTCH1/PSMD1/PSMB2/PSMA5/PSMD2/CHD6/PSMC5/PSMB7/ABCG2/IDH1/PSMC3/PSMD7/CSNK2A2/TALDO1/PSMA3/PSMD11/BCL2/AKT2/PGD/UFD1/CCL2/PALB2/PSMC4"
"JOHNSTONE_PARVB_TARGETS_3_UP","JOHNSTONE_PARVB_TARGETS_3_UP",412,0.496747533614272,1.42900175318725,0.000640227962927574,0.0137583682645456,0.0106383744215785,2748,"tags=30%, list=16%, signal=26%","AHNAK2/THBS1/DUSP5/LGALS3BP/ENO2/TGFBR2/NR2F2/THBD/CTSL/PLIN2/PLAAT3/KLF4/FN1/PCBP2/LTBP3/HLA-DRA/OSMR/ACTB/PDK4/GAA/AGRN/CAT/S100A4/JUP/PYGL/R3HDM4/IFI35/KLF6/ABCG2/VIM/ACSL5/ATP1A1/HUWE1/PEG10/IRAK2/CLU/SCD/AQP3/GDI1/DSP/CTNND1/LIPA/HLA-DPB1/UACA/GCN1/VAMP8/MOV10/P4HB/LITAF/TGM2/CALD1/EIF4G1/APLP2/FLNB/NR1H3/PDP1/RBM47/TMC8/TNKS2/EPAS1/KLF10/S100A16/MYO18A/SAMHD1/CAPRIN1/TNIK/PRNP/GNS/HLA-DPA1/NOP53/CTSA/CST3/NFKBIA/STAT6/DYNC1H1/RHOB/HPCAL1/HLA-DRB1/NAV1/TGFBI/ACLY/MYOF/FLII/H2AJ/CTSS/SUPT6H/ANXA4/ACADVL/LDLR/CD9/TPP1/LIPG/WLS/PAK2/PNMA2/SQSTM1/GSTK1/ARRB1/PLD1/VMP1/BCL3/F11R/GLB1/ARAF/TMC6/TOX2/MICAL2/RIPOR1/TKT/MAP2K3/BTN3A3/PRDX5/ALDH3B1/RCN1/STX16/COL18A1/PTPRE/TRIM8/ATM/CCND1/CD276/SGK3"
"KEGG_MEDICUS_REFERENCE_EGF_EGFR_ACTIN_SIGNALING_PATHWAY","KEGG_MEDICUS_REFERENCE_EGF_EGFR_ACTIN_SIGNALING_PATHWAY",21,0.855167534567092,1.73971635374906,0.000645637297567649,0.0138275811729912,0.0106918918751524,715,"tags=29%, list=4%, signal=27%","EGFR/SRC/CTTN/ACTG1/ACTB/ACTR2"
"WP_GASTRIN_SIGNALING","WP_GASTRIN_SIGNALING",112,0.625900125761049,1.63020669893029,0.000649562111237959,0.0138646399283832,0.0107205467932268,1805,"tags=44%, list=10%, signal=40%","EGFR/EGR1/SRC/MAPK3/MYC/JAK2/AKT1/MAPK1/RHOA/BIRC3/GSK3B/CDC42/FOS/PRKCE/BCAR1/HDAC7/KLF4/MEF2C/BIRC5/MAP2K1/PTPN11/SHC1/FOXO3/RAF1/KIT/IRS1/ARRB2/ANXA2/PTK2/RHOD/PXN/HRAS/FOXO1/SOS1/MMP7/PLCG1/MTOR/GNAQ/RAC1/KAT5/HDC/PIK3R1/PRKACA/KRAS/TCF4/NFKBIA/CD44/RHOB/BCL2L1"
"REACTOME_MITOTIC_METAPHASE_AND_ANAPHASE","REACTOME_MITOTIC_METAPHASE_AND_ANAPHASE",220,0.564560205912658,1.55237020573109,0.000667080321038445,0.0141906177384542,0.0109726024098509,1870,"tags=33%, list=11%, signal=30%","TUBB1/TUBA1A/RANBP2/CCNB1/TUBA4A/TUBA1C/UBA52/PSMD14/TUBA1B/PSMC2/CDK1/TUBA8/BUB1/BUB1B/CCNB2/CDC20/TUBB3/PPP2CB/VRK2/PSMD1/BIRC5/TUBB2B/PSMB2/PLK1/TMPO/KNL1/XPO1/PSMA5/MAPRE1/SMC3/CDCA8/PSMD2/NUP93/CENPE/CKAP5/PSMC5/PSMB7/SGO1/PPP1CC/MAD2L1/NUP205/PSMC3/PSMD7/AURKB/DYNC1I2/RCC2/NDC80/PSMA3/ESPL1/PSMD11/UBE2E1/NUP155/CDC27/PSMC4/TUBB4B/UBB/NDEL1/UBE2S/CENPF/TUBA3C/CENPO/NUF2/PSMA4/DYNLL2/HDAC8/PPP2R1B/DYNC1H1/NUP37/PSMA6/SPAST/SEC13/RAN/NUP62"
"PID_SYNDECAN_2_PATHWAY","PID_SYNDECAN_2_PATHWAY",33,0.792314637329935,1.73351001436249,0.000673530954053875,0.0142117545728618,0.0109889460309977,671,"tags=27%, list=4%, signal=26%","EPHB2/SRC/MAPK3/MAPK1/RHOA/FN1/CASK/HRAS/EZR"
"LENAOUR_DENDRITIC_CELL_MATURATION_DN","LENAOUR_DENDRITIC_CELL_MATURATION_DN",125,0.609252275914586,1.59673011367675,0.000676634349877198,0.0142117545728618,0.0109889460309977,2232,"tags=30%, list=13%, signal=27%","TUBA4A/ISG15/IL1R2/S100A12/CD180/DUSP6/TNF/CD163/PPIB/CYBB/CSF1R/S100A4/ANPEP/PDLIM7/S100A9/ZFP36L2/CHI3L1/SORL1/ITPR1/PPIF/FGL2/NAMPT/IDS/MMP9/C3AR1/SREBF2/SLC11A1/GSR/NFKBIA/PTAFR/PLSCR1/CD44/IRF7/SOS2/CCR2/ATP2A3/FCN1/LTA4H"
"RODWELL_AGING_KIDNEY_UP","RODWELL_AGING_KIDNEY_UP",460,0.495085753491042,1.43072342579102,0.000675915217060668,0.0142117545728618,0.0109889460309977,2068,"tags=20%, list=12%, signal=19%","AXL/TAGLN2/TUBA1A/RHOA/BIRC3/MSR1/C1QA/C1QB/RNF213/RIGI/PDIA4/RAD54L/FN1/COL1A2/GNB4/MRAS/SAMD9/SAMD9L/HLA-DRA/COL3A1/OSMR/VCAM1/CSF1R/SLAMF8/PLAAT4/ZCCHC7/TXNDC5/ANXA2/GPNMB/HGF/VIM/ACTN1/CDH11/CANX/DLGAP1/MTHFD1L/CFB/SNCA/TPM1/RGS1/IRAK2/CORO1C/MMP7/IL4I1/TBXAS1/RAC2/CCL2/P4HB/TRIM22/CALU/MFGE8/HCLS1/EML3/ISLR/IKBIP/DTX3L/STOML1/FLT3LG/RPS2/SAMHD1/JCHAIN/TESC/C1QC/PRICKLE1/ITPR3/ANTXR2/CXCR4/HLA-DPA1/CLEC10A/MYO1F/VCAN/STAT6/CHI3L2/HLA-DRB1/CCM2/ALOX5/TGFBI/MYOF/RPLP2/MARCHF1/GPX8/IRF8/NUP62/ZEB2/SPTLC3/RUNX2/HLA-DQB1/SEL1L3/FAU/RPN1/NT5E/PSME2/CX3CR1/SLC12A9"
"IVANOVA_HEMATOPOIESIS_LATE_PROGENITOR","IVANOVA_HEMATOPOIESIS_LATE_PROGENITOR",494,0.485674538307972,1.41036600860712,0.000677071561638396,0.0142117545728618,0.0109889460309977,2539,"tags=19%, list=14%, signal=17%","CCNB1/MAPK1/RHOA/CDC42/PPP2CB/ABCB4/ALDH1A1/MGAM/PLIN2/XPO5/BIRC5/ENO1/SPTLC2/CDC6/CTSB/PRKAR2B/IGLL5/MAP2K1/DHRS7/NSDHL/CYBB/PLIN5/ZBTB18/PTPRO/KPNA1/RRM2/ANXA2/ANKRD22/SERBP1/PBK/NUP205/IDH1/EIF2S1/GAK/ASF1B/MCM2/IFI30/STAMBPL1/HADHB/F10/MTHFD1L/FNIP1/ESPL1/FTSJ1/WNT4/AGPS/GDI2/MRPL16/XPNPEP3/SORL1/FGL2/ABHD5/HCK/USP14/FDPS/PITRM1/HDC/HLA-DMB/NUF2/PRDX3/TMX4/GSR/ELOVL7/BSG/PIN1/CLEC10A/MTUS1/PPP2R1B/ATP6V0B/PPIL1/POLD1/CCDC88B/IRF8/ZEB2/CTSS/NPTN/NDUFV1/CCR2/CX3CR1/ESCO2/UBE2W/PSTPIP2/TFRC/LTA4H/SLC15A4/EXOC5/G6PD/SPIRE1/ATAD5/CDC25B/ASB1/RARB/TMED3/SPOPL/TENT5A"
"SCHLOSSER_MYC_TARGETS_AND_SERUM_RESPONSE_DN","SCHLOSSER_MYC_TARGETS_AND_SERUM_RESPONSE_DN",47,0.754813279968384,1.72582338829841,0.000682835200157212,0.0142381280349613,0.0110093387664743,2530,"tags=49%, list=14%, signal=42%","CUL1/LDHA/MYC/HSPA9/DDX21/TRIM14/MRPL19/NCL/FTSJ1/SYNCRIP/RRS1/PRDX4/PRNP/UTP18/BYSL/HDGF/RAN/UCHL3/NOP14/PAICS/EXOSC7/MXI1/TIMM17A"
"REACTOME_NUCLEAR_EVENTS_STIMULATED_BY_ALK_SIGNALING_IN_CANCER","REACTOME_NUCLEAR_EVENTS_STIMULATED_BY_ALK_SIGNALING_IN_CANCER",34,0.785794009985826,1.725468993984,0.000682453775663074,0.0142381280349613,0.0110093387664743,1080,"tags=41%, list=6%, signal=39%","CUL1/CCNB1/MAPK3/MAPK1/FOXM1/DNMT1/IRF4/NOTCH1/RB1/HDAC1/TWIST1/ZAP70/AGO4/MOV10"
"PEART_HDAC_PROLIFERATION_CLUSTER_DN","PEART_HDAC_PROLIFERATION_CLUSTER_DN",71,0.696109717853289,1.69876607590222,0.000688591594316635,0.0142688536023271,0.0110330966775629,1678,"tags=28%, list=9%, signal=26%","CUL1/MYC/AURKA/CCNB2/PLK1/LCK/EIF2AK2/PLK4/HDAC4/WT1/CDC7/MCM7/IFI16/NME2/GFI1/MCM3/POLD3/CCNE2/KATNA1/ILF3"
"REACTOME_PTEN_REGULATION","REACTOME_PTEN_REGULATION",125,0.608890968644726,1.59578319854671,0.000688825632907529,0.0142688536023271,0.0110330966775629,1118,"tags=30%, list=6%, signal=28%","EGR1/MAPK3/UBA52/AKT1/MAPK1/CHD4/PSMD14/PSMC2/EZH2/PTEN/EED/HDAC7/PSMD1/PSMB2/TP53/PSMA5/PSMD2/CHD3/RBBP4/HDAC5/PSMC5/PSMB7/HDAC1/PREX2/PSMC3/PSMD7/XIAP/HDAC2/CSNK2A2/PSMA3/PSMD11/RBBP7/AGO4/AKT2/MTOR/MOV10/PSMC4"
"REACTOME_G_ALPHA_I_SIGNALLING_EVENTS","REACTOME_G_ALPHA_I_SIGNALLING_EVENTS",283,0.531447388413405,1.49177912854223,0.000693061782406087,0.0143096873896786,0.01106467056122,3071,"tags=29%, list=17%, signal=24%","KPNA2/SRC/MAPK1/CAMK2G/PPP2CB/PPP3CA/GNB4/PRKAR2B/GNAZ/GNB3/CAMK2A/PPP3CC/CAMK2D/GNAS/PPP3R1/RGS1/LPAR1/GNB2/CCR5/GNB5/PRKACG/GNAQ/FPR3/GNGT2/RGS4/GNA11/ITPR1/CXCR2/PRKAR1A/CXCL12/RGS12/C3AR1/PPP3CB/TAS1R1/RGS18/PRKACA/ITPR3/CAMK4/CXCR4/RGS8/RGS16/CCL13/PPP2R1B/GNG11/CCR6/GNAL/RGS14/CCR2/HTR1D/CX3CR1/PRKCA/GRM8/GRM2/RGS6/CNR2/AHCYL1/DRD3/GNG7/PNOC/PPBP/PRKAR1B/LPAR2/GRM3/CCR7/CXCR5/CAMKK1/BDKRB1/CCR3/CCR8/CXCR1/SSTR2/ADORA1/CXCL9/GNG10/CREB1/CDK5/C5AR1/OPN3/CXCL5/RGS5/FPR1/CCL19"
"SCIBETTA_KDM5B_TARGETS_DN","SCIBETTA_KDM5B_TARGETS_DN",78,0.694667176010569,1.72906869256365,0.00071844226899648,0.0144098992238723,0.0111421572946121,1318,"tags=23%, list=7%, signal=21%","CCNB1/ISG15/TOP2A/CDK1/LGALS3BP/BUB1B/AURKA/CAV1/HMMR/TUBB/PBK/EIF5B/NDC80/PLS3/NCAPH/INSIG1/DHCR24/LRCH4"
"REACTOME_CYCLIN_A_B1_B2_ASSOCIATED_EVENTS_DURING_G2_M_TRANSITION","REACTOME_CYCLIN_A_B1_B2_ASSOCIATED_EVENTS_DURING_G2_M_TRANSITION",32,0.788907579254237,1.72152762654305,0.000709167188291631,0.0144098992238723,0.0111421572946121,584,"tags=38%, list=3%, signal=36%","CCNB1/FOXM1/CDK1/CCNB2/TICRR/PPP2CB/PLK1/XPO1/FZR1/SGO1/CDC25A/CCNA2"
"PID_PI3KCI_AKT_PATHWAY","PID_PI3KCI_AKT_PATHWAY",35,0.771818035227507,1.70742291073613,0.000711197971212422,0.0144098992238723,0.0111421572946121,1925,"tags=60%, list=11%, signal=54%","YWHAE/SRC/AKT1/YWHAG/GSK3B/HSP90AA1/YWHAB/GSK3A/FOXO3/RAF1/KPNA1/FOXO4/FOXO1/AKT2/MTOR/MAPKAP1/CASP9/PRKACA/RICTOR/BCL2L1/SLC2A4"
"SHAFFER_IRF4_TARGETS_IN_ACTIVATED_B_LYMPHOCYTE","SHAFFER_IRF4_TARGETS_IN_ACTIVATED_B_LYMPHOCYTE",79,0.674492104268668,1.68395394451217,0.000703774593509893,0.0144098992238723,0.0111421572946121,2076,"tags=33%, list=12%, signal=29%","TAGLN2/LDHA/MYC/AURKA/SLAMF7/VDAC1/CAV1/IRF4/CYP51A1/GART/IDH1/SQLE/CANX/YARS1/SCD/BCL2/INSIG1/GRSF1/BMP6/KRAS/GARS1/KTN1/EIF2S2/LDLR/CYCS/ALDOC"
"SERVITJA_LIVER_HNF1A_TARGETS_UP","SERVITJA_LIVER_HNF1A_TARGETS_UP",133,0.606538503865353,1.59601426003357,0.000701016921570848,0.0144098992238723,0.0111421572946121,1571,"tags=23%, list=9%, signal=21%","CCNB1/THBS1/CBR1/BUB1/KIF11/KIF20A/CCNB2/CDC20/CBR3/ANLN/TPX2/CDCA8/PDK4/HMMR/ANXA2/MAD2L1/RACGAP1/CCNA2/AURKB/MCM2/CYP4A22/SCD/CCL2/CDKN1C/MGST3/IMPA2/FMO3/RGS2/RGS16/NLN"
"TONKS_TARGETS_OF_RUNX1_RUNX1T1_FUSION_MONOCYTE_UP","TONKS_TARGETS_OF_RUNX1_RUNX1T1_FUSION_MONOCYTE_UP",199,0.57038509979837,1.55799755925784,0.000717151472866306,0.0144098992238723,0.0111421572946121,1797,"tags=27%, list=10%, signal=24%","HSPA5/ISG15/TRIP13/HSPD1/NES/NME1/DDX18/PLIN2/EPRS1/MX1/COL1A2/CD180/USP18/IFIT1/IFI44L/GTPBP4/MDH2/DUSP6/IFI44/CH25H/RAD54L2/AK2/SMARCA4/UCHL1/HGF/SPTAN1/MRPL17/DDX24/PLS3/EIF3B/TCF7L2/NEFH/ATP1B3/DLAT/TCP1/LGALS9/PWP1/CALU/APLP2/FLNB/CTDSPL/RHOBTB1/MYBBP1A/SOX4/EPS8/MRPS35/PES1/NR2F6/NHP2/HERC5/ECHS1/AMPD2/MYOF"
"BLALOCK_ALZHEIMERS_DISEASE_INCIPIENT_DN","BLALOCK_ALZHEIMERS_DISEASE_INCIPIENT_DN",162,0.577887455220971,1.55591059227148,0.000717348803496993,0.0144098992238723,0.0111421572946121,2018,"tags=26%, list=11%, signal=23%","HSPA5/RANBP2/CCT5/PCNT/PSMC2/NEDD8/HSP90AA1/ARF3/DNAJA1/HSP90AB1/PDIA6/PARP1/PPP3CA/ATP2A2/SCN3A/HSPH1/EIF2B3/ACTN1/SDHA/ROCK2/GNAS/PPP3R1/PDHX/CDC27/SNU13/TTC3/RGS4/TOX3/SEC31A/GLUL/PPA1/MFN1/ACAD8/RPN2/UTP18/VAMP1/MGA/MRPL15/CCT2/SLC25A6/RGS14/IPO7"
"WP_FATTY_ACID_AND_LIPOPROTEIN_TRANSPORT_IN_HEPATOCYTES","WP_FATTY_ACID_AND_LIPOPROTEIN_TRANSPORT_IN_HEPATOCYTES",376,0.511599357990466,1.46560221919755,0.000708816355948614,0.0144098992238723,0.0111421572946121,2807,"tags=27%, list=16%, signal=23%","RHOJ/ANKFY1/CTTN/SIGLEC1/LGALS3BP/CDC42/MSR1/VDAC1/SCARB2/NME1/CYP51A1/ITSN1/CD163/CD5L/NSDHL/MYO1E/RHOU/DNER/SNX2/ACSL3/ARRB2/HRAS/ACSL5/ACOX1/CD209/MARCO/TMPRSS15/MIA3/HADHB/DNM1L/ABL1/RHOQ/CFTR/LIPA/HADHA/PSTPIP1/INSIG1/TMPRSS3/FCHO2/HIP1R/DHCR24/AGER/SORL1/LRRK2/MYO6/EPN2/LRP4/PPARD/ACAT1/ACADM/TRIP10/FDPS/AP2A1/SLC27A1/CSNK1E/DAB2/AP2A2/APOA2/EPS15L1/EPS15/SGIP1/ACOX3/DPYSL2/FCHO1/CLEC10A/DNM3/ECHS1/LRP2/ACLY/BCL2L1/HMGCS1/CLEC4F/CLEC9A/TMPRSS2/LDLR/RABEP1/TSC2/ABCA1/SORT1/AP2B1/TFRC/ATP9A/BTBD8/LSR/G6PD/PRKAA1/HIP1/EHD4/ARR3/LIPC/AP2M1/EEA1/USP20/RAB5C/ACAA2/SNX9/CSNK1G1/NOSTRIN/RAB5B/SCARA3"
"PEDERSEN_METASTASIS_BY_ERBB2_ISOFORM_7","PEDERSEN_METASTASIS_BY_ERBB2_ISOFORM_7",379,0.509467219080542,1.46052621566491,0.000717544119122114,0.0144098992238723,0.0111421572946121,2021,"tags=22%, list=11%, signal=20%","SOX2/PCNT/CTTN/STAT1/KIF11/ALDH1A3/NR2F2/EPHA1/EZH2/RERG/IL1R2/ESR1/TMPO/TP53/MTHFD1/MCM4/MYO1E/SP100/DNAJC22/IFT122/CYP2J2/ANXA2/CDC45/ANKRD22/BRCA2/PXN/KLF6/ABCG2/ACTN1/EZR/POLA1/MAPRE3/PMEPA1/CDC7/PARPBP/ASPM/SUSD1/NCAPG/SH2D3A/NDUFS1/PDLIM7/RBM3/TMPRSS3/ZNF185/CUL4A/IDS/ANKRD11/LRCH4/PARM1/CEP128/TMTC4/SYK/S100A16/RAP2C/PIK3R1/KIF15/RGS16/APPL1/ITGB5/OSR2/MTUS1/SH3RF1/SNX27/DNM3/MNS1/SYNE2/BMAL2/CD44/H2AZ2/HPCAL1/KISS1/HOXC9/KIF3C/MYOF/GPX8/UBE2E3/SIX1/TYMS/LDLR/NT5E/ANGPTL4/ZXDC"
"PID_ER_NONGENOMIC_PATHWAY","PID_ER_NONGENOMIC_PATHWAY",40,0.767634154107788,1.73276721259666,0.000720851448926053,0.0144124666275785,0.0111441424865617,1798,"tags=48%, list=10%, signal=43%","IGF1R/SRC/NRAS/AKT1/RHOA/BCAR1/ESR1/GNAZ/SHC1/HRAS/ROCK2/SOS1/GNAQ/GNA11/MMP9/PIK3R1/KRAS/STRN/GNAL"
"KEGG_FOCAL_ADHESION","KEGG_FOCAL_ADHESION",196,0.568042452894489,1.55364477905257,0.000759247230122942,0.015132252365668,0.0117007019591585,1298,"tags=27%, list=7%, signal=25%","EGFR/IGF1R/SRC/MAPK3/THBS1/AKT1/MAPK1/RHOA/LAMA4/BIRC3/GSK3B/CDC42/MYL9/CAV1/BCAR1/PTEN/FN1/COL1A2/MYL2/ACTG1/MAP2K1/CAPN2/SHC1/COL3A1/MYLK/RAF1/ACTB/ILK/COL2A1/PDGFRB/PPP1CC/PTK2/PXN/HGF/ACTN1/HRAS/XIAP/COL6A1/COL6A3/THBS3/ROCK2/COL11A1/ITGB3/SOS1/BCL2/RAC2/AKT2/BRAF/RAC1/ITGA4/FLNB/COL4A6/PAK6"
"WHITFIELD_CELL_CYCLE_G2","WHITFIELD_CELL_CYCLE_G2",164,0.582283250356859,1.56998985010494,0.0007883355507484,0.0156625912252465,0.0121107755412887,1246,"tags=20%, list=7%, signal=19%","TUBA1A/KPNA2/TUBA4A/TOP2A/STAT1/CDK1/KIF11/ANLN/NUMA1/KIF23/TMPO/BRD8/KIFC1/LTBP3/CDCA8/FZR1/MELK/CHEK2/MAD2L1/TUBB/CCNA2/KLF6/AURKB/CCNF/SMC4/NDC80/ESPL1/STK17B/UACA/NCAPH/STAT5B/TUBB4B/SORL1"
"BIOCARTA_IGF1R_PATHWAY","BIOCARTA_IGF1R_PATHWAY",23,0.84071143246398,1.73747039706173,0.000798849112521156,0.015821720040466,0.0122338186147853,1449,"tags=61%, list=8%, signal=56%","IGF1R/MAPK3/AKT1/MAPK1/PRKAR2B/MAP2K1/SHC1/RAF1/IRS1/HRAS/SOS1/PRKACG/PRKAR1A/PIK3R1"
"KRASNOSELSKAYA_ILF3_TARGETS_UP","KRASNOSELSKAYA_ILF3_TARGETS_UP",38,0.775892241388464,1.73745753274535,0.000806062270674737,0.0158845133668987,0.0122823722590055,2136,"tags=47%, list=12%, signal=42%","ISG15/STAT1/IFI27/XAF1/MX1/IFIT1/IFIT3/OMD/IFI35/IFI6/H2AC6/IFI16/TRIM22/RGS4/PLSCR1/H1-2/NT5E/MX2"
"WP_LEPTIN_SIGNALING","WP_LEPTIN_SIGNALING",73,0.683670247097621,1.68307640571209,0.000807047925098843,0.0158845133668987,0.0122823722590055,1462,"tags=42%, list=8%, signal=39%","SRC/MAPK3/JAK2/AKT1/MAPK1/RHOA/STAT1/GSK3B/CDC42/PTEN/GSK3A/ESR1/MAP2K1/PTPN11/SHC1/REL/RAF1/IRS1/PTK2/HRAS/FOXO1/ROCK2/SOS1/PLCG1/MTOR/STAT5B/MAP2K2/RAC1/PIK3R1/CISH/SOCS2"
"WP_TARGET_OF_RAPAMYCIN_SIGNALING","WP_TARGET_OF_RAPAMYCIN_SIGNALING",36,0.775711321541295,1.7224048567196,0.000809776843350657,0.0158887270071101,0.0122856303693704,3308,"tags=67%, list=19%, signal=54%","AKT1/CDC42/PRKAG1/ULK2/FKBP1A/PRKAG2/ULK1/PRKAG3/MTOR/RAC1/MAPKAP1/RICTOR/TSC1/TSC2/PRKCA/PRKAA1/RPTOR/RHEB/RPS6KB1/ULK3/RRAGD/AKT1S1/MLST8/PRKAB1"
"KEGG_MELANOMA","KEGG_MELANOMA",70,0.68459978695129,1.66200090640147,0.000853304142288469,0.0166909460401813,0.0129059296866899,1140,"tags=27%, list=6%, signal=25%","EGFR/IGF1R/MAPK3/NRAS/AKT1/MAPK1/PTEN/TP53/MAP2K1/CDK6/RAF1/PDGFRB/RB1/HGF/HRAS/CDK4/AKT2/BRAF/MAP2K2"
"DANG_REGULATED_BY_MYC_DN","DANG_REGULATED_BY_MYC_DN",247,0.547401929649166,1.52363060557411,0.000861904487961204,0.0168071375152435,0.0129957723477191,2221,"tags=30%, list=13%, signal=27%","MAPK3/MYC/THBS1/KIF14/AKT1/TGFBR2/CAV1/NIBAN1/YME1L1/KLF4/FN1/COL1A2/IFIT1/CTSB/MAP3K1/DUSP6/COL3A1/POSTN/VCAM1/ATRX/DUSP1/RAB2A/CCNG2/CSDE1/ILK/GAA/PDGFRB/RB1/IFI35/PPP1R15A/COL6A3/SPTAN1/VAMP3/CANX/DDB2/CFB/RAB10/SNCA/TPM1/PLS3/CSK/GDI1/MTREX/FOSL2/AKT2/GCN1/PDLIM7/ARF4/MYO1B/F2R/CALD1/CHAF1B/CD48/PEA15/NCAM1/SDCBP/SLC11A1/SPARC/SLC2A2/ZFP36L1/TCN2/ISCU/IRF7/ITM2B/CDKN2B/ANXA4/LAMP2/RSAD2/SEPTIN4/PAK2/PTPN1/PLAC8/PLD1/MYL12A/CD151"
"WANG_SMARCE1_TARGETS_DN","WANG_SMARCE1_TARGETS_DN",370,0.500434286180663,1.43498771703872,0.000870446855942743,0.0169214868795269,0.013084190634592,3033,"tags=27%, list=17%, signal=23%","EGFR/HSPA4/HSPA4L/HSPA9/LAMA4/SGK1/LGALS3BP/CDC42/QDPR/AURKA/CAV1/IFI27/SMARCA5/MX1/DUSP6/PRDX2/SMC3/CASP7/HSPH1/LAP3/IDH3A/ATRX/AK2/HSPA1A/CAT/PDE4DIP/UCHL1/CDC25A/MAD2L1/PBK/TWIST1/MAPK6/NDC80/FH/TPM1/SHTN1/AFF3/CYB5B/NCAPG/MTOR/DLAT/PWP1/E2F5/TGM2/RGS4/CCNE1/PPIF/IFT74/SIX2/SAMHD1/RNF138/PRDX3/CCNE2/NDUFV2/GNG11/APBB2/NAA15/HMGCS1/NPTX1/NT5E/CD9/MX2/FANCI/AP2B1/RASA1/NOC2L/DUSP4/TSTD1/NRG1/FGF12/DUSP7/RAB9A/TBRG4/EHD4/CYP1B1/MAEA/GLRX3/C1QBP/BDKRB1/PLK2/MYBL1/HCCS/TRIM8/OAS3/TFDP1/CCR8/MED28/FJX1/DCK/CREB3/ABCE1/CTPS1/CSTF3/MACROH2A1/ING2/MIOS/OPN3/LOXL1/CXCL5/KYNU/COX5A"
"FARMER_BREAST_CANCER_CLUSTER_2","FARMER_BREAST_CANCER_CLUSTER_2",33,0.788321302988818,1.72477297386763,0.000880993999294745,0.0170015155537457,0.0131460711559177,1871,"tags=61%, list=11%, signal=54%","BUB1/BUB1B/KIF11/KIF20A/CCNB2/PRC1/TPX2/MCM4/CENPE/MELK/MAD2L1/CCNA2/ATAD2/NDC80/ASPM/NCAPG/RRS1/KIF15/CEP55/MRPL15"
"REACTOME_L1CAM_INTERACTIONS","REACTOME_L1CAM_INTERACTIONS",119,0.625128394591939,1.62992327706644,0.000877530063363383,0.0170015155537457,0.0131460711559177,1691,"tags=35%, list=10%, signal=32%","EGFR/EPHB2/TUBB1/TUBA1A/SRC/MAPK3/TUBA4A/TUBA1C/MAPK1/TUBA1B/TUBA8/HSPA8/TUBB3/ANK3/TUBB2B/ACTG1/MAP2K1/SCN3A/ACTB/KCNQ2/CSNK2A2/EZR/SPTAN1/SHTN1/ITGB3/DCX/MAP2K2/TUBB4B/ANK1/RAC1/AP2A1/TUBA3C/SCN8A/AP2A2/NCAM1/SDCBP/SCN4A/DPYSL2/ITGA2B/DNM3/LAMA1/DLG4"
"THEILGAARD_NEUTROPHIL_AT_SKIN_WOUND_DN","THEILGAARD_NEUTROPHIL_AT_SKIN_WOUND_DN",223,0.552066248488502,1.52005155721942,0.000882636451666442,0.0170015155537457,0.0131460711559177,2585,"tags=31%, list=15%, signal=27%","MAPK3/TUBA4A/AKT1/CAMK2G/TUBA1B/GSK3B/DAPK2/CSF3R/GAS7/CASP8/TYK2/ATRX/RAF1/ICAM3/HDAC5/FOXO4/PPP1CC/VIM/ACTN1/PPP1R12B/FKBP1A/PRMT2/FOXO1/GNAS/NCF4/ULK1/ACVR1B/GNB2/CAPZB/CDKN2D/SNAP23/TPST2/ZFP36L2/GNAQ/ZNF185/RASGRP2/GDI2/APAF1/HCLS1/MEIS2/IDS/CXCR2/PRKAR1A/NPEPPS/TUBA3C/PRDX3/RGS2/STAT6/SMARCA2/PPP1R12A/ACLY/FLII/KLC1/SPAST/TLR6/SLC25A3/SMC1A/RGS14/CDIPT/CD46/RASA1/CBFA2T3/RBM5/BARX2/TKT/TSC22D3/PHC2/ARHGEF1/OGT/STX16"
"TARTE_PLASMA_CELL_VS_B_LYMPHOCYTE_UP","TARTE_PLASMA_CELL_VS_B_LYMPHOCYTE_UP",78,0.690009375400647,1.71747514461876,0.000896459176790923,0.0171282603963256,0.0132440739906612,1545,"tags=26%, list=9%, signal=24%","HSPA5/HSP90B1/CAV1/IRF4/PDIA6/HYOU1/PPIB/AARS1/PDK1/GAS6/CASP10/CANX/AQP3/ARF4/CKAP4/P4HB/FGL2/STT3A/PRDX4/RPN2"
"YU_MYC_TARGETS_UP","YU_MYC_TARGETS_UP",43,0.752143271078073,1.71188655575765,0.000900060533646742,0.0171282603963256,0.0132440739906612,1367,"tags=51%, list=8%, signal=47%","KPNA2/CCNB1/TOP2A/CDK1/BUB1/AURKA/KIF20A/CCNB2/ANLN/CDKN3/BIRC5/PLK1/MKI67/PCNA/BRCA2/RACGAP1/YBX3/ASPM/RRM1/CKS1B/UBE2S/FDPS"
"BASSO_CD40_SIGNALING_UP","BASSO_CD40_SIGNALING_UP",98,0.649446208835981,1.66678666566878,0.000899197472335319,0.0171282603963256,0.0132440739906612,2646,"tags=37%, list=15%, signal=31%","HSP90B1/STAT1/IRF4/MEF2C/SIK1/TNF/CHD1/CD74/IFI30/RGS1/MYB/CR2/NFKB2/BCL2/RAC2/HLA-DPB1/ARID5B/LITAF/TRIP10/CD40/NFKBIA/ZFP36L1/CD44/HLA-DRB1/ICOSLG/HLA-DQB1/NCKAP1L/JUNB/NFKBIE/SLAMF1/TMC6/IRF5/CFLAR/CCR7/PTPRE/CXCR5"
"PID_PDGFRB_PATHWAY","PID_PDGFRB_PATHWAY",127,0.611601571001532,1.60174048787261,0.000899667216622184,0.0171282603963256,0.0132440739906612,1632,"tags=34%, list=9%, signal=31%","YWHAE/SRC/MAPK3/MYC/NRAS/JAK2/MAPK1/RHOA/CTTN/YWHAG/STAT1/FOS/YWHAB/PRKCE/BCAR1/PTEN/LCK/MAP2K1/EIF2AK2/PTPN11/SHC1/RAF1/PDGFRB/MYOCD/HRAS/BLK/ACTR2/ABL1/ITGB3/SOS1/CSK/PLCG1/STAT5B/BRAF/MAP2K2/RAC1/PTPN2/HCK/EPS8/PIK3R1/PIN1/KRAS/PPP2R2B"
"REACTOME_CYCLIN_A_CDK2_ASSOCIATED_EVENTS_AT_S_PHASE_ENTRY","REACTOME_CYCLIN_A_CDK2_ASSOCIATED_EVENTS_AT_S_PHASE_ENTRY",74,0.691833534223128,1.70657407553356,0.000903981911141616,0.0171512243681463,0.0132618304081184,1530,"tags=42%, list=9%, signal=38%","CUL1/MYC/UBA52/AKT1/PSMD14/PSMC2/PSMD1/PSMB2/PSMA5/PSMD2/FZR1/RBBP4/PSMC5/PSMB7/RB1/CDC25A/CCNA2/MAX/PSMC3/PSMD7/PSMA3/CDK4/PSMD11/AKT2/PSMC4/E2F5/CKS1B/CCNE1/UBB/PSMA4/CCNE2"
"PID_GMCSF_PATHWAY","PID_GMCSF_PATHWAY",36,0.772795187776598,1.71592981527096,0.000922438781625072,0.0174077417404675,0.0134601771742406,1608,"tags=58%, list=9%, signal=53%","MAPK3/NRAS/JAK2/MAPK1/STAT1/FOS/MAP2K1/PTPN11/SHC1/RAF1/HRAS/SOS1/CCL2/PRKACG/STAT5B/MAP2K2/SYK/PIK3R1/CISH/PRKACA/KRAS"
"BOWIE_RESPONSE_TO_TAMOXIFEN","BOWIE_RESPONSE_TO_TAMOXIFEN",17,0.871492990934071,1.71280381283791,0.000923012580414152,0.0174077417404675,0.0134601771742406,890,"tags=59%, list=5%, signal=56%","ISG15/STAT1/IFI27/MX1/IFIT1/IFIT3/IFI35/IFIT2/IFI6/IFI16"
"MARKEY_RB1_CHRONIC_LOF_DN","MARKEY_RB1_CHRONIC_LOF_DN",115,0.622862171174034,1.62179263027562,0.000931610418396239,0.017517603045915,0.0135451251622085,2163,"tags=26%, list=12%, signal=23%","EGFR/MSR1/GABARAPL1/C1QA/C1QB/PLIN2/PRDX2/KRT18/CSF1R/RB1/UCHL1/IVL/IFI30/IFI16/UBFD1/ARL5A/CCL2/PSTPIP1/LGALS9/PARM1/C3AR1/C1QC/ATP6V0B/GNG11/PLSCR1/RHOB/CTSS/CFP/SQSTM1/PLAC8"
"KEGG_MEDICUS_REFERENCE_ACH_CHRN_RAS_ERK_SIGNALING_PATHWAY","KEGG_MEDICUS_REFERENCE_ACH_CHRN_RAS_ERK_SIGNALING_PATHWAY",21,0.846148455701478,1.72136832442846,0.000944449178473428,0.0176891921557946,0.0136778029014916,1140,"tags=43%, list=6%, signal=40%","MAPK3/NRAS/MAPK1/MAP2K1/RAF1/HRAS/CREB5/BRAF/MAP2K2"
"WP_UROTENSINIIMEDIATED_SIGNALING","WP_UROTENSINIIMEDIATED_SIGNALING",69,0.70077068322283,1.69291404462415,0.000946335382820287,0.0176891921557946,0.0136778029014916,1479,"tags=43%, list=8%, signal=40%","EGFR/MAPK3/JAK2/AKT1/MAPK1/RHOA/CDK1/GSK3B/PTEN/FN1/GSK3A/TNF/PCNA/PTPN11/COL3A1/CYBB/VCAM1/HDAC5/COL2A1/CAMK2A/ESPL1/NCF4/AGTR1/BCL2/CCNE1/MMP9/IRF3/CASP9/NOX4/PRKACA"
"KEGG_MEDICUS_PATHOGEN_SHIGELLA_IPAC_TO_ACTIN_SIGNALING_PATHWAY","KEGG_MEDICUS_PATHOGEN_SHIGELLA_IPAC_TO_ACTIN_SIGNALING_PATHWAY",13,0.909414437641502,1.71797565587712,0.000960538602297507,0.01783388296336,0.0137896820834298,715,"tags=38%, list=4%, signal=37%","SRC/CTTN/ACTG1/ACTB/ACTR2"
"REACTOME_RECRUITMENT_OF_NUMA_TO_MITOTIC_CENTROSOMES","REACTOME_RECRUITMENT_OF_NUMA_TO_MITOTIC_CENTROSOMES",93,0.648624849317069,1.64661876531548,0.000958707120316351,0.01783388296336,0.0137896820834298,1479,"tags=34%, list=8%, signal=32%","TUBB1/TUBA1A/YWHAE/TUBA4A/TUBA1C/PCNT/TUBA1B/YWHAG/CDK1/TUBA8/HSP90AA1/TUBB3/NUMA1/TUBB2B/PLK1/PRKAR2B/MAPRE1/PLK4/CKAP5/NME7/TUBB/DYNC1I2/CNTRL/TUBGCP2/CEP250/TUBG1/TUBB4B/CSNK1D/ACTR1A/TUBA3C/CSNK1E/PRKACA"
"MISSIAGLIA_REGULATED_BY_METHYLATION_UP","MISSIAGLIA_REGULATED_BY_METHYLATION_UP",120,0.627114391442072,1.63462086146989,0.000964732235184458,0.01783388296336,0.0137896820834298,1220,"tags=18%, list=7%, signal=17%","ATF3/UBD/ISG15/BIRC3/DUSP5/STAT1/CTSL/IFIT1/IFI44L/CTSB/DUSP6/BCL11A/DUSP1/H2AC21/RRBP1/UBE2L6/H2AC6/GSN/ARF4/LGALS9/DNAJB2/MFGE8"
"DAZARD_UV_RESPONSE_CLUSTER_G6","DAZARD_UV_RESPONSE_CLUSTER_G6",143,0.596221804636634,1.58538542153081,0.000965366884056524,0.01783388296336,0.0137896820834298,2500,"tags=27%, list=14%, signal=24%","CUL1/CCNB1/KIF14/TOP2A/BUB1B/KIF11/CCNB2/KIF23/XPO1/MKI67/CASP8/FOXO3/IRS1/PTK2/FOXO1/SMC4/JARID2/ABL1/CTBP2/POLD3/E2F5/RRS1/ZNF638/XPA/MTUS1/ADSL/STRN/PPP1R12A/ZNF146/RRP1B/QKI/PHIP/MICAL2/MEIS1/KLF7/SPOP/PHLPP1/CHD9/RBPJ"
"NEMETH_INFLAMMATORY_RESPONSE_LPS_DN","NEMETH_INFLAMMATORY_RESPONSE_LPS_DN",28,0.812456796433979,1.7235296559428,0.000970125439156578,0.0178695408880212,0.0138172538380411,1703,"tags=46%, list=10%, signal=42%","HSPA4L/AURKA/FOS/CHEK1/MKI67/FEN1/CCNF/SCD/MBP/ITGA4/ACADM/RGS2/ZFP36L1"
"WP_FOCAL_ADHESION","WP_FOCAL_ADHESION",195,0.562748947447992,1.54047174805034,0.000985134820563507,0.0180932610358146,0.0139902408269132,1806,"tags=32%, list=10%, signal=29%","EGFR/IGF1R/SRC/MAPK3/THBS1/AKT1/MAPK1/RHOA/LAMA4/BIRC3/GSK3B/CDC42/MYL9/CAV1/BCAR1/PTEN/FN1/COL1A2/MYL2/ACTG1/MAP2K1/CAPN2/SHC1/MYLK/RAF1/ACTB/ILK/COL2A1/PDGFRB/PPP1CC/PTK2/PXN/HGF/ACTN1/HRAS/XIAP/PPP1R12B/THBS3/BLK/ROCK2/ITGB3/SOS1/BCL2/RAC2/AKT2/BRAF/RAC1/ITGA4/FLNB/COL4A6/PAK6/HCK/COL6A2/PIK3R1/ITGB5/ITGA2B/PAK4/LAMA1/TESK2/PPP1R12A/ITGB7/EGF"
"KEGG_VEGF_SIGNALING_PATHWAY","KEGG_VEGF_SIGNALING_PATHWAY",74,0.690646951540697,1.70364708349842,0.000993737543484596,0.0181457624269817,0.0140308364445148,1608,"tags=32%, list=9%, signal=30%","SRC/MAPK3/NRAS/AKT1/MAPK1/CDC42/PPP3CA/MAPK13/MAP2K1/RAF1/PTK2/PXN/HRAS/PPP3CC/PPP3R1/PLCG1/RAC2/AKT2/MAP2K2/RAC1/PPP3CB/PIK3R1/CASP9/KRAS"
"REACTOME_RESOLUTION_OF_SISTER_CHROMATID_COHESION","REACTOME_RESOLUTION_OF_SISTER_CHROMATID_COHESION",125,0.601477988768328,1.57635523960646,0.000993609000345412,0.0181457624269817,0.0140308364445148,762,"tags=26%, list=4%, signal=25%","TUBB1/TUBA1A/RANBP2/CCNB1/TUBA4A/TUBA1C/TUBA1B/CDK1/TUBA8/BUB1/BUB1B/CCNB2/CDC20/TUBB3/PPP2CB/BIRC5/TUBB2B/PLK1/KNL1/XPO1/MAPRE1/SMC3/CDCA8/CENPE/CKAP5/SGO1/PPP1CC/MAD2L1/AURKB/DYNC1I2/RCC2/NDC80"
"TSAI_RESPONSE_TO_RADIATION_THERAPY","TSAI_RESPONSE_TO_RADIATION_THERAPY",31,0.776810424306095,1.67985058369232,0.00100501447599438,0.0182987938309294,0.0141491648205367,1378,"tags=39%, list=8%, signal=36%","EGR1/ISG15/THBS1/LGALS3BP/TGFBR2/COL6A1/COL6A3/IFIT2/IFI6/CFB/HBB/COL6A2"
"NUTT_GBM_VS_AO_GLIOMA_UP","NUTT_GBM_VS_AO_GLIOMA_UP",45,0.751519063323868,1.7143594995344,0.00101323605226952,0.0183954752248241,0.0142239217138016,967,"tags=20%, list=5%, signal=19%","TAGLN2/LDHA/STAT1/FZR1/RBBP4/ANXA2/VIM/CD74/CAPZB"
"WP_JAKSTAT_SIGNALING_IN_THE_REGULATION_OF_BETA_CELLS","WP_JAKSTAT_SIGNALING_IN_THE_REGULATION_OF_BETA_CELLS",34,0.777764061948514,1.70783660408842,0.00101630225943015,0.0183982741406295,0.0142260859177057,1608,"tags=38%, list=9%, signal=35%","NRAS/JAK2/AKT1/STAT1/FOXM1/HRAS/CDK4/AKT2/MTOR/STAT5B/CISH/SOCS2/KRAS"
"SCIAN_CELL_CYCLE_TARGETS_OF_TP53_AND_TP73_DN","SCIAN_CELL_CYCLE_TARGETS_OF_TP53_AND_TP73_DN",22,0.83586200652127,1.71501568166166,0.00102952670716471,0.0185844278167618,0.0143700254073727,851,"tags=50%, list=5%, signal=48%","CCNB1/MYC/AURKA/CDC20/CDKN3/TPX2/KIF23/CCNA2/MCM6/CCNF/MCM7"
"KEGG_MEDICUS_ENV_FACTOR_NNK_NNN_TO_CHRNA7_E2F_SIGNALING_PATHWAY","KEGG_MEDICUS_ENV_FACTOR_NNK_NNN_TO_CHRNA7_E2F_SIGNALING_PATHWAY",10,0.931020210957408,1.68813262744452,0.00103686313909647,0.0186311239214284,0.0144061322069524,631,"tags=70%, list=4%, signal=68%","SRC/BIRC5/CDC6/RAF1/RB1/CDC25A/XIAP"
"REACTOME_REGULATION_OF_HSF1_MEDIATED_HEAT_SHOCK_RESPONSE","REACTOME_REGULATION_OF_HSF1_MEDIATED_HEAT_SHOCK_RESPONSE",81,0.666859121892991,1.65784376813696,0.00103801133592004,0.0186311239214284,0.0144061322069524,588,"tags=20%, list=3%, signal=19%","HSPA4/HSPA4L/HSPA5/YWHAE/RANBP2/MAPK3/HSPA9/MAPK1/DNAJC7/GSK3B/HSPA8/HSPH1/NUP93/ATR/HSPA1A/NUP205"
"REACTOME_MAP2K_AND_MAPK_ACTIVATION","REACTOME_MAP2K_AND_MAPK_ACTIVATION",40,0.760081196484099,1.71571805283947,0.00104277655287842,0.0186636324676654,0.0144312687696698,1140,"tags=40%, list=6%, signal=38%","SRC/MAPK3/NRAS/MAPK1/YWHAB/FN1/ACTG1/MAP2K1/RAF1/ACTB/ARRB2/HRAS/ITGB3/CSK/BRAF/MAP2K2"
"BARRIER_COLON_CANCER_RECURRENCE_UP","BARRIER_COLON_CANCER_RECURRENCE_UP",41,0.743338704407578,1.68598730240639,0.00105516240986037,0.0188319663997114,0.0145614295098483,2539,"tags=41%, list=14%, signal=36%","PSMC2/NME7/ANXA2/FOXO1/AHI1/SNU13/PWP1/POLD3/NDEL1/WDHD1/RPN2/SRP72/XPNPEP1/PDHB/ITM2A/TIMM17A/TENT5A"
"DACOSTA_UV_RESPONSE_VIA_ERCC3_UP","DACOSTA_UV_RESPONSE_VIA_ERCC3_UP",306,0.514037674986946,1.45060405137944,0.00106241010855131,0.0189079072276823,0.0146201491883963,2601,"tags=28%, list=15%, signal=24%","ATF3/TUBA4A/ISG15/THBS1/GABARAPL1/CBR3/MYBL2/SYNM/IFIT1/CDC6/TP53/PCNA/FEN1/MCM4/PTPN11/TYK2/HNRNPU/ICAM3/CCNG2/HSPA1A/SPR/LHX2/ARRB2/CREM/CDC34/PSMC3/DAXX/NCBP2/FKBP1A/IFI30/GCH1/CYB5B/IDH2/PDLIM7/NR4A1/CDKN1C/HYAL2/GDI2/CNP/CCNE1/GLUD1/PPIF/TFAM/DUSP3/GLUL/RGS2/TMX4/CCNE2/SHMT1/BSG/OSR2/RPS6KB2/RHOB/PVR/NXF1/ITM2B/CDKN2B/SIX1/NDUFV1/GRHPR/TYMS/YKT6/RPN1/ZKSCAN1/SQSTM1/JUNB/NFKBIE/PCDH9/PSMD8/TPBG/NDUFS7/U2AF2/ABCF3/NPRL2/SHOX2/SERPINH1/UQCRC1/RPS15A/RFC2/TP53I3/CYP1B1/LIN37/SMARCD3/STX16/ERCC2/ZNF330"
"WEST_ADRENOCORTICAL_TUMOR_MARKERS_UP","WEST_ADRENOCORTICAL_TUMOR_MARKERS_UP",22,0.834365657558328,1.71194548357075,0.00107461468415155,0.018988602198552,0.0146825449098615,1316,"tags=45%, list=7%, signal=42%","TOP2A/CDK1/KIF20A/PRC1/RRM2/BARD1/SQLE/ASPM/PCSK6/UBE2S"
"DELPUECH_FOXO3_TARGETS_UP","DELPUECH_FOXO3_TARGETS_UP",64,0.707016514001625,1.69882919813407,0.00107115538438193,0.018988602198552,0.0146825449098615,1013,"tags=22%, list=6%, signal=21%","IGF1R/LGR5/DUSP5/BCL6/CAV1/CTSB/DUSP6/CCNG2/KRT6B/MAX/ABCC5/CLU/GSN/GNB5"
"REACTOME_REGULATION_OF_PD_L1_CD274_POST_TRANSLATIONAL_MODIFICATION","REACTOME_REGULATION_OF_PD_L1_CD274_POST_TRANSLATIONAL_MODIFICATION",85,0.659243519814454,1.65870187503768,0.00107896615848056,0.018988602198552,0.0146825449098615,1545,"tags=33%, list=9%, signal=30%","CUL1/UBA52/PSMD14/YWHAG/PSMC2/GSK3B/VCP/PRKAG1/PSMD1/PSMB2/PSMA5/PSMD2/PSMC5/MIB2/PSMB7/PSMC3/PSMD7/CSNK2A2/PRKAG2/PSMA3/CDK4/PSMD11/PRKAG3/PSMC4/UBB/STT3A/PSMA4/RPN2"
"WP_PANCREATIC_ADENOCARCINOMA_PATHWAY","WP_PANCREATIC_ADENOCARCINOMA_PATHWAY",85,0.65870946127113,1.65735814714265,0.00107896615848056,0.018988602198552,0.0146825449098615,1806,"tags=41%, list=10%, signal=37%","EGFR/MAPK3/AKT1/MAPK1/RHOA/STAT1/CDC42/TGFBR2/RIPK4/RAD51/TP53/DUSP6/MAP2K1/CDK6/RAF1/RB1/BRCA2/TIAM1/DDB2/CDK4/RAC2/AKT2/MTOR/BRAF/MAP2K2/RAC1/PAK6/PIK3R1/CASP9/KRAS/PAK4/SMAD4/RPS6KB2/BCL2L1/EGF"
"TAVOR_CEBPA_TARGETS_DN","TAVOR_CEBPA_TARGETS_DN",32,0.776366444923422,1.69416078435971,0.00109586631465107,0.0192324538221262,0.0148710981470632,963,"tags=25%, list=5%, signal=24%","MYC/ISG15/IFI27/THBD/GATA2/FOXO1/IFI6/TBXAS1"
"REACTOME_UNFOLDED_PROTEIN_RESPONSE_UPR","REACTOME_UNFOLDED_PROTEIN_RESPONSE_UPR",93,0.644003972824596,1.63488806774396,0.00111108233618773,0.0194454797784878,0.0150358160730347,2952,"tags=35%, list=17%, signal=30%","HSPA5/HSP90B1/ATF3/DNAJB11/PDIA6/ERN1/GSK3A/HYOU1/SHC1/EIF2S1/CALR/CCL2/SEC31A/DIS3/CREBRF/HDGF/DDX11/ACADVL/EIF2S2/TPP1/CEBPG/EXOSC7/WIPI1/ASNS/DDIT3/EXOSC9/CXXC1/SRPRA/GFPT1/CREB3/EDEM1/LMNA/DNAJC3"
"REACTOME_SYNTHESIS_OF_DNA","REACTOME_SYNTHESIS_OF_DNA",107,0.62379380687244,1.61741575649049,0.00111486043812293,0.019457702342709,0.0150452669186639,2447,"tags=46%, list=14%, signal=40%","CUL1/UBA52/PSMD14/PSMC2/PSMD1/ORC1/PSMB2/CDC6/PSMA5/PCNA/FEN1/MCM4/PSMD2/FZR1/PSMC5/PSMB7/CDC45/CCNA2/MCM6/PSMC3/PSMD7/POLA1/MCM2/PSMA3/PSMD11/MCM7/UBE2E1/MCM3/CDC27/GINS1/PSMC4/POLD3/CCNE1/UBB/UBE2S/PSMA4/CCNE2/POLE/PSMA6/POLD1/UBE2D1/LIG1/CDC23/RFC1/PSMD8/PSMB4/PSMB6/GINS2/RFC2"
"REACTOME_GOLGI_CISTERNAE_PERICENTRIOLAR_STACK_REORGANIZATION","REACTOME_GOLGI_CISTERNAE_PERICENTRIOLAR_STACK_REORGANIZATION",14,0.887249731637845,1.67553053099597,0.00112018555713389,0.019496783333256,0.0150754854883526,439,"tags=50%, list=2%, signal=49%","CCNB1/MAPK3/MAPK1/CDK1/CCNB2/PLK1/RAB2A"
"ZHAN_MULTIPLE_MYELOMA_HP_DN","ZHAN_MULTIPLE_MYELOMA_HP_DN",45,0.749585685444689,1.70994909280606,0.00112503972536455,0.0195274752331133,0.0150992173667348,1884,"tags=20%, list=11%, signal=18%","TAGLN2/NES/PDIA6/S100A4/WARS1/MYO1B/CKS1B/CST3/SGPL1"
"REACTOME_APC_C_MEDIATED_DEGRADATION_OF_CELL_CYCLE_PROTEINS","REACTOME_APC_C_MEDIATED_DEGRADATION_OF_CELL_CYCLE_PROTEINS",74,0.688545707789044,1.6984638595933,0.00114760459085101,0.0196505253766821,0.0151943633516905,1316,"tags=41%, list=7%, signal=38%","CUL1/CCNB1/UBA52/PSMD14/PSMC2/CDK1/BUB1B/AURKA/CDC20/PSMD1/PSMB2/PLK1/PSMA5/PSMD2/FZR1/PSMC5/PSMB7/RB1/MAD2L1/CCNA2/PSMC3/PSMD7/AURKB/PSMA3/PSMD11/UBE2E1/CDC27/PSMC4/UBB/UBE2S"
"FONTAINE_FOLLICULAR_THYROID_ADENOMA_DN","FONTAINE_FOLLICULAR_THYROID_ADENOMA_DN",69,0.69695630908305,1.68369932188063,0.00114768025704269,0.0196505253766821,0.0151943633516905,1248,"tags=20%, list=7%, signal=19%","KPNA2/MYC/VDAC1/NOTCH1/EPRS1/KLF4/S100A12/ATR/RBBP4/IFI30/LPAR1/MAP2/PCSK6/HCLS1"
"SAKAI_CHRONIC_HEPATITIS_VS_LIVER_CANCER_UP","SAKAI_CHRONIC_HEPATITIS_VS_LIVER_CANCER_UP",80,0.664502259117757,1.65666964455878,0.00114440346228518,0.0196505253766821,0.0151943633516905,1512,"tags=28%, list=9%, signal=25%","CUL1/HSPA4/RANBP2/MYC/HSP90AA1/YME1L1/PCNA/HLA-DRA/HNRNPU/HNRNPA1/CAT/CANX/APBB1/PPP3R1/ESPL1/UBE2D3/TCP1/APAF1/ITPR1/USP14/CASP9/PRDX3"
"ALTEMEIER_RESPONSE_TO_LPS_WITH_MECHANICAL_VENTILATION","ALTEMEIER_RESPONSE_TO_LPS_WITH_MECHANICAL_VENTILATION",118,0.620272361147777,1.61911462502073,0.00114294528858621,0.0196505253766821,0.0151943633516905,2204,"tags=27%, list=12%, signal=24%","ATF3/ISG15/THBS1/STAT1/IFIH1/CSF3R/IL1R2/USP18/CYBB/OSMR/CH25H/IFIT2/GCH1/LILRB1/IFIT1B/STAT2/IL4I1/TRIM5/GEM/CCL2/LITAF/FGL2/TFEC/CCRL2/NFKBIA/VCAN/CLEC4E/IRF7/CLEC6A/CCR2/JUNB/BCL3"
"CONCANNON_APOPTOSIS_BY_EPOXOMICIN_UP","CONCANNON_APOPTOSIS_BY_EPOXOMICIN_UP",233,0.542950308453658,1.50148766352244,0.00114459087032295,0.0196505253766821,0.0151943633516905,1965,"tags=21%, list=11%, signal=19%","HSPA4/HSPA4L/ATF3/TUBA4A/HSPA9/CAMK2G/GABARAPL1/FOS/TGFBR2/PLAAT3/PSMD1/PSMA5/CASP7/HSPH1/CYP4F3/DUSP1/PRKCZ/HSPA1A/ANXA2/CREM/DNAJB4/KLF6/HEG1/PPP1R15A/CCPG1/LAMP3/PSMD11/CLU/AQP3/UBFD1/WARS1/GEM/UFD1/MAP2/CREB5/DNAJB2/ZNF185/DUSP3/RAB36/F2RL1/GSR/TNKS/IDE/DYNC1H1/CD44/SMG1/SEL1L3/YKT6/STIP1/ACADVL"
"LEE_AGING_CEREBELLUM_UP","LEE_AGING_CEREBELLUM_UP",80,0.664292209082573,1.65614596911246,0.00115718996086573,0.019759800466891,0.0152788580608189,1995,"tags=39%, list=11%, signal=35%","AXL/LGALS3BP/HSPA8/FOS/C1QA/C1QB/IFI27/NOTCH1/EPRS1/CAPN2/PTPRO/CDK4/IFIT1B/GNB2/TRIM5/NR4A1/DNAJB2/SEZ6/C1QC/EPS15/SLC11A1/ITGB5/GNG11/IRF7/CTSS/HLA-DQB1/RHOG/TYMS/ACADVL/RPSA/CD68"
"PLASARI_TGFB1_TARGETS_10HR_DN","PLASARI_TGFB1_TARGETS_10HR_DN",246,0.535978941166237,1.49066490866322,0.00118631884637733,0.020202594262566,0.0156212392283649,2564,"tags=27%, list=14%, signal=23%","RND3/CCNB1/LAMA4/STMN2/STAT1/BUB1/THBD/CDKN3/PTEN/MEF2C/USP18/PRKAR2B/FMNL2/MKI67/RASGRP3/IFIT3/EIF2AK2/VCAM1/PDK4/IRS1/CD93/HMMR/IDH1/EPHA7/IFIT2/LILRB1/IFIT1B/TCF7L2/TRPS1/MAP2/CCL2/ARID5B/DIRAS2/MSH6/MEIS2/PDP1/ACADM/C3AR1/DAB2/PIK3R1/MLLT3/NUF2/PLSCR1/SMARCA2/PDE5A/RUNX1T1/FOXP2/SIX1/DTL/PHIP/STMN1/EBF3/LMO7/TCEA3/PCDH9/RTL3/SLC24A3/SHOX2/G6PD/RARB/CYP1B1/PBX1/IGF1/TMT1A/SYT11/HERC6"
"BIOCARTA_CCR3_PATHWAY","BIOCARTA_CCR3_PATHWAY",19,0.866114370207161,1.71887511367138,0.00120300933340769,0.0204317552915854,0.0157984332663981,1129,"tags=58%, list=6%, signal=54%","MAPK3/MAPK1/RHOA/MYL2/MAP2K1/RAF1/HRAS/PPP1R12B/ROCK2/GNAS/GNAQ"
"WP_PHOTODYNAMIC_THERAPYINDUCED_UNFOLDED_PROTEIN_RESPONSE","WP_PHOTODYNAMIC_THERAPYINDUCED_UNFOLDED_PROTEIN_RESPONSE",27,0.806085482911486,1.69946342333191,0.00120987878662155,0.0204489524259502,0.0158117305957639,927,"tags=37%, list=5%, signal=35%","HSPA5/HSP90B1/ATF3/DNAJB11/PDIA6/ERN1/CALR/PPP1R15A/UBE2E1/WARS1"
"WP_PARKINUBIQUITIN_PROTEASOMAL_SYSTEM_PATHWAY","WP_PARKINUBIQUITIN_PROTEASOMAL_SYSTEM_PATHWAY",70,0.676513044192106,1.64236874458697,0.00121049512619585,0.0204489524259502,0.0158117305957639,834,"tags=40%, list=5%, signal=38%","CUL1/HSPA4/HSPA5/TUBB1/TUBA1A/TUBA4A/HSPA9/TUBA1C/PSMD14/TUBA1B/PSMC2/TUBA8/HSPA8/TUBB3/PSMD1/TUBB2B/CASP8/PSMD2/CASK/PSMC5/HSPA1A/TUBB/SEPTIN5/PSMC3/PSMD7/UBE2L6/SNCA/PSMD11"
"GHO_ATF5_TARGETS_DN","GHO_ATF5_TARGETS_DN",16,0.877951161071351,1.69653031142419,0.00121664784861556,0.0204980829534749,0.0158497197625959,432,"tags=31%, list=2%, signal=31%","RND3/TRIP13/KIF20A/RRAS/DUSP1"
"REACTOME_G_ALPHA_Q_SIGNALLING_EVENTS","REACTOME_G_ALPHA_Q_SIGNALLING_EVENTS",203,0.552314681214383,1.50946136874904,0.00122921566251816,0.0206547461590152,0.0159708563542743,1774,"tags=16%, list=10%, signal=15%","EGFR/MAPK3/NRAS/MAPK1/PRKCE/GNB4/GNB3/HRAS/BTK/RGS1/SOS1/LPAR1/AGTR1/GNB2/GNB5/HTR2C/GNAQ/F2R/GNGT2/RGS4/RASGRP2/GNA11/ITPR1/F2RL1/RGS18/PIK3R1/ITPR3/RGS2/RGS16/KRAS/PTAFR/GNG11/KISS1"
"REACTOME_TRANSCRIPTION_OF_E2F_TARGETS_UNDER_NEGATIVE_CONTROL_BY_DREAM_COMPLEX","REACTOME_TRANSCRIPTION_OF_E2F_TARGETS_UNDER_NEGATIVE_CONTROL_BY_DREAM_COMPLEX",19,0.864342803052083,1.71535929312873,0.00125018551094873,0.0207267402419817,0.0160265242936701,1125,"tags=47%, list=6%, signal=44%","MYC/TOP2A/CDC6/PCNA/RBBP4/CDC25A/HDAC1/MAX/E2F5"
"PID_EPHB_FWD_PATHWAY","PID_EPHB_FWD_PATHWAY",40,0.756180956514885,1.70691410905485,0.00123873185349909,0.0207267402419817,0.0160265242936701,627,"tags=35%, list=4%, signal=34%","EPHB2/SRC/MAPK3/NRAS/MAPK1/CDC42/MAP2K1/ITSN1/RRAS/SHC1/EPHB4/PTK2/PXN/HRAS"
"REACTOME_RHO_GTPASE_EFFECTORS","REACTOME_RHO_GTPASE_EFFECTORS",287,0.529372971922307,1.486612600665,0.00124385858495918,0.0207267402419817,0.0160265242936701,1862,"tags=32%, list=11%, signal=29%","TUBB1/TUBA1A/YWHAE/RANBP2/SRC/MAPK3/TUBA4A/TUBA1C/KIF14/MAPK1/RHOA/CTTN/TUBA1B/YWHAG/TUBA8/BUB1/BUB1B/CDC42/MYL9/CDC20/TUBB3/H2BC21/PPP2CB/H3-3A/YWHAB/PRC1/BIRC5/TUBB2B/CIT/PLK1/ACTG1/KNL1/XPO1/MAPRE1/FMNL2/CDCA8/MYLK/CYBB/CENPE/CKAP5/ACTB/KLC4/PRKCZ/SGO1/PPP1CC/MAD2L1/PTK2/RHOD/PPP1R12B/H4C16/AURKB/DYNC1I2/RCC2/ACTR2/ROCK2/NDC80/H2AC6/BTK/ABL1/NCF4/H2BC11/RHOQ/CFTR/H2BC15/RAC2/MYH10/S100A9/WASF1/TUBB4B/MYL6/RAC1/NDEL1/CENPF/TUBA3C/CENPO/DIAPH2/NUF2/DYNLL2/PIN1/PPP2R1B/AR/DYNC1H1/DLG4/NUP37/H2AZ2/RHOB/PPP1R12A/LIMK1/KLC1/KTN1/NCK1/H2AJ/SEC13"
"WALLACE_PROSTATE_CANCER_RACE_UP","WALLACE_PROSTATE_CANCER_RACE_UP",274,0.527104023053759,1.47366893405043,0.00124983149533113,0.0207267402419817,0.0160265242936701,2163,"tags=24%, list=12%, signal=21%","AHNAK2/ISG15/DDX60/STAT1/IRS2/C1QA/C1QB/IFI27/THBD/XAF1/MX1/IL1R2/IFIT1/LCK/IFI44L/RASGRP3/IFIT3/HLA-DRA/IFI44/PDK4/CD93/CREM/UBE2L6/CDC7/IFI6/LAMP3/RGS1/SOS1/MYB/CLU/ZAP70/ANPEP/IFI16/RAC2/CCR5/HLA-DPB1/STK17B/ELOVL2/ADA2/GIMAP6/ITGA4/HCLS1/ERAP1/FGL2/MMP9/CD48/JCHAIN/NID1/NR4A2/TMX4/CXCR4/RGS16/TFEC/GNG11/STOM/HERC5/HLA-DRB1/IRF8/CTSS/HLA-DQB1/NCKAP1L/RSAD2/RASGRP1/MX2/MS4A4A/PLAC8"
"REACTOME_TRANSLATION","REACTOME_TRANSLATION",365,-0.429621526975822,-1.43089930921287,0.00125318372466556,0.0207267402419817,0.0160265242936701,1641,"tags=29%, list=9%, signal=27%","EIF3E/MRRF/MRPS27/MRPL10/RPL12/RPS19/MRPL49/RPL22/HARS2/RPS8/MRPL40/RPL28/EEF1G/MRPL2/MRPL34/PSMA2/DAP3/PSMB5/CHCHD1/EIF2B2/RPL22L1/RPL10A/RPL37A/PABPC1/RPLP0/EEF1E1/RPL41/MALSU1/MRPS25/RPL29/RPS10/RPS21/MRPS2/EIF2B1/PSMC1/RPS3/RPL27A/EIF3F/RPL13A/SEC61B/EIF2S3/RPL37/EARS2/RPS29/MRPS6/NDUFAB1/EEF1B2/RPS17/EIF4E/MRPL47/RPL24/RPL32/RPL15/MARS1/RPL8/RPS27L/RPL39L/RPL35/RPS3A/UBE2D2/RPL39/MRPL11/MRPS14/GSPT1/MRPL30/SRP14/RPL38/MTIF2/RPL10/RPL36A/RPL27/RPS25/RPL9/RPS23/MRPL36/RPS13/RPL23A/PSMC6/RPS18/RPL5/RPL34/RPL35A/UBC/RPS6/RPS20/RPL14/EEF1A2/EIF4B/RPS12/EEF1A1/RPS24/RPL30/RPS7/RPS27/RPS4X/RPL31/RPL7/RPS27A/RPL6/RPL26/RPL17/RPL4/RPL11/RPL23/RPL3L/RPS4Y1"
"MATSUDA_NATURAL_KILLER_DIFFERENTIATION","MATSUDA_NATURAL_KILLER_DIFFERENTIATION",462,0.479694130654029,1.38745591306821,0.0012521999166305,0.0207267402419817,0.0160265242936701,2622,"tags=29%, list=15%, signal=25%","EFEMP1/HABP2/CHD4/SGK1/HSP90AA1/BUB1B/KIF11/SLAMF7/WDFY1/DAPK2/FOS/VCP/MERTK/RAD54L/PLIN2/KLF4/MEF2C/TUBB2B/HNRNPAB/MRPL19/RUVBL1/MTHFD1/TIMELESS/ITSN1/FEN1/POSTN/TARS1/MYO1E/ACTB/SEC61A2/NCL/SSRP1/SGO1/COL19A1/RRM2/KLF6/XIAP/FKBP1A/EPHA7/EPB41L3/PRMT1/PPP3CC/MCM2/FASLG/PMEPA1/ZBTB16/CDK4/PPP3R1/DST/GFM1/COL11A1/PPP4C/RGS1/MCM7/SCD/DSP/CYB5B/GNB2/NCAPG/IPO4/CCR5/MCM3/GEM/SYNCRIP/UFD1/PFDN6/TAB1/STAT5B/PSMC4/F2R/LITAF/STAM2/SORL1/CHAF1B/RHOT2/FGL2/GPATCH4/PKP2/SOX4/RPS14/HEY1/EDIL3/EPS8/F2RL1/JCHAIN/TESC/SOCS2/EBF1/CAMK4/CD244/TCF4/FKBP9/MYO1F/NHP2/FHIP1B/PLSCR1/CD44/DNAH8/PVR/ACLY/PPIL2/RUNX2/EPHA3/TYMS/DTL/PROZ/STMN1/PKM/TPI1/TACC3/CTNNBL1/CDC23/CCT7/TFRC/LATS2/TCF7/ATP5MC1/TF/TKT/TJP1/TSC22D3/NDUFB10/ASNS/HIP1/PTGS2/IGF1/HOXA13/PDLIM4/TNPO2/CCR7/MRPL12/ZNF189"
"PID_NETRIN_PATHWAY","PID_NETRIN_PATHWAY",32,0.77362785305833,1.68818472115845,0.00126776463131547,0.0209054263410123,0.0161646896334013,1449,"tags=44%, list=8%, signal=40%","SRC/MAPK3/MAPK1/RHOA/CDC42/BCAR1/MAP2K1/CAMK2A/PTK2/PLCG1/MAP2K2/RAC1/DCC/PIK3R1"
"ZHAN_MULTIPLE_MYELOMA_DN","ZHAN_MULTIPLE_MYELOMA_DN",39,0.750198937801976,1.68423143708218,0.00127060520971015,0.0209054263410123,0.0161646896334013,1596,"tags=33%, list=9%, signal=30%","ALDH1A1/COL1A2/S100A12/PRKAR2B/VCAM1/PYGL/LIPA/S100A9/CXCL12/SYK/CD72/DPYSL2/ITGA2B"
"REACTOME_MITOCHONDRIAL_PROTEIN_DEGRADATION","REACTOME_MITOCHONDRIAL_PROTEIN_DEGRADATION",97,0.640841414362783,1.64167382739829,0.00127823128787439,0.0209762734462089,0.016219470695899,3340,"tags=54%, list=19%, signal=44%","HSPA9/HSPD1/YME1L1/UQCRC2/MDH2/ATP5F1B/IDH3A/MT-ND2/MT-ND1/MT-CO2/ALDH18A1/PDK1/SSBP1/FH/MT-CO1/IDH2/NDUFS1/ACO2/ATP5F1A/PMPCA/AFG3L2/GLUD1/TFAM/ACAT1/PRKACA/ACAD8/MT-ATP6/HTRA2/NDUFA13/NDUFV1/COX4I1/SLC25A6/LDHD/PDHB/MRPS10/SLC25A5/DBT/TIMM17A/MRPL12/SHMT2/TIMM10/OPA1/ATP5PD/ME2/DLD/ECI1/COX5A/IARS2/ATP5F1C/PCCB/NDUFB6/LONP1"
"ELVIDGE_HIF1A_TARGETS_UP","ELVIDGE_HIF1A_TARGETS_UP",65,0.69411433561492,1.67444143938502,0.00130310042174404,0.0213289856595306,0.0164921981382985,1978,"tags=26%, list=11%, signal=23%","HSPA4/JAK2/DNAJA1/HSPH1/IDH3A/KPNA1/GCH1/RRS1/STX3/WDR77/CXCL12/SOCS2/IDE/PNO1/SEC23IP/PSEN2/LARS2"
"MANALO_HYPOXIA_DN","MANALO_HYPOXIA_DN",286,0.515314412246049,1.44771809060023,0.0013271603001878,0.0216666635053916,0.0167533005662222,1937,"tags=26%, list=11%, signal=24%","TRIP13/DDX21/CDK1/RAD51/NME1/DDX18/PARP1/PRC1/CDC6/TPX2/KIF23/GTPBP4/RUVBL1/MTHFD1/FEN1/MCM4/GART/HNRNPU/IDH3A/EXO1/EIF2B3/RB1/MELK/RRM2/BARD1/CAD/MAD2L1/PBK/CCNA2/NUP205/MCM6/EIF2S1/CCNF/MRPL46/ASF1B/MCM2/CDC7/PSMD11/YARS1/PARPBP/PHB1/HEATR1/IPO4/MCM3/GINS1/COA7/DLAT/RRM1/TUBG1/DHCR24/TUBB4B/RGS4/RRS1/CCNE1/PPIF/UBE2S/PPARD/TFAM/WDR77/DNAJC9/CCNE2/MCM10/BYSL/ILF3/IDE/PNO1/MNS1/SEC23IP/NARS2/UTP14A/MPHOSPH9/RRP1B/PAK1IP1/DDX11/FASN"
"BOWIE_RESPONSE_TO_EXTRACELLULAR_MATRIX","BOWIE_RESPONSE_TO_EXTRACELLULAR_MATRIX",17,0.864179112982125,1.69842935639014,0.00137287540447022,0.0218816525303521,0.0169195363944893,890,"tags=53%, list=5%, signal=50%","ISG15/STAT1/MX1/IFIT1/IFIT3/IFI35/IFIT2/IFI6/IFI16"
"KEGG_MEDICUS_VARIANT_MUTATION_ACTIVATED_EGFR_TO_PLCG_ERK_SIGNALING_PATHWAY","KEGG_MEDICUS_VARIANT_MUTATION_ACTIVATED_EGFR_TO_PLCG_ERK_SIGNALING_PATHWAY",14,0.884247393661682,1.66986075306981,0.00137440819853314,0.0218816525303521,0.0169195363944893,1140,"tags=57%, list=6%, signal=54%","EGFR/MAPK3/MAPK1/MAP2K1/RAF1/PLCG1/BRAF/MAP2K2"
"REACTOME_SIGNALING_BY_EGFR","REACTOME_SIGNALING_BY_EGFR",53,0.712576629086525,1.65996341353358,0.00137047478287564,0.0218816525303521,0.0169195363944893,1867,"tags=42%, list=11%, signal=37%","EGFR/SRC/NRAS/UBA52/CDC42/PTPRK/PTPN11/SHC1/PXN/HRAS/PTPN3/SOS1/CSK/PLCG1/STAM2/UBB/PIK3R1/EPS15L1/EPS15/KRAS/EGF/PTPN12"
"REACTOME_FCGAMMA_RECEPTOR_FCGR_DEPENDENT_PHAGOCYTOSIS","REACTOME_FCGAMMA_RECEPTOR_FCGR_DEPENDENT_PHAGOCYTOSIS",85,0.652594971156735,1.64197367097746,0.00134736038430157,0.0218816525303521,0.0169195363944893,1969,"tags=32%, list=11%, signal=28%","SRC/MAPK3/MAPK1/HSP90AA1/CDC42/HSP90AB1/PRKCE/ACTG1/ACTB/PTK2/ACTR2/BTK/ABL1/PLCG1/WASF1/MYH2/PLPP5/RAC1/ITPR1/HCK/SYK/PIK3R1/ITPR3/LIMK1/NCK1/NCKAP1L/WASL"
"TSAI_RESPONSE_TO_IONIZING_RADIATION","TSAI_RESPONSE_TO_IONIZING_RADIATION",143,0.590792171573802,1.57094773905236,0.00134510288838609,0.0218816525303521,0.0169195363944893,1113,"tags=20%, list=6%, signal=19%","AXL/MYC/JAK2/BIRC3/SGK1/STAT1/IRF4/KLF4/FN1/ENO1/PLK1/DUSP6/PCNA/PTPN11/CDK6/CCNG2/MSH2/MAP7/RB1/PLAGL2/MAX/COL6A1/CCNF/PRMT1/DDB2/NFKB2/PPM1D/CDKN1C/ZNF274"
"GROSS_HYPOXIA_VIA_ELK3_AND_HIF1A_UP","GROSS_HYPOXIA_VIA_ELK3_AND_HIF1A_UP",140,0.585334296519321,1.55198224379139,0.00136092762824945,0.0218816525303521,0.0169195363944893,2698,"tags=31%, list=15%, signal=27%","SOX2/EGR1/ATF3/SGK1/ENO2/FOS/ALDH1L2/MERTK/KLF4/MAP3K1/CD93/ANKRD1/ANXA2/DNAJB4/KLF6/PDK1/MAPK6/PSMC4/AFG3L2/ZBTB20/RGS16/NFKBIA/CD44/SPAST/RPS6KC1/PPRC1/RNGTT/ANGPTL4/XPNPEP1/TPI1/PALLD/MPP2/GZF1/RARS1/DUSP4/APPL2/NEDD4L/RBPJ/MXI1/PRDX5/SELENBP1/ZNF330/GPRC5A/PLK2"
"KEGG_REGULATION_OF_ACTIN_CYTOSKELETON","KEGG_REGULATION_OF_ACTIN_CYTOSKELETON",207,0.542968099209864,1.48418254584076,0.00137048548337403,0.0218816525303521,0.0169195363944893,2194,"tags=29%, list=12%, signal=26%","EGFR/MAPK3/NRAS/MAPK1/RHOA/CDC42/MYL9/BCAR1/FN1/MYL2/ACTG1/MRAS/MAP2K1/RRAS/MYLK/RAF1/ACTB/PDGFRB/PPP1CC/PTK2/PXN/TIAM1/ACTN1/HRAS/EZR/ROCK2/ITGB3/SOS1/CSK/RAC2/MYH10/GSN/SSH3/WASF1/F2R/BRAF/MAP2K2/RAC1/ITGA4/PAK6/ITGAX/DIAPH2/PIK3R1/ITGB5/ITGA2B/KRAS/PAK4/FGF10/PPP1R12A/LIMK1/ITGB7/EGF/ITGA8/NCKAP1L/SOS2/WASL/PAK2/MYL11/ITGA5/MYL10/MYL12A"
"RUTELLA_RESPONSE_TO_HGF_DN","RUTELLA_RESPONSE_TO_HGF_DN",234,0.534556649497324,1.48167257395425,0.00136119005147467,0.0218816525303521,0.0169195363944893,2232,"tags=27%, list=13%, signal=24%","EGR1/TUBA4A/SMARCC1/PLIN2/MEF2C/S100A12/SPTLC2/DUSP6/CD163/EIF2AK2/ATRX/ICAM3/CCNG2/HNRNPA1/PLAAT4/RAB11FIP1/CIRBP/SLC7A7/GAS6/TTN/TCF7L2/MAFB/FCER1A/HADHA/HDAC9/STK17B/S100A9/CDKN1C/ZNF185/RASGRP2/IMPA2/APLP2/PPM1F/ITGA4/SORL1/NAMPT/KLF10/F2RL1/CSNK1E/CD48/NR4A2/RNF138/RGS2/TMX4/CXCR4/DPYSL2/VCAN/PLSCR1/BATF3/SETD1B/AMPD2/ALOX5/ZNF395/RSAD2/ACADVL/CX3CR1/TRAF5/CFP/MX2/MS4A4A/FCN1/PLAC8/VMP1/LTA4H"
"DAZARD_RESPONSE_TO_UV_NHEK_DN","DAZARD_RESPONSE_TO_UV_NHEK_DN",297,0.518658348767313,1.46165758119538,0.00135809811738794,0.0218816525303521,0.0169195363944893,2455,"tags=23%, list=14%, signal=20%","CUL1/CCNB1/MYC/KIF14/TOP2A/BUB1B/AURKA/KIF11/CCNB2/NR2F2/IFI44L/KIF23/BRD8/XPO1/MKI67/CASP8/CHD1/FOXO3/PLK4/ATRX/IRS1/PTK2/HEG1/FOXO1/SMC4/JARID2/DST/ABL1/PTPN3/CTBP2/INSIG1/ARID5B/LPCAT4/POLD3/E2F5/ADRB2/ZBTB24/RRS1/CCNE1/KANK1/RIF1/ZNF638/WDHD1/CENPF/XPA/BAZ1B/MTUS1/ADSL/STRN/PPP1R12A/ZNF146/NCK1/RRP1B/RAPGEF5/PPRC1/QKI/PHIP/DYRK1A/TTC9/NCOA3/MICAL2/MEIS1/KLF7/SPOP/DUSP7/PHLPP1/CHD9/CDKN1B/PHC2"
"PASINI_SUZ12_TARGETS_DN","PASINI_SUZ12_TARGETS_DN",307,0.51625323108595,1.45776640571783,0.00137496297159699,0.0218816525303521,0.0169195363944893,2515,"tags=29%, list=14%, signal=26%","AXL/EFEMP1/RND3/TUBA1A/MYC/THBS1/AKT1/STMN2/ACTC1/IRS2/TMEM123/EPHA1/CAV1/PLIN2/FN1/COL1A2/DUSP6/CAPN2/CDK6/COL3A1/KRT18/DUSP1/CNN2/IRS1/ANXA5/SAMD4A/ILK/SULF1/ANXA2/KLF6/VIM/ACTN1/GNAS/COL11A1/TPM1/UBE2E1/SCD/CORO1C/CRMP1/ADK/DSP/FOSL2/MYH10/GSN/WNT4/AMOTL2/PDLIM7/NR6A1/RTN3/DBN1/CALD1/SDC1/PKP2/SOX4/PEA15/PRNP/PRICKLE1/DPYSL2/SH3PXD2A/TPM4/SLC25A24/VCAN/BNIP2/RHOB/CCNG1/PTPN12/CDKN2B/TMPRSS2/NT5E/PHIP/FLRT3/BACH2/MTPN/PALLD/WLS/CD151/ELOVL1/PRTG/SERPINH1/KLF7/PPBP/LPGAT1/FOXP1/PHC2/SKIL/LIMD1/CYP1B1/PAWR/ITGA3/ITGAV"
"FARMER_BREAST_CANCER_CLUSTER_1","FARMER_BREAST_CANCER_CLUSTER_1",39,0.748781094294005,1.68104831259525,0.00139696251138641,0.0221759023792446,0.0171470590196888,2735,"tags=54%, list=15%, signal=46%","ISG15/OASL/XAF1/MX1/IFIT1/LCK/IFI44L/IFIT3/IFI44/IFI6/CCR5/CD48/JCHAIN/GIMAP4/HERC5/RSAD2/CCR2/TNFRSF17/HERC6/CD8A/OAS3"
"SHEPARD_CRASH_AND_BURN_MUTANT_DN","SHEPARD_CRASH_AND_BURN_MUTANT_DN",185,0.563980850094087,1.53845961875751,0.00142010140921128,0.0224867185548793,0.0173873912152738,1510,"tags=26%, list=9%, signal=24%","CCNB1/KIF14/FOXM1/CDK1/TUBA8/BUB1B/KIF11/CCNB2/CDC20/GOLGB1/ANLN/NUMA1/CTSL/PTEN/PRC1/BIRC5/TPX2/KIF23/TMPO/CHD5/KNL1/MKI67/OTX2/DDX17/PLK4/PTPRO/DDX20/MELK/RACGAP1/HDAC2/CDC14B/AURKB/ATP1A1/TTN/ENO3/PARPBP/ASPM/CEP250/SYNCRIP/CDC27/ARID5B/TOX3/GUCA1A/BMS1/DPYSL3/HEY1/PLP1/EBF1/NELL2"
"GAJATE_RESPONSE_TO_TRABECTEDIN_UP","GAJATE_RESPONSE_TO_TRABECTEDIN_UP",64,0.701147106894558,1.68472610439898,0.0014308141674014,0.0224872734070697,0.0173878202432833,1921,"tags=30%, list=11%, signal=27%","TUBA1A/ATF3/ISG15/OASL/DUSP5/FOS/CCNG2/S100A4/GPNMB/CLU/MYH10/GSN/CASP9/RGS2/CXCR4/GARS1/CD44/TGFBI/ANXA4"
"WP_INTEGRATED_CANCER_PATHWAY","WP_INTEGRATED_CANCER_PATHWAY",44,0.734892681475497,1.66545601293898,0.00142722757296405,0.0224872734070697,0.0173878202432833,1463,"tags=45%, list=8%, signal=42%","MYC/AKT1/STAT1/CDK1/PTEN/PLK1/CHEK1/TP53/CASP8/ATR/MSH2/RB1/CHEK2/BARD1/CDC25A/CDK4/BCL2/MSH6/BLM/CASP9"
"CONCANNON_APOPTOSIS_BY_EPOXOMICIN_DN","CONCANNON_APOPTOSIS_BY_EPOXOMICIN_DN",166,0.566801132047806,1.53118770245387,0.00142905539035385,0.0224872734070697,0.0173878202432833,2555,"tags=33%, list=14%, signal=29%","LDHA/MYC/TOP2A/CDK1/BUB1/AURKA/CDC20/BIRC5/PLK1/KIF23/KIFC1/NME4/MKI67/BCL11A/HMMR/KCNMA1/S100A4/MAD2L1/CCNA2/PDK1/AURKB/CDH11/TWIST1/ESPL1/MYB/SIX3/HDAC9/INSIG1/DHCR24/RGS4/SORL1/NFE2L3/MLLT3/TMX4/CXCR4/ALDH7A1/MTUS1/VCAN/NHP2/GNG11/H2AZ2/PDGFRL/MYOF/POLD1/STMN1/ALDOC/MFAP4/TFRC/ATP5MC1/DUSP7/DLGAP5/EXOSC9/MXI1/ETV1/TMT1A"
"REACTOME_RAF_ACTIVATION","REACTOME_RAF_ACTIVATION",34,0.769504253385364,1.68969947986649,0.00144271686445358,0.0226180772943368,0.0174889616505918,1140,"tags=47%, list=6%, signal=44%","SRC/NRAS/JAK2/CAMK2G/PPP2CB/YWHAB/MRAS/MAP2K1/RAF1/PPP1CC/CAMK2A/HRAS/CAMK2D/PHB1/BRAF/MAP2K2"
"WP_BLADDER_CANCER","WP_BLADDER_CANCER",39,0.747865153571686,1.67899198315875,0.00145325966482303,0.0227269667384948,0.0175731581668673,1608,"tags=46%, list=9%, signal=42%","EGFR/SRC/MYC/NRAS/THBS1/MAPK1/DAPK2/TP53/MAP2K1/RAF1/RB1/HRAS/CDK4/BRAF/MAP2K2/MMP9/PIK3R1/KRAS"
"REACTOME_SEPARATION_OF_SISTER_CHROMATIDS","REACTOME_SEPARATION_OF_SISTER_CHROMATIDS",175,0.570152488359626,1.54756346280227,0.00145965425037386,0.0227706063058322,0.0176069015620145,1496,"tags=32%, list=8%, signal=30%","TUBB1/TUBA1A/RANBP2/TUBA4A/TUBA1C/UBA52/PSMD14/TUBA1B/PSMC2/TUBA8/BUB1/BUB1B/CDC20/TUBB3/PPP2CB/PSMD1/BIRC5/TUBB2B/PSMB2/PLK1/KNL1/XPO1/PSMA5/MAPRE1/SMC3/CDCA8/PSMD2/CENPE/CKAP5/PSMC5/PSMB7/SGO1/PPP1CC/MAD2L1/PSMC3/PSMD7/AURKB/DYNC1I2/RCC2/NDC80/PSMA3/ESPL1/PSMD11/UBE2E1/CDC27/PSMC4/TUBB4B/UBB/NDEL1/UBE2S/CENPF/TUBA3C/CENPO/NUF2/PSMA4/DYNLL2"
"RADAEVA_RESPONSE_TO_IFNA1_UP","RADAEVA_RESPONSE_TO_IFNA1_UP",47,0.740995416877859,1.6942298910312,0.00147021999381235,0.0227715334129551,0.0176076184284708,954,"tags=34%, list=5%, signal=32%","ISG15/STAT1/LGALS3BP/IFI27/MX1/IFI44L/IFI44/VCAM1/TUBB/IFI35/CALR/UBE2L6/IFI6/UBE2D3/PHB1/BCL2"
"KEGG_ENDOMETRIAL_CANCER","KEGG_ENDOMETRIAL_CANCER",52,0.700680198847243,1.63523667673318,0.00147468014211237,0.0227715334129551,0.0176076184284708,1140,"tags=38%, list=6%, signal=36%","EGFR/MAPK3/MYC/NRAS/AKT1/MAPK1/GSK3B/PTEN/TP53/MAP2K1/FOXO3/RAF1/ILK/HRAS/SOS1/TCF7L2/MLH1/AKT2/BRAF/MAP2K2"
"REACTOME_TNFR2_NON_CANONICAL_NF_KB_PATHWAY","REACTOME_TNFR2_NON_CANONICAL_NF_KB_PATHWAY",87,0.643142746155605,1.62090260293511,0.00147773483686476,0.0227715334129551,0.0176076184284708,2307,"tags=36%, list=13%, signal=31%","CUL1/UBA52/PSMD14/PSMC2/BIRC3/PSMD1/PSMB2/PSMA5/TNF/PSMD2/PSMC5/PSMB7/PSMC3/PSMD7/FASLG/PSMA3/PSMD11/NFKB2/PSMC4/TNFRSF1A/UBB/CD40/PSMA4/TRAF3/PSMA6/TNFSF13B/UBE2M/PSMD8/TNFRSF17/PSMB4/CD40LG"
"TAKEDA_TARGETS_OF_NUP98_HOXA9_FUSION_10D_DN","TAKEDA_TARGETS_OF_NUP98_HOXA9_FUSION_10D_DN",134,0.600429284774055,1.58390598226303,0.00147073173107883,0.0227715334129551,0.0176076184284708,2264,"tags=26%, list=13%, signal=23%","TLR7/SGK1/C1QA/C1QB/IL1R2/MAPK13/CTSB/SLAMF8/PDK4/GPNMB/FCER1A/HNRNPC/FCHO2/FPR3/CHI3L1/PATJ/MMP9/RAB42/DAB2/C1QC/GLUL/ADGRE3/CCL13/TMTC1/CD1B/PPP2R2B/TGFBI/ST14/CD9/CORO2A/RASGRP1/CCL7/CLEC5A/RGL1/BLNK"
"KEGG_NEUROTROPHIN_SIGNALING_PATHWAY","KEGG_NEUROTROPHIN_SIGNALING_PATHWAY",123,0.602286562820098,1.57269851965422,0.00146968952640647,0.0227715334129551,0.0176076184284708,1634,"tags=36%, list=9%, signal=33%","YWHAE/MAPK3/NRAS/AKT1/MAPK1/CAMK2G/RHOA/YWHAG/GSK3B/IRS2/CDC42/YWHAB/IRS4/MAPK13/RIPK2/TP53/MAP3K1/MAP2K1/PTPN11/SHC1/FOXO3/RAF1/IRS1/CAMK2A/HRAS/CAMK2D/FASLG/ABL1/SOS1/IRAK2/CSK/BCL2/PLCG1/AKT2/ZNF274/BRAF/MAP2K2/RAC1/TP73/PIK3R1/NTRK1/CAMK4/KRAS/NFKBIA"
"DER_IFN_ALPHA_RESPONSE_UP","DER_IFN_ALPHA_RESPONSE_UP",74,0.685086771585278,1.68993156018561,0.00148186836088397,0.022779669839574,0.0176139097524971,1722,"tags=38%, list=10%, signal=34%","ISG15/OASL/TRIM14/STAT1/MX1/PPP3CA/IFIT1/TEAD4/IFIT3/CASP8/DDX17/IFI44/RBBP4/IFI35/SSBP1/IFI30/IFI6/XRCC6/IFI16/LIPA/ZFP36L2/TRIM22/SDCBP/EPS15/TRIM26/ATP6V0B/SMAD4/PLSCR1"
"WP_INTEGRATED_BREAST_CANCER_PATHWAY","WP_INTEGRATED_BREAST_CANCER_PATHWAY",150,0.594273892834395,1.58939570219807,0.00150204555690506,0.0230337957003062,0.0178104073316208,1705,"tags=38%, list=10%, signal=35%","EGFR/MYC/AKT1/MAPK1/STAT1/CDC42/AURKA/TGFBR2/RAD51/RAD54L/PTEN/GSK3A/PLK1/CHEK1/ESR1/TP53/RRAS/RASGRP3/CASP8/ATR/BMPR2/SMAD1/IRS1/MSH2/SMARCA4/RB1/CHEK2/BARD1/CDC25A/HDAC1/BRCA2/MAX/FOXO1/CDK4/PLK3/ABL1/MAP3K7CL/PHB1/GDI1/BCL2/FOSL2/MTOR/TAB1/BRAF/RAC1/MSH6/BLM/CSNK1D/XRCC3/CASP9/SIRT1/CERK/KRAS/AR/MYCBP2/USP21/SMAD4"
"WEST_ADRENOCORTICAL_CARCINOMA_VS_ADENOMA_DN","WEST_ADRENOCORTICAL_CARCINOMA_VS_ADENOMA_DN",24,0.813779928222055,1.70123137905688,0.00152324006601836,0.0231994710986828,0.0179385124154857,1817,"tags=46%, list=10%, signal=41%","TGFBR2/C1QB/HLA-DRA/HLA-DPB1/GIMAP6/APOL3/GLUL/HLA-DPA1/SLC25A24/HLA-DRB1/KTN1"
"PID_MTOR_4PATHWAY","PID_MTOR_4PATHWAY",68,0.695053594196748,1.67644665784941,0.00152431864657515,0.0231994710986828,0.0179385124154857,1359,"tags=35%, list=8%, signal=33%","YWHAE/MAPK3/NRAS/AKT1/MAPK1/RHOA/YWHAG/SGK1/EIF4A1/YWHAB/MAP2K1/ULK2/RAF1/IRS1/PXN/HRAS/ULK1/EEF2/MTOR/BRAF/MAP2K2/RAC1/CCNE1/MAPKAP1"
"KEGG_LONG_TERM_DEPRESSION","KEGG_LONG_TERM_DEPRESSION",69,0.68879917328928,1.66399340369685,0.00152431864657515,0.0231994710986828,0.0179385124154857,1621,"tags=28%, list=9%, signal=25%","IGF1R/MAPK3/NRAS/MAPK1/PPP2CB/MAP2K1/GNAZ/RAF1/HRAS/GNAS/GNAQ/BRAF/MAP2K2/GNA11/ITPR1/ITPR3/RYR1/KRAS/PPP2R1B"
"REACTOME_SIGNALING_BY_HEDGEHOG","REACTOME_SIGNALING_BY_HEDGEHOG",136,0.594323798020545,1.57084530478214,0.00152753719168282,0.0231994710986828,0.0179385124154857,1481,"tags=29%, list=8%, signal=27%","CUL1/TUBB1/TUBA1A/TUBA4A/TUBA1C/UBA52/PSMD14/TUBA1B/PSMC2/GSK3B/TUBB3/VCP/PSMD1/TUBB2B/PSMB2/PRKAR2B/PSMA5/PSMD2/CDC73/GLI1/PSMC5/PSMB7/IFT122/ARRB2/PSMC3/PSMD7/PSMA3/GNAS/PSMD11/IFT88/PRKACG/PSMC4/P4HB/CSNK1A1/TUBB4B/UBB/PRKAR1A/TUBA3C/PRKACA/PSMA4"
"KEGG_ERBB_SIGNALING_PATHWAY","KEGG_ERBB_SIGNALING_PATHWAY",86,0.654287002857173,1.64586835220175,0.00153341033104787,0.0232328212747253,0.0179642997510871,1822,"tags=38%, list=10%, signal=35%","EGFR/SRC/MAPK3/MYC/NRAS/AKT1/MAPK1/CAMK2G/GSK3B/MAP2K1/SHC1/ABL2/RAF1/CAMK2A/PTK2/HRAS/CAMK2D/ABL1/SOS1/PLCG1/AKT2/MTOR/STAT5B/BRAF/MAP2K2/CBLC/PAK6/PIK3R1/KRAS/PAK4/RPS6KB2/EGF/NCK1"
"PID_KIT_PATHWAY","PID_KIT_PATHWAY",52,0.698520943748218,1.63019744037662,0.00155585297802061,0.023477884035024,0.0181537894747749,1140,"tags=33%, list=6%, signal=31%","MAPK3/JAK2/AKT1/STAT1/GSK3B/PTEN/MAP2K1/PTPN11/SHC1/FOXO3/RAF1/KIT/PTPRO/HRAS/SOS1/BCL2/MAP2K2"
"JIANG_MELANOMA_TRM1_CD8","JIANG_MELANOMA_TRM1_CD8",172,0.571421955432653,1.55036940450562,0.00155701700073996,0.023477884035024,0.0181537894747749,1534,"tags=26%, list=9%, signal=24%","HSPA5/TAGLN2/TUBA1A/RANBP2/KDM6B/LDHA/TUBA4A/TUBA1B/HSPD1/BIRC3/PRDX1/HSP90AA1/HSPA8/GABARAPL1/FOS/DNAJA1/HSP90AB1/NIBAN1/HSPH1/REL/UBE2B/DUSP1/NCL/HSPA1A/RHOH/CREM/KLF6/VIM/PPP1R15A/EZR/DDX24/RGS1/FOSL2/STK17B/NR4A1/INSIG1/ZFP36L2/TUBB4B/UBB/IDS/PIK3R1/SDCBP/NR4A2/RGS2/CXCR4"
"WP_EFFECT_OF_OMEGA3_PUFA_ON_HUNTINGTONS_DISEASE_PATHWAYS","WP_EFFECT_OF_OMEGA3_PUFA_ON_HUNTINGTONS_DISEASE_PATHWAYS",116,0.610507399618955,1.59181076064756,0.00156220759523236,0.0235000656825668,0.0181709409761238,1837,"tags=28%, list=10%, signal=25%","EGFR/MAPK3/AKT1/MAPK1/C1QA/HTT/PTEN/PRKAG1/CYP51A1/MAP2K1/CASP7/CASP8/RAF1/HDAC1/HRAS/HDAC2/PRKAG2/PRKAG3/BCL2/AKT2/MTOR/AHI1/MAP2K2/MBP/ITPR1/PIK3R1/SREBF2/RICTOR/BCL2L1/EGF/TSC1/HMGCS1"
"WP_CALCIUM_REGULATION_IN_CARDIAC_CELLS","WP_CALCIUM_REGULATION_IN_CARDIAC_CELLS",144,0.585124477959813,1.556993922328,0.00160077051128982,0.0240229645851046,0.0185752617649607,2506,"tags=34%, list=14%, signal=29%","YWHAE/CAMK2G/YWHAG/YWHAB/PRKCE/ATP2A2/GNB4/PRKAR2B/GNAZ/KCNB1/PRKCZ/GNB3/CAMK2A/ARRB2/CALR/FKBP1A/CAMK2D/GNAS/RGS1/ATP2B3/GNB2/ATP1B3/GNB5/GNAQ/ADRB2/RGS4/GNA11/ITPR1/PRKAR1A/RGS18/PRKACA/ITPR3/RGS2/CAMK4/RGS16/RYR1/GNG11/ATP1B1/GJA1/RGS14/ATP2A3/PRKCA/CASQ2/ARRB1/RGS6/GNG7/PRKAR1B/CACNA1D/CAMK1"
"REACTOME_SARS_COV_1_MODULATES_HOST_TRANSLATION_MACHINERY","REACTOME_SARS_COV_1_MODULATES_HOST_TRANSLATION_MACHINERY",36,-0.725803313172916,-1.77699408153265,0.00163249010490079,0.0243504123733878,0.0188284540119113,896,"tags=58%, list=5%, signal=55%","RPS10/RPS21/RPS3/RPS29/RPS17/RPS27L/RPS3A/RPS25/RPS23/RPS13/RPS18/RPS6/RPS20/RPS12/EEF1A1/RPS24/RPS7/RPS27/RPS4X/RPS27A/RPS4Y1"
"KEGG_MEDICUS_REFERENCE_PRNP_PI3K_NOX2_SIGNALING_PATHWAY","KEGG_MEDICUS_REFERENCE_PRNP_PI3K_NOX2_SIGNALING_PATHWAY",29,0.791635132632275,1.68831053002703,0.00163629344272556,0.0243504123733878,0.0188284540119113,1448,"tags=34%, list=8%, signal=32%","EGR1/MAPK3/MAPK1/CAV1/CYBB/NCF4/RAC2/CREB5/RAC1/PRNP"
"WP_REGULATION_OF_ACTIN_CYTOSKELETON","WP_REGULATION_OF_ACTIN_CYTOSKELETON",146,0.591474598132102,1.57584893352692,0.00164186066335283,0.0243504123733878,0.0188284540119113,1806,"tags=28%, list=10%, signal=25%","EGFR/MAPK3/NRAS/MAPK1/RHOA/CDC42/BCAR1/FN1/ACTG1/MRAS/MAP2K1/RRAS/MYLK/RAF1/ACTB/PDGFRB/PTK2/PXN/ACTN1/EZR/ROCK2/MAPK6/SOS1/CSK/RAC2/MYH10/GSN/SSH3/WASF1/F2R/BRAF/MAP2K2/RAC1/PAK6/PIK3R1/KRAS/PAK4/FGF10/PPP1R12A/LIMK1/EGF"
"BROWN_MYELOID_CELL_DEVELOPMENT_UP","BROWN_MYELOID_CELL_DEVELOPMENT_UP",159,0.582462478136439,1.56315088026031,0.00164186066335283,0.0243504123733878,0.0188284540119113,2409,"tags=31%, list=14%, signal=27%","EGR1/MAPK3/SCARB2/SIRPA/BOLL/IL1R2/TNF/CYBB/C2/CNN2/SP100/ANXA5/PYGL/SEPTIN5/ACTN1/ARHGEF3/F10/PLK3/ANPEP/IL4I1/CNDP2/GSN/PGD/MYO1B/TNFRSF1A/ABHD5/HCK/EDIL3/ITGAX/DAB2/GNS/ANTXR2/STOM/CD44/TGFBI/CTSS/ANXA4/CLEC6A/CD68/CCR2/JUNB/ATP6V1B2/PSTPIP2/CLEC5A/NOS1/RPL13/G6PD/DGAT2/TECPR1"
"KONIGORSKI_INCREASED_SUBCUTANEOUS_ADIPOSE_TISSUE_MASS_UP","KONIGORSKI_INCREASED_SUBCUTANEOUS_ADIPOSE_TISSUE_MASS_UP",314,0.514557887522156,1.4550813440624,0.00162714539400438,0.0243504123733878,0.0188284540119113,2239,"tags=22%, list=13%, signal=19%","NRAS/HAVCR2/TOP2A/STMN2/ALDH1A3/CDC20/YWHAB/ENO1/TUBB2B/CTSB/KIFC1/MKI67/NSF/OSMR/C2/PLAAT4/ANXA5/AOC2/ANKRD1/S100A4/MELK/UCHL1/BRCA2/ACTN1/FKBP1A/NALCN/GUK1/PEG10/CCPG1/COL11A1/SHTN1/CLU/CORO1C/ASPM/IL4I1/GAPDH/CAPZB/TPST2/NCAPH/ABHD4/F2R/PTPRU/CALD1/DLEC1/ERAP1/DAW1/RAP2A/C3AR1/SCN8A/GNS/RPN2/SPARC/CST3/LRMDA/KIF3C/CEP55/LIMK1/MYOF/H1-2/IRF8/YKT6/PKM/PALLD/P2RX7/TPM3/MYL12A/CD84/GLB1"
"RODRIGUES_THYROID_CARCINOMA_DN","RODRIGUES_THYROID_CARCINOMA_DN",74,0.681563117462883,1.68123961844101,0.00166226542672769,0.0245952996863362,0.0190178080745549,2206,"tags=30%, list=12%, signal=26%","THBS1/RNF213/THBD/ANK3/FN1/PTPRK/PCBP2/SAMD9/CDK6/DUSP10/KCNMA1/COL8A1/PMEPA1/MAP2/CREB5/ZNF512B/NAMPT/CD44/PLEC/ARHGAP29/ERCC6L2/MYO1D"
"SU_TESTIS","SU_TESTIS",74,0.680736848751231,1.67920142761479,0.00168803647148826,0.0249182580066889,0.0192675289330473,1186,"tags=20%, list=7%, signal=19%","CCNB1/CDK1/BUB1/BUB1B/AURKA/CCNB2/EZH2/CDKN3/DAZL/HMMR/NUP155/MTOR/NCAPH/BRAF/STAM2"
"JAEGER_METASTASIS_UP","JAEGER_METASTASIS_UP",43,0.741058904522381,1.6866584126426,0.00169682595457801,0.0249896186037853,0.019322707042563,2085,"tags=42%, list=12%, signal=37%","AURKA/BGN/MERTK/FN1/TUBB2B/CDC6/SULF1/RRM2/UCHL1/NCBP2/SMC4/NCAPG/EPS8/CENPF/NCAM1/H2AZ2/DTL/TACC3"
"WP_OXIDATIVE_DAMAGE_RESPONSE","WP_OXIDATIVE_DAMAGE_RESPONSE",39,0.742303519777908,1.66650585713934,0.00170721998799043,0.0250842229863339,0.0193958579296539,1656,"tags=44%, list=9%, signal=40%","CDC42/C1QA/C1QB/MAP3K9/MAPK13/MAP3K1/TNF/PCNA/C2/CR2/BCL2/CDKN1C/APAF1/C3AR1/C1QC/CASP9/TRAF3"
"WP_INSULIN_SIGNALING","WP_INSULIN_SIGNALING",159,0.581250113996353,1.55989726626128,0.00171273114933846,0.0251068106763814,0.0194133233949928,1215,"tags=23%, list=7%, signal=22%","IGF1R/EGR1/RHOJ/MAPK3/AKT1/MAPK1/SGK1/GSK3B/IRS2/FOS/PTEN/MAP3K9/IRS4/MAPK13/GSK3A/MAP3K1/MAP2K1/PTPN11/SHC1/FOXO3/RAF1/IRS1/PRKCZ/HRAS/FOXO1/MAPK6/SOS1/RHOQ/RAC2/SNAP23/AKT2/MTOR/ARF1/VAMP2/MAP2K2/CBLC/RAC1"
"WP_ERBB_SIGNALING","WP_ERBB_SIGNALING",89,0.644048701318702,1.6269313430075,0.00172033013453968,0.0251598282176428,0.0194543181150064,1822,"tags=38%, list=10%, signal=34%","EGFR/SRC/MAPK3/MYC/NRAS/AKT1/MAPK1/CAMK2G/GSK3B/TP53/MAP2K1/SHC1/ABL2/RAF1/CAMK2A/PTK2/HRAS/CAMK2D/FOXO1/ABL1/SOS1/PLCG1/AKT2/MTOR/STAT5B/BRAF/MAP2K2/PAK6/PIK3R1/KRAS/PAK4/RPS6KB2/EGF/NCK1"
"KEGG_TIGHT_JUNCTION","KEGG_TIGHT_JUNCTION",130,0.605200455850183,1.5915049876892,0.00173210351926617,0.025273510472803,0.0195422205735124,1266,"tags=26%, list=7%, signal=24%","MYH7/SRC/NRAS/AKT1/RHOA/CTTN/CDC42/MYL9/PPP2CB/PRKCE/PPP2R2D/PTEN/MYL2/ACTG1/MRAS/RRAS/CASK/ACTB/PRKCZ/ACTN1/HRAS/CSNK2A2/EPB41L3/EXOC4/SPTAN1/CDK4/MYH6/YBX3/MAGI3/MYH10/AKT2/MYH2/HCLS1/PATJ"
"REICHERT_MITOSIS_LIN9_TARGETS","REICHERT_MITOSIS_LIN9_TARGETS",27,0.796544158071887,1.67934752629769,0.0017369440623476,0.0252857432855118,0.0195516793435731,1379,"tags=56%, list=8%, signal=51%","CCNB1/TOP2A/AURKA/KIF20A/PLK1/KIF23/KNL1/MKI67/CENPE/HMMR/CCNF/ASPM/CALD1/MYO6/CENPF"
"REACTOME_TRANSCRIPTIONAL_REGULATION_BY_TP53","REACTOME_TRANSCRIPTIONAL_REGULATION_BY_TP53",356,0.499583646076963,1.42543037582948,0.00175641571618687,0.0255104241261349,0.0197254091683564,1809,"tags=23%, list=10%, signal=21%","YWHAE/CCNB1/UBA52/AKT1/CHD4/YWHAG/SGK1/PRDX1/CDK1/AURKA/BCL6/FOS/RBBP8/SUPT16H/PPP2CB/YWHAB/BRD7/PTEN/PRKAG1/BIRC5/CHEK1/TPX2/TP53/PRDX2/PCNA/ATR/EXO1/CHD3/RBBP4/MSH2/SSRP1/SUPT4H1/CHEK2/BARD1/HDAC1/CCNA2/MT-CO2/HDAC2/DAXX/AURKB/CSNK2A2/PRMT1/CASP10/PRKAG2/DDB2/MT-CO1/TAF5/PLK3/RBBP7/EHMT2/PRKAG3/MLH1/AGO4/AKT2/MTOR/TTC5/MT-CO3/MOV10/TNKS1BP1/APAF1/BLM/CCNE1/BCL2L14/TAF12/POLR2E/UBB/MAPKAP1/TP73/KAT5/BRIP1/CCNE2/BRD1/GSR/TIGAR/PIN1/PPP2R1B/CNOT1/CCNG1/LAMTOR1/RICTOR/TSC1"
"REACTOME_G0_AND_EARLY_G1","REACTOME_G0_AND_EARLY_G1",27,0.796123495920776,1.67846064772892,0.00176715103037797,0.0255289666742657,0.0197397468111606,1530,"tags=52%, list=9%, signal=47%","MYC/TOP2A/CDK1/MYBL2/CDC6/PCNA/RBBP4/CDC25A/HDAC1/CCNA2/MAX/E2F5/CCNE1/CCNE2"
"WP_MYOMETRIAL_RELAXATION_AND_CONTRACTION_PATHWAYS","WP_MYOMETRIAL_RELAXATION_AND_CONTRACTION_PATHWAYS",154,0.571412732778909,1.53146845219147,0.0017667734487074,0.0255289666742657,0.0197397468111606,2280,"tags=32%, list=13%, signal=28%","YWHAE/ATF3/CAMK2G/YWHAG/ACTC1/FOS/YWHAB/PRKCE/MYL2/ATP2A2/ACTG1/GNB4/PRKAR2B/ACTB/CNN2/PRKCZ/GNB3/CAMK2A/ARRB2/MYL4/RXFP2/CAMK2D/GNAS/RGS1/LPAR1/GNB2/PLCG1/GNB5/GNAQ/CALD1/RGS4/ITPR1/PRKAR1A/RGS18/PRKACA/ITPR3/RGS2/RGS16/RYR1/GNG11/GJA1/RGS14/ATP2A3/PRKCA/ATF5/ARRB1/RGS6/NOS1/GNG7"
"GRESHOCK_CANCER_COPY_NUMBER_UP","GRESHOCK_CANCER_COPY_NUMBER_UP",315,0.511117575026438,1.44599938320735,0.00177385507597383,0.0255289666742657,0.0197397468111606,2595,"tags=35%, list=15%, signal=31%","EGFR/MYC/NRAS/JAK2/BIRC3/HSP90AA1/BUB1B/BCL6/RNF213/HSP90AB1/IRF4/NUMA1/NOTCH1/DDX10/PTEN/GAS7/LCK/TP53/PAX3/KNL1/RAD51B/PTPN11/BCL11A/CDK6/FOXO3/ABL2/REL/KIT/MSH2/PDGFRB/WT1/PDE4DIP/RHOH/RB1/CHEK2/BRCA2/OMD/KLF6/SEPTIN5/HRAS/CDH11/FOXO1/DDB2/SMARCB1/CNTRL/ZBTB16/CDK4/FH/ZNF384/GNAS/ABL1/ROS1/NFKB2/MLH1/AFF3/MAFB/BCL2/AKT2/BRAF/PAX5/MALT1/MSH6/NSD2/TAL1/BLM/ERC1/PRKAR1A/SYK/NTRK1/MLLT3/EPS15/SDHC/XPA/KRAS/TPM4/SMAD4/TSC1/HLF/ERCC5/KTN1/TLX1/RUNX1T1/TMPRSS2/FCRL4/RPN1/RABEP1/STK11/TSC2/TPM3/TRIP11/BCL3/CBFA2T3/TFRC/RET/TNFRSF17/PCM1/JAZF1/CCDC6/TCF3/CDX2/STIL/TFEB/HIP1/PIK3CA/PBX1/DDIT3/CYLD/HOXA13/ETV1/KDSR/ERCC2"
"JIANG_MELANOMA_TRM8_CD4","JIANG_MELANOMA_TRM8_CD4",416,-0.415677676907466,-1.40825556606736,0.00177108606749489,0.0255289666742657,0.0197397468111606,1675,"tags=25%, list=9%, signal=23%","SKP1/CCDC107/COX7C/EIF3E/TRAF3IP3/STAT4/SARAF/RPL12/RPS19/RPL22/KLRB1/ODF2L/RPS8/PA2G4/PGK1/LGALS3/RPL28/EEF1G/PFDN5/DNAJB1/HINT1/SRSF7/CNBP/LCP2/FUS/YWHAZ/RPL10A/RPL37A/CYTIP/PABPC1/RPLP0/PPIA/RAP1B/EML4/PHF20/FOSB/UQCRB/RPL29/RPS10/RPS21/RPS3/DDX5/RPL27A/RPL13A/RPL37/RPS29/AHNAK/EEF1B2/JUND/RPS17/RPL24/RPL32/RPL8/RPL35/RPS3A/C9orf78/RPL39/S100A6/RBMX/PTPRC/TPT1/ARL4C/RPL38/MYL12B/RPL10/RPL36A/RPL27/RPS25/RPL9/RPS23/RPS13/RPL23A/RPS18/RPL5/RPL34/CALM1/RPL35A/RPS6/RPS20/GATA3/RPL14/EIF4B/HNRNPDL/RPS12/EEF1A1/RPS24/RPL30/RPS7/H3-3B/BTF3/RPS27/RPS4X/RPL31/RPL7/RPS27A/RPL6/RPL26/DDX3X/RPL17/RPL4/HNRNPA0/RPL11/HSPA1B/RPS4Y1/JUN"
"MAHADEVAN_IMATINIB_RESISTANCE_UP","MAHADEVAN_IMATINIB_RESISTANCE_UP",17,0.858089687377709,1.68646139852732,0.0017927849036075,0.0257427614113459,0.0199050591809628,340,"tags=18%, list=2%, signal=17%","AXL/ALDH1A1/SCN3A"
"UDAYAKUMAR_MED1_TARGETS_DN","UDAYAKUMAR_MED1_TARGETS_DN",232,0.530897114258671,1.46604456034413,0.00180630667708991,0.0258181525483165,0.019963353822285,2698,"tags=23%, list=15%, signal=20%","AXL/ATF3/PCNT/DUSP5/GABARAPL1/PTEN/MAP3K9/KLF4/PPP3CA/EPHB4/SEC61A2/HNRNPA3/CREM/GPNMB/CCNF/SPTAN1/DDB2/GNAS/TPM1/FOSL2/AMOTL2/PFDN6/PPM1D/CDKN1C/ARID5B/RYBP/SF3B3/ERAP1/RHOBTB1/HEY1/PEA15/RGS2/BMP6/RHOB/PPP1R12A/H1-2/DDX11/ZNF395/WASL/PALLD/JUNB/DYRK1A/MAP7D1/MBD1/MEIS1/ST7/PHLPP1/PRDM4/TSC22D3/NEDD4L/NTS/TRIM29/TLE3/PLK2"
"BLANCO_MELO_COVID19_SARS_COV_2_INFECTION_A594_ACE2_EXPRESSING_CELLS_UP","BLANCO_MELO_COVID19_SARS_COV_2_INFECTION_A594_ACE2_EXPRESSING_CELLS_UP",456,0.481150520862694,1.3895022173896,0.00180993567314768,0.0258181525483165,0.019963353822285,2805,"tags=24%, list=16%, signal=21%","EGR1/ATF3/KDM6B/DDX60/BIRC3/PPM1K/FOS/H2BC21/RIGI/IFIT5/LDHAL6B/KLF4/USP18/TNF/RASGRP3/XRN1/HNRNPU/ABL2/IFI44/REL/C2/ALX3/PNPT1/DUSP1/SP100/DUSP10/AOC2/COL2A1/AOC3/KLF6/PPP1R15A/DLL1/TWIST1/LAMP3/PHF21B/ARL5B/ROS1/IRAK2/STAT2/NFKB2/DHX58/HDAC9/GEM/MRNIP/SNIP1/NR4A1/CREB5/DCHS1/CCL2/LGALS9/NAV2/VAMP2/TGM2/MYSM1/ZBTB20/SRFBP1/AEN/FLT3LG/TRIM38/PPTC7/CHD2/DNAJC27/KLF11/NFKBIA/ZBTB10/ZFP36L1/PLSCR1/HERC5/GUCA1B/PYGM/CCR6/CLEC4E/IRF7/NPTX1/ZEB2/RUNX2/AEBP2/TNFSF13B/APOBEC3F/CFP/SIX4/GZF1/NFKBIE/EIF1B/BCL3/USP43/MEIS1/SHOX2/PPP1R10/KLF7/FGF12/CMPK2/UBXN7/SKIL/NEDD4L/DDIT3/CYLD/PTGS2/HERC6/CYP27A1/ZUP1/HIVEP2/RBM39/UBASH3A/OAS3/NRIP1/FOXN2/NFIL3/NFKBID"
"LIM_MAMMARY_STEM_CELL_UP","LIM_MAMMARY_STEM_CELL_UP",472,0.476155719461424,1.38023316907629,0.00181029464686676,0.0258181525483165,0.019963353822285,1710,"tags=15%, list=10%, signal=14%","EGFR/AXL/RND3/RHOJ/MYC/THBS1/HGFAC/MYL9/EGR2/CAV1/ALDH1L2/BCAR1/MEF2C/SYNM/ATP2A2/GNB4/AQP9/SLIT2/DUSP6/MYLK/POSTN/HDAC4/KCNIP3/ANKRD1/KCNMA1/SULF1/MYOCD/FLRT2/PXN/ZNF423/VIM/HRAS/HEG1/DLL1/MTSS1/DST/SNCA/MAP3K7CL/PLS3/LAG3/TCOF1/GEM/FBLN7/GSN/PDLIM7/LRCH2/DCHS1/AHI1/AGPAT4/SBSPON/CALU/CALD1/MALT1/CNP/DPYSL3/FGL2/LRP4/IRAG1/IRX4/RFX2/EPAS1/PRNP/EPHB1/PRICKLE1/SGIP1/TCF4/PPP2R2B/HAS2/HSPB2/VCAN/LAMA1/EEPD1/GNG11"
"CAFFAREL_RESPONSE_TO_THC_DN","CAFFAREL_RESPONSE_TO_THC_DN",30,0.7841210831265,1.6859158871328,0.00183386497379773,0.0260367615830428,0.0201323887484217,1413,"tags=43%, list=8%, signal=40%","TUBA1A/CDK1/HSPA8/DNAJA1/CYP51A1/HSPH1/RRM2/TUBB/CCNA2/MCM6/MCM3/PPIF/TUBA3C"
"FRASOR_RESPONSE_TO_SERM_OR_FULVESTRANT_DN","FRASOR_RESPONSE_TO_SERM_OR_FULVESTRANT_DN",49,0.71849507398384,1.66171503456563,0.00183164780206629,0.0260367615830428,0.0201323887484217,1379,"tags=41%, list=8%, signal=38%","MYC/FOXM1/CDK1/AURKA/KIF11/CDC20/MTHFD1/TIMELESS/BARD1/CCNA2/MCM6/FKBP1A/MCM2/MCM7/MYB/MCM3/RRM1/CKS1B/BLM/CENPF"
"REACTOME_GROWTH_HORMONE_RECEPTOR_SIGNALING","REACTOME_GROWTH_HORMONE_RECEPTOR_SIGNALING",24,0.808722228718712,1.69065810635436,0.00184858299124394,0.0261868774409848,0.0202484627386432,1462,"tags=38%, list=8%, signal=34%","MAPK3/JAK2/MAPK1/STAT1/IRS2/IRS1/STAT5B/CISH/SOCS2"
"WP_ALLOGRAFT_REJECTION","WP_ALLOGRAFT_REJECTION",87,0.636816108611793,1.6049576772963,0.00186322217082845,0.02633520732728,0.020363155763134,1895,"tags=30%, list=11%, signal=27%","TUBA1B/STAT1/C1QA/C1QB/HLA-DRB5/TNF/CASP7/CASP8/HLA-DRA/C2/HLA-DOB/PRKCZ/VIM/CSNK2A2/FASLG/AGTR1/HLA-DPB1/LRRK2/CXCL12/C1QC/CASP9/CD40/HLA-DMB/HLA-DPA1/HLA-DRB1/HLA-DQB1"
"KEGG_PROGESTERONE_MEDIATED_OOCYTE_MATURATION","KEGG_PROGESTERONE_MEDIATED_OOCYTE_MATURATION",82,0.650068189974528,1.62350952607451,0.00187630659618539,0.0263433446104429,0.0203694477494653,1133,"tags=27%, list=6%, signal=25%","IGF1R/CCNB1/MAPK3/AKT1/MAPK1/CDK1/BUB1/HSP90AA1/CCNB2/HSP90AB1/MAPK13/PLK1/MAP2K1/FZR1/RAF1/CDC25A/MAD2L1/CCNA2/AKT2/CDC27/PRKACG/BRAF"
"KIM_ALL_DISORDERS_DURATION_CORR_DN","KIM_ALL_DISORDERS_DURATION_CORR_DN",143,0.583545842354901,1.55167936507824,0.00186884800958746,0.0263433446104429,0.0203694477494653,2345,"tags=24%, list=13%, signal=21%","MAPK3/TUBA4A/PLAAT3/SUMO3/PARP1/GNAZ/NUP93/ARRB2/HRAS/DHX30/TALDO1/GDI1/ACTL6B/DNAJB2/PAK6/STOML1/ACTR1A/RUVBL2/PIN1/PES1/ATP6V0B/AMPD2/HDGF/GRHPR/COX4I1/CX3CR1/CDIPT/TPI1/STX7/CCT7/PFDN1/NDUFS7/RPL13/TUFM/ATP5MC1"
"SENGUPTA_NASOPHARYNGEAL_CARCINOMA_WITH_LMP1_UP","SENGUPTA_NASOPHARYNGEAL_CARCINOMA_WITH_LMP1_UP",377,0.497351737685561,1.4260332038729,0.00187582093051413,0.0263433446104429,0.0203694477494653,2142,"tags=21%, list=12%, signal=19%","HSPA4/HSPA4L/HSP90B1/CHD4/TOP2A/HSPD1/PPM1K/HSP90AA1/WDFY1/HSP90AB1/XAF1/EPRS1/USP18/IFIT1/PRKAR2B/SMC3/FMNL2/SAMD9L/IFIT3/OTX2/DDX17/POSTN/REL/ATRX/KIT/RBBP4/VPS35/SULF1/CDC25A/SERBP1/FLRT2/SQLE/IFIT2/RGS1/ASPM/CFTR/MTHFD2/BCL2/MEOX2/TRIM5/SYNCRIP/CYP4X1/NDUFS1/TRPA1/TTC3/NCEH1/EIF4G1/MYO6/RIF1/NAMPT/PDP1/RAP2A/TFAM/BLVRA/PARM1/APPL1/NEXN/TFEC/KRAS/TMTC1/TCF4/ZBTB10/DNM3/ILF3/ANKRD36B/HERC5/NAA15/ZNF146/PDE5A/MOB1A/FOXP2/RSAD2/WASL/CYCS/IPO7/ESCO2/SLITRK6/UBE2W/SEC63/LMO7/NASP"
"WP_AKT_SIGNALING_AND_ARTD_FAMILY_MEMBERS","WP_AKT_SIGNALING_AND_ARTD_FAMILY_MEMBERS",32,0.764350891502402,1.6679408471878,0.00188585324549079,0.0264186714080063,0.0204276926416683,3304,"tags=69%, list=19%, signal=56%","AKT1/GSK3B/PARP1/PDK1/FOXO1/AKT2/MTOR/MAPKAP1/PIK3R1/SIRT1/RICTOR/TSC1/STK11/TSC2/PHLPP1/RPTOR/PIK3CA/ATM/PIK3R2/AKT3/PIK3C2B/MLST8"
"WP_KISSPEPTINKISSPEPTIN_RECEPTOR_SYSTEM_IN_THE_OVARY","WP_KISSPEPTINKISSPEPTIN_RECEPTOR_SYSTEM_IN_THE_OVARY",38,0.753694706316342,1.68775053419305,0.00190183285515625,0.0265562789096924,0.0205340948034658,2173,"tags=45%, list=12%, signal=39%","MAPK3/NRAS/AKT1/MAPK1/PRKCE/MAP2K1/RAF1/ARRB2/HRAS/PDK1/AKT2/MAP2K2/MMP9/KRAS/KISS1/PRKCA/ARRB1"
"WP_BDNF_SIGNALING_IN_NEURODEVELOPMENT","WP_BDNF_SIGNALING_IN_NEURODEVELOPMENT",118,0.608386233554268,1.58808792735215,0.00190408267586113,0.0265562789096924,0.0205340948034658,1463,"tags=33%, list=8%, signal=31%","RND3/YWHAE/MAPK3/MYC/NRAS/AKT1/MAPK1/RHOA/YWHAG/GSK3B/IRS2/CDC42/YWHAB/PRKCE/TP53/MAP3K1/MAP2K1/CASP8/PTPN11/SHC1/FOXO3/RAF1/IRS1/PRKCZ/TIAM1/HRAS/ROCK2/SOS1/TCF7L2/BCL2/PLCG1/EEF2/MTOR/MAP2K2/APAF1/RAC1/TP73/LINGO1/CASP9"
"REACTOME_RHO_GTPASES_ACTIVATE_FORMINS","REACTOME_RHO_GTPASES_ACTIVATE_FORMINS",137,0.60136591042861,1.59004590369666,0.00191492119623518,0.0266486169995901,0.0206054933265186,1747,"tags=35%, list=10%, signal=32%","TUBB1/TUBA1A/RANBP2/SRC/TUBA4A/TUBA1C/RHOA/TUBA1B/TUBA8/BUB1/BUB1B/CDC42/CDC20/TUBB3/PPP2CB/BIRC5/TUBB2B/PLK1/ACTG1/KNL1/XPO1/MAPRE1/FMNL2/CDCA8/CENPE/CKAP5/ACTB/SGO1/PPP1CC/MAD2L1/RHOD/AURKB/DYNC1I2/RCC2/NDC80/TUBB4B/RAC1/NDEL1/CENPF/TUBA3C/CENPO/DIAPH2/NUF2/DYNLL2/PPP2R1B/DYNC1H1/NUP37/RHOB"
"UROSEVIC_RESPONSE_TO_IMIQUIMOD","UROSEVIC_RESPONSE_TO_IMIQUIMOD",19,0.855670260468604,1.69814791997552,0.00194380947607307,0.0269883634858793,0.0208681952879769,772,"tags=37%, list=4%, signal=35%","ISG15/OASL/STAT1/MX1/PLAAT4/IFI35/IFI6"
"WANG_LSD1_TARGETS_DN","WANG_LSD1_TARGETS_DN",37,0.748371511327708,1.66541596420476,0.00194787808635027,0.0269883634858793,0.0208681952879769,157,"tags=11%, list=1%, signal=11%","EGR1/CCNB2/FOS/EGR2"
"KEGG_NATURAL_KILLER_CELL_MEDIATED_CYTOTOXICITY","KEGG_NATURAL_KILLER_CELL_MEDIATED_CYTOTOXICITY",123,0.59686037824901,1.5585295958078,0.00196369264761383,0.0271418103214939,0.0209868448879647,1608,"tags=22%, list=9%, signal=20%","MAPK3/NRAS/MAPK1/PPP3CA/LCK/MAP2K1/TNF/PTPN11/SHC1/RAF1/HRAS/PPP3CC/FASLG/PPP3R1/SOS1/ZAP70/PLCG1/RAC2/BRAF/MAP2K2/RAC1/SYK/PPP3CB/CD48/PIK3R1/CD244/KRAS"
"REACTOME_REGULATION_OF_TP53_ACTIVITY","REACTOME_REGULATION_OF_TP53_ACTIVITY",158,0.572477348411443,1.5369442861971,0.00196754497107379,0.0271418103214939,0.0209868448879647,1621,"tags=29%, list=9%, signal=27%","UBA52/AKT1/CHD4/SGK1/CDK1/AURKA/RBBP8/SUPT16H/PPP2CB/BRD7/PRKAG1/CHEK1/TPX2/TP53/ATR/EXO1/CHD3/RBBP4/SSRP1/CHEK2/BARD1/HDAC1/CCNA2/HDAC2/DAXX/AURKB/CSNK2A2/PRKAG2/TAF5/PLK3/RBBP7/EHMT2/PRKAG3/AKT2/MTOR/TTC5/BLM/TAF12/UBB/MAPKAP1/TP73/KAT5/BRIP1/BRD1/PIN1/PPP2R1B"
"CHUNG_BLISTER_CYTOTOXICITY_UP","CHUNG_BLISTER_CYTOTOXICITY_UP",131,0.593869114143476,1.56115812479477,0.00197515455908817,0.0271874215780371,0.0210221128511138,3065,"tags=26%, list=17%, signal=22%","PSMD14/HAVCR2/RBBP8/SUPT16H/C1QB/CTSL/PLIN2/PSMB2/PSMD2/SLAMF8/RACGAP1/SDHA/DDB2/CNDP2/CCR5/TUBB4B/AMBRA1/C1QC/PGAP1/TBL2/NUP37/TPI1/ATF5/ADAP2/SMIM12/EHD4/SLC1A4/SYT11/SLC43A3/SNX9/MRPL57/CPSF3/COX5A/TCF12"
"WP_EXTRAFOLLICULAR_AND_FOLLICULAR_B_CELL_ACTIVATION_BY_SARSCOV2","WP_EXTRAFOLLICULAR_AND_FOLLICULAR_B_CELL_ACTIVATION_BY_SARSCOV2",72,0.668845485385755,1.64192209984356,0.00199382695568578,0.0273580844946379,0.0211540744305517,2646,"tags=43%, list=15%, signal=37%","TLR7/ISG15/HSPA8/SLAMF7/BCL6/IRF4/TNF/CD22/IFIT2/FOXO1/CR2/PAX5/AICDA/MFGE8/CXCL12/SYK/FCRL5/ITGAX/CD40/CXCR4/IRF8/ZEB2/ICOSLG/TNFSF13B/BACH2/BLNK/CD40LG/MS4A1/IFNAR2/CCR7/CXCR5"
"SCHLOSSER_MYC_TARGETS_REPRESSED_BY_SERUM","SCHLOSSER_MYC_TARGETS_REPRESSED_BY_SERUM",157,0.575535481381975,1.54382806916229,0.00199621350934284,0.0273580844946379,0.0211540744305517,2004,"tags=26%, list=11%, signal=23%","KPNA2/CCT5/PSMD14/GNL2/HSPD1/DDX1/NR2F2/DDX10/SMARCC1/PDIA6/EPRS1/NUP93/IDH3A/TARS1/HNRNPA1/UBE2K/MAD2L1/SERBP1/EIF2S1/HDAC2/DARS1/SSBP1/FH/SSB/YARS1/YBX3/ACVR1B/MTHFD2/EIF3A/PWP1/AFG3L2/TFAM/CSNK1E/TMX1/GARS1/PNO1/SEC13/RAN/UBA2/CCT2/CYCS"
"ZHANG_FH_DEFICIENT_RCC_C1_VS_OTHERS_UP","ZHANG_FH_DEFICIENT_RCC_C1_VS_OTHERS_UP",221,0.532827127630583,1.46593611452536,0.00200538017653211,0.0274242250115365,0.0212052162207463,2154,"tags=26%, list=12%, signal=23%","TLR7/UBD/KMO/CDK1/MSR1/SLAMF7/DNAJA1/CD180/MT-ND4/IFI44L/SAMD9/IGLL5/SAMD9L/IFIT3/HLA-DRA/CYBB/POSTN/VCAM1/PLAAT4/HLA-DOB/MT-ND2/ANKRD1/SULF1/RHOH/DNAJB4/MT-ND1/LTV1/CDH11/MARCO/SSB/RGS1/IFI16/TLR8/WARS1/LIPA/CCR5/FPR3/C3AR1/FCRL5/SNRPB2/CD48/JCHAIN/SDCBP/GIMAP4/SIRPG/HLA-DPA1/TFEC/GNG11/KTN1/CLEC4E/CTSS/NCKAP1L/TNFSF13B/MANEA/SIRPB1/KIF20B/MS4A4A"
"WP_ONCOSTATIN_M_SIGNALING","WP_ONCOSTATIN_M_SIGNALING",64,0.690728826142143,1.65969291325555,0.00201917171534651,0.0275531898435405,0.0213049356165128,1140,"tags=39%, list=6%, signal=37%","EGR1/SRC/MAPK3/JAK2/AKT1/MAPK1/STAT1/FOS/PRKCE/TP53/MAP2K1/CASP7/PTPN11/SHC1/TYK2/OSMR/RAF1/IRS1/PXN/HRAS/SOS1/MTOR/CCL2/STAT5B/MAP2K2"
"ODONNELL_TARGETS_OF_MYC_AND_TFRC_DN","ODONNELL_TARGETS_OF_MYC_AND_TFRC_DN",43,0.737372589162889,1.67826831736839,0.0020333794467032,0.0276162990606272,0.0213537335166643,1379,"tags=47%, list=8%, signal=43%","CCNB1/TOP2A/FOXM1/CDK1/BUB1B/AURKA/CDC20/MYBL2/BIRC5/CDC6/HSPH1/PLK4/BRCA2/CCNA2/AURKB/SCD/CKS1B/NSD2/ARHGAP11A/CENPF"
"REACTOME_REGULATION_OF_RUNX2_EXPRESSION_AND_ACTIVITY","REACTOME_REGULATION_OF_RUNX2_EXPRESSION_AND_ACTIVITY",58,0.6903665644346,1.63434826467599,0.00203690968063506,0.0276162990606272,0.0213537335166643,834,"tags=33%, list=5%, signal=31%","CUL1/UBA52/PSMD14/PSMC2/STAT1/GSK3B/PSMD1/PSMB2/ESR1/PSMA5/PSMD2/PSMC5/PSMB7/HIVEP3/PSMC3/PSMD7/TWIST1/PSMA3/PSMD11"
"REACTOME_CELLULAR_RESPONSE_TO_CHEMICAL_STRESS","REACTOME_CELLULAR_RESPONSE_TO_CHEMICAL_STRESS",193,0.553473079525835,1.51392299160388,0.002033356660232,0.0276162990606272,0.0213537335166643,2442,"tags=35%, list=14%, signal=30%","CUL1/MYC/UBA52/AKT1/PSMD14/TBL1X/PSMC2/PRDX1/GSK3B/VCP/NOTCH1/PSMD1/PSMB2/PSMA5/PRDX2/PSMD2/CYBB/CHD6/PSMC5/PSMB7/CAT/ABCG2/MT-CO2/IDH1/PSMC3/PSMD7/CSNK2A2/TALDO1/PSMA3/MT-CO1/NCF4/PSMD11/GPX7/NCOR1/BCL2/AKT2/PGD/UFD1/CCL2/MT-CO3/PALB2/HBB/PSMC4/P4HB/UBB/BLVRA/NOX4/PSMA4/PRDX3/GSR/PSMA6/BCL2L1/EGF/GPX8/HBA2/COX4I1/CYCS/MED1/SQSTM1/SIN3B/PSMD8/PSMB4/TKT/G6PD/PSMB6/CHD9/UBXN7"
"BLANCO_MELO_BETA_INTERFERON_TREATED_BRONCHIAL_EPITHELIAL_CELLS_UP","BLANCO_MELO_BETA_INTERFERON_TREATED_BRONCHIAL_EPITHELIAL_CELLS_UP",357,0.501639383498608,1.43214089876907,0.0020509013118543,0.0277464550070566,0.0214543739170873,2123,"tags=22%, list=12%, signal=19%","AXL/THBS1/BIRC3/TRIM14/IFIH1/RIGI/IFIT5/XAF1/MX1/IL1R2/USP18/IFIT1/GNB4/SAMD9/SAMD9L/RASGRP3/CASP7/IFIT3/EIF2AK2/XRN1/LAP3/BMPR2/OSMR/PNPT1/DUSP1/CCNG2/SP100/PLAAT4/PDK4/CDK17/ANKRD1/CYP2J2/CORO2B/KLF6/SLC2A12/IFIT2/ROCK2/PHF11/ARL5B/ATP10A/STAT2/IFI16/DHX58/TRIM5/ADA2/CREB5/TGM2/ADRB2/MALT1/ZCCHC2/CNP/RIF1/DTX3L/NFE2L3/EDIL3/SOWAHC/TRIM38/SAMHD1/ANTXR2/ELOVL7/PPP2R2B/HAS2/TMEM62/PTAFR/PLSCR1/BMAL2/CMTR1/RICTOR/CTSS/QKI/NT5E/ANGPTL4/UBASH3B/ARHGAP29/APOBEC3F/ABCA1/TDRD7"
"LAU_APOPTOSIS_CDKN2A_UP","LAU_APOPTOSIS_CDKN2A_UP",55,0.702068464877535,1.65106294901207,0.00206691445406135,0.0279033451298283,0.0215756859678334,2569,"tags=42%, list=15%, signal=36%","MYC/MYBL2/TP53/PCNA/CASP8/PDCD11/CLU/APAF1/SIAH1/NFKBIA/PAK4/TRAF3/BNIP2/RHOB/PDCD6IP/BCL2L1/NDUFA13/CYCS/TRAF5/PAK2/CDKN1B/PAWR/CFLAR"
"PID_SHP2_PATHWAY","PID_SHP2_PATHWAY",56,0.712676311752762,1.67617311873801,0.00207910863963104,0.027906969757662,0.0215784886365288,1608,"tags=36%, list=9%, signal=33%","EGFR/IGF1R/NRAS/JAK2/RHOA/STAT1/LCK/MAP2K1/PTPN11/SHC1/RAF1/IRS1/PDGFRB/HRAS/SOS1/MAP2K2/PIK3R1/NTRK1/PRKACA/KRAS"
"WP_COMPLEMENT_SYSTEM_IN_NEURONAL_DEVELOPMENT_AND_PLASTICITY","WP_COMPLEMENT_SYSTEM_IN_NEURONAL_DEVELOPMENT_AND_PLASTICITY",105,0.620091422941616,1.60446911075044,0.00208245726042407,0.027906969757662,0.0215784886365288,2162,"tags=31%, list=12%, signal=28%","AXL/C1QA/C1QB/MERTK/CASP7/CASP8/C2/PRKCZ/XIAP/GAS6/CASP10/FASLG/CFB/ITGB3/ATP10A/CR2/CLU/C5AR2/MBP/APAF1/MFGE8/PATJ/C3AR1/ITGAX/C1QC/CASP9/HTRA2/PLSCR1/CYCS/CX3CR1/CFP/CD46/FCN1"
"BHATI_G2M_ARREST_BY_2METHOXYESTRADIOL_UP","BHATI_G2M_ARREST_BY_2METHOXYESTRADIOL_UP",111,0.608057764165598,1.58321850913074,0.00208485117531125,0.027906969757662,0.0215784886365288,1825,"tags=28%, list=10%, signal=25%","HSPA5/EGR1/CCNB1/NRAS/MAPK1/BUB1/HSP90AA1/AURKA/CDC20/FOS/MYBL2/CDC6/PCNA/MAD2L1/PBK/EIF2S1/PPP1R12B/CALR/PSMA3/NDUFA9/CORO1C/ASPM/IFNLR1/HCK/TMC8/NUF2/CERK/SPARC/GNG11/LIMK1/H1-2"
"WP_CORTICOTROPINRELEASING_HORMONE_SIGNALING","WP_CORTICOTROPINRELEASING_HORMONE_SIGNALING",90,0.624035239871874,1.57634867961587,0.0020800102985791,0.027906969757662,0.0215784886365288,1634,"tags=37%, list=9%, signal=33%","MAPK3/AKT1/MAPK1/RHOA/GSK3B/HSP90AA1/FOS/ERN1/PARP1/MAP2K1/GNAZ/RAF1/TRIM28/GNB3/CAMK2A/ARRB2/JUP/PTK2/IVL/GNAS/GNB2/BCL2/PLCG1/FOSL2/GNB5/NR4A1/GNAQ/BRAF/GNA11/CASP9/NR4A2/TCF4/NFKBIA"
"REACTOME_ORC1_REMOVAL_FROM_CHROMATIN","REACTOME_ORC1_REMOVAL_FROM_CHROMATIN",57,0.699795892042819,1.65330135664743,0.00209393256143087,0.0279102656605912,0.0215810371254733,1278,"tags=42%, list=7%, signal=39%","CUL1/UBA52/PSMD14/PSMC2/PSMD1/ORC1/PSMB2/CDC6/PSMA5/MCM4/PSMD2/PSMC5/PSMB7/CCNA2/MCM6/PSMC3/PSMD7/MCM2/PSMA3/PSMD11/MCM7/MCM3/PSMC4/UBB"
"LU_EZH2_TARGETS_DN","LU_EZH2_TARGETS_DN",376,0.495286877884276,1.41887110691048,0.00209014531634308,0.0279102656605912,0.0215810371254733,2440,"tags=17%, list=14%, signal=15%","EGFR/AXL/KPNA2/THBS1/IRS2/TGFBR2/EZH2/PPP2CB/ANLN/PPP3CA/ATP2A2/DUSP6/COL3A1/MYLK/HNRNPU/BMPR2/PNPT1/RAB11FIP1/PPP1CC/PBK/SLC7A7/HEG1/CSNK2A2/ABCC5/STAMBPL1/TAF5/ASCC3/ACVR1B/UTP3/CTR9/CREB5/DLAT/RTN3/LITAF/CALD1/XPNPEP3/APAF1/CCNE1/NFE2L3/WDHD1/TMTC4/SDCBP/ADIPOR1/PPTC7/BMP6/PHLPP2/CCNG1/CCR6/SCO1/PTPN12/RRP1B/UBE2E3/WASL/MTPN/PALLD/SEC63/OTX1/SLC15A4/DNAJC13/SERPINH1/GNA13/FZD1/NBPF3/TECPR1/STIL"
"REACTOME_MAPK3_ERK1_ACTIVATION","REACTOME_MAPK3_ERK1_ACTIVATION",10,0.920671116191276,1.66936757343859,0.00211530388991868,0.0281357683715921,0.0217554024445709,382,"tags=60%, list=2%, signal=59%","MAPK3/JAK2/CDK1/MAP2K1/PTPN11/TYK2"
"REACTOME_HEDGEHOG_OFF_STATE","REACTOME_HEDGEHOG_OFF_STATE",99,0.625919517819858,1.60915904976189,0.00213294046203755,0.028310751762927,0.0218907047419644,1481,"tags=36%, list=8%, signal=34%","CUL1/TUBB1/TUBA1A/TUBA4A/TUBA1C/UBA52/PSMD14/TUBA1B/PSMC2/GSK3B/TUBB3/PSMD1/TUBB2B/PSMB2/PRKAR2B/PSMA5/PSMD2/GLI1/PSMC5/PSMB7/IFT122/PSMC3/PSMD7/PSMA3/GNAS/PSMD11/IFT88/PRKACG/PSMC4/CSNK1A1/TUBB4B/UBB/PRKAR1A/TUBA3C/PRKACA/PSMA4"
"BIOCARTA_BARRESTIN_SRC_PATHWAY","BIOCARTA_BARRESTIN_SRC_PATHWAY",17,0.853337950897195,1.67712249110513,0.00216692270290222,0.0286861917041879,0.0221810059311134,1336,"tags=53%, list=8%, signal=49%","MAPK3/MAPK1/MAP2K1/RAF1/KCNA2/HRAS/GNAS/MAP2K2/HCK"
"PID_PI3KCI_PATHWAY","PID_PI3KCI_PATHWAY",47,0.732358895617409,1.67448313937701,0.00217030700136147,0.0286861917041879,0.0221810059311134,1608,"tags=45%, list=9%, signal=41%","SRC/NRAS/RHOA/SGK1/HSP90AA1/PTEN/LCK/FOXO3/PLEKHA2/HRAS/ARF5/BLK/BTK/ZAP70/PLCG1/ARF1/RAC1/HCK/SYK/PIK3R1/KRAS"
"BIOCARTA_PTEN_PATHWAY","BIOCARTA_PTEN_PATHWAY",18,0.859449600344352,1.70150509758537,0.00219068741897071,0.0288209228191572,0.0222851839862229,842,"tags=61%, list=5%, signal=58%","EGFR/MAPK3/AKT1/MAPK1/BCAR1/PTEN/SHC1/FOXO3/ILK/FASLG/SOS1"
"MA_RAT_AGING_DN","MA_RAT_AGING_DN",155,0.571222482638348,1.53088252741235,0.00219081951315907,0.0288209228191572,0.0222851839862229,1597,"tags=25%, list=9%, signal=23%","RND3/EGR1/TUBA1A/ATF3/PPIC/EIF4A1/PRDX1/HSP90AA1/HSPA8/MYL9/FOS/BGN/C1QB/DNAJA1/CAV1/IFI27/KLF4/FN1/COL1A2/HSPH1/HLA-DRA/COL3A1/POSTN/CSF1R/DUSP1/HSPA1A/MT-ND1/GAS6/TPM1/GSN/HBB/MGST3/COL6A2/PTOV1/MT-ATP6/ITGB5/CHD2/SPARC/CST3"
"WELCSH_BRCA1_TARGETS_UP","WELCSH_BRCA1_TARGETS_UP",193,0.551377263166779,1.5081902745314,0.00219418548211691,0.0288209228191572,0.0222851839862229,1560,"tags=24%, list=9%, signal=22%","HSPA5/TOP2A/PPIC/STAT1/CDK1/KIF11/TUBB3/CTSL/MEF2C/TMPO/MAP2K1/RRAS/RAB2A/CCNG2/CIRBP/ANXA5/HMMR/CAT/RRM2/ANXA2/HDAC1/TUBB/IDH1/VAMP3/PPP4C/UBE2D3/YBX3/MLH1/LIPA/NDUFA12/MYH10/PGRMC1/NDUFS1/MTOR/AGPS/RBM3/CSNK1A1/MFGE8/TAF12/PRKAR1A/KAT5/NPEPPS/GSTZ1/NID1/SDHC/ALDH7A1"
"REACTOME_MHC_CLASS_II_ANTIGEN_PRESENTATION","REACTOME_MHC_CLASS_II_ANTIGEN_PRESENTATION",120,0.606948790299062,1.58205770431344,0.00221069493739359,0.0289775323951301,0.0224062791099447,1895,"tags=39%, list=11%, signal=35%","TUBB1/TUBA1A/TUBA4A/TUBA1C/TUBA1B/TUBA8/KIF11/KIF20A/TUBB3/CTSL/TUBB2B/HLA-DRB5/KIF23/CTSB/HLA-DRA/CENPE/HLA-DOB/KLC4/RACGAP1/DYNC1I2/CD74/CANX/IFI30/LAG3/CAPZB/HLA-DPB1/DCTN5/ARF1/TUBB4B/SEC31A/ACTR1A/AP2A1/TUBA3C/AP2A2/KIF15/HLA-DMB/DYNLL2/HLA-DPA1/CTSA/DNM3/DYNC1H1/HLA-DRB1/KIF3C/KLC1/SEC13/CTSS/HLA-DQB1"
"AMIT_SERUM_RESPONSE_60_MCF10A","AMIT_SERUM_RESPONSE_60_MCF10A",58,0.688942748305614,1.63097757504601,0.00222575959020435,0.0290969914990536,0.0224986483975788,2993,"tags=34%, list=17%, signal=29%","EGR1/SGK1/DUSP5/IRS2/FN1/ITSN1/SCD/MAFB/CALD1/SOX4/NR4A2/RHOB/COBLL1/KLF7/PTGS2/PLK2/STK38L/ETS2/TNC/SERPINB13"
"VANTVEER_BREAST_CANCER_ESR1_DN","VANTVEER_BREAST_CANCER_ESR1_DN",219,0.531406496971959,1.46277159812083,0.00222901929179202,0.0290969914990536,0.0224986483975788,2185,"tags=22%, list=12%, signal=19%","GAPDHS/TMEM123/BUB1/CCNB2/CDC20/ANLN/MYBL2/RAD54L/PDIA6/ENO1/CD180/MRAS/TNF/CDCA8/BCL11A/CYBB/SAMD4A/KRT6B/MELK/SERBP1/MCM6/MARCO/LAMP3/EGFL6/CORO1C/MMP7/GAPDH/WARS1/ATP1B3/SYNCRIP/IMPA2/CHI3L1/BLM/KATNA1/TCN2/PLSCR1/CEP55/RAB6B/NCK1/HDGF/ST14/UBE2E3/UCHL3/ILF2/RRP1/NASP/NFKBIE/HIF1A"
"REACTOME_RAF_INDEPENDENT_MAPK1_3_ACTIVATION","REACTOME_RAF_INDEPENDENT_MAPK1_3_ACTIVATION",23,0.816669794263738,1.6877843418271,0.00223580288215904,0.0291190998418332,0.0225157432175318,460,"tags=48%, list=3%, signal=47%","MAPK3/JAK2/MAPK1/DUSP5/CDK1/DUSP6/MAP2K1/PTPN11/TYK2/DUSP1/DUSP10"
"BURTON_ADIPOGENESIS_PEAK_AT_2HR","BURTON_ADIPOGENESIS_PEAK_AT_2HR",46,0.71886595714773,1.63459709407853,0.00223993075706409,0.0291190998418332,0.0225157432175318,1747,"tags=26%, list=10%, signal=24%","RHOJ/MYC/THBS1/FOS/KLF4/DUSP1/DNAJB4/PPP1R15A/NR4A1/NR4A2/RGS2/RHOB"
"WP_FANCONI_ANEMIA","WP_FANCONI_ANEMIA",46,0.717875562387066,1.63234507980288,0.00229628048252922,0.0297903492579458,0.0230347729804779,1079,"tags=22%, list=6%, signal=20%","EGFR/HSP90B1/RAD51/PTEN/UBE2T/ATR/SMARCA4/BRCA2/MCM2/PALB2"
"BIOCARTA_RAS_PATHWAY","BIOCARTA_RAS_PATHWAY",22,0.817915003521789,1.67819214937666,0.00231087812732761,0.0298212474477547,0.0230586643683094,1463,"tags=50%, list=8%, signal=46%","MAPK3/AKT1/RHOA/CDC42/MAP2K1/RAF1/FOXO4/HRAS/RAC1/PIK3R1/CASP9"
"BLANCO_MELO_INFLUENZA_A_INFECTION_A594_CELLS_UP","BLANCO_MELO_INFLUENZA_A_INFECTION_A594_CELLS_UP",37,0.743840096913272,1.65533181509967,0.00231754233884893,0.0298212474477547,0.0230586643683094,1762,"tags=30%, list=10%, signal=27%","HSPA5/EGR1/NME1/DUSP6/ANKRD1/IFIT2/DHX58/CCL2/KLF10/RGS2/PYGM"
"VERRECCHIA_RESPONSE_TO_TGFB1_C3","VERRECCHIA_RESPONSE_TO_TGFB1_C3",14,0.873280596358446,1.64915045803834,0.00231530380673137,0.0298212474477547,0.0230586643683094,962,"tags=43%, list=5%, signal=41%","RND3/RHOA/LAMA4/PXN/RHOQ/NME2"
"SHEPARD_CRASH_AND_BURN_MUTANT_UP","SHEPARD_CRASH_AND_BURN_MUTANT_UP",201,0.54062555706304,1.47731398455055,0.00231483593784996,0.0298212474477547,0.0230586643683094,1698,"tags=20%, list=10%, signal=18%","HSPA4/EGR1/ATF3/HSPA9/SGK1/DUSP5/TUBA8/HSP90AA1/FOS/RERG/VRK2/EPRS1/FN1/CYP51A1/TP53/CASP8/FOXO3/CCNG2/ANKRD22/FTSJ3/DNAJA3/ATP5IF1/PLK3/MRPS18B/FTSJ1/UTP3/IMPDH1/PWP1/SLC12A7/NOP9/RRS1/MYBBP1A/SIX2/MMP9/SHMT1/PES1/HSPA1L/KLF11/SPINK5/HTRA2"
"WP_MIRTARGETED_GENES_IN_LYMPHOCYTES","WP_MIRTARGETED_GENES_IN_LYMPHOCYTES",403,0.488094229575189,1.40474871832949,0.00233277766396059,0.0299562790262256,0.0231630747506228,2555,"tags=25%, list=14%, signal=22%","EGFR/AXL/TUBA1A/ANKFY1/TRIP13/WDFY1/BCL6/TGFBR2/EZH2/HNRNPM/NOTCH1/PPP3CA/PLK1/ATP2A2/CYP51A1/FMNL2/CHD1/PPIB/CDK6/SMAD1/HDAC4/MYO1E/VCAM1/ATRX/KIT/IRS1/CSDE1/NCL/RB1/ANXA2/ABCG2/IDH1/DNMT3A/AURKB/GAK/VAMP3/PPP3R1/GFM1/TPM1/DHX57/MYB/EHMT2/ANPEP/CORO1C/MTHFD2/BCL2/IPO4/MEOX2/SNAP23/PGRMC1/RAD23B/CALCOCO2/PDLIM7/ARF4/MOV10/CDKN1C/PWP1/NCEH1/PPIF/CSNK1D/UBE2S/CXCL12/AP2A1/SDCBP/ELOVL5/KRAS/TPM4/SLC25A24/STRN/SYNE2/RHOB/NAA15/RHOG/TYMS/SMC1A/NT5E/DOCK5/MTPN/CDIPT/PKM/PISD/TPM3/RTN4/STX7/NCOA3/RARS1/GNA13/G6PD/CDKN1B/PHC2/GPD2/BET1/TMED7/UAP1/TMED3/CYP1B1/MAPK12/KCNQ1/SLC1A4/TMT1A"
"LIANG_SILENCED_BY_METHYLATION_2","LIANG_SILENCED_BY_METHYLATION_2",52,0.686938591016513,1.60316672362324,0.00234052758392029,0.0299948342296316,0.0231928867662518,789,"tags=27%, list=4%, signal=26%","STAT1/THBD/XAF1/MX1/IFIT1/IFI44L/IFIT3/IFI44/SP100/S100A4/UCHL1/IFIT2/IFI6/H2AC6"
"MONNIER_POSTRADIATION_TUMOR_ESCAPE_DN","MONNIER_POSTRADIATION_TUMOR_ESCAPE_DN",368,0.488397050060816,1.40041671666555,0.00235642068082505,0.0301373802863415,0.0233031075638378,2539,"tags=23%, list=14%, signal=20%","RND3/EGR1/SGK1/PPIC/STAT1/BUB1/FOS/S100A1/KAT8/PDIA4/PDIA6/PLAAT3/DUSP6/RRAS/CASP8/UBE2T/KRT18/CCNG2/VAPB/HNRNPA3/CAT/SGO1/ACSL3/KLF6/IDH1/PPP1R15A/PDK1/COL6A1/COL6A3/IFI30/PRKAG2/IRAK2/SIL1/CLU/IFI16/BCL2/TRIM5/STK17B/ARHGAP9/GSN/PSTPIP1/ARID5B/TGM2/MYL6/MGST3/ANK1/MFGE8/RHOBTB1/PKP2/FLT3LG/ACAT1/BLVRA/KLF10/TMTC4/S100A16/PPP3CB/PRNP/ITGB5/ZBTB10/MYCBP2/RHOB/HPCAL1/PDE5A/NDUFA13/GRHPR/SOS2/SEPTIN4/ARHGAP29/EPB41L2/PLAC8/PLD1/STX7/TMCO6/RMDN1/PNKP/SHOX2/TJP1/WIPI1/RAB9A/TSC22D3/SKIL/RBPJ/SPOPL/TENT5A"
"KEGG_MEDICUS_PATHOGEN_HCV_CORE_TO_ERK_SIGNALING_PATHWAY","KEGG_MEDICUS_PATHOGEN_HCV_CORE_TO_ERK_SIGNALING_PATHWAY",13,0.884652614682796,1.67119807320698,0.00237003289927384,0.0302502380961861,0.023390372537012,1140,"tags=69%, list=6%, signal=65%","YWHAE/MAPK3/MAPK1/YWHAG/YWHAB/MAP2K1/RAF1/BRAF/MAP2K2"
"PID_PRL_SIGNALING_EVENTS_PATHWAY","PID_PRL_SIGNALING_EVENTS_PATHWAY",23,0.814370786308835,1.68303305843781,0.00238585458488586,0.0303296363527341,0.0234517656008795,584,"tags=35%, list=3%, signal=34%","EGR1/SRC/MAPK3/MAPK1/RHOA/TUBA1B/BCAR1/CCNA2"
"DANG_MYC_TARGETS_UP","DANG_MYC_TARGETS_UP",128,0.585003230260319,1.53235780274873,0.00238359671858804,0.0303296363527341,0.0234517656008795,962,"tags=27%, list=5%, signal=25%","HSPA4/CCNB1/CCT5/LDHA/HSPA9/NRAS/HSPD1/EIF4A1/HSPA8/HNRNPA2B1/NME1/DDX10/DDX18/ENO1/TP53/PAX3/MTHFD1/PCNA/HNRNPA1/NCL/MSH2/PINK1/UCHL1/CDC25A/CAD/EIF2S1/PRPS2/CDK4/YBX3/NUP155/RPS16/PHB1/GAPDH/NME2"
"REACTOME_BINDING_AND_UPTAKE_OF_LIGANDS_BY_SCAVENGER_RECEPTORS","REACTOME_BINDING_AND_UPTAKE_OF_LIGANDS_BY_SCAVENGER_RECEPTORS",46,0.715736158500233,1.62748038515195,0.00240897998431219,0.0305621195600089,0.0236315284447112,1592,"tags=35%, list=9%, signal=32%","HSP90B1/PRDX1/HSP90AA1/MSR1/COL1A2/HYOU1/CD163/CD5L/HSPH1/COL3A1/CALR/MARCO/S100A9/HBB/JCHAIN/SPARC"
"KEGG_BLADDER_CANCER","KEGG_BLADDER_CANCER",41,0.72578061674921,1.64616331278898,0.0024297245192831,0.0307635260778169,0.0237872618795335,1140,"tags=37%, list=6%, signal=34%","EGFR/MAPK3/MYC/NRAS/THBS1/MAPK1/DAPK2/TP53/MAP2K1/RAF1/RB1/HRAS/CDK4/BRAF/MAP2K2"
"EGUCHI_CELL_CYCLE_RB1_TARGETS","EGUCHI_CELL_CYCLE_RB1_TARGETS",22,0.815882253223806,1.67402136686622,0.00246191382881002,0.0311087431408434,0.0240541938515943,976,"tags=68%, list=6%, signal=65%","BUB1/KIF11/KIF20A/SMC2/CDCA8/FEN1/MCM4/CENPE/CCNA2/MCM6/MCM2/SMC4/NDC80/MCM7/MCM3"
"BORLAK_LIVER_CANCER_EGF_UP","BORLAK_LIVER_CANCER_EGF_UP",51,0.71163919834365,1.65225245962409,0.00247052564033639,0.031155251488314,0.0240901554717957,2264,"tags=31%, list=13%, signal=27%","ATF3/CCNB1/CDK1/FOS/MKI67/KRT18/RRM2/ANXA2/SLC7A7/SCD/RBM3/EPS15/PLSCR1/TLR6/JUNB/BLNK"
"VERHAAK_GLIOBLASTOMA_MESENCHYMAL","VERHAAK_GLIOBLASTOMA_MESENCHYMAL",213,0.541691740323379,1.48508202987713,0.00251989098826084,0.0317144845893067,0.0245225709300033,2175,"tags=26%, list=12%, signal=23%","THBS1/CD4/MSR1/TGFBR2/THBD/COL1A2/MAPK13/CTSB/RRAS/CASP8/SHC1/LTBP2/ICAM3/CNN2/SLAMF8/SP100/RAB11FIP1/S100A4/ANXA2/PYGL/SIGLEC7/IFI30/EFEMP2/PHF11/PLK3/NCF4/LTBP1/PLS3/CD2AP/MAFB/RAC2/CCR5/TRIM22/FPR3/CHI3L1/ITGA4/TNFRSF1A/RBM47/TRIM38/DAB2/SLC11A1/VAMP5/MYO1F/STAT6/ALOX5/TGFBI/MYOF/ST14/RUNX2/ANXA4/RHOG/ARHGAP29/FURIN/MS4A4A/ITGA5/CRYBG1"
"IGLESIAS_E2F_TARGETS_UP","IGLESIAS_E2F_TARGETS_UP",140,0.57236131366124,1.51758508106834,0.00254165212413197,0.0319247676347233,0.0246851679566736,1993,"tags=32%, list=11%, signal=29%","TUBA1A/LAMA4/TUBA1B/CDC42/C1QA/C1QB/DNAJA1/HNRNPA2B1/EED/COL1A2/SMC2/ACTG1/CDC6/PCNA/COL3A1/POSTN/SMAD1/ANXA2/TUBB/COL6A3/GAS6/CD74/RBBP7/MCM7/MCM3/GSN/CDKN1C/CKS1B/SEPTIN2/APLP2/ACADM/COL6A2/DAB2/C1QC/ALAS2/SPARC/NFKBIA/RHOB/CCNG1/CTSS/NPTN/ITM2B/HBA2/GJA1/CD9"
"LI_ESTROGENE_MCF7_E2_RESPONSE_DN","LI_ESTROGENE_MCF7_E2_RESPONSE_DN",38,0.748549523263571,1.67622891227762,0.00254985444530132,0.031937365471038,0.0246949089737071,745,"tags=13%, list=4%, signal=13%","SOX2/RND3/SLIT2/CDK6/ABCC5"
"WP_DNA_IRDAMAGE_AND_CELLULAR_RESPONSE_VIA_ATR","WP_DNA_IRDAMAGE_AND_CELLULAR_RESPONSE_VIA_ATR",81,0.646535733887208,1.6073188505844,0.00255276504635552,0.031937365471038,0.0246949089737071,1079,"tags=33%, list=6%, signal=31%","FOXM1/CDK1/BCL6/RBBP8/RAD51/PARP1/PLK1/CHEK1/TP53/PCNA/FEN1/ATR/EXO1/TP53BP1/TRIM28/BRCC3/MSH2/CHEK2/BARD1/CDC45/BRCA2/MCM2/RNF8/UBE2D3/MLH1/PPM1D/PALB2"
"REACTOME_TOLL_LIKE_RECEPTOR_CASCADES","REACTOME_TOLL_LIKE_RECEPTOR_CASCADES",167,0.554299429278663,1.49617804530416,0.00255821632648534,0.0319423137366292,0.0246987351179914,1930,"tags=29%, list=11%, signal=26%","CUL1/HSP90B1/TLR7/MAPK3/UBA52/MAPK1/BIRC3/FOS/PPP2CB/S100A1/CTSL/MEF2C/S100A12/RIPK2/CD180/USP18/TP53/CTSB/MAP3K1/DUSP6/MAP2K1/CASP8/PTPN11/BTK/UBE2D3/IRAK2/NFKB2/TLR8/TBK1/S100A9/TAB1/TLR10/AGER/UBB/IKBIP/USP14/DUSP3/IRF3/VRK3/PPP2R1B/NFKBIA/TRAF3/DNM3/IRF7/CTSS/TLR6/FGB/UBE2D1"
"BROWNE_HCMV_INFECTION_14HR_DN","BROWNE_HCMV_INFECTION_14HR_DN",280,0.514950593594712,1.44575252825859,0.00257312412833715,0.032065085291586,0.0247936656900502,2620,"tags=24%, list=15%, signal=21%","EGFR/HSPA4/AXL/AHNAK2/THBS1/BUB1B/CCNB2/NUMA1/PRKCE/SIRPA/CIT/ATP2A2/RRAS/DDX17/HNRNPU/CENPE/IRS1/HMMR/PDE4DIP/CHEK2/ANXA2/CDC14B/DYNC1I2/ACOX1/BLK/NDC80/DST/LPAR1/TCF7L2/MLH1/GINS1/CCL2/EIF3A/MYO1B/ZFP36L2/NR1H3/TUBA3C/DIAPH2/SKIC2/HAS2/ALMS1/ZFP36L1/GNG11/PDE5A/NPTX1/PLEC/LDLR/BMX/ZKSCAN1/CRYBG1/TMCO6/CLUAP1/MICAL2/TJP1/CDC25B/TTF2/S100A3/NLRP1/TP53I3/BTN3A3/CYP1B1/ITGA3/RAD50/ETV1/ERCC2/HLA-DOA/EEA1"
"REACTOME_INTERFERON_ALPHA_BETA_SIGNALING","REACTOME_INTERFERON_ALPHA_BETA_SIGNALING",69,0.675191963071315,1.63112125616321,0.00260345995910202,0.0323661830783112,0.025026483341904,871,"tags=30%, list=5%, signal=29%","EGR1/ISG15/UBA52/OASL/STAT1/IRF4/IFI27/IFIT5/XAF1/MX1/USP18/IFIT1/IFIT3/EIF2AK2/PTPN11/TYK2/KPNA1/IFI35/IFIT2/IFI6/STAT2"
"WP_ACUTE_MYELOID_LEUKEMIA","WP_ACUTE_MYELOID_LEUKEMIA",66,0.660238589634418,1.59415060544077,0.00260753200171896,0.0323661830783112,0.025026483341904,1949,"tags=42%, list=11%, signal=38%","MAPK3/MYC/NRAS/AKT1/MAPK1/DUSP6/MAP2K1/RAF1/KIT/CSF1R/GLI1/JUP/CCNA2/HRAS/ZBTB16/SOS1/TCF7L2/AKT2/MTOR/STAT5B/BRAF/MAP2K2/PPARD/PIK3R1/KRAS/RPS6KB2/RUNX1T1/SOS2"
"REACTOME_ACTIVATION_OF_BH3_ONLY_PROTEINS","REACTOME_ACTIVATION_OF_BH3_ONLY_PROTEINS",30,0.773483621622906,1.66304459118937,0.00262608029187201,0.032468836172304,0.025105857729072,1496,"tags=37%, list=8%, signal=34%","YWHAE/AKT1/YWHAG/YWHAB/TP53/PPP3CC/PPP3R1/BCL2/AKT2/TP73/DYNLL2"
"YAMAZAKI_TCEB3_TARGETS_DN","YAMAZAKI_TCEB3_TARGETS_DN",192,0.555195851049578,1.51636205614164,0.00262547247750646,0.032468836172304,0.025105857729072,1602,"tags=23%, list=9%, signal=21%","SOX2/KPNA2/TOP2A/TUBA1B/HSP90AA1/BUB1B/AURKA/KIF11/KIF20A/DNMT1/CBR3/VDAC1/MYBL2/EED/TUBB2B/DUSP6/MDN1/GLI1/UCHL1/TUBB/SERBP1/PARK7/TALDO1/JARID2/ENO3/CTBP2/ULK1/PHB1/CBX7/CDCA7L/CDKN1C/RBM3/DHCR24/TUBB4B/MSH6/SORL1/CCNE1/UBE2S/RFX2/STOML2/RUVBL2/FXR1/ALDH7A1/STRBP"
"REACTOME_EPHB_MEDIATED_FORWARD_SIGNALING","REACTOME_EPHB_MEDIATED_FORWARD_SIGNALING",42,0.734388828257895,1.66563607986997,0.00263841343213708,0.0324733443800183,0.0251093436076815,1215,"tags=36%, list=7%, signal=33%","EPHB2/SRC/RHOA/CDC42/ACTG1/ITSN1/EPHB4/ACTB/PTK2/TIAM1/HRAS/ACTR2/ROCK2/EPHB6/RAC1"
"WP_ANGIOPOIETINLIKE_PROTEIN_8_REGULATORY_PATHWAY","WP_ANGIOPOIETINLIKE_PROTEIN_8_REGULATORY_PATHWAY",130,0.59734366435142,1.57084386171574,0.002641864357602,0.0324733443800183,0.0251093436076815,2497,"tags=38%, list=14%, signal=33%","MAPK3/AKT1/MAPK1/GSK3B/IRS2/MAP3K9/PRKAG1/IRS4/MAPK13/GSK3A/MAP3K1/MAP2K1/SHC1/FOXO3/RAF1/IRS1/HRAS/FOXO1/PRKAG2/MAPK6/SOS1/SCD/PRKAG3/RHOQ/AKT2/MTOR/MAP2K2/CBLC/NR1H3/TRIP10/MAPKAP1/PIK3R1/MAP3K2/SREBF2/RPS6KB2/RICTOR/TSC1/SLC2A4/MAP3K4/FASN/SOS2/TSC2/PTPN1/PRKAA1/MAP2K3/RPTOR/INSR/PIK3CA/MAPK12"
"WP_RAS_SIGNALING","WP_RAS_SIGNALING",177,0.557163351456986,1.51533573047308,0.0026387157182505,0.0324733443800183,0.0251093436076815,2219,"tags=33%, list=13%, signal=29%","EGFR/IGF1R/MAPK3/NRAS/AKT1/MAPK1/RHOA/CDC42/PLAAT3/GNB4/MRAS/MAP2K1/RRAS/RASGRP3/PTPN11/SHC1/ABL2/REL/RAF1/KIT/CSF1R/GNB3/FOXO4/PDGFRB/TIAM1/HRAS/FASLG/ABL1/SOS1/ZAP70/GNB2/PLCG1/RAC2/AKT2/GNB5/PRKACG/EXOC2/MAP2K2/GNGT2/RASGRP2/RAC1/PAK6/PIK3R1/NTRK1/PRKACA/KRAS/PAK4/GNG11/BCL2L1/RASGRP4/RAPGEF5/SOS2/RASGRP1/PRKCA/PAK2/PLD1/RASA1/RGL1"
"PID_AURORA_A_PATHWAY","PID_AURORA_A_PATHWAY",31,0.758655095345883,1.64058973059784,0.00268841889785135,0.0328538309412473,0.0254035469916077,2441,"tags=58%, list=14%, signal=50%","AKT1/GSK3B/AURKA/BIRC5/TPX2/TP53/FZR1/CKAP5/AURKB/NDEL1/PRKACA/NFKBIA/RAN/TACC3/TDRD7/RASA1/DLGAP5/CDC25B"
"WP_HEPATITIS_B_INFECTION","WP_HEPATITIS_B_INFECTION",140,0.570811441411222,1.5134756785842,0.00268688511641572,0.0328538309412473,0.0254035469916077,1705,"tags=34%, list=10%, signal=31%","SRC/MAPK3/MYC/NRAS/JAK2/AKT1/MAPK1/STAT1/FOS/TGFBR2/IFIH1/RIGI/EGR2/YWHAB/MAPK13/BIRC5/MAP3K1/MAP2K1/TNF/PCNA/CASP8/TYK2/RAF1/HRAS/CASP10/FASLG/DDB2/DDB1/SOS1/STAT2/BCL2/AKT2/CREB5/TBK1/TAB1/STAT5B/BRAF/MAP2K2/APAF1/MMP9/IRF3/PIK3R1/CASP9/KRAS/TRAF3/STAT6/SMAD4"
"REACTOME_INTERLEUKIN_1_FAMILY_SIGNALING","REACTOME_INTERLEUKIN_1_FAMILY_SIGNALING",135,0.57272577411698,1.51333917142875,0.00268688511641572,0.0328538309412473,0.0254035469916077,1867,"tags=29%, list=11%, signal=26%","CUL1/UBA52/PSMD14/PSMC2/PSMD1/IL1R2/S100A12/RIPK2/PSMB2/USP18/TP53/MAP2K1/PSMA5/CASP8/PSMD2/PTPN11/PSMC5/PSMB7/PSMC3/PSMD7/PSMA3/PSMD11/IRAK2/NFKB2/TBK1/TAB1/PSMC4/PTPN13/AGER/UBB/IKBIP/PTPN2/USP14/PSMA4/PTPN9/NFKBIA/ALOX5/PSMA6/PTPN12"
"REACTOME_RHO_GTPASES_ACTIVATE_WASPS_AND_WAVES","REACTOME_RHO_GTPASES_ACTIVATE_WASPS_AND_WAVES",35,0.740723247298201,1.63863473672134,0.00270312865846046,0.0329698202010679,0.0254932332938732,1969,"tags=40%, list=11%, signal=36%","MAPK3/MAPK1/CDC42/ACTG1/ACTB/PTK2/ACTR2/BTK/ABL1/WASF1/RAC1/NCK1/NCKAP1L/WASL"
"GEORGES_CELL_CYCLE_MIR192_TARGETS","GEORGES_CELL_CYCLE_MIR192_TARGETS",62,0.689966401181845,1.64905564936477,0.00272637777512059,0.0331893155745894,0.0256629535631977,1071,"tags=27%, list=6%, signal=26%","KIF14/RAD51/KIF23/MKI67/CDC73/MACF1/RB1/MAD2L1/RACGAP1/MCM6/MTSS1/SMARCB1/CDC7/PLS3/BCL2/MCM3/NCAPH"
"BIOCARTA_CDK5_PATHWAY","BIOCARTA_CDK5_PATHWAY",13,0.880479776113621,1.66331516000369,0.00280950327648317,0.0341354648092705,0.0263945439395919,1140,"tags=54%, list=6%, signal=50%","EGR1/MAPK3/MAPK1/MAP2K1/RAF1/HRAS/MAP2K2"
"LAIHO_COLORECTAL_CANCER_SERRATED_UP","LAIHO_COLORECTAL_CANCER_SERRATED_UP",109,0.5989570606727,1.55406200562401,0.00281957080117699,0.0341920313279006,0.0264382828331395,1897,"tags=27%, list=11%, signal=24%","TAGLN2/DDX60/PPIC/NEDD8/HSPA8/CAV1/IFI27/PDIA6/EPRS1/YME1L1/POSTN/ANXA5/MACF1/ANXA2/SUMO2/CSNK1A1/MYL6/GDI2/PRKAR1A/PRNP/SDCBP/DPYSL2/NDUFV2/SPARC/TCF4/HLA-DRB1/RBM34/ATP1B1/NPTN"
"SAGIV_CD24_TARGETS_DN","SAGIV_CD24_TARGETS_DN",45,0.727474350333352,1.65950888543747,0.00285105968556818,0.0344416732187758,0.0266313132750768,1206,"tags=22%, list=7%, signal=21%","ATF3/THBS1/CTTN/OASL/DUSP5/CAV1/PPP1R15A/GEM/ADRB2/EPHB6"
"KIM_WT1_TARGETS_12HR_DN","KIM_WT1_TARGETS_12HR_DN",207,0.530231848463767,1.44936849123181,0.00284709257141374,0.0344416732187758,0.0266313132750768,1969,"tags=21%, list=11%, signal=19%","EGFR/RND3/MYC/THBS1/TGFBR2/NR2F2/DDX18/HNRNPAB/SPTLC2/TMPO/MRPL19/CD163/FEN1/PTPN11/NSDHL/DUSP1/FLRT2/CORO2B/EZR/PMEPA1/ZAP70/CORO1C/ADK/SYNCRIP/CALD1/ANKRD55/RRS1/CUL4A/GRSF1/MYBBP1A/AEN/RPS2/RAP2C/CCNE2/ZFP36L1/APBB2/PLSCR1/BMAL2/CD44/MOB1A/UCHL3/RHOG/WASL"
"PID_PTP1B_PATHWAY","PID_PTP1B_PATHWAY",50,0.709921343626523,1.64249786648839,0.00286385811268636,0.0345302586945656,0.0266998101666882,1596,"tags=42%, list=9%, signal=38%","EGFR/SRC/JAK2/AKT1/RHOA/CAV1/BCAR1/LCK/SHC1/TYK2/CSF1R/IRS1/PDGFRB/BLK/ITGB3/CSK/STAT5B/HCK/PIK3R1/NOX4/ITGA2B"
"LI_ESTROGENE_MID_E2_RESPONSE_UP","LI_ESTROGENE_MID_E2_RESPONSE_UP",13,0.879946536767707,1.66230781706177,0.0028722848266272,0.0345658962564394,0.0267273661761942,790,"tags=46%, list=4%, signal=44%","RBBP8/RERG/ORC1/CDC6/CDC45/MTHFD1L"
"JOSEPH_RESPONSE_TO_SODIUM_BUTYRATE_DN","JOSEPH_RESPONSE_TO_SODIUM_BUTYRATE_DN",58,0.679705916758074,1.60911064175501,0.0029010223546142,0.0348453597651188,0.0269434555688703,1291,"tags=22%, list=7%, signal=21%","CUL1/TUBA4A/ALDH1A1/NCL/GAA/PYGL/MYL4/COL6A3/CDH11/CDK4/F10/CKS1B/NAMPT"
"WP_EFFECT_OF_DASATINIB_ON_THE_BCRABL_SIGNALING_PATHWAY","WP_EFFECT_OF_DASATINIB_ON_THE_BCRABL_SIGNALING_PATHWAY",45,0.726167172925442,1.65652696240159,0.00290751448635536,0.0348570712045411,0.0269525111977933,1643,"tags=47%, list=9%, signal=42%","SRC/MAPK3/NRAS/AKT1/MAPK1/BCAR1/MEF2C/SHC1/RAF1/PTK2/PXN/HRAS/ABL1/SOS1/BCL2/AKT2/BRAF/PIK3R1/MAP3K2/KRAS/HSPB2"
"KEGG_MEDICUS_REFERENCE_TRAIP_DEPENDENT_REPLISOME_DISASSEMBLY","KEGG_MEDICUS_REFERENCE_TRAIP_DEPENDENT_REPLISOME_DISASSEMBLY",16,0.852899218166669,1.64812057933158,0.00295014378627656,0.0349488821452175,0.027023502113586,1278,"tags=62%, list=7%, signal=58%","VCP/MCM4/CDC45/MCM6/MCM2/MCM7/MCM3/UFD1/GINS1/UBB"
"REACTOME_NUCLEAR_EVENTS_KINASE_AND_TRANSCRIPTION_FACTOR_ACTIVATION","REACTOME_NUCLEAR_EVENTS_KINASE_AND_TRANSCRIPTION_FACTOR_ACTIVATION",61,0.674849382500327,1.60824318028884,0.00294661705342618,0.0349488821452175,0.027023502113586,313,"tags=16%, list=2%, signal=16%","EGR1/MAPK3/MAPK1/CHD4/SGK1/FOS/PPP2CB/EGR2/MEF2C/DUSP6"
"REACTOME_SIGNALING_BY_THE_B_CELL_RECEPTOR_BCR","REACTOME_SIGNALING_BY_THE_B_CELL_RECEPTOR_BCR",94,0.621523034612442,1.57976221936346,0.00295358672981838,0.0349488821452175,0.027023502113586,2275,"tags=48%, list=13%, signal=42%","CUL1/NRAS/UBA52/PSMD14/PSMC2/PSMD1/PPP3CA/PSMB2/PSMA5/RASGRP3/PSMD2/REL/PSMC5/PSMB7/HRAS/PSMC3/PSMD7/FKBP1A/CD22/BLK/PSMA3/BTK/PPP3R1/PSMD11/SOS1/PSMC4/MALT1/ITPR1/UBB/SYK/PPP3CB/PIK3R1/PSMA4/ITPR3/KRAS/NFKBIA/PSMA6/NCK1/CD79B/RASGRP1/NFKBIE/PSMD8/AHCYL1/BLNK/PSMB4"
"MISSIAGLIA_REGULATED_BY_METHYLATION_DN","MISSIAGLIA_REGULATED_BY_METHYLATION_DN",118,0.599070738156355,1.56377142417898,0.00293814002044896,0.0349488821452175,0.027023502113586,2009,"tags=36%, list=11%, signal=32%","KIF14/FOXM1/CDK1/BUB1B/AURKA/DNMT1/EZH2/CAV1/CDKN3/PRC1/SMC2/HNRNPAB/CHEK1/PCBP2/CDC6/KIF23/TMPO/KIFC1/MKI67/CENPE/HNRNPA1/TRIM28/CYP2J2/CAD/CDC45/CCNA2/AARS1/SMC4/ESPL1/NCAPH/RRM1/POLD3/MSH6/CENPF/SHMT1/ILF3/DCLRE1A/H2AZ2/FASN/TYMS/SMC1A/STMN1"
"REACTOME_C_TYPE_LECTIN_RECEPTORS_CLRS","REACTOME_C_TYPE_LECTIN_RECEPTORS_CLRS",123,0.585776683484334,1.52958770763569,0.00295389412243529,0.0349488821452175,0.027023502113586,2275,"tags=42%, list=13%, signal=37%","CUL1/SRC/NRAS/UBA52/PSMD14/PSMC2/PSMD1/PPP3CA/PSMB2/PSMA5/CASP8/PSMD2/RAF1/ICAM3/PSMC5/PSMB7/CDC34/HRAS/PSMC3/PSMD7/MUC6/CD209/PSMA3/PPP3R1/PSMD11/NFKB2/PRKACG/TAB1/MUC13/PSMC4/MALT1/ITPR1/UBB/SYK/PPP3CB/MUC5B/PRKACA/PSMA4/ITPR3/CLEC10A/KRAS/NFKBIA/PSMA6/CLEC4E/UBE2D1/CLEC6A/MUC21/PAK2/UBE2M/PSMD8/AHCYL1/PSMB4"
"FISCHER_G1_S_CELL_CYCLE","FISCHER_G1_S_CELL_CYCLE",192,0.550180267847069,1.50266339459125,0.00295074423091642,0.0349488821452175,0.027023502113586,2976,"tags=34%, list=17%, signal=29%","IGF1R/RBBP8/H2BC21/EZH2/RAD51/ANK3/USP18/CHEK1/CDC6/CDCA7/PCNA/FEN1/EXO1/WDR76/DUSP10/H2AC21/MSH2/RRM2/BARD1/CDC25A/MCM6/ATAD2/MCM2/CDC7/DLGAP1/H2AC6/MYB/MCM3/AHI1/ABHD4/ARID5B/POLD3/MSH6/BLM/CHAF1B/CCNE1/WDHD1/TNS2/BRIP1/CCNE2/MCM10/MNS1/DCLRE1A/POLE/TLR6/DTL/TCF19/ZBTB14/NASP/TIPIN/GINS2/RFC2/INSR/PTGS2/OGT/CLSPN/NPAT/IVNS1ABP/RNPC3/USP37/MITF/CTPS1/RFC4/DNAJC3/E2F2/E2F7"
"SMID_BREAST_CANCER_RELAPSE_IN_BONE_DN","SMID_BREAST_CANCER_RELAPSE_IN_BONE_DN",285,0.509834176356716,1.43090410474756,0.00293895809488503,0.0349488821452175,0.027023502113586,1239,"tags=18%, list=7%, signal=17%","EGFR/TAGLN2/YWHAE/LGR5/HSPD1/BGN/S100A1/EPRS1/IL1R2/ENO1/TUBB2B/SYNM/TP53/MRAS/ACTL8/GART/BCL11A/FOXO3/CASK/HLA-DOB/KRT6B/COL2A1/SSRP1/UCHL1/DNAJB4/KLF6/PDK1/CD22/MARCO/PEG10/LAMP3/LTBP1/YBX3/IFI16/SIX3/MMP7/WARS1/RAC2/PGRMC1/KCNG1/DLAT/S100A9/KRT83/ZFP36L2/CALU/GDI2/MFGE8/IMPA2/MSH6/NSD2"
"REACTOME_SARS_COV_2_MODULATES_HOST_TRANSLATION_MACHINERY","REACTOME_SARS_COV_2_MODULATES_HOST_TRANSLATION_MACHINERY",49,-0.701953113310902,-1.79121195700161,0.00296045333735605,0.0349610171690009,0.0270328852703776,910,"tags=47%, list=5%, signal=45%","GEMIN2/RPS10/RPS21/RPS3/RPS29/RPS17/RPS27L/SMN1/SNRPE/RPS3A/RPS25/RPS23/RPS13/RPS18/RPS6/RPS20/RPS12/RPS24/RPS7/RPS27/RPS4X/RPS27A/RPS4Y1"
"WP_NRP1TRIGGERED_SIGNALING_IN_PANCREATIC_CANCER","WP_NRP1TRIGGERED_SIGNALING_IN_PANCREATIC_CANCER",51,0.707923139812027,1.64362467905316,0.00299027063940286,0.0352472572756479,0.027254214527629,1806,"tags=47%, list=10%, signal=42%","EGFR/SRC/MAPK3/AKT1/MAPK1/TGFBR2/BCAR1/COL1A2/GSK3A/MAP2K1/CHD1/REL/PTK2/HGF/NFKB2/AKT2/MAP2K2/RAC1/CCNE1/MMP9/CCNE2/CHD2/SMAD4/EGF"
"HUANG_DASATINIB_SENSITIVITY_UP","HUANG_DASATINIB_SENSITIVITY_UP",77,0.658255512308614,1.63483413149425,0.00301331087073696,0.0354526966132516,0.0274130662571601,2207,"tags=29%, list=12%, signal=25%","EGFR/EPHB2/TGFBR2/RIPK4/CAV1/SAMD9L/IFIT3/OSMR/DUSP10/NDC80/IFI16/RAC2/AGPS/CALD1/F2RL1/PRNP/ANTXR2/TGFBI/UBE2E3/ARHGAP29/ITGA5/MAP7D1"
"BILANGES_SERUM_SENSITIVE_VIA_TSC2","BILANGES_SERUM_SENSITIVE_VIA_TSC2",32,0.751500274353354,1.6398986619915,0.0030380685546265,0.0356113490317815,0.0275357409667446,1064,"tags=34%, list=6%, signal=32%","NUMA1/SPAG5/COL1A2/TUBB2B/KIFC1/DDX46/COL3A1/SMARCA4/EIF5B/ATP1A1/EIF3A"
"WP_ENDOMETRIAL_CANCER","WP_ENDOMETRIAL_CANCER",63,0.675557820879208,1.62140031254617,0.00303701243043926,0.0356113490317815,0.0275357409667446,1140,"tags=33%, list=6%, signal=31%","EGFR/MAPK3/MYC/NRAS/AKT1/MAPK1/GSK3B/FOS/PTEN/TP53/MAP2K1/FOXO3/RAF1/ILK/HRAS/DDB2/SOS1/TCF7L2/AKT2/BRAF/MAP2K2"
"HU_ANGIOGENESIS_UP","HU_ANGIOGENESIS_UP",20,0.840145128044148,1.68451091694407,0.00305044697135929,0.0356433824888183,0.0275605101765392,722,"tags=25%, list=4%, signal=24%","RND3/THBS1/FOS/HECW1/CAMK2D"
"GAVIN_FOXP3_TARGETS_CLUSTER_T4","GAVIN_FOXP3_TARGETS_CLUSTER_T4",93,0.616138648691074,1.56414830859325,0.00305208450877662,0.0356433824888183,0.0275605101765392,2240,"tags=26%, list=13%, signal=23%","IGF1R/MYC/IRF4/NIBAN1/PLAAT3/IL1R2/BMPR2/DRG1/KARS1/TIAM1/ARF1/GLUD1/CD48/SOCS2/RPN2/NOP53/PLSCR1/CD44/ATP10D/NT5E/WLS/P2RX7/PSMD8/SMU1"
"KEGG_CHRONIC_MYELOID_LEUKEMIA","KEGG_CHRONIC_MYELOID_LEUKEMIA",72,0.659843064749261,1.61982241655629,0.00306445617547366,0.0356560480969477,0.0275703035967302,1805,"tags=42%, list=10%, signal=38%","MAPK3/MYC/NRAS/AKT1/MAPK1/TGFBR2/TP53/MAP2K1/PTPN11/SHC1/CDK6/RAF1/RB1/HDAC1/HRAS/HDAC2/CDK4/ABL1/SOS1/CTBP2/AKT2/STAT5B/BRAF/MAP2K2/CBLC/PIK3R1/KRAS/NFKBIA/SMAD4/BCL2L1"
"PHONG_TNF_RESPONSE_VIA_P38_COMPLETE","PHONG_TNF_RESPONSE_VIA_P38_COMPLETE",220,0.532983450227249,1.46554365613319,0.00306324239242992,0.0356560480969477,0.0275703035967302,2252,"tags=24%, list=13%, signal=21%","EGR1/ATF3/KDM6B/DUSP5/GABARAPL1/FOS/CAV1/NOTCH1/PTPRK/SYNM/GTPBP4/PCNA/SHC1/FOXO3/SNX2/VPS35/AGRN/KCNMA1/S100A4/ACSL3/MCM6/IDH1/PPP1R15A/ACOX1/RGS1/SOS1/RHOQ/HDAC9/FOSL2/TCP1/MYO1B/INSIG1/MBP/PPM1F/ERAP1/CTDSPL/KLF10/CSNK1E/RAP2C/SDCBP/TCF4/VCAN/MNS1/PPP1R12A/NXF1/PTPN12/PHIP/STK11/ITGA5/BCL3/MAP7D1/RET"
"PID_NFAT_3PATHWAY","PID_NFAT_3PATHWAY",53,0.691079855710228,1.60988619256238,0.00308174015400979,0.0357255675101539,0.027624058048787,1531,"tags=38%, list=9%, signal=35%","YWHAE/KPNA2/MAPK3/YWHAG/GSK3B/YWHAB/FKBP8/PRKCE/PPP3CA/MAP3K1/XPO1/PRKCZ/FKBP1A/PPP3R1/BCL2/NR4A1/CSNK1A1/PPP3CB/PRKACA/CAMK4"
"WP_HALLMARK_OF_CANCER_SUSTAINING_PROLIFERATIVE_SIGNALING","WP_HALLMARK_OF_CANCER_SUSTAINING_PROLIFERATIVE_SIGNALING",97,0.620551719895456,1.589696755339,0.00307780155118859,0.0357255675101539,0.027624058048787,1140,"tags=32%, list=6%, signal=30%","EGFR/IGF1R/SRC/MAPK3/MYC/JAK2/AKT1/MAPK1/GSK3B/FOS/PTEN/TP53/MAP2K1/SHC1/REL/ULK2/RAF1/KIT/CSF1R/PDGFRB/JUP/PTK2/HRAS/FOXO1/ZBTB16/SOS1/AKT2/MTOR/BRAF/CSNK1A1/MAP2K2"
"WP_ALPHA_6_BETA_4_SIGNALING","WP_ALPHA_6_BETA_4_SIGNALING",33,0.762350624919217,1.6679515693494,0.00309593479406484,0.0358243883313217,0.0277004692100538,1449,"tags=45%, list=8%, signal=42%","SRC/MAPK3/AKT1/MAPK1/RHOA/IRS2/PTPN11/SHC1/IRS1/PTK2/HRAS/SOS1/MTOR/RAC1/PIK3R1"
"SANA_RESPONSE_TO_IFNG_UP","SANA_RESPONSE_TO_IFNG_UP",73,0.656563289691659,1.61634382427492,0.00310366903568553,0.0358482284597096,0.0277189030975013,2052,"tags=40%, list=12%, signal=35%","UBD/DDX60/STAT1/LGALS3BP/IFIH1/RNF213/MX1/PPP3CA/HLA-DRB5/IFI44L/SAMD9L/HSD17B11/LAP3/PLAAT4/IFI35/CD74/UBE2L6/WARS1/LGALS9/TRIM22/DTX3L/APOL3/SAMHD1/VAMP5/HLA-DPA1/HLA-DRB1/HLA-DQB1/SEPTIN4/LIPG"
"FOSTER_TOLERANT_MACROPHAGE_DN","FOSTER_TOLERANT_MACROPHAGE_DN",162,0.550193667735557,1.48134753176657,0.00318051079175819,0.0366687357341757,0.0283533434201878,3113,"tags=30%, list=18%, signal=25%","THBS1/CTTN/SGK1/STAT1/MSR1/XAF1/IFI44/LRRC4/PPP3CC/MARCO/F10/CFB/RAB10/RGS1/MTHFD2/GEM/NAV2/PSMD10/FGL2/SYK/SLAMF9/TRAF3/PVR/SMG1/TGFBI/CLEC4E/IRF7/PITX1/CYCS/RASGRP1/GOSR1/RGL1/MTDH/CCL8/PHLPP1/CFAP210/ADORA2A/PRDX5/OAS3/IFT57/MET/ZDHHC18/CXCL9/ASS1/ITGAL/CP/FPR1/IFRD1"
"PID_TCR_RAS_PATHWAY","PID_TCR_RAS_PATHWAY",14,0.865419136067967,1.63430444990194,0.00320947790343149,0.036863099727359,0.0285036313681334,1133,"tags=57%, list=6%, signal=54%","MAPK3/NRAS/MAPK1/FOS/MAP2K1/RAF1/HRAS/BRAF"
"REACTOME_EPH_EPHRIN_SIGNALING","REACTOME_EPH_EPHRIN_SIGNALING",92,0.630805137874099,1.59600374962993,0.00321487305314575,0.036863099727359,0.0285036313681334,2194,"tags=37%, list=12%, signal=33%","EPHB2/SRC/RHOA/CDC42/MYL9/EPHA1/ACTG1/ITSN1/EPHB4/ACTB/PTK2/TIAM1/HRAS/EPHA7/ACTR2/ROCK2/MYH10/MYL6/EPHB6/EPHA8/RAC1/MMP9/AP2A1/AP2A2/SDCBP/EPHB1/LIMK1/PSEN2/EPHA3/WASL/PAK2/AP2B1/RASA1/MYL12A"
"GRAESSMANN_RESPONSE_TO_MC_AND_SERUM_DEPRIVATION_UP","GRAESSMANN_RESPONSE_TO_MC_AND_SERUM_DEPRIVATION_UP",209,0.542400901496227,1.48446373321182,0.00321342161000125,0.036863099727359,0.0285036313681334,2078,"tags=23%, list=12%, signal=21%","ISG15/DDX60/STAT1/LGALS3BP/DAPK2/BGN/IFIH1/VDAC1/IFI27/MX1/USP18/TMPO/CASP7/IFIT3/EIF2AK2/COL3A1/IFI44/ACTB/TRIB2/SP100/IRS1/ABCC8/NCL/PDGFRB/IFI35/IFIT2/PMEPA1/CFB/IFIT1B/NECAB2/LIPA/TRIM5/USP25/CCL2/TUBB4B/SAMHD1/DNAJC27/PES1/OXA1L/DNM3/COL9A1/EGF/NCK1/IRF7/MEPCE/RSAD2/PLEC/CCL7/SENP1"
"VERRECCHIA_EARLY_RESPONSE_TO_TGFB1","VERRECCHIA_EARLY_RESPONSE_TO_TGFB1",54,0.689642650536637,1.61813302572926,0.00323109239785443,0.0369469903365465,0.0285684980510009,1985,"tags=43%, list=11%, signal=38%","RND3/RHOA/LAMA4/NME1/FN1/COL1A2/COL3A1/JUP/PXN/COL6A1/COL6A3/RHOQ/TCF7L2/NME2/NID1/ITGB5/BSG/SPARC/VCAN/CD44/RHOB/RHOG/RPSA"
"SENESE_HDAC1_TARGETS_UP","SENESE_HDAC1_TARGETS_UP",427,0.471996060802397,1.35923000323746,0.00323388503578826,0.0369469903365465,0.0285684980510009,2754,"tags=24%, list=16%, signal=21%","MYC/CHD4/BIRC3/DUSP5/GSK3B/BUB1/SLAMF7/TGFBR2/SUPT16H/HSP90AB1/UEVLD/PLIN2/EPRS1/FN1/TMPO/MCM4/PTPN11/GART/CDK6/PLK4/OSMR/PDE4DIP/RB1/CREM/PXN/MAX/EZR/ACTR2/GCH1/KDM1B/IRAK2/NFKB2/IFI16/RAC2/HDAC9/GEM/LARS1/SNAP23/CDC27/DCTN5/CCL2/COPA/FCHO2/TGM2/RGS4/EIF4G1/STX3/ITPR1/SEC61A1/MYO6/PPIF/NAMPT/IDS/MMP9/TFAM/DUSP3/TRIM38/CAPRIN1/PRNP/ANTXR2/MAP3K2/CCNE2/PPTC7/GSR/TMX1/NFKBIA/CNOT1/PNO1/STRN/CD44/KISS1/BCL2L1/MOB1A/PTPN12/SUPT6H/STIP1/PLEC/TPP1/ESCO2/COBLL1/SQSTM1/TFRC/PHTF2/TGFBR1/GNA13/EXOC5/FGD6/DUSP7/NEDD4L/WDR6/SPOPL/SPRED1/PDLIM4/STX16/PTBP3/SLC43A3/LMAN1/ALPL/RAB8B/SRPRA/TRIM8/MCL1/CCND2/UTP23"
"BIOCARTA_IL3_PATHWAY","BIOCARTA_IL3_PATHWAY",14,0.865165016281095,1.63382455630913,0.00324141274477075,0.0369661475116635,0.0285833109414422,1093,"tags=64%, list=6%, signal=60%","MAPK3/JAK2/FOS/MAP2K1/SHC1/RAF1/HRAS/SOS1/STAT5B"
"PID_TELOMERASE_PATHWAY","PID_TELOMERASE_PATHWAY",67,0.673355023448241,1.62505519589385,0.00326148403095385,0.0370159657550186,0.0286218318703523,1250,"tags=33%, list=7%, signal=31%","EGFR/YWHAE/MAPK3/MYC/AKT1/MAPK1/HSP90AA1/FOS/NR2F2/ESR1/RBBP4/NCL/WT1/HDAC1/MAX/HDAC2/ABL1/XRCC6/RBBP7/MTOR/HNRNPC/BLM"
"WP_INTEGRATIVE_ANALYSIS_OF_TREGGLIAL_INTERACTIONS","WP_INTEGRATIVE_ANALYSIS_OF_TREGGLIAL_INTERACTIONS",110,0.618198860525279,1.60456217472968,0.00326335753807302,0.0370159657550186,0.0286218318703523,1495,"tags=24%, list=8%, signal=22%","EGFR/IGF1R/CD4/STAT1/CDC42/TGFBR2/SIRPA/TNF/TYK2/FOXO3/FOXO4/PTK2/FOXO1/ROS1/ITGB3/NFKB2/STAT5B/TGM2/MBP/CNP/RAC1/FAM20C/MOG/MMP9/CXCL12/PLP1"
"REACTOME_SIGNALING_BY_VEGF","REACTOME_SIGNALING_BY_VEGF",104,0.613560628354687,1.5868561166149,0.00326335753807302,0.0370159657550186,0.0286218318703523,1497,"tags=32%, list=8%, signal=29%","AXL/SRC/NRAS/AKT1/RHOA/HSP90AA1/CDC42/CAV1/BCAR1/MAPK13/ACTG1/CYBB/ACTB/PRKCZ/JUP/PTK2/PXN/HRAS/ROCK2/NCF4/ITGB3/CTNND1/PLCG1/AKT2/MTOR/PRKACG/WASF1/RAC1/ITPR1/MAPKAP1/PIK3R1/PRKACA/ITPR3"
"GROSS_HYPOXIA_VIA_ELK3_UP","GROSS_HYPOXIA_VIA_ELK3_UP",204,0.537028510600799,1.46471426810598,0.00327191145018812,0.0370464812585816,0.028645427353939,1454,"tags=20%, list=8%, signal=18%","AXL/KPNA2/CCNB1/TUBA1C/TUBA1B/LGALS3BP/KIF20A/CCNB2/NOTCH1/SPAG5/BIRC5/GART/EXO1/RRM2/CDC25A/RACGAP1/PBK/CCNA2/HRAS/NCBP2/GATA2/RCC2/NDC80/ULK1/SCD/CORO1C/AK1/AMOTL2/RBM3/GNAQ/F2R/TUBB4B/PPM1F/GNA11/PATJ/ARHGAP11A/ACTR1A/CXCL12/RGS12/MR1"
"KYNG_DNA_DAMAGE_BY_4NQO_OR_GAMMA_RADIATION","KYNG_DNA_DAMAGE_BY_4NQO_OR_GAMMA_RADIATION",15,0.884796344360289,1.70226855333364,0.00328849914318813,0.0371013171190403,0.0286878280517596,147,"tags=20%, list=1%, signal=20%","EGFR/EGR1/EPHA1"
"SHAFFER_IRF4_TARGETS_IN_ACTIVATED_DENDRITIC_CELL","SHAFFER_IRF4_TARGETS_IN_ACTIVATED_DENDRITIC_CELL",65,0.672529968470923,1.62237255543553,0.00328668695112697,0.0371013171190403,0.0286878280517596,1239,"tags=23%, list=7%, signal=22%","HSP90B1/DUSP5/AURKA/SLAMF7/CAV1/IRF4/PDIA4/ATRX/SEC61A2/HMMR/TXNDC5/CANX/MYB/E2F5/NSD2"
"PYEON_CANCER_HEAD_AND_NECK_VS_CERVICAL_DN","PYEON_CANCER_HEAD_AND_NECK_VS_CERVICAL_DN",22,-0.827029179282426,-1.81863093349565,0.00331397357002457,0.0372556672872157,0.0288071761350141,1153,"tags=36%, list=7%, signal=34%","DCN/USP9Y/LRRC15/ZFY/EIF1AY/KDM5D/RPS4Y1/DDX3Y"
"GRYDER_PAX3FOXO1_ENHANCERS_KO_DOWN","GRYDER_PAX3FOXO1_ENHANCERS_KO_DOWN",436,0.469418204909179,1.35309014717977,0.00331259115990931,0.0372556672872157,0.0288071761350141,2354,"tags=20%, list=13%, signal=18%","HSPA4/EPHB2/ATF3/C10orf71/KIAA1614/ALDH1A3/RBBP8/NR2F2/VDAC1/ANLN/DNAJC10/FBXO7/UBE2E2/PARP1/SIK1/ATP2A2/ACTG1/MDH2/PAX3/DUSP6/GNAZ/HSPH1/XRN1/GART/BCL11A/SHC1/CASK/ACTB/HNRNPA3/ACSL3/NUP205/VIM/SUMF1/PEG10/SMARCB1/ARHGEF3/AGPAT5/JARID2/FOXK1/ASCC3/RHOQ/WARS1/BCL2/PLCG1/ACVR1/GNB5/NAV2/ELAPOR2/MSH6/PCSK6/DPYSL3/SDC1/MEIS2/PARM1/PRKAR1A/VANGL2/CAPRIN1/TNS3/FCRLA/APPL1/SETBP1/DNM3/NHP2/PNO1/APBB2/SMARCA2/NAV1/CACUL1/PTPN12/RRP1B/SEL1L3/QKI/RNGTT/SF3A3/CD9/RNF11/ERGIC1/LRRC10B/NOS1/ZW10/SPATS2L/ATP8B4/PDHB/MEIS1/CEBPG/NRG1"
"YAO_TEMPORAL_RESPONSE_TO_PROGESTERONE_CLUSTER_11","YAO_TEMPORAL_RESPONSE_TO_PROGESTERONE_CLUSTER_11",98,0.622421232372232,1.59742777220395,0.00332758888230472,0.0373153767056467,0.0288533452109938,2213,"tags=32%, list=12%, signal=28%","HSPA5/HSP90B1/KPNA2/DDX21/DNAJB11/PDIA6/EPRS1/LRRC59/TARS1/GLI1/CAD/LTV1/AARS1/FTSJ3/NCBP1/STX12/RRS1/BMS1/UBQLN1/HDC/KRAS/BYSL/PNO1/LRP2/STIP1/SEPTIN4/CYCS/IPO7/XPNPEP1/HIF1A/TFRC"
"ZHOU_INFLAMMATORY_RESPONSE_LIVE_UP","ZHOU_INFLAMMATORY_RESPONSE_LIVE_UP",401,0.481838448633906,1.38587432170744,0.00333109725577473,0.0373153767056467,0.0288533452109938,2271,"tags=21%, list=13%, signal=18%","RND3/TLR7/SRC/KDM6B/DUSP5/GSK3B/RNF213/XIRP1/RIPK2/MYL2/PAX3/TNF/PTPN11/BCL11A/ABL2/REL/HDAC4/DUSP1/VAPB/NME7/MACF1/HSPA1A/HGF/KLF6/PLAGL2/PPP1R15A/PPP3CC/CANX/GNAS/COL11A1/PLK3/IRAK2/NFKB2/CFTR/TCF7L2/AFF3/CREB5/BASP1/NDP/SPAM1/LITAF/DPYSL3/KANK1/NAMPT/PDP1/HEY1/TRIP10/FCRL5/RAP2C/RSPO1/CYB5D1/RGS16/ELOVL7/OSR2/CCRL2/TPM4/NFKBIA/DYNC1H1/BTBD9/CD44/KLHL14/RAB6B/ATP1B1/CLEC4E/IRF8/ZEB2/FOXP2/ICOSLG/LDLR/SEPTIN4/SLC5A1/PKM/ESCO2/PALLD/ABCA1/SQSTM1/P2RX7/PTPN1/PCDH9/NCAN/TTC9/ZCWPW1/TMC6"
"PID_INSULIN_GLUCOSE_PATHWAY","PID_INSULIN_GLUCOSE_PATHWAY",25,0.80226701596082,1.68009212561542,0.00334766630954076,0.0374346119357142,0.0289455413927875,1356,"tags=44%, list=8%, signal=41%","YWHAE/AKT1/YWHAG/GSK3B/YWHAB/PRKCZ/PPP1CC/RHOQ/AKT2/VAMP2/TRIP10"
"REACTOME_G_PROTEIN_BETA_GAMMA_SIGNALLING","REACTOME_G_PROTEIN_BETA_GAMMA_SIGNALLING",31,0.751726243077441,1.6256061050397,0.00341730365309129,0.0381458029686056,0.029495455186901,1174,"tags=32%, list=7%, signal=30%","AKT1/RHOA/CDC42/GNB4/GNB3/BTK/GNB2/AKT2/GNB5/GNGT2"
"OLSSON_E2F3_TARGETS_DN","OLSSON_E2F3_TARGETS_DN",36,0.743079676364567,1.64994890232735,0.00344184259487756,0.0383519603429214,0.0296548621235065,619,"tags=28%, list=3%, signal=27%","THBS1/CDK1/MYBL2/THBD/PLK1/TPX2/PCNA/RRM2/MAD2L1/VIM"
"WHITFIELD_CELL_CYCLE_S","WHITFIELD_CELL_CYCLE_S",143,0.568539642117126,1.51177708222893,0.00346906281471249,0.0385872163087209,0.0298367689456647,2885,"tags=28%, list=16%, signal=24%","TOP2A/RBBP8/EZH2/RAD51/RAD54L/IFIT1/FEN1/SHC1/UBE2T/EXO1/RRM2/CDC45/DNAJB4/ATAD2/ASF1B/ABCC5/CDC7/H2AC6/SHTN1/RRM1/CALD1/BLM/BRIP1/MAP3K2/MYCBP2/TTC31/COQ9/TYMS/PHIP/EFHC1/ESCO2/INTS7/PHTF2/RFC2/OGT/RHPN1/ZWINT/ORC3/MITF/RFC4"
"VANASSE_BCL2_TARGETS_UP","VANASSE_BCL2_TARGETS_UP",30,0.76662822413461,1.64830500085461,0.0035089251836572,0.0389469695873625,0.0301149407465636,1825,"tags=33%, list=10%, signal=30%","HSPA4L/NR2F2/HSPA1A/GNAS/CFB/BASP1/JCHAIN/APOA2/SRP54/H1-2"
"REACTOME_INTERFERON_GAMMA_SIGNALING","REACTOME_INTERFERON_GAMMA_SIGNALING",93,0.61306311713175,1.55634067065857,0.00351373419829007,0.0389469695873625,0.0301149407465636,1895,"tags=34%, list=11%, signal=31%","MAPK3/JAK2/MAPK1/CAMK2G/OASL/TRIM14/STAT1/IRF4/HLA-DRB5/PTPN11/HLA-DRA/VCAM1/RAF1/SP100/CAMK2A/CAMK2D/IFI30/TRIM5/HLA-DPB1/TRIM22/PTPN2/IRF3/TRIM38/NCAM1/HLA-DPA1/TRIM26/PTAFR/CD44/HLA-DRB1/IRF7/IRF8/HLA-DQB1"
"YEGNASUBRAMANIAN_PROSTATE_CANCER","YEGNASUBRAMANIAN_PROSTATE_CANCER",125,-0.520779164138005,-1.54184900686882,0.00357552266160539,0.0395624381366425,0.0305908391050062,1012,"tags=10%, list=6%, signal=10%","PTPRB/KLK2/FGF13/PEG3/CTH/ERBB3/HPGD/ZFX/EEF1A2/AGR2/DHRS2/BBS4/KDM6A"
"JINESH_BLEBBISHIELD_VS_LIVE_CONTROL_DN","JINESH_BLEBBISHIELD_VS_LIVE_CONTROL_DN",260,0.516585579040208,1.4433053064694,0.00359757658078449,0.0397368685968469,0.0307257138598101,2216,"tags=27%, list=13%, signal=24%","IGF1R/TAGLN2/CCNB1/OASL/KIF20A/RBBP8/TGFBR2/IFI27/XAF1/SMARCC1/MX1/IFIT1/IFI44L/RPS9/SAMD9/CTSB/IFIT3/HLA-DRA/IFI44/KIT/PLAAT4/CIRBP/HMMR/HNRNPA3/CAT/ANXA2/PYGL/IFI35/KLF6/DLL1/CD74/IFIT2/UBE2L6/PHF11/IFI6/EGFL6/CFB/SHTN1/IRAK2/MMP7/BCL2/EEF2/S100A9/RBM3/CALD1/MGST3/SORL1/HCLS1/DPYSL3/DTX3L/NFE2L3/PARM1/TMTC4/SOCS2/ALDH7A1/C1RL/LRMDA/ILF3/HERC5/CD44/ATP1B1/CAMK1D/NT5E/IPO7/LIPG/WLS/PNMA2/MX2/PSTPIP2/MYO1D/F11R"
"AFFAR_YY1_TARGETS_DN","AFFAR_YY1_TARGETS_DN",249,0.523805303396,1.4593720393116,0.0036061729405952,0.0397526100520068,0.0307378856152619,1402,"tags=24%, list=8%, signal=23%","CCNB1/LGR5/TOP2A/TRIP13/FOXM1/BUB1/BUB1B/AURKA/KIF11/KIF20A/CCNB2/RIPK4/SPAG5/PRC1/SMC2/BIRC5/PLK1/CYP51A1/CDC6/GNB4/KIF23/MRPL19/MKI67/FEN1/MCM4/NSDHL/PLK4/CENPE/EXO1/RBBP4/CEACAM4/HMMR/PTPRO/MSH2/MAD2L1/RACGAP1/CCNA2/MCM6/IDH1/ALDH18A1/AURKB/COL6A3/SQLE/POLA1/MCM7/LPAR1/SCD/ASPM/MTHFD2/NCAPG/MCM3/CCL2/TCP1/MYO1B/DHCR24/MTCH2/ITGA4/PTPN2/FDPS/CENPF/PRDX4"
"REACTOME_ORGANELLE_BIOGENESIS_AND_MAINTENANCE","REACTOME_ORGANELLE_BIOGENESIS_AND_MAINTENANCE",293,0.506609774113732,1.42515567096811,0.00361158565524721,0.0397526100520068,0.0307378856152619,1543,"tags=20%, list=9%, signal=18%","TUBB1/TUBA1A/YWHAE/CCT5/TUBA4A/HSPA9/TUBA1C/PCNT/TUBA1B/TBL1X/YWHAG/CDK1/TUBA8/HSP90AA1/TUBB3/PRKAG1/MEF2C/TUBB2B/PLK1/PRKAR2B/ATP5F1B/MAPRE1/PLK4/CKAP5/IFT122/TUBB/DYNC1I2/EXOC4/SSBP1/PRKAG2/CNTRL/IFT88/PRKAG3/NCOR1/CEP250/IDH2/EXOC2/ARF4/IMMT/AHI1/TCP1/TUBG1/ATP5F1A/SEPTIN2/TUBB4B/GLUD1/IFT74/CSNK1D/PERM1/TFAM/ACTR1A/TUBA3C/CSNK1E/NPHP3/PRKACA/DYNLL2/CAMK4/MT-ATP6"
"DAUER_STAT3_TARGETS_DN","DAUER_STAT3_TARGETS_DN",48,0.703459095760158,1.61525049172903,0.00362485237916457,0.0397600995339614,0.0307436767026732,1136,"tags=48%, list=6%, signal=45%","ISG15/DDX60/OASL/TRIM14/STAT1/IFIH1/RIGI/IFI27/MX1/USP18/IFIT1/SAMD9/IFIT3/LAP3/IFI44/PDK4/HSPA1A/DNAJB4/IFI35/LAMP3/AQP3/TRIM5/TRIM22"
"REACTOME_AUTOPHAGY","REACTOME_AUTOPHAGY",158,0.559231349707267,1.50138242147031,0.00362300930429885,0.0397600995339614,0.0307436767026732,1496,"tags=27%, list=8%, signal=25%","TUBB1/TUBA1A/SRC/TUBA4A/TUBA1C/PCNT/UBA52/TUBA1B/TUBA8/HSP90AA1/HSPA8/GABARAPL1/TUBB3/VDAC1/VCP/HSP90AB1/GABARAPL2/PRKAG1/PLIN2/TUBB2B/PINK1/PARK7/VIM/CSNK2A2/DYNC1I2/MAP1LC3C/PRKAG2/UBE2D3/IFT88/ULK1/PRKAG3/CFTR/MTOR/TBK1/HBB/TUBB4B/UBB/AMBRA1/EPAS1/TUBA3C/MFN1/DYNLL2"
"CHIANG_LIVER_CANCER_SUBCLASS_CTNNB1_DN","CHIANG_LIVER_CANCER_SUBCLASS_CTNNB1_DN",165,0.553411712264865,1.49270024868082,0.00364242126681795,0.0398835659683809,0.0308391445759411,1382,"tags=16%, list=8%, signal=15%","EFEMP1/HABP2/EGR1/DUSP5/MYL9/BGN/EPHA1/EGR2/COL1A2/COL3A1/MYO1E/SULF1/GPNMB/GOT1/COL6A3/CYP4F22/GCH1/RGS1/YBX3/GEM/BASP1/MUC13/NAV2/ISLR/MMP9/RDH12/CXCL12"
"BOQUEST_STEM_CELL_CULTURED_VS_FRESH_UP","BOQUEST_STEM_CELL_CULTURED_VS_FRESH_UP",415,0.474366382857104,1.36559131444845,0.00364989961203499,0.0398963075239396,0.030848996720915,2869,"tags=33%, list=16%, signal=28%","EGFR/EGR1/ATF3/MYC/THBS1/TOP2A/OASL/ACTC1/CDK1/IFIH1/MX1/KLF4/GAS7/FN1/SYNM/SPTLC2/ESR1/TPX2/TMPO/PRKAR2B/IFI44/REL/KRT18/VCAM1/DUSP1/PDK4/HSPA1A/SULF1/MELK/RRM2/UCHL1/GPNMB/AOC3/OMD/KLF6/FMO2/PPP1R12B/PPP1R15A/MTSS1/ACSL5/FOXO1/ZBTB16/F10/COL11A1/YARS1/AGTR1/ASPM/DSP/WARS1/MAFB/GEM/DCX/ELOVL2/TPST2/CCL2/CDKN1C/CALU/TGM2/RGS4/CHI3L1/ITGA4/ERAP1/RHOBTB1/FGL2/NAMPT/SOX4/NR1H3/APOL3/FMO3/SAMHD1/PIK3R1/NOX4/NELL2/RGS2/TIGAR/RGS16/HLA-DPA1/TPM4/KLF11/MTUS1/ACACB/NFKBIA/ZBTB10/ANKRD36B/CD44/RHOB/CEP55/ACLY/HLF/RUNX1T1/CTSS/EPHA3/SEL1L3/EIF2S2/CD9/ANGPTL4/ARHGAP6/MFAP4/ATF5/LMO7/MX2/JUNB/ANGPTL2/NACC2/CCL8/ATP8B4/MICAL2/ITM2A/G6PD/BCHE/DLGAP5/TSC22D3/ASNS/PODXL/CYP1B1/CYLD/SLC1A4/IGF1/TMT1A/SELENBP1/COL18A1/DOK5/GPRC5A/SLC43A3/SEMA3G/MYBL1/GFPT1/NRIP1/ATP8A1/MET/RABGAP1/EDNRB/ETS2/MITF/SHMT2/HBA1"
"ROSS_AML_WITH_MLL_FUSIONS","ROSS_AML_WITH_MLL_FUSIONS",73,0.650975890174844,1.60258862527955,0.003677444136972,0.0401279655568033,0.0310281215156568,509,"tags=11%, list=3%, signal=11%","CUL1/SIRPA/CTSL/GAS7/MEF2C/C2/ANXA5/AK2"
"BURTON_ADIPOGENESIS_PEAK_AT_16HR","BURTON_ADIPOGENESIS_PEAK_AT_16HR",40,0.7283619781322,1.64411881344235,0.00370353022167961,0.040342937828572,0.031194344389864,1253,"tags=40%, list=7%, signal=37%","DDX21/DNMT1/RAD51/SMC2/CDC6/CDCA7/ABCF1/FEN1/MCM4/RRM2/MCM6/ASF1B/MCM7/MCM3/MSH6/CHAF1B"
"KEGG_MEDICUS_REFERENCE_CXCL12_CXCR4_PKC_ERK_SIGNALING_PATHAWAY","KEGG_MEDICUS_REFERENCE_CXCL12_CXCR4_PKC_ERK_SIGNALING_PATHAWAY",19,0.838585588883532,1.66424198581372,0.00371624445293289,0.0403689933379845,0.0312144912749847,2268,"tags=63%, list=13%, signal=55%","MAPK3/MAPK1/MAP2K1/RAF1/PLCG1/GNAQ/BRAF/MAP2K2/CXCL12/CXCR4/PRKCA/ARAF"
"VANTVEER_BREAST_CANCER_METASTASIS_DN","VANTVEER_BREAST_CANCER_METASTASIS_DN",108,0.590530179509201,1.53095485259314,0.00371870119067853,0.0403689933379845,0.0312144912749847,2940,"tags=34%, list=17%, signal=29%","KIF14/TRIP13/BUB1/AURKA/CCNB2/EZH2/PRC1/BIRC5/GNAZ/PSMD2/MELK/MAD2L1/MCM6/PSMD7/ATAD2/SMC4/NDC80/ASPM/SYNCRIP/MMP9/PITRM1/CCNE2/RAB6B/DTL/STMN1/INTS7/TFRC/MTDH/DLGAP5/CDC25B/ASNS/CENPN/IVNS1ABP/DCK/CTPS1/RFC4/NUSAP1"
"WP_PRION_DISEASE_PATHWAY","WP_PRION_DISEASE_PATHWAY",32,0.747085834121098,1.63026561876135,0.00373246518417102,0.040448910863795,0.0312762858530969,1590,"tags=50%, list=9%, signal=46%","HSPA5/HSP90B1/MAPK3/MAPK1/IRF4/MEF2C/SMC3/PDIA3/BCL11A/PTK2/BCL2/PAX5/PRNP/NCAM1/EBF1/CHD2"
"HOLLEMAN_DAUNORUBICIN_B_ALL_UP","HOLLEMAN_DAUNORUBICIN_B_ALL_UP",10,0.90634392991825,1.64338941493858,0.00374762757710327,0.0404743778327153,0.0312959776614238,669,"tags=40%, list=4%, signal=39%","EGR1/CHD4/THBD/ATP1A1"
"KUMAMOTO_RESPONSE_TO_NUTLIN_3A_DN","KUMAMOTO_RESPONSE_TO_NUTLIN_3A_DN",10,0.906307223841854,1.64332285921351,0.00374762757710327,0.0404743778327153,0.0312959776614238,584,"tags=70%, list=3%, signal=68%","CCNB1/CDC20/CDKN3/SPAG5/KNL1/KIFC1/CCNA2"
"RIGGI_EWING_SARCOMA_PROGENITOR_DN","RIGGI_EWING_SARCOMA_PROGENITOR_DN",181,0.546959233435777,1.49423510882503,0.00376354956518477,0.0405769729570604,0.0313753072247575,1935,"tags=20%, list=11%, signal=18%","EGFR/TOP2A/LAMA4/BUB1B/ALDH1A3/ANLN/PRC1/BIRC5/PDK4/RRM2/PBK/HGF/HEG1/PDK1/SLC2A12/CLU/ASPM/TANC2/PTGIS/CHI3L1/DPYSL3/NAMPT/COL6A2/CXCL12/F2RL1/ITPR3/EBF1/HLA-DPA1/HAS2/VCAN/BMAL2/CD44/CHI3L2/CEP55/RUNX2/ZNF395"
"NADLER_OBESITY_UP","NADLER_OBESITY_UP",57,0.685752373224457,1.62012286992221,0.00377412127508945,0.0406216323952558,0.0314098392140054,1995,"tags=33%, list=11%, signal=30%","NEDD8/BGN/C1QB/IFI27/PLIN2/CTSB/POSTN/CSF1R/DUSP1/IFI30/BASP1/MFGE8/HCLS1/PEA15/CTSA/TPM4/SEC13/CTSS/CD68"
"KEGG_MEDICUS_REFERENCE_ITGA_B_FAK_CDC42_SIGNALING_PATHWAY","KEGG_MEDICUS_REFERENCE_ITGA_B_FAK_CDC42_SIGNALING_PATHWAY",26,0.784364117335912,1.64502308948498,0.00378220359193617,0.0406393916562121,0.0314235711961614,2515,"tags=54%, list=14%, signal=46%","SRC/CDC42/FN1/PTK2/PXN/ITGB3/ITGA4/ITGB5/ITGA2B/ITGB7/ITGA8/ITGA5/ITGA3/ITGAV"
"SEIDEN_ONCOGENESIS_BY_MET","SEIDEN_ONCOGENESIS_BY_MET",88,0.622017619146923,1.57146473098146,0.00381094465792632,0.0408675237055982,0.0315999695969213,2125,"tags=25%, list=12%, signal=22%","HSPA4/STAT1/CDK1/TMEM123/HSP90AA1/PTEN/YME1L1/HNRNPA3/SERBP1/PLS3/CCT6A/RRM1/GRSF1/EPS8/F2RL1/TMX1/SLC25A24/SRP72/UBA2/ANXA4/IPO7/CD46"
"REACTOME_RESPIRATORY_SYNCYTIAL_VIRUS_INFECTION_PATHWAY","REACTOME_RESPIRATORY_SYNCYTIAL_VIRUS_INFECTION_PATHWAY",113,0.596267758107513,1.55558400975876,0.00381831977892413,0.0408675237055982,0.0315999695969213,1015,"tags=19%, list=6%, signal=18%","EGFR/IGF1R/TLR7/ISG15/UBA52/HSP90AA1/HSPA8/IFIH1/RIGI/HSP90AB1/XPO1/EIF2AK2/TYK2/NCL/AGRN/PPP1CC/CSNK2A2/CD209/UBE2L6/STAT2/H2BC15/MED24"
"REACTOME_TRANSMISSION_ACROSS_CHEMICAL_SYNAPSES","REACTOME_TRANSMISSION_ACROSS_CHEMICAL_SYNAPSES",263,0.510088890693419,1.42462921847771,0.00382284053656355,0.0408675237055982,0.0315999695969213,1710,"tags=18%, list=10%, signal=17%","TUBB1/TUBA1A/KPNA2/SRC/MAPK3/TUBA4A/TUBA1C/NRAS/MAPK1/CAMK2G/TUBA1B/TUBA8/HSPA8/TUBB3/PRKAG1/TUBB2B/GNB4/PRKAR2B/NSF/CASK/GNB3/CAMK2A/HRAS/CAMK2D/PRKAG2/PRKAG3/GRIN3A/GNB2/GNB5/PRKACG/VAMP2/NAAA/TUBB4B/GNGT2/RAC1/PPM1F/MYO6/PRKAR1A/AP2A1/TUBA3C/AP2A2/GLUL/PRKACA/CAMK4/KRAS/KCNJ10/DLG4/GNG11"
"HESS_TARGETS_OF_HOXA9_AND_MEIS1_UP","HESS_TARGETS_OF_HOXA9_AND_MEIS1_UP",67,0.668897969425281,1.61429867289162,0.00390837644626996,0.0417113553843473,0.0322524450340308,1679,"tags=39%, list=9%, signal=35%","RHOJ/TRIP13/MYBL2/RUVBL1/MYLK/TP53BP1/NCL/MSH2/CDC45/GOT1/HDAC2/LIN28A/PRMT1/DNAJA3/MCM7/MYB/YBX3/MCM3/MUC13/IMMT/RRM1/RRS1/GLUD1/RUVBL2/PPID/IDE"
"REACTOME_CILIUM_ASSEMBLY","REACTOME_CILIUM_ASSEMBLY",199,0.535829278368092,1.4636088989202,0.00391673455163323,0.0417300655939607,0.0322669123176175,1496,"tags=21%, list=8%, signal=19%","TUBB1/TUBA1A/YWHAE/CCT5/TUBA4A/TUBA1C/PCNT/TUBA1B/YWHAG/CDK1/TUBA8/HSP90AA1/TUBB3/TUBB2B/PLK1/PRKAR2B/MAPRE1/PLK4/CKAP5/IFT122/TUBB/DYNC1I2/EXOC4/CNTRL/IFT88/CEP250/EXOC2/ARF4/AHI1/TCP1/TUBG1/SEPTIN2/TUBB4B/IFT74/CSNK1D/ACTR1A/TUBA3C/CSNK1E/NPHP3/PRKACA/DYNLL2"
"MARCHINI_TRABECTEDIN_RESISTANCE_DN","MARCHINI_TRABECTEDIN_RESISTANCE_DN",46,0.702008978067452,1.59626676455661,0.00393570444894649,0.041861583684249,0.0323686059676779,1485,"tags=30%, list=8%, signal=28%","HSPA5/RND3/HSP90B1/EIF4A1/SIRPA/ACTG1/COL3A1/ANKRD1/CAD/CALR/AKT2/IMPDH1/PRNP/NID1"
"REACTOME_G_ALPHA_S_SIGNALLING_EVENTS","REACTOME_G_ALPHA_S_SIGNALLING_EVENTS",149,0.556107232768991,1.48388643830413,0.0039902402359954,0.0423703156487713,0.0327619724639622,2660,"tags=17%, list=15%, signal=15%","SRC/FN1/GNB4/PRKAR2B/GNAZ/SHC1/GNB3/ARRB2/RXFP2/GNAS/GNB2/GNB5/PRKACG/ADRB2/GNGT2/PTH1R/PRKAR1A/PRKACA/GNG11/GRK3/ITGA5/ARRB1/GNG7/PRKAR1B/ADORA2A/ADCYAP1R1"
"MOOTHA_GLUCONEOGENESIS","MOOTHA_GLUCONEOGENESIS",29,0.772146453747102,1.64674726379256,0.0039998103717151,0.0424006743766712,0.0327854467240018,930,"tags=28%, list=5%, signal=26%","LDHA/CD4/GAPDHS/ENO2/ENO1/MDH2/ENO3/LDHC"
"KEGG_MEDICUS_REFERENCE_GNRH_GNRHR_PLCB_PKC_SIGNALING_PATHWAY","KEGG_MEDICUS_REFERENCE_GNRH_GNRHR_PLCB_PKC_SIGNALING_PATHWAY",20,0.835255924433763,1.67470794769276,0.00401475246700749,0.0424167325862095,0.0327978634032419,1232,"tags=35%, list=7%, signal=33%","MAPK3/MAPK1/MAP2K1/RAF1/GNAQ/MAP2K2/GNA11"
"WP_PROLACTIN_SIGNALING","WP_PROLACTIN_SIGNALING",76,0.636412509996995,1.57537692611133,0.00401430483671684,0.0424167325862095,0.0327978634032419,1462,"tags=39%, list=8%, signal=36%","SRC/MAPK3/MYC/JAK2/AKT1/MAPK1/YWHAG/STAT1/GSK3B/IRS2/FOS/SIRPA/MAP2K1/PTPN11/SHC1/PPIB/RAF1/IRS1/PTK2/PXN/HRAS/SOS1/ZAP70/MTOR/STAT5B/MAP2K2/RAC1/PIK3R1/CISH/SOCS2"
"DUNNE_TARGETS_OF_AML1_MTG8_FUSION_DN","DUNNE_TARGETS_OF_AML1_MTG8_FUSION_DN",19,0.83598000282973,1.659070986257,0.00403386475478626,0.0424765958678993,0.0328441514508123,1838,"tags=42%, list=10%, signal=38%","RANBP2/MEF2C/DUSP6/MTSS1/IFI16/FOSL2/EDIL3/RUNX1T1"
"REACTOME_INTERLEUKIN_1_SIGNALING","REACTOME_INTERLEUKIN_1_SIGNALING",99,0.613218721050612,1.57650692520184,0.00403328403078745,0.0424765958678993,0.0328441514508123,1346,"tags=29%, list=8%, signal=27%","CUL1/UBA52/PSMD14/PSMC2/PSMD1/IL1R2/S100A12/RIPK2/PSMB2/USP18/TP53/MAP2K1/PSMA5/CASP8/PSMD2/PSMC5/PSMB7/PSMC3/PSMD7/PSMA3/PSMD11/IRAK2/NFKB2/TAB1/PSMC4/AGER/UBB/IKBIP/USP14"
"ZHU_CMV_8_HR_UP","ZHU_CMV_8_HR_UP",39,0.721987898532314,1.62089634446003,0.00405516075604453,0.0426297931059723,0.0329626080546504,1291,"tags=28%, list=7%, signal=26%","EGR1/ISG15/DNAJA1/MX1/SP100/BRCA2/GCH1/IFI6/WARS1/NR4A1/NAMPT"
"BIOCARTA_BARR_MAPK_PATHWAY","BIOCARTA_BARR_MAPK_PATHWAY",14,0.856474193089146,1.61741233427248,0.00407581135535596,0.0427757078789683,0.0330754336426071,1140,"tags=50%, list=6%, signal=47%","MAPK3/MAPK1/MAP2K1/RAF1/KCNA2/GNAS/MAP2K2"
"REACTOME_APOPTOSIS","REACTOME_APOPTOSIS",165,0.550349831114887,1.4844415316123,0.00411240495979744,0.0430881833101164,0.0333170488232869,1570,"tags=28%, list=9%, signal=26%","YWHAE/MAPK3/UBA52/AKT1/MAPK1/PSMD14/YWHAG/PSMC2/DAPK2/YWHAB/PSMD1/PSMB2/TP53/PSMA5/CASP7/CASP8/PSMD2/PSMC5/KPNA1/PSMB7/PTK2/VIM/PSMC3/PSMD7/XIAP/PPP3CC/SPTAN1/FASLG/PSMA3/DNM1L/PPP3R1/PSMD11/DSP/BCL2/AKT2/UACA/GSN/PSMC4/APAF1/DCC/UBB/TP73/CASP9/PSMA4/DYNLL2/APPL1"
"WP_PTDINS45P2_IN_CYTOKINESIS_PATHWAY","WP_PTDINS45P2_IN_CYTOKINESIS_PATHWAY",12,0.878721694149952,1.6472637399532,0.00416021433025955,0.0431596619681114,0.0333723182209569,1144,"tags=58%, list=6%, signal=55%","RHOA/ANLN/MYL2/KIF23/RACGAP1/EZR/SEPTIN2"
"TSAI_DNAJB4_TARGETS_UP","TSAI_DNAJB4_TARGETS_UP",12,0.877621787363732,1.64520183960599,0.00416021433025955,0.0431596619681114,0.0333723182209569,444,"tags=42%, list=3%, signal=41%","ISG15/STAT1/IFIT1/IFIT3/CCNG2"
"PELLICCIOTTA_HDAC_IN_ANTIGEN_PRESENTATION_UP","PELLICCIOTTA_HDAC_IN_ANTIGEN_PRESENTATION_UP",62,0.676058357332307,1.61581469988895,0.00413001935271385,0.0431596619681114,0.0333723182209569,2502,"tags=35%, list=14%, signal=31%","HSPA5/HSP90B1/PDIA4/PSMD1/PSMA5/PDIA3/PSMD2/PSMB7/CALR/PPP1R15A/SIL1/COPA/PSMC4/PSMD10/ERGIC1/PSMA8/PSMB4/COPG1/GOLM1/ASNS/TMED7/DDIT3"
"REACTOME_CELL_SURFACE_INTERACTIONS_AT_THE_VASCULAR_WALL","REACTOME_CELL_SURFACE_INTERACTIONS_AT_THE_VASCULAR_WALL",136,0.571380374778183,1.51020400319548,0.00413381936779202,0.0431596619681114,0.0333723182209569,1821,"tags=28%, list=10%, signal=25%","SRC/NRAS/CAV1/SIRPA/MERTK/THBD/FN1/COL1A2/LCK/PTPN11/SHC1/SLC7A7/HRAS/GAS6/CD74/VPREB3/ITGB3/SOS1/ATP1B3/PLCG1/FCAMR/ITGA4/SDC1/CEACAM3/PROC/ITGAX/CD48/JCHAIN/PIK3R1/CEACAM5/SIRPG/CD244/BSG/GP6/KRAS/CD44/ATP1B1/PPIL2"
"SERVITJA_ISLET_HNF1A_TARGETS_UP","SERVITJA_ISLET_HNF1A_TARGETS_UP",160,0.554200793093123,1.48744446977593,0.00414926390309908,0.0431596619681114,0.0333723182209569,1531,"tags=18%, list=9%, signal=17%","SOX2/EFEMP1/ATF3/STMN2/BGN/C1QB/EGR2/COL3A1/POSTN/VCAM1/CNN2/CEACAM4/PTPRO/UCHL1/ANXA2/VIM/COL6A1/CDH11/IFIT2/EFEMP2/SNCA/STK17B/CCL2/TGM2/SDC1/MEIS2/CXCL12/C1QC/CAMK4"
"DELYS_THYROID_CANCER_UP","DELYS_THYROID_CANCER_UP",432,0.47397522413736,1.36392145473966,0.00415868947523766,0.0431596619681114,0.0333723182209569,2849,"tags=27%, list=16%, signal=23%","AHNAK2/THBS1/CTTN/TRIM14/DUSP5/STMN2/STAT1/MSR1/ALDH1A3/DAPK2/RBBP8/C1QA/C1QB/S100A1/PLIN2/PLAAT3/FN1/MAPK13/CTSB/DUSP6/RRAS/COL3A1/C2/CSF1R/SAMD4A/AGRN/S100A4/CAMK2A/ANXA2/TIAM1/COL8A1/MARCO/IFI30/DDB2/CFB/COL11A1/PPP4C/PLK3/CORO1C/ADK/MMP7/DSP/WARS1/ATP1B3/MYH10/RAD23B/MAP2/VAMP8/TRIM22/PTPRU/TGM2/MFGE8/STX3/APLP2/CHI3L1/TNFRSF1A/DPYSL3/SDC1/MYO6/SOX4/GFUS/LRP4/NFE2L3/EPS8/C3AR1/ITPR3/NELL2/ITGB5/CTSA/RYR1/KRT6A/CCL13/MTUS1/HAS2/VCAN/CD44/CHI3L2/ALOX5/ITGB7/FLII/PDE5A/EVPL/ST14/CTSS/NCKAP1L/SEL1L3/BMAL1/NT5E/CX3CR1/PKM/ATP6V1B2/CRYBG1/MYO1D/CD151/TMC6/DUSP4/LSR/TP53I3/HIP1/CYP1B1/ITGA3/EPHB3/PDLIM1/ETV1/PDLIM4/ALDH3B1/PTPRE/TRIM29/CCND1/ACAA2/CCND2/FAP/NRIP1/LGALS1/MET/ADORA1/SFN/FJX1"
"WP_TYPE_II_INTERFERON_SIGNALING","WP_TYPE_II_INTERFERON_SIGNALING",36,0.73818562956265,1.63908206340603,0.00418139673053254,0.0433083025303354,0.0334872514692002,871,"tags=28%, list=5%, signal=26%","ISG15/JAK2/STAT1/IRF4/EIF2AK2/PTPN11/CYBB/IFIT2/IFI6/STAT2"
"SALVADOR_MARTIN_PEDIATRIC_TBD_ANTI_TNF_THERAPY_NONRESPONDER_PRE_TREATMENT_UP","SALVADOR_MARTIN_PEDIATRIC_TBD_ANTI_TNF_THERAPY_NONRESPONDER_PRE_TREATMENT_UP",24,0.788628122824378,1.64865077452422,0.00419098770024096,0.0433365962195129,0.03350912898065,1600,"tags=42%, list=9%, signal=38%","TUBB1/OASL/MYL9/MT-ND2/MT-CYB/MT-ND1/MAP3K7CL/MT-CO3/MT-ATP6/MT-ND4L"
"KEGG_MEDICUS_VARIANT_HRAS_OVEREXPRESSION_TO_ERK_SIGNALING_PATHWAY","KEGG_MEDICUS_VARIANT_HRAS_OVEREXPRESSION_TO_ERK_SIGNALING_PATHWAY",10,0.90427494957438,1.63963792470999,0.00425149911959514,0.0437475104846939,0.0338268599589251,1140,"tags=80%, list=6%, signal=75%","MAPK3/MYC/MAPK1/MAP2K1/RAF1/HRAS/BRAF/MAP2K2"
"FAELT_B_CLL_WITH_VH_REARRANGEMENTS_UP","FAELT_B_CLL_WITH_VH_REARRANGEMENTS_UP",47,0.716733069312144,1.6387558711707,0.00424948115587318,0.0437475104846939,0.0338268599589251,1297,"tags=26%, list=7%, signal=24%","TUBA1A/JAK2/TBL1X/BCL6/HNRNPA3/FOXO4/MTSS1/NCF4/CDKN2D/SNU13/FGL2/ZBTB20"
"GROSS_HYPOXIA_VIA_ELK3_DN","GROSS_HYPOXIA_VIA_ELK3_DN",153,0.549100367905712,1.47036278422338,0.00424954435813715,0.0437475104846939,0.0338268599589251,3231,"tags=35%, list=18%, signal=29%","HSPA5/EGR1/MYC/FOS/ALDH1L2/THBD/EPRS1/KLF4/ENO1/MAP3K1/CD93/ANKRD1/KLF6/PPP1R15A/ANPEP/MTHFD2/TRPS1/RAD23B/CCL2/ZBTB20/GFUS/RIOK1/VANGL2/EPS15/NFKBIA/CD44/FGB/LAMP2/GJA1/GZF1/RARS1/FGD6/DUSP4/SKIL/ASNS/NEDD4L/RBPJ/PTGS2/PRDX5/PDLIM4/ZNF330/PTBP3/PLK2/NFIL3/RPS6KA5/OAS2/HAX1/TNC/ADIPOR2/IFRD1/C3/ACBD3/SIAH2"
"REACTOME_G1_S_SPECIFIC_TRANSCRIPTION","REACTOME_G1_S_SPECIFIC_TRANSCRIPTION",29,0.770911659466284,1.64411383318699,0.00429608738973994,0.0441344392331333,0.0341260446312077,1254,"tags=41%, list=7%, signal=39%","CDK1/ORC1/CDC6/PCNA/RBBP4/RRM2/CDC25A/HDAC1/CDC45/POLA1/E2F5/CCNE1"
"REACTOME_NEUROTRANSMITTER_RECEPTORS_AND_POSTSYNAPTIC_SIGNAL_TRANSMISSION","REACTOME_NEUROTRANSMITTER_RECEPTORS_AND_POSTSYNAPTIC_SIGNAL_TRANSMISSION",199,0.533929752183849,1.45842037425529,0.00433389691110545,0.0444505855265653,0.0343704982304176,1710,"tags=22%, list=10%, signal=20%","TUBB1/TUBA1A/KPNA2/SRC/MAPK3/TUBA4A/TUBA1C/NRAS/MAPK1/CAMK2G/TUBA1B/TUBA8/TUBB3/PRKAG1/TUBB2B/GNB4/PRKAR2B/NSF/CASK/GNB3/CAMK2A/HRAS/CAMK2D/PRKAG2/PRKAG3/GRIN3A/GNB2/GNB5/PRKACG/TUBB4B/GNGT2/RAC1/PPM1F/MYO6/PRKAR1A/AP2A1/TUBA3C/AP2A2/PRKACA/CAMK4/KRAS/KCNJ10/DLG4/GNG11"
"PID_ENDOTHELIN_PATHWAY","PID_ENDOTHELIN_PATHWAY",62,0.674621338031354,1.61238014888412,0.00434596507859822,0.0445021189085633,0.0344103453548995,1232,"tags=32%, list=7%, signal=30%","SRC/MAPK3/JAK2/AKT1/MAPK1/RHOA/CDC42/FOS/PRKCE/BCAR1/COL1A2/MAP2K1/GNAZ/COL3A1/RAF1/HRAS/GNAQ/MAP2K2/RAC1/GNA11"
"SHAFFER_IRF4_TARGETS_IN_PLASMA_CELL_VS_MATURE_B_LYMPHOCYTE","SHAFFER_IRF4_TARGETS_IN_PLASMA_CELL_VS_MATURE_B_LYMPHOCYTE",65,0.662981058921327,1.59933731609472,0.004355507577602,0.0445276648467467,0.0344300982245799,2778,"tags=40%, list=16%, signal=34%","HSP90B1/ATF3/DUSP5/SLAMF7/CAV1/IRF4/PDIA4/TXNDC5/PDK1/CANX/CCPG1/F12/NR4A1/NAMPT/BMP6/KRAS/LDLR/SORT1/TNFRSF17/AMPD1/TM9SF4/UAP1/DDIT3/CFLAR/GFPT1/NFIL3"
"BIOCARTA_CERAMIDE_PATHWAY","BIOCARTA_CERAMIDE_PATHWAY",21,0.81174503500351,1.65137947289487,0.00437350977763839,0.0446394745963156,0.0345165528067678,1234,"tags=43%, list=7%, signal=40%","MAPK3/MAPK1/AIFM1/MAP3K1/MAP2K1/CASP8/RAF1/BCL2/TNFRSF1A"
"REACTOME_CARGO_RECOGNITION_FOR_CLATHRIN_MEDIATED_ENDOCYTOSIS","REACTOME_CARGO_RECOGNITION_FOR_CLATHRIN_MEDIATED_ENDOCYTOSIS",105,0.600358457614739,1.553410618149,0.00438841146526063,0.0447193284476075,0.0345782981498719,2213,"tags=32%, list=12%, signal=29%","EGFR/UBQLN2/UBA52/CD4/NEDD8/SCARB2/ITSN1/ARRB2/VAMP3/AGTR1/CFTR/VAMP8/VAMP2/FCHO2/ADRB2/STAM2/UBB/EPN2/UBQLN1/AP2A1/DAB2/AP2A2/EPS15L1/EPS15/SGIP1/FCHO1/LRP2/GRK3/EGF/LDLR/AP2B1/ARRB1/HGS/TFRC"
"MORI_MATURE_B_LYMPHOCYTE_UP","MORI_MATURE_B_LYMPHOCYTE_UP",88,0.617916845286677,1.56110453973809,0.0044247795160777,0.0450173220331384,0.0348087155421928,2866,"tags=36%, list=16%, signal=31%","JAK2/MEF2C/MAP2K1/HLA-DOB/MACF1/CD74/ARHGEF3/NCF4/CR2/SCD/ADRB2/SORL1/SAMHD1/PEA15/HLA-DMB/CERS2/MYCBP2/ZFP36L1/HLA-DRB1/IRF8/CTSS/RGS14/ABCA1/PISD/CRYBG1/PHTF2/MS4A1/FCER2/HLA-DOA/CXCR5/MCL1/SMAP2"
"KEGG_MEDICUS_REFERENCE_RAC_CDC42_PAK_ERK_SIGNALING_PATHWAY","KEGG_MEDICUS_REFERENCE_RAC_CDC42_PAK_ERK_SIGNALING_PATHWAY",10,0.90357132640027,1.63836211004596,0.00444045125382673,0.0450802315764205,0.0348573590486942,1215,"tags=80%, list=7%, signal=75%","MAPK3/MAPK1/CDC42/MAP2K1/RAF1/BRAF/MAP2K2/RAC1"
"ELVIDGE_HIF1A_AND_HIF2A_TARGETS_DN","ELVIDGE_HIF1A_AND_HIF2A_TARGETS_DN",103,0.608846919611753,1.57170281521281,0.00444523334474675,0.0450802315764205,0.0348573590486942,2163,"tags=24%, list=12%, signal=21%","EGFR/EGR1/AHNAK2/ENO2/FOS/CAV1/PLIN2/YEATS2/CCNG2/SAMD4A/S100A4/PDK1/DST/ITPR1/HEY1/PGAP1/CXCR4/DPYSL2/HLA-DRB1/KDM4B/ZNF395/GJA1/ANGPTL4/ALDOC/PLAC8"
"BENNETT_SYSTEMIC_LUPUS_ERYTHEMATOSUS","BENNETT_SYSTEMIC_LUPUS_ERYTHEMATOSUS",29,0.770136062520281,1.64245972710071,0.00447385376090328,0.0450933259377231,0.0348674839934311,598,"tags=34%, list=3%, signal=33%","ISG15/OASL/STAT1/LGALS3BP/XAF1/MX1/IFI44L/IFIT3/AGRN/IFI35"
"REACTOME_TCR_SIGNALING","REACTOME_TCR_SIGNALING",101,0.607108429876613,1.56379457184618,0.00447150047968271,0.0450933259377231,0.0348674839934311,1930,"tags=38%, list=11%, signal=34%","CUL1/UBA52/CD4/PSMD14/PSMC2/PTEN/PSMD1/RIPK2/PSMB2/HLA-DRB5/LCK/PSMA5/PSMD2/HLA-DRA/PSMC5/PSMB7/CDC34/PSMC3/PSMD7/PSMA3/PSMD11/CSK/ZAP70/CD101/PLCG1/HLA-DPB1/PSMC4/MALT1/UBB/PIK3R1/PSMA4/HLA-DPA1/NFKBIA/HLA-DRB1/PSMA6/NCK1/HLA-DQB1/UBE2D1"
"WINTER_HYPOXIA_METAGENE","WINTER_HYPOXIA_METAGENE",231,0.519689227935242,1.43404619758043,0.00445792929026521,0.0450933259377231,0.0348674839934311,1246,"tags=19%, list=7%, signal=18%","HSPA5/HSP90B1/EGR1/LDHA/THBS1/HSPD1/CDK1/PGK2/ALDH1A3/FOS/IFI27/SIRPA/ALDH1A1/PLIN2/FN1/ENO1/TP53/HYOU1/HSPH1/KRT18/CCNG2/ANXA5/AK2/ANXA2/HDAC1/HGF/MT-CO2/VIM/HK1/PSMA3/MT-CO1/ENO3/XRCC6/CCT6A/NFKB2/MMP7/GAPDH/HDAC9/NR4A1/INSIG1/TGM2/CALD1/SORL1"
"REACTOME_SIGNALING_BY_WNT","REACTOME_SIGNALING_BY_WNT",283,0.499225884876198,1.4013329855843,0.00447507365668762,0.0450933259377231,0.0348674839934311,1745,"tags=28%, list=10%, signal=26%","CUL1/SOX2/MYC/UBA52/AKT1/PSMD14/RHOA/LGR5/PSMC2/GSK3B/H2BC21/PPP2CB/H3-3A/CAV1/PSMD1/PPP3CA/PSMB2/GNB4/RUVBL1/XPO1/PSMA5/HECW1/PSMD2/CDC73/VPS35/PSMC5/GNB3/SMARCA4/PSMB7/CAMK2A/ARRB2/HDAC1/PSMC3/PSMD7/XIAP/H4C16/CSNK2A2/PSMA3/H2AC6/PPP3R1/PSMD11/H2BC11/CTBP2/LEO1/TCF7L2/GNB2/H2BC15/RAC2/AGO4/AKT2/WNT4/GNB5/MOV10/PSMC4/CSNK1A1/GNGT2/WNT7A/RAC1/ITPR1/UBB/SOX4/TNKS2/KAT5/WNT7B/AP2A1/PPP3CB/VANGL2/CSNK1E/AP2A2/RSPO1/PSMA4/PRICKLE1/ITPR3/KRAS/PPP2R1B/TCF4/TNKS/CHD8/GNG11/H2AZ2"
"REACTOME_THE_ROLE_OF_GTSE1_IN_G2_M_PROGRESSION_AFTER_G2_CHECKPOINT","REACTOME_THE_ROLE_OF_GTSE1_IN_G2_M_PROGRESSION_AFTER_G2_CHECKPOINT",64,0.66841741849351,1.60608274996468,0.00448829634672922,0.0451545482780816,0.0349148229050793,834,"tags=45%, list=5%, signal=43%","TUBB1/TUBA1A/CCNB1/TUBA4A/TUBA1C/UBA52/PSMD14/TUBA1B/PSMC2/CDK1/TUBA8/HSP90AA1/CCNB2/TUBB3/HSP90AB1/PSMD1/TUBB2B/PSMB2/PLK1/TP53/PSMA5/MAPRE1/PSMD2/PSMC5/PSMB7/PSMC3/PSMD7/PSMA3/PSMD11"
"PID_S1P_S1P3_PATHWAY","PID_S1P_S1P3_PATHWAY",28,0.775677795517447,1.64550741639256,0.00457704891108514,0.0458602962625877,0.0354605279743206,1232,"tags=43%, list=7%, signal=40%","SRC/MAPK3/JAK2/AKT1/MAPK1/RHOA/GNAZ/PDGFRB/ITGB3/GNAQ/RAC1/GNA11"
"WONG_PROTEASOME_GENE_MODULE","WONG_PROTEASOME_GENE_MODULE",48,0.694682068647359,1.59509708487806,0.00458022268782729,0.0458602962625877,0.0354605279743206,2418,"tags=48%, list=14%, signal=41%","PSMD14/CDC20/PSMD1/PSMB2/USP18/PSMA5/UBE2T/PSMC5/CDC34/PSMC3/USP25/PSMD10/USP14/PSMA4/SIAH1/UBA6/UCHL3/UBE2R2/SQSTM1/PSMD8/PSMB4/ARIH1/PSMB6"
"REACTOME_CLATHRIN_MEDIATED_ENDOCYTOSIS","REACTOME_CLATHRIN_MEDIATED_ENDOCYTOSIS",145,0.56659893835246,1.5094356273722,0.00457604090469606,0.0458602962625877,0.0354605279743206,2213,"tags=30%, list=12%, signal=27%","EGFR/UBQLN2/UBA52/CD4/CTTN/NEDD8/HSPA8/SCARB2/ACTG1/ITSN1/ACTB/ARRB2/GAK/ACTR2/VAMP3/AGTR1/CFTR/VAMP8/VAMP2/FCHO2/HIP1R/ADRB2/STAM2/UBB/EPN2/UBQLN1/TRIP10/AP2A1/DAB2/AP2A2/EPS15L1/EPS15/SGIP1/FCHO1/DNM3/LRP2/GRK3/EGF/WASL/LDLR/AP2B1/ARRB1/HGS/TFRC"
"WP_ERK_PATHWAY_IN_HUNTINGTONS_DISEASE","WP_ERK_PATHWAY_IN_HUNTINGTONS_DISEASE",17,0.839743648968734,1.65040469484267,0.00460590401282011,0.0460444644825909,0.0356029322509962,627,"tags=47%, list=4%, signal=45%","EGFR/MAPK3/MAPK1/HTT/MAP2K1/CASP7/RAF1/HRAS"
"REACTOME_SWITCHING_OF_ORIGINS_TO_A_POST_REPLICATIVE_STATE","REACTOME_SWITCHING_OF_ORIGINS_TO_A_POST_REPLICATIVE_STATE",78,0.657120019760997,1.63561154559038,0.00464865374672878,0.0463984113299091,0.0358766143486626,1530,"tags=40%, list=9%, signal=36%","CUL1/UBA52/PSMD14/PSMC2/PSMD1/ORC1/PSMB2/CDC6/PSMA5/MCM4/PSMD2/FZR1/PSMC5/PSMB7/CCNA2/MCM6/PSMC3/PSMD7/MCM2/PSMA3/PSMD11/MCM7/UBE2E1/MCM3/CDC27/PSMC4/CCNE1/UBB/UBE2S/PSMA4/CCNE2"
"WP_NANOPARTICLEMEDIATED_ACTIVATION_OF_RECEPTOR_SIGNALING","WP_NANOPARTICLEMEDIATED_ACTIVATION_OF_RECEPTOR_SIGNALING",27,0.7732660253285,1.63027042963796,0.00470529173484023,0.0468158002845994,0.0361993517470262,842,"tags=44%, list=5%, signal=42%","EGFR/SRC/NRAS/MAPK1/FN1/MAPK13/MAP2K1/RAF1/PTK2/PXN/HRAS/SOS1"
"REACTOME_DOWNSTREAM_SIGNALING_EVENTS_OF_B_CELL_RECEPTOR_BCR","REACTOME_DOWNSTREAM_SIGNALING_EVENTS_OF_B_CELL_RECEPTOR_BCR",66,0.644888089196809,1.55708671679412,0.00470330204400636,0.0468158002845994,0.0361993517470262,1634,"tags=42%, list=9%, signal=39%","CUL1/NRAS/UBA52/PSMD14/PSMC2/PSMD1/PPP3CA/PSMB2/PSMA5/RASGRP3/PSMD2/REL/PSMC5/PSMB7/HRAS/PSMC3/PSMD7/FKBP1A/PSMA3/PPP3R1/PSMD11/PSMC4/MALT1/UBB/PPP3CB/PSMA4/KRAS/NFKBIA"
"FERREIRA_EWINGS_SARCOMA_UNSTABLE_VS_STABLE_UP","FERREIRA_EWINGS_SARCOMA_UNSTABLE_VS_STABLE_UP",161,0.545896103464279,1.46675085718317,0.00479472177502245,0.0476305851801758,0.0368293673582906,1912,"tags=31%, list=11%, signal=28%","KPNA2/CCNB1/TOP2A/ANLN/CDKN3/SMC2/CHEK1/CDC6/TPX2/KIF23/TMPO/KNL1/CHD1/FEN1/UBE2T/CENPE/MELK/CCNA2/ATAD2/NDC80/ESPL1/RGS1/NDUFA9/CCT6A/PARPBP/ATP2B3/TCOF1/NCAPG/SYNCRIP/PSTPIP1/NCAPH/BLM/ARHGAP11A/NAMPT/WDHD1/CENPF/XRCC3/KIF15/EP400/SDCBP/BRIP1/RGS16/LAMA1/INF2/NAA15/CEP55/ZNF146/RAN/NCKAP1L/ODF2"
"BIOCARTA_GH_PATHWAY","BIOCARTA_GH_PATHWAY",27,0.772504102727246,1.62866407445642,0.00482671695487679,0.0478731518381657,0.0370169270223633,1449,"tags=44%, list=8%, signal=41%","MAPK3/JAK2/MAPK1/MAP2K1/SHC1/RAF1/IRS1/HRAS/SOS1/PLCG1/STAT5B/PIK3R1"
"REACTOME_OPIOID_SIGNALLING","REACTOME_OPIOID_SIGNALLING",89,0.615709413761225,1.55534347229002,0.00484068934977246,0.0479364816800351,0.0370658955160766,1798,"tags=30%, list=10%, signal=27%","KPNA2/MAPK1/CAMK2G/PPP2CB/PPP3CA/GNB4/PRKAR2B/GNB3/CAMK2A/PPP3CC/CAMK2D/PPP3R1/GNB2/GNB5/PRKACG/GNAQ/GNGT2/GNA11/ITPR1/PRKAR1A/PPP3CB/PRKACA/ITPR3/CAMK4/PPP2R1B/GNG11/GNAL"
"BIOCARTA_IL2RB_PATHWAY","BIOCARTA_IL2RB_PATHWAY",37,0.725705762728377,1.6149759100517,0.00488658277118624,0.0483027147401715,0.0373490776743367,1449,"tags=41%, list=8%, signal=37%","MAPK3/MYC/AKT1/MAPK1/FOS/SHC1/RAF1/IRS1/HRAS/FASLG/SOS1/BCL2/STAT5B/SYK/PIK3R1"
"JECHLINGER_EPITHELIAL_TO_MESENCHYMAL_TRANSITION_DN","JECHLINGER_EPITHELIAL_TO_MESENCHYMAL_TRANSITION_DN",61,0.664419661443458,1.58338796341085,0.00489296255677584,0.0483027147401715,0.0373490776743367,1387,"tags=31%, list=8%, signal=29%","EGR1/ATF3/THBS1/SGK1/BCL6/FOS/EGR2/DUSP1/HMMR/PRKCZ/JUP/TIAM1/ATP1A1/CTNND1/NR4A1/VAMP8/TGM2/ITPR1/KLF10"
"PETROVA_PROX1_TARGETS_UP","PETROVA_PROX1_TARGETS_UP",25,0.792638546790665,1.65992837101417,0.00491590676103939,0.0483027976924524,0.0373491418154765,1082,"tags=56%, list=6%, signal=53%","TOP2A/CDK1/BUB1B/MYBL2/CH25H/CREM/MCM6/PEG10/SMC4/NDC80/GCH1/DSP/GINS1/CDKN1C"
"WP_TARGETED_THERAPY_IN_BREAST_CANCER","WP_TARGETED_THERAPY_IN_BREAST_CANCER",25,0.792622484673843,1.65989473403863,0.00491590676103939,0.0483027976924524,0.0373491418154765,993,"tags=32%, list=6%, signal=30%","EGFR/MAPK3/NRAS/AKT1/MAPK1/RAF1/HRAS/AKT2"
"KEGG_MEDICUS_REFERENCE_IGF_IGF1R_RAS_ERK_SIGNALING_PATHWAY","KEGG_MEDICUS_REFERENCE_IGF_IGF1R_RAS_ERK_SIGNALING_PATHWAY",16,0.83970560740284,1.62262558419921,0.00491477390111737,0.0483027976924524,0.0373491418154765,1140,"tags=62%, list=6%, signal=59%","IGF1R/MAPK3/NRAS/MAPK1/MAP2K1/RAF1/HRAS/SOS1/BRAF/MAP2K2"
"KEGG_MEDICUS_VARIANT_MUTATION_CAUSED_ABERRANT_ABETA_TO_AGE_RAGE_SIGNALING_PATHWAY","KEGG_MEDICUS_VARIANT_MUTATION_CAUSED_ABERRANT_ABETA_TO_AGE_RAGE_SIGNALING_PATHWAY",17,0.836675434901496,1.64437452729383,0.00498189059640413,0.0485645849963783,0.037551563447492,1189,"tags=59%, list=7%, signal=55%","MAPK3/NRAS/MAPK1/MAP2K1/TNF/RAF1/HRAS/BRAF/MAP2K2/AGER"
"REACTOME_TRAFFICKING_AND_PROCESSING_OF_ENDOSOMAL_TLR","REACTOME_TRAFFICKING_AND_PROCESSING_OF_ENDOSOMAL_TLR",13,0.864647094750889,1.63340562698706,0.00495274726946107,0.0485645849963783,0.037551563447492,902,"tags=38%, list=5%, signal=37%","HSP90B1/TLR7/CTSL/CTSB/TLR8"
"SANSOM_WNT_PATHWAY_REQUIRE_MYC","SANSOM_WNT_PATHWAY_REQUIRE_MYC",62,0.669847425817505,1.60097024994942,0.00499380301433926,0.0485645849963783,0.037551563447492,747,"tags=15%, list=4%, signal=14%","CUL1/EPHB2/MYC/LGR5/PARP1/TP53/RUVBL1/TIAM1/SMC4"
"MOLENAAR_TARGETS_OF_CCND1_AND_CDK4_DN","MOLENAAR_TARGETS_OF_CCND1_AND_CDK4_DN",57,0.677508756279636,1.60064692953227,0.00496878901407583,0.0485645849963783,0.037551563447492,2121,"tags=37%, list=12%, signal=33%","TRIP13/AURKA/KIF11/KIF20A/CDC6/TPX2/CDCA7/KNL1/CDCA8/MELK/CDC45/MCM7/AQP3/CDCA7L/NCAPH/POLD3/CENPF/MNS1/CEP55/DTL/KIF20B"
"REACTOME_SCF_BETA_TRCP_MEDIATED_DEGRADATION_OF_EMI1","REACTOME_SCF_BETA_TRCP_MEDIATED_DEGRADATION_OF_EMI1",41,0.704890750347317,1.59878242263255,0.00499635648110888,0.0485645849963783,0.037551563447492,1278,"tags=44%, list=7%, signal=41%","CUL1/UBA52/PSMD14/PSMC2/CDC20/PSMD1/PSMB2/PSMA5/PSMD2/FZR1/PSMC5/PSMB7/PSMC3/PSMD7/PSMA3/PSMD11/PSMC4/UBB"
"PID_E2F_PATHWAY","PID_E2F_PATHWAY",73,0.640692344895575,1.57727233793183,0.00498148334007724,0.0485645849963783,0.037551563447492,1530,"tags=36%, list=9%, signal=33%","MYC/CDK1/RBBP8/MYBL2/ORC1/CDC6/CASP7/RBBP4/TRIM28/RB1/RRM2/CDC25A/HDAC1/CCNA2/KAT2A/POLA1/MCM3/WASF1/RRM1/E2F5/APAF1/RYBP/CCNE1/TP73/SIRT1/CCNE2"
"REACTOME_PROGRAMMED_CELL_DEATH","REACTOME_PROGRAMMED_CELL_DEATH",197,0.526997633419786,1.44145759907976,0.0049655428757495,0.0485645849963783,0.037551563447492,1496,"tags=24%, list=8%, signal=23%","YWHAE/MAPK3/UBA52/AKT1/MAPK1/PSMD14/YWHAG/PSMC2/BIRC3/HSP90AA1/DAPK2/YWHAB/PSMD1/PSMB2/TP53/PSMA5/CASP7/CASP8/PSMD2/PSMC5/KPNA1/PSMB7/PTK2/VIM/PSMC3/PSMD7/XIAP/PPP3CC/SPTAN1/FASLG/PSMA3/DNM1L/PPP3R1/PSMD11/DSP/BCL2/AKT2/UACA/GSN/PSMC4/APAF1/DCC/UBB/TP73/CASP9/SDCBP/PSMA4/DYNLL2"
"SHAFFER_IRF4_MULTIPLE_MYELOMA_PROGRAM","SHAFFER_IRF4_MULTIPLE_MYELOMA_PROGRAM",36,0.731928248830899,1.62518805069355,0.00503473095485012,0.048850605470459,0.0377727228783926,2778,"tags=44%, list=16%, signal=38%","MYC/DUSP5/SLAMF7/IRF4/CDK6/CANX/SCD/E2F5/ITGB7/TNFRSF17/AMPD1/CDKN1B/UAP1/CFLAR/GFPT1/NFIL3"
"REACTOME_RIBOSOME_QUALITY_CONTROL_RQC_COMPLEX_EXTRACTS_AND_DEGRADES_NASCENT_PEPTIDE","REACTOME_RIBOSOME_QUALITY_CONTROL_RQC_COMPLEX_EXTRACTS_AND_DEGRADES_NASCENT_PEPTIDE",102,-0.555883036109172,-1.59326265620206,0.00504124640182642,0.048850605470459,0.0377727228783926,1371,"tags=43%, list=8%, signal=40%","RPL28/PSMA2/PSMB5/RPL22L1/RPL10A/RPL37A/RPLP0/RPL41/RPL29/PSMC1/RPL27A/RPL13A/RPL37/RPL24/RPL32/RPL15/RPL8/RPL39L/RPL35/UBE2D2/RPL39/RPL38/RPL10/RPL36A/RPL27/RPL9/RPL23A/PSMC6/RPL5/RPL34/RPL35A/UBC/RPL14/RPL30/RPL31/RPL7/RPS27A/RPL6/RPL26/RPL17/RPL4/RPL11/RPL23/RPL3L"
"DACOSTA_UV_RESPONSE_VIA_ERCC3_COMMON_DN","DACOSTA_UV_RESPONSE_VIA_ERCC3_COMMON_DN",462,0.460820195777307,1.33286539199624,0.0050583901300939,0.0489416674455333,0.0378431346719848,2500,"tags=23%, list=14%, signal=21%","CUL1/EGFR/MYC/KIF14/TOP2A/TBL1X/GSK3B/BUB1B/KIF11/NR2F2/PTPRK/KIF23/MAP2K1/XPO1/ITSN1/CASP8/CHD1/FOXO3/ATR/CENPE/MDN1/CASK/ATRX/CKAP5/DUSP1/IRS1/SAMD4A/CDK17/MSH2/RB1/ACSL3/MELK/BARD1/PTK2/KLF6/TIAM1/HEG1/SSBP1/ROCK2/MAPK6/NDC80/JARID2/DST/SOS1/CTBP2/ASCC3/CD2AP/TCF7L2/MTREX/CDC27/ACVR1/RAD23B/GINS1/MYO1B/ARID5B/GNAQ/MGAT5/ZMYM4/FLNB/BLM/ZNF638/MEIS2/PTPN2/NPEPPS/EPS8/CENPF/CXCL12/KLF10/PPP3CB/FXR1/EPS15/UTP18/PHLPP2/MYCBP2/ADSL/RPGR/SMARCA2/PPP1R12A/NCK1/PTPN12/QKI/UVRAG/RNGTT/LARS2/PHIP/IPO7/ARHGAP29/PRKCA/KIF20B/TDRD7/ATAD2B/RASA1/DYRK1A/NCOA3/DNAJC13/ARIH1/KLF7/NRG1/SPOP/G6PD/PIBF1/PHLPP1/TJP2/CHD9/STIL/PARD3/PAWR/RBPJ"
"WP_RAC1PAK1P38MMP2_PATHWAY","WP_RAC1PAK1P38MMP2_PATHWAY",67,0.661190634539831,1.59569801771576,0.00509434992705312,0.0492142245246508,0.0380538838104837,1634,"tags=39%, list=9%, signal=35%","EGFR/SRC/MAPK3/MYC/NRAS/AKT1/MAPK1/RAD51/FN1/MAPK13/BIRC5/TP53/CASP7/PTPN11/MSH2/PTK2/PXN/HRAS/FOXO1/SOS1/STAT5B/RAC1/PIK3R1/CASP9/KRAS/NFKBIA"
"REACTOME_SIGNALING_BY_ALK_IN_CANCER","REACTOME_SIGNALING_BY_ALK_IN_CANCER",92,0.619225574383152,1.56670622866662,0.00511804485013646,0.0493676448292552,0.0381725128959153,1449,"tags=34%, list=8%, signal=31%","CUL1/RANBP2/CCNB1/MAPK3/UBA52/MAPK1/STAT1/FOXM1/DNMT1/RNF213/IRF4/NOTCH1/FN1/BIRC6/TP53/BCL11A/SHC1/TYK2/IRS1/RB1/HDAC1/RRBP1/TWIST1/ZAP70/PLCG1/AGO4/MOV10/SEC31A/UBB/PRKAR1A/PIK3R1"
"LEE_LIVER_CANCER_MYC_E2F1_UP","LEE_LIVER_CANCER_MYC_E2F1_UP",54,0.676164215463631,1.58650809518036,0.00513169853355644,0.0494238892301975,0.0382160027186063,1879,"tags=39%, list=11%, signal=35%","TAGLN2/CDK1/KIF20A/COL1A2/USP18/ACTG1/RAD51B/IFI44/ANXA5/ANXA2/MAD2L1/CD74/IFIT2/SPTAN1/SMC4/FMO3/CD72/CISH/SPARC/PLSCR1/CTSS"
"REACTOME_UBIQUITIN_MEDIATED_DEGRADATION_OF_PHOSPHORYLATED_CDC25A","REACTOME_UBIQUITIN_MEDIATED_DEGRADATION_OF_PHOSPHORYLATED_CDC25A",50,0.692889533738862,1.60309249904302,0.00514376706882393,0.0494647189358136,0.0382475734461457,1481,"tags=48%, list=8%, signal=44%","CUL1/UBA52/PSMD14/PSMC2/GSK3B/PSMD1/PSMB2/CHEK1/PSMA5/PSMD2/PSMC5/PSMB7/CHEK2/CDC25A/PSMC3/PSMD7/PSMA3/PLK3/PSMD11/PSMC4/CSNK1A1/UBB/CSNK1E/PSMA4"
"ANDERSEN_LIVER_CANCER_KRT19_UP","ANDERSEN_LIVER_CANCER_KRT19_UP",34,-0.715615703716187,-1.73187126586214,0.00518730742375342,0.0497710568441259,0.0384844429139115,2125,"tags=44%, list=12%, signal=39%","POLR1H/DYNLT1/CBX3/YWHAQ/RPL10A/ZSWIM1/RPL27A/RPL13A/RPS17/RPS3A/RPS25/RPL9/RPS18/RPL35A/RPS12"
"REACTOME_DOWNSTREAM_TCR_SIGNALING","REACTOME_DOWNSTREAM_TCR_SIGNALING",79,0.632429379148049,1.57893908750269,0.00519925570071591,0.0497710568441259,0.0384844429139115,1930,"tags=42%, list=11%, signal=37%","CUL1/UBA52/CD4/PSMD14/PSMC2/PTEN/PSMD1/RIPK2/PSMB2/HLA-DRB5/LCK/PSMA5/PSMD2/HLA-DRA/PSMC5/PSMB7/CDC34/PSMC3/PSMD7/PSMA3/PSMD11/HLA-DPB1/PSMC4/MALT1/UBB/PIK3R1/PSMA4/HLA-DPA1/NFKBIA/HLA-DRB1/PSMA6/HLA-DQB1/UBE2D1"
"JAATINEN_HEMATOPOIETIC_STEM_CELL_DN","JAATINEN_HEMATOPOIETIC_STEM_CELL_DN",224,0.519450043009777,1.43257825899466,0.00519860230739908,0.0497710568441259,0.0384844429139115,1795,"tags=19%, list=10%, signal=17%","TUBB1/THBS1/CTTN/SGK1/GABARAPL1/KLF4/S100A12/LCK/CD163/CYP4F3/CYBB/MYL4/IFI30/SNCA/RGS1/ZAP70/AQP3/CDKN2D/FBLN7/CPVL/S100A9/HBB/CALD1/ANKRD55/CHI3L1/FGL2/HCK/MMP9/SAMHD1/RGS18/TESC/GIMAP4/NID1/NELL2/CAMK4/ALAS2/NEXN/CLEC10A/GZMH/VCAN/ZFP36L1/TGFBI"
"KEGG_MEDICUS_VARIANT_EML4_ALK_FUSION_KINASE_TO_RAS_ERK_SIGNALING_PATHWAY","KEGG_MEDICUS_VARIANT_EML4_ALK_FUSION_KINASE_TO_RAS_ERK_SIGNALING_PATHWAY",12,0.870602806765276,1.63204396230735,0.00522370976840614,0.0498807209688903,0.038569238435984,1608,"tags=75%, list=9%, signal=68%","MAPK3/NRAS/MAPK1/MAP2K1/RAF1/HRAS/BRAF/MAP2K2/KRAS"
"KEGG_MEDICUS_REFERENCE_EGF_EGFR_RAS_ERK_SIGNALING_PATHWAY","KEGG_MEDICUS_REFERENCE_EGF_EGFR_RAS_ERK_SIGNALING_PATHWAY",16,0.838356155371036,1.6200179376953,0.00523185182249853,0.0498807209688903,0.038569238435984,1140,"tags=62%, list=6%, signal=59%","EGFR/MAPK3/NRAS/MAPK1/MAP2K1/RAF1/HRAS/SOS1/BRAF/MAP2K2"
"PUJANA_BREAST_CANCER_WITH_BRCA1_MUTATED_UP","PUJANA_BREAST_CANCER_WITH_BRCA1_MUTATED_UP",55,0.677465854539591,1.59320469100721,0.00524030490699065,0.0498807209688903,0.038569238435984,2142,"tags=45%, list=12%, signal=40%","FOXM1/CDK1/DNMT1/CDC20/EZH2/MYBL2/RAD54L/MCM4/HMMR/MSH2/CAD/MCM6/AURKB/MCM2/SMC4/NDC80/CDC7/BLM/UBE2S/KATNA1/ILF3/NCK1/DDX39A/STMN1/NASP"
"MORI_SMALL_PRE_BII_LYMPHOCYTE_DN","MORI_SMALL_PRE_BII_LYMPHOCYTE_DN",73,0.640159066110273,1.57595949896448,0.00524229166244748,0.0498807209688903,0.038569238435984,1545,"tags=27%, list=9%, signal=25%","TUBA4A/TUBA1B/DDX1/NUMA1/MEF2C/XPO1/HSPH1/SGO1/PDK1/ATP1A1/SMC4/RBBP7/BCL2/S100A9/TUBB4B/SEC61A1/WDHD1/RPS2/GIMAP4/RPN2"
