"ID","Description","setSize","enrichmentScore","NES","pvalue","p.adjust","qvalue","rank","leading_edge","core_enrichment"
"REACTOME_TRANSLATION","REACTOME_TRANSLATION",365,-0.666900407937714,-2.05364709881985,9.19823387864192e-16,5.82432169195607e-12,5.26042154343806e-12,2824,"tags=52%, list=16%, signal=45%","MTRES1/MRPS30/MRPS31/EIF2S1/MTIF3/MRPS9/SPCS1/SRPRB/MRPL49/MRPL19/MT-CYB/RPS21/EIF3H/RPS15/EIF2B5/MTRFR/MRRF/TRMT112/MRPS34/MRPS28/RPS5/RPL18/MARS2/PSMA2/YARS1/RARS2/SEC61G/EIF1AX/PSMB6/EIF3G/MRPL28/PTCD3/MRPS35/RPLP1/MRPL39/MRPS18B/RPL21/SRP19/RPL37/SRP9/RPL18A/NPLOC4/EIF2B1/MRPL40/AARS1/EIF3K/MRPS17/PPA1/MRPL58/PSMC5/MRPL21/SEC61B/RPL41/MT-ND4L/PSMC6/MALSU1/MRPS18A/DDOST/EIF2S2/RPL28/SARS1/PSMD8/RPS16/EIF3M/MRPS22/MTRF1L/RPS2/TARS2/RPS29/PSMD13/MRPS33/SEC61A1/MRPL50/MRPL4/PSMD7/MT-ND1/RPL36/RPL13/UBE2D2/VARS1/MRPL16/EIF3I/RPL32/DAP3/RPN1/EIF3L/EEF1E1/EIF4G1/RPL19/PSMC3/EEF1B2/RBX1/HARS2/SRPRA/EIF5B/EIF3D/MRPL17/RPS25/MRPL3/PSMA4/AIMP1/RPL22L1/RPL22/PSMB5/MRPL47/MT-ND5/PSMA6/MRPL32/RPL37A/MRPS18C/RPL39/MRPL1/RPL27/RPL35/SRP14/PPA2/MRPL30/RPS9/RPL10/RPL27A/MRPS14/RPL13A/RPL26L1/PSMC1/MRPS6/MRPL46/MRPL36/RPS6/PABPC1/MRPS5/RPL15/EIF4A2/RPL36A/VCP/RPL34/UBE2D1/EIF3F/RPL10A/RPS7/RPS27/QARS1/RPL35A/RPS8/PSMC4/RPS27L/RPS15A/MRPL24/MRPS2/UBB/UBA52/RPL14/RPL30/RPL12/RPL8/RPS14/RPS11/EIF4B/RPL7A/RPL31/MTIF2/RPS24/EIF4A1/RPL3/RPL23A/RPL5/RPS13/RPS12/MARS1/RPL9/RPL26/RPS23/MRPL13/MRPS10/RPL7/RPL17/EEF1A1/RPS3/RPS17/EIF2S3/RPS4X/RPS20/RPL6/EEF1G/RPLP0/RPL11/RPL23/RPS27A/UBC/RPL4/RPS4Y1"
"DUTERTRE_ESTRADIOL_RESPONSE_24HR_UP","DUTERTRE_ESTRADIOL_RESPONSE_24HR_UP",317,0.643877311034689,2.08952646368955,2.85986209141552e-15,9.05432338142155e-12,8.17770039087397e-12,1576,"tags=32%, list=9%, signal=30%","STMN1/BIRC5/CCNB2/PLK1/KIF23/FOXM1/FKBP5/PRC1/TRIP13/AURKA/TIMELESS/KIF11/SPAG5/RAD51/EXO1/MANEAL/PCNA/CHEK1/JAK2/FEN1/AURKB/TOP2A/CDCA7/BRCA1/SUV39H2/HELLS/BLM/PLK4/UBE2T/H1-4/TMPO/RAD54L/PBK/MCM4/TICRR/ANLN/SMC2/KNL1/CDC6/MCM2/NCAPH/POLA1/TONSL/MCM7/CDC45/RRM2/TPX2/NME1/CDK2/CHAF1B/COL12A1/MCM6/IQGAP3/MCM3/MTHFD1/CPAP/MKI67/SGK3/GINS1/BUB1B/WDHD1/UBE2C/CDK1/CCNA2/SLC27A2/BUB1/RRM1/TTK/KIFC1/CBX5/WDR76/BARD1/ESPL1/E2F1/MYB/JPH1/CCDC34/LIG1/ATAD2/MYBL2/MCM8/GTSE1/ASPM/CCNE2/RFC4/MCM10/CHTF18/E2F7/POLD3/PKMYT1/BCL2/CEP55/DSCC1/POLD1/POLE/CDT1/DLGAP5/RAD18/CIP2A/DTL/TYMS/RACGAP1"
"CROONQUIST_IL6_DEPRIVATION_DN","CROONQUIST_IL6_DEPRIVATION_DN",95,0.818980600519108,2.30197786630818,1.25664307765448e-13,1.98926599192704e-10,1.79666890549916e-10,1426,"tags=52%, list=8%, signal=48%","STMN1/CDC20/CCNB1/CCNB2/PLK1/FOXM1/WEE1/TRIP13/AURKA/KIF11/SPAG5/PCNA/CHEK1/KPNA2/KIF14/AURKB/TOP2A/BRCA1/CCNF/PLK4/MAD2L1/HMMR/MCM4/SMC2/CDC6/MCM2/NCAPH/MCM7/CDC45/RRM2/TPX2/MCM3/CDKN3/MKI67/GINS1/BUB1B/UBE2C/CDK1/CCNA2/H2BC11/BUB1/CENPE/KIFC1/LIG1/MYBL2/CCNE2/KIF22/POLD1/PTPRC"
"REACTOME_RIBOSOME_ASSOCIATED_QUALITY_CONTROL","REACTOME_RIBOSOME_ASSOCIATED_QUALITY_CONTROL",143,-0.772959575475173,-2.17780761362687,1.12161627825009e-13,1.98926599192704e-10,1.79666890549916e-10,1544,"tags=54%, list=9%, signal=50%","RPL28/PSMD8/RPS16/RPS2/RPS29/PSMD13/PSMD7/RPL36/RPL13/UBE2D2/RPL32/RPL19/PSMC3/RBX1/RPS25/PSMA4/RPL22L1/RPL22/PSMB5/PSMA6/RPL37A/RPL39/RPL27/RPL35/RPS9/RPL10/RPL27A/RPL13A/RPL26L1/PSMC1/RPS6/RPL15/RPL36A/VCP/RPL34/UBE2D1/RPL10A/RPS7/RPS27/RPL35A/RPS8/PSMC4/RPS27L/RPS15A/UBB/UBA52/RPL14/RPL30/RPL12/RPL8/RPS14/RPS11/RPL7A/RPL31/RPS24/RPL3/RPL23A/RPL5/RPS13/RPS12/RPL9/RPL26/RPS23/RPL7/RPL17/RPS3/RPS17/RPS4X/RPS20/RPL6/RPLP0/RPL11/RPL23/RPS27A/UBC/RPL4/RPS4Y1"
"KEGG_RIBOSOME","KEGG_RIBOSOME",87,-0.848419957087845,-2.24920793252393,5.7877795643768e-13,5.23546002880485e-10,4.72857238695627e-10,1206,"tags=72%, list=7%, signal=68%","RPL28/RPS16/RPS2/RPS29/RPL36/RPL13/RPL32/RSL24D1/RPL19/RPS25/RPL22L1/RPL22/RPL37A/RPL39/RPL27/RPL35/RPS9/RPL10/RPL27A/RPL13A/RPL26L1/RPS6/RPL15/RPL36A/RPL34/RPL10A/RPS7/RPS27/RPL35A/RPS8/RPS27L/RPS15A/UBA52/RPL14/RPL30/RPL12/RPL8/RPS11/RPL7A/RPL31/RPS24/RPL3/RPL23A/RPL5/RPS13/RPS12/RPL9/RPL26/RPS23/MRPL13/RPL7/RPL17/RPS3/RPS17/RPS4X/RPS20/RPL6/RPLP0/RPL11/RPL23/RPS27A/RPL4/RPS4Y1"
"SOTIRIOU_BREAST_CANCER_GRADE_1_VS_3_UP","SOTIRIOU_BREAST_CANCER_GRADE_1_VS_3_UP",152,0.740447544638342,2.20406161142492,5.38916633237179e-13,5.23546002880485e-10,4.72857238695627e-10,1445,"tags=47%, list=8%, signal=44%","STMN1/CDC20/CCNB1/BIRC5/CCNB2/PLK1/FOXM1/PRC1/CCT5/CDCA8/TRIP13/AURKA/TIMELESS/KIF11/SPAG5/RAD51/EXO1/KIF20A/EZH2/CHEK1/KPNA2/FEN1/KIF14/AURKB/TOP2A/ECT2/BLM/UBE2N/TMPO/MAD2L1/HMMR/MCM4/PSMA7/H2AZ2/MCM2/NCAPH/CDC45/RRM2/TPX2/NME1/CDK2/MCM6/MCM3/CDKN3/DNAJC9/NEK2/MKI67/GINS1/BUB1B/UBE2C/CDK1/ITCH/CCNA2/BUB1/TTK/CENPE/KIFC1/ESPL1/E2F1/DDX39A/KIF18B/MYBL2/GTSE1/ASPM/CCNE2/RFC4/MCM10/KIF15/PKMYT1/CEP55/DSCC1/DLGAP5"
"JIANG_MELANOMA_TRM8_CD4","JIANG_MELANOMA_TRM8_CD4",416,-0.623681050689083,-1.95130740807859,4.27963730725733e-13,5.23546002880485e-10,4.72857238695627e-10,2337,"tags=34%, list=13%, signal=30%","CYCS/PTGES3/TRIM22/COX7C/RPLP1/PFN1/DYNLT3/PPP1R15A/ARRB2/PA2G4/GIMAP7/RPL21/H3-3B/ATP1A1/GNG2/RPL37/ANXA2/RPL18A/ZC3HAV1/HNRNPUL1/UQCRB/PPA1/HNRNPA0/CD69/ZFP36L1/C9orf78/CORO1A/RAP1B/MT-ND4L/CDKN1B/RPL28/RPS16/SF1/SELPLG/ARL4C/RPS2/TAGLN2/RBL2/RPS29/BCAP31/ZFP36/NCL/CMPK1/MT-ND1/RPL36/HSPA8/RPL13/FOSB/CIB1/RPL32/NR4A2/MYH9/TUBA1A/RPL19/JUNB/ODF2L/ZFP36L2/NACA/PFDN5/EEF1B2/STAT1/HNRNPA2B1/KLRB1/CREM/RPS25/JUND/RPL22/ENO1/MT-ND5/RPL37A/RPL39/NFKBIZ/RPL27/RPL35/NME3/FUS/YWHAQ/AHNAK/RPS9/GATA3/CD4/RPL10/RPL27A/RPL13A/RPS6/PABPC1/CALM1/EIF4A2/RPL36A/RPL34/RPL10A/TPT1/RPS7/RPS27/RPL35A/RPS8/RPS15A/DDX3X/HSP90AA1/UBA52/PPIA/JUN/RPL14/RPL30/RPL12/HNRNPA1/RPL8/RPS14/DNAJB1/NPM1/EIF4B/RPL7A/RPL31/BTF3/RPS24/EGR1/HNRNPDL/RPL3/RPL23A/DDX5/RPL5/RPS13/RPS12/RPL9/RPL26/RPS23/RPL7/RPL17/EEF1A1/RPS3/RPS17/RPS4X/RPS20/RPL6/EEF1G/RPLP0/RPL11/RPS27A/ERN1/RPL4/RPS4Y1/HSPA1B"
"REACTOME_SELENOAMINO_ACID_METABOLISM","REACTOME_SELENOAMINO_ACID_METABOLISM",116,-0.804719601455223,-2.21711903510633,7.66241439912985e-13,5.79339554726045e-10,5.23248961137514e-10,1544,"tags=60%, list=9%, signal=56%","RPL28/SARS1/RPS16/EEFSEC/RPS2/RPS29/RPL36/RPL13/RPL32/EEF1E1/RPL19/RPS25/AIMP1/RPL22L1/RPL22/RPL37A/RPL39/RPL27/RPL35/RPS9/SECISBP2/RPL10/RPL27A/RPL13A/RPL26L1/RPS6/RPL15/RPL36A/RPL34/RPL10A/RPS7/RPS27/QARS1/RPL35A/RPS8/CBS/RPS27L/RPS15A/UBA52/RPL14/RPL30/RPL12/RPL8/RPS14/RPS11/RPL7A/RPL31/RPS24/RPL3/RPL23A/RPL5/RPS13/RPS12/MARS1/RPL9/RPL26/RPS23/RPL7/RPL17/RPS3/RPS17/RPS4X/RPS20/RPL6/RPLP0/RPL11/RPL23/RPS27A/RPL4/RPS4Y1"
"FLORIO_NEOCORTEX_BASAL_RADIAL_GLIA_DN","FLORIO_NEOCORTEX_BASAL_RADIAL_GLIA_DN",189,0.702332085362313,2.14191342217035,8.23445355738219e-13,5.79339554726045e-10,5.23248961137514e-10,1576,"tags=32%, list=9%, signal=30%","FN1/CDC20/CCNB1/BIRC5/CCNB2/PLK1/KIF23/FOXM1/PRC1/WEE1/VCAM1/CDCA8/AURKA/TIMELESS/KIF11/SPAG5/CHEK2/EXO1/KIF20A/KPNA2/KIF14/AURKB/TOP2A/BRCA1/BLM/PLK4/UBE2T/MAD2L1/HMMR/PBK/ANLN/NCAPH/CDC45/RRM2/TPX2/IQGAP3/CDKN3/NEK2/MKI67/GINS1/BUB1B/UBE2C/CDK1/SGO1/BUB1/TTK/CENPE/KIFC1/ESPL1/CCNA1/KIF18B/MYBL2/GTSE1/ASPM/KIF22/KIF15/DLGAP5/CIP2A/DTL/NUF2/RACGAP1"
"REACTOME_REGULATION_OF_EXPRESSION_OF_SLITS_AND_ROBOS","REACTOME_REGULATION_OF_EXPRESSION_OF_SLITS_AND_ROBOS",156,-0.748427214990448,-2.13752456000213,1.29757379089275e-12,8.21623724393286e-10,7.42075621675819e-10,1544,"tags=50%, list=9%, signal=46%","RPL28/PSMD8/RPS16/RPS2/RPS29/PSMD13/PSMD7/RPL36/RPL13/RPL32/EIF4G1/RPL19/PSMC3/RBX1/RPS25/PSMA4/NCBP2/RPL22L1/RPL22/PSMB5/PSMA6/RPL37A/RPL39/RPL27/RPL35/RPS9/RPL10/EIF4A3/RPL27A/RPL13A/RPL26L1/PSMC1/RPS6/PABPC1/RPL15/RPL36A/RPL34/RPL10A/RPS7/RPS27/RPL35A/RPS8/PSMC4/RPS27L/RPS15A/UBB/UBA52/RPL14/RPL30/RPL12/RPL8/RPS14/RPS11/RPL7A/RPL31/RPS24/RPL3/RPL23A/RPL5/RPS13/RPS12/RPL9/RPL26/RPS23/RPL7/RPL17/RPS3/RPS17/RPS4X/RPS20/RPL6/RPLP0/RPL11/RPL23/RPS27A/UBC/RPL4/RPS4Y1"
"REACTOME_CELLULAR_RESPONSE_TO_STARVATION","REACTOME_CELLULAR_RESPONSE_TO_STARVATION",155,-0.754908750044095,-2.15284570884305,1.44842530179697e-12,8.33766273725309e-10,7.53042551642385e-10,1206,"tags=43%, list=7%, signal=40%","EIF2S2/RPL28/RPS16/RPS2/RPS29/RPL36/RPL13/RPL32/RPL19/SEC13/CEBPB/RPS25/RPL22L1/RPL22/RPL37A/RPL39/RPL27/RPL35/RPS9/RPL10/RPL27A/RPL13A/RPL26L1/RPS6/RPL15/RPL36A/RPL34/RPL10A/RPS7/RPS27/RPL35A/RPS8/RPS27L/RPS15A/UBA52/RPL14/RPL30/RPL12/RPL8/RPS14/RPS11/RPL7A/RPL31/RPS24/RPL3/RPL23A/RPL5/RPS13/RPS12/RPL9/RPL26/RPS23/RPL7/RPL17/RPS3/RPS17/EIF2S3/RPS4X/RPS20/RPL6/RPLP0/RPL11/RPL23/RPS27A/RPL4/RPS4Y1"
"KEGG_MEDICUS_REFERENCE_TRANSLATION_INITIATION","KEGG_MEDICUS_REFERENCE_TRANSLATION_INITIATION",80,-0.858404910853624,-2.25235210931793,2.56075450474974e-12,1.35122479367295e-09,1.22040168634257e-09,1544,"tags=74%, list=9%, signal=68%","RPL28/RPS16/RPS2/RPS29/RPL36/RPL13/RPL32/RPL19/RPS25/RPL22/RPL37A/RPL39/RPL27/RPL35/RPS9/RPL10/RPL27A/RPL13A/RPS6/RPL15/RPL36A/RPL34/RPL10A/RPS7/RPS27/RPL35A/RPS8/RPS15A/UBA52/RPL14/RPL30/RPL12/RPL8/RPS14/RPS11/RPL7A/RPL31/RPS24/RPL3/RPL23A/RPL5/RPS13/RPS12/RPL9/RPL26/RPS23/RPL7/RPL17/RPS3/RPS17/RPS4X/RPS20/RPL6/RPLP0/RPL11/RPL23/RPS27A/RPL4/RPS4Y1"
"REACTOME_EUKARYOTIC_TRANSLATION_ELONGATION","REACTOME_EUKARYOTIC_TRANSLATION_ELONGATION",93,-0.83597871155712,-2.23711663199061,2.94131005898322e-12,1.43264425334475e-09,1.29393826319481e-09,1206,"tags=66%, list=7%, signal=62%","RPL36/RPL13/RPL32/RPL19/EEF1B2/RPS25/RPL22L1/RPL22/RPL37A/RPL39/RPL27/RPL35/RPS9/RPL10/RPL27A/RPL13A/RPL26L1/RPS6/RPL15/RPL36A/RPL34/RPL10A/RPS7/RPS27/RPL35A/RPS8/RPS27L/RPS15A/UBA52/RPL14/RPL30/RPL12/RPL8/RPS14/RPS11/RPL7A/RPL31/RPS24/RPL3/RPL23A/RPL5/RPS13/RPS12/RPL9/RPL26/RPS23/RPL7/RPL17/EEF1A1/RPS3/RPS17/RPS4X/RPS20/RPL6/EEF1G/RPLP0/RPL11/RPL23/RPS27A/RPL4/RPS4Y1"
"REACTOME_NONSENSE_MEDIATED_DECAY_NMD","REACTOME_NONSENSE_MEDIATED_DECAY_NMD",113,-0.804412511738911,-2.20934546072227,3.47608246810571e-12,1.57218244200324e-09,1.41996662024198e-09,1206,"tags=58%, list=7%, signal=54%","RPL36/RPL13/PPP2R1A/RPL32/UPF1/EIF4G1/RPL19/SMG5/RPS25/NCBP2/RPL22L1/RPL22/RPL37A/RPL39/RPL27/RPL35/RPS9/RPL10/EIF4A3/RPL27A/RPL13A/RPL26L1/RPS6/PABPC1/RPL15/RPL36A/RPL34/RPL10A/RPS7/RPS27/RPL35A/RPS8/RPS27L/RPS15A/UBA52/RPL14/RPL30/RPL12/RPL8/RPS14/RPS11/RPL7A/RPL31/RPS24/RPL3/RPL23A/RPL5/RPS13/RPS12/RPL9/RPL26/RPS23/RPL7/RPL17/RPS3/RPS17/RPS4X/RPS20/RPL6/RPLP0/RPL11/RPL23/RPS27A/RPL4/RPS4Y1"
"WP_CYTOPLASMIC_RIBOSOMAL_PROTEINS","WP_CYTOPLASMIC_RIBOSOMAL_PROTEINS",88,-0.83356101201822,-2.21216933637102,5.43198903748902e-12,2.29302363902536e-09,2.07101729408266e-09,1544,"tags=67%, list=9%, signal=62%","RPL28/RPS16/RPS2/RPS29/RPL36/RPL13/RPL32/RPL19/RPS25/RPL22/RPL37A/RPL39/RPL27/RPL35/RPS9/RPL10/RPL27A/RPL13A/RPS6/RPL15/RPL36A/RPL34/RPL10A/RPS7/RPS27/RPL35A/RPS8/RPS15A/UBA52/RPL14/RPL30/RPL12/RPL8/RPS14/RPS11/RPL7A/RPL31/RPS24/RPL3/RPL23A/RPL5/RPS13/RPS12/RPL9/RPL26/RPS23/RPL7/RPL17/RPS3/RPS17/RPS4X/RPS20/RPL6/RPLP0/RPL11/RPL23/RPS27A/RPL4/RPS4Y1"
"REACTOME_SRP_DEPENDENT_COTRANSLATIONAL_PROTEIN_TARGETING_TO_MEMBRANE","REACTOME_SRP_DEPENDENT_COTRANSLATIONAL_PROTEIN_TARGETING_TO_MEMBRANE",112,-0.799261415555998,-2.19382649950696,5.85220775276338e-12,2.31601121815611e-09,2.09177925794496e-09,1611,"tags=60%, list=9%, signal=55%","DDOST/RPL28/RPS16/RPS2/RPS29/SEC61A1/RPL36/RPL13/RPL32/RPN1/RPL19/SRPRA/RPS25/RPL22L1/RPL22/RPL37A/RPL39/RPL27/RPL35/SRP14/RPS9/RPL10/RPL27A/RPL13A/RPL26L1/RPS6/RPL15/RPL36A/RPL34/RPL10A/RPS7/RPS27/RPL35A/RPS8/RPS27L/RPS15A/UBA52/RPL14/RPL30/RPL12/RPL8/RPS14/RPS11/RPL7A/RPL31/RPS24/RPL3/RPL23A/RPL5/RPS13/RPS12/RPL9/RPL26/RPS23/RPL7/RPL17/RPS3/RPS17/RPS4X/RPS20/RPL6/RPLP0/RPL11/RPL23/RPS27A/RPL4/RPS4Y1"
"BILANGES_SERUM_AND_RAPAMYCIN_SENSITIVE_GENES","BILANGES_SERUM_AND_RAPAMYCIN_SENSITIVE_GENES",68,-0.866017137529197,-2.24627000476848,7.0556689351037e-12,2.62802915865157e-09,2.37358819346244e-09,1183,"tags=65%, list=7%, signal=61%","RPL28/RPS16/EIF3M/RPL13/RPL32/EIF3L/EEF1B2/RPS25/RPS9/RPL10/RPL27A/RPL13A/RPS6/RPL15/RPL36A/EIF3F/TPT1/RPS7/QARS1/RPS8/CS/UBA52/RPL14/RPL30/RPL8/RPS14/EIF4B/RPL7A/RPS24/RPL5/RPS13/RPL26/RPS23/RPL7/EEF1A1/RPS3/RPS17/RPS4X/RACK1/RPL6/EEF1G/RPL23/RPS27A/RPL4"
"FIGAROL_EGFR_TKI_DRUG_TOLERANT_CELL_DN","FIGAROL_EGFR_TKI_DRUG_TOLERANT_CELL_DN",488,0.549498957797083,1.83158356453308,9.72292948707731e-12,3.42031052845408e-09,3.08916233352579e-09,1576,"tags=26%, list=9%, signal=24%","CDC20/CCNB1/BIRC5/CCNB2/PLK1/KIF23/FOXM1/PRC1/CDCA8/TRIP13/AURKA/TIMELESS/KIF11/SPAG5/SOX2/RAD51/CHEK2/EXO1/KIF20A/PCNA/CHEK1/KPNA2/FEN1/KIF14/AURKB/TOP2A/CDCA7/BRCA1/CCNF/ECT2/HELLS/FOXA1/BLM/PLK4/ORC1/UBE2T/TMPO/MAD2L1/HMMR/RAD54L/PBK/MCM4/TICRR/ANLN/SMC2/CDC6/MCM2/NCAPH/POLA1/CDC25C/TONSL/MCM7/CCNE1/CDC45/TRIB2/DHCR24/RRM2/EME1/TPX2/NME1/RPL39L/CDK2/CHAF1B/MCM6/MCM3/NUP37/CDKN3/PARP1/MTHFD1/MST1R/PASK/TOPBP1/DNAJC9/NEK2/MKI67/LMNA/TAF5/BUB1B/WDHD1/UBE2C/CDK1/UBASH3B/MSH2/CCNA2/BUB1/RRM1/ILF3/NT5E/TTK/CENPE/KIFC1/CBX5/HNRNPF/WDR76/BARD1/ESPL1/E2F1/MYB/LIG1/GINS4/ANKRD22/KIF18B/ATAD2/EIF5A/SNRPA/MYBL2/GTSE1/ASPM/RFC4/MCM10/KIF22/KIF15/POLD3/GLE1/PKMYT1/CEP55/DSCC1/HOOK1/POLE/CDT1/DLGAP5/DTL/TYMS/CCND1/NUF2/RACGAP1"
"ZHENG_GLIOBLASTOMA_PLASTICITY_UP","ZHENG_GLIOBLASTOMA_PLASTICITY_UP",247,0.649581150890227,2.04433029994608,1.30196243285910e-11,4.3389611183494e-09,3.91887085746455e-09,1611,"tags=28%, list=9%, signal=26%","RND3/TAGLN3/CDC20/CCNB1/BIRC5/NES/CCNB2/PLK1/KIF23/PRC1/CDCA8/AURKA/SPAG5/RAD51/EXO1/FEN1/AURKB/TOP2A/CCNF/ECT2/HELLS/PLK4/UBE2T/ACSL3/MAD2L1/RAD54L/MCM4/ANLN/SMC2/MCM2/POLA1/CDC45/TRIB2/FBN2/RRM2/TPX2/MCM6/MCM3/SDK2/H4C11/COL4A6/TUBB3/PPP2R2B/CP/OTX2/BUB1/RRM1/LYN/CHL1/CTPS1/ALS2CL/DECR1/LIG1/VWA1/DDX39A/ASPM/PDPN/RFC4/E2F7/KIF22/POLD1/POLE/CDT1/WNT7A/FBXO32/CCND1/NUF2/RACGAP1/HSPB8/DBF4"
"REACTOME_RESPONSE_OF_EIF2AK4_GCN2_TO_AMINO_ACID_DEFICIENCY","REACTOME_RESPONSE_OF_EIF2AK4_GCN2_TO_AMINO_ACID_DEFICIENCY",101,-0.811790200902449,-2.19627245217722,1.5366493798625e-11,4.86503193664469e-09,4.39400846357525e-09,1576,"tags=64%, list=9%, signal=59%","EIF2S2/RPL28/RPS16/RPS2/RPS29/RPL36/RPL13/RPL32/RPL19/CEBPB/RPS25/RPL22L1/RPL22/RPL37A/RPL39/RPL27/RPL35/RPS9/RPL10/RPL27A/RPL13A/RPL26L1/RPS6/RPL15/RPL36A/RPL34/RPL10A/RPS7/RPS27/RPL35A/RPS8/RPS27L/RPS15A/UBA52/RPL14/RPL30/RPL12/RPL8/RPS14/RPS11/RPL7A/RPL31/RPS24/RPL3/RPL23A/RPL5/RPS13/RPS12/RPL9/RPL26/RPS23/RPL7/RPL17/RPS3/RPS17/EIF2S3/RPS4X/RPS20/RPL6/RPLP0/RPL11/RPL23/RPS27A/RPL4/RPS4Y1"
"GRAHAM_CML_DIVIDING_VS_NORMAL_QUIESCENT_UP","GRAHAM_CML_DIVIDING_VS_NORMAL_QUIESCENT_UP",183,0.682912462986392,2.08223989912625,1.75830627523567e-11,5.3017120641868e-09,4.78841002173204e-09,2177,"tags=43%, list=12%, signal=38%","STMN1/CDC20/CCNB1/BIRC5/CCNB2/PRC1/TRIP13/AURKA/KIF11/SPAG5/RAD51/KIF20A/EZH2/CHEK1/KPNA2/FEN1/HDC/AURKB/TOP2A/BRCA1/ECT2/MAD2L1/HMMR/PBK/MCM4/SMC2/HGF/CDC6/LRRC59/MCM2/CCNE1/CDC45/RRM2/TPX2/CDKN3/TPM1/NEK2/LMNA/GINS1/BUB1B/UBE2C/CDK1/AQP3/CCNA2/BUB1/RRM1/TTK/ESPL1/PIEZO2/KLF1/KIF18B/NPM3/ABCD3/ASPM/CCNE2/RFC4/MCM10/IDH2/KIF15/CEP55/DSCC1/DLGAP5/CSE1L/TYMS/RACGAP1/CPA3/MCM5/NCAPG/KIF4A/MELK/CENPU/CPOX/SHMT2/DHFR/SERPINB2/FANCI/SYNCRIP/KIF2C/RMDN1"
"REACTOME_EUKARYOTIC_TRANSLATION_INITIATION","REACTOME_EUKARYOTIC_TRANSLATION_INITIATION",119,-0.788474976885061,-2.17926756178411,2.10988066826447e-11,6.0726201779321e-09,5.48468022520616e-09,1576,"tags=63%, list=9%, signal=58%","EIF2S2/RPL28/RPS16/EIF3M/RPS2/RPS29/RPL36/RPL13/EIF3I/RPL32/EIF3L/EIF4G1/RPL19/EIF5B/EIF3D/RPS25/RPL22L1/RPL22/RPL37A/RPL39/RPL27/RPL35/RPS9/RPL10/RPL27A/RPL13A/RPL26L1/RPS6/PABPC1/RPL15/EIF4A2/RPL36A/RPL34/EIF3F/RPL10A/RPS7/RPS27/RPL35A/RPS8/RPS27L/RPS15A/UBA52/RPL14/RPL30/RPL12/RPL8/RPS14/RPS11/EIF4B/RPL7A/RPL31/RPS24/EIF4A1/RPL3/RPL23A/RPL5/RPS13/RPS12/RPL9/RPL26/RPS23/RPL7/RPL17/RPS3/RPS17/EIF2S3/RPS4X/RPS20/RPL6/RPLP0/RPL11/RPL23/RPS27A/RPL4/RPS4Y1"
"BLANCO_MELO_BRONCHIAL_EPITHELIAL_CELLS_INFLUENZA_A_DEL_NS1_INFECTION_DN","BLANCO_MELO_BRONCHIAL_EPITHELIAL_CELLS_INFLUENZA_A_DEL_NS1_INFECTION_DN",174,0.694222013108449,2.11167576384545,3.03912175706518e-11,8.366834332929e-09,7.55677277168655e-09,1562,"tags=36%, list=9%, signal=33%","BIRC5/CCNB2/PLK1/FOXM1/PRC1/CDCA8/AURKA/KIF11/SPAG5/RAD51/EXO1/KIF20A/FEN1/KIF14/AURKB/TOP2A/CDCA7/BRCA1/BLM/PLK4/ORC1/UBE2T/HMMR/RAD54L/MCM4/ANLN/KNL1/CDC6/NSD2/MCM2/NCAPH/CDC25C/MCM7/CDC45/RRM2/EME1/CDKN3/NEK2/BUB1B/WDHD1/UBE2C/SGO1/CCNA2/TTK/CENPE/KIFC1/WDR76/E2F1/HASPIN/CCDC34/GINS4/KIF18B/MYBL2/DIAPH3/MCM10/ZNF395/CHTF18/KIF15/PKMYT1/CEP55/CDT1/DTL/NUF2"
"GOLDRATH_ANTIGEN_RESPONSE","GOLDRATH_ANTIGEN_RESPONSE",345,0.586386780476067,1.92381265907272,4.11264426761907e-11,1.08505264594016e-08,9.79999837981334e-09,1336,"tags=24%, list=7%, signal=23%","STMN1/CDC20/CCNB1/BIRC5/CCNB2/PLK1/PRC1/WEE1/ATP5IF1/IRF4/CDCA8/TRIP13/AURKA/KIF11/RAD51/KIF20A/PCNA/EZH2/CHEK1/KPNA2/CASP3/RAB11A/FEN1/IRF8/AURKB/TOP2A/BRCA1/CCNF/ECT2/PLK4/UBE2T/TMPO/MAD2L1/ITGB1/MCM4/TKTL1/ANLN/CDC6/H2AZ2/LRRC59/FYN/NCAPH/POLA1/CDC25C/RAD21/CDC45/RRM2/LAG3/S100A6/IQGAP3/MCM3/CD48/CDKN3/IL12RB1/TOPBP1/CD244/S100A4/NEK2/MKI67/LMNA/CDK1/CCNA2/RUNX2/BUB1/MAPK6/RRM1/MS4A1/TTK/LYN/KIFC1/CBX5/JCHAIN/DUSP1/HIP1R/HASPIN/PIM1/LIG1/GTSE1/ASPM/NPTN/SQLE/MCM10/KIF22/KLRK1"
"REACTOME_INFLUENZA_VIRAL_RNA_TRANSCRIPTION_AND_REPLICATION","REACTOME_INFLUENZA_VIRAL_RNA_TRANSCRIPTION_AND_REPLICATION",135,-0.754163842395785,-2.12743364936754,1.44209746869334e-10,3.65254446870649e-08,3.29891180943617e-08,1544,"tags=54%, list=9%, signal=50%","RPL28/RPS16/POM121/RPS2/RPS29/NUP42/NUP214/POLR2F/RPL36/RPL13/POLR2K/RPL32/RPL19/SEC13/NUP107/RAE1/RPS25/RPL22L1/RPL22/RPL37A/RPL39/RPL27/RPL35/RPS9/RPL10/RPL27A/RPL13A/RPL26L1/RPS6/RPL15/RPL36A/RPL34/RPL10A/RPS7/RPS27/RPL35A/RPS8/RPS27L/RPS15A/HSP90AA1/UBA52/RPL14/RPL30/RPL12/RPL8/RPS14/RPS11/RPL7A/RPL31/RPS24/RPL3/RPL23A/RPL5/RPS13/RPS12/RPL9/RPL26/POLR2A/RPS23/RPL7/RPL17/RPS3/RPS17/RPS4X/RPS20/RPL6/POLR2C/RPLP0/RPL11/RPL23/RPS27A/RPL4/RPS4Y1"
"REACTOME_RRNA_PROCESSING","REACTOME_RRNA_PROCESSING",204,-0.690451416900566,-2.01253669733527,1.7762519677198e-10,4.32585671523144e-08,3.90703519863225e-08,1797,"tags=52%, list=10%, signal=48%","UTP3/NOP2/EXOSC5/RPS5/RPL18/WDR75/TSR1/RPLP1/DHX37/MRM2/RPP30/RPL21/RPL37/RPP40/RPP38/RPL18A/DDX49/EBNA1BP2/TFB1M/EXOSC9/NOC4L/RPL41/MPHOSPH10/KRR1/LTV1/RPL28/RPS16/MTERF3/RPS2/EXOSC10/RPS29/DCAF13/UTP15/GAR1/NCL/DIMT1/RPL36/RPL13/RPL32/UTP14A/RPL19/WDR18/RPS25/GNL3/RPL22L1/RPL22/PES1/SENP3/RPL37A/EXOSC6/EXOSC8/RPL39/RPL27/RPL35/RPS9/RPL10/RBM28/RPL27A/NOP58/RPL13A/RPL26L1/RPS6/DKC1/RPL15/RPL36A/RPL34/RPL10A/RPS7/SNU13/RPS27/RPL35A/RPS8/RPS27L/RPS15A/UBA52/RPL14/RPL30/RPL12/RPL8/FTSJ3/RPS14/FBL/RPS11/RPL7A/RPL31/RPS24/RPL3/RPL23A/RPL5/RPS13/RPS12/RPL9/RPL26/RPS23/RPL7/RPL17/RPS3/RPS17/RPS4X/RPS20/RPL6/RPLP0/RPL11/RPL23/RPS27A/RPL4/RPS4Y1"
"ROSTY_CERVICAL_CANCER_PROLIFERATION_CLUSTER","ROSTY_CERVICAL_CANCER_PROLIFERATION_CLUSTER",139,0.712753715627587,2.0913321273624,1.87871061044219e-10,4.40592429085925e-08,3.97935077837522e-08,1611,"tags=47%, list=9%, signal=44%","CDC20/CCNB1/BIRC5/CCNB2/PLK1/KIF23/FOXM1/PRC1/CDCA8/TRIP13/AURKA/KIF11/SPAG5/KIF20A/PCNA/EZH2/CHEK1/KPNA2/FEN1/KIF14/AURKB/TOP2A/BRCA1/CCNF/ECT2/HELLS/TMPO/MAD2L1/HMMR/PBK/MCM4/SMC2/CDC6/MCM2/NCAPH/RRM2/TPX2/CHAF1B/NEK2/MKI67/GINS1/BUB1B/UBE2C/CDK1/CCNA2/BUB1/TTK/CENPE/KIFC1/ESPL1/E2F1/GINS4/KIF18B/ATAD2/MYBL2/GTSE1/ASPM/CCNE2/MCM10/KIF15/CEP55/DLGAP5/DTL/TYMS/RACGAP1/DBF4"
"KOBAYASHI_EGFR_SIGNALING_24HR_DN","KOBAYASHI_EGFR_SIGNALING_24HR_DN",250,0.625985423238192,1.9715587500574,2.49875595778976e-10,5.65075811597313e-08,5.10366207468864e-08,1611,"tags=37%, list=9%, signal=34%","CDC20/CCNB1/BIRC5/PLK1/KIF23/AXL/PRC1/TUBB2A/CDCA8/TRIP13/AURKA/TIMELESS/KIF11/SPAG5/RAD51/EXO1/PCNA/EZH2/KPNA2/FEN1/KIF14/AURKB/TOP2A/BRCA1/ENO2/CCNF/ECT2/HELLS/BLM/PLK4/ORC1/TMPO/MAD2L1/HMMR/TUBB/PBK/MCM4/SMC2/CDC6/MCM2/NCAPH/POLA1/MCM7/CDC45/RRM2/TPX2/NME1/CDK2/MCM6/MCM3/PAICS/CDKN3/DNAJC9/PUS7/NEK2/MKI67/GINS1/BUB1B/UBE2C/CDK1/MSH2/CCNA2/BUB1/RRM1/NT5E/TTK/CTPS1/BARD1/ESPL1/E2F1/DDX39A/KIF18B/ATAD2/MYBL2/GTSE1/ASPM/CCNE2/RFC4/MCM10/KIF15/PKMYT1/CEP55/DSCC1/NAA15/CDT1/DLGAP5/CSE1L/DTL/TYMS/CCND1/RACGAP1/POLR2D/DBF4"
"SHEDDEN_LUNG_CANCER_POOR_SURVIVAL_A6","SHEDDEN_LUNG_CANCER_POOR_SURVIVAL_A6",448,0.538260441728407,1.78346520571281,2.62193756277183e-10,5.72486505085215e-08,5.17059411199251e-08,1847,"tags=29%, list=10%, signal=27%","STMN1/CDC20/CCNB1/BIRC5/CCNB2/KIF23/FOXM1/PRC1/CCT5/CDCA8/TRIP13/AURKA/KIF11/SPAG5/CDC27/TUBA3E/EXO1/KIF20A/PCNA/EZH2/TEAD4/CHEK1/KPNA2/KIF14/AURKB/TOP2A/HELLS/PLK4/ORC1/UBE2N/MAD2L1/HMMR/RAD54L/NCBP1/PBK/MCM4/SMC2/PSMA7/CDC6/NSD2/PRKAA2/NCAPH/CDC25C/CCNE1/CDC45/RRM2/ACTR3/TPX2/NME1/MCM6/RIPK2/PAICS/NUP37/CDKN3/MUC16/PSMA5/DNAJC9/NEK2/PITX1/MKI67/GINS1/BUB1B/WDHD1/UBE2C/ATP2B1/CDK1/DNAJA1/LDHC/ITCH/CCNA2/H2BC11/BUB1/DNM1L/GNAI3/PAX8/WASF1/TTK/CENPE/CBX5/WDR76/KLRC1/PKP2/TCP1/YME1L1/GINS4/AGPAT5/KIF18B/ATAD2/MYBL2/GTSE1/SEC23A/ASPM/RUVBL2/PPID/CCNE2/RFC4/MCM10/PTBP3/KLC1/IPO5/KIF15/RASAL2/GABPB1/TUBA3C/CEP55/CDT1/DLGAP5/SLC9A2/PSMD12/DGUOK/CSE1L/POMT2/PRKDC/PHTF2/DTL/TYMS/PFN2/RACGAP1/DBF4/RAB22A/SCD/VANGL1/MCM5/NCAPG/R3HDM1/ERO1A/PSMB2/SLC16A1/KIF4A/UBE2K"
"ISHIDA_E2F_TARGETS","ISHIDA_E2F_TARGETS",52,0.866434877576163,2.17986824085234,3.81650877450951e-10,8.05537785339807e-08,7.27547093751234e-08,1088,"tags=63%, list=6%, signal=60%","STMN1/CDC20/CCNB1/CCNB2/PRC1/TRIP13/RAD51/PCNA/EZH2/KPNA2/FEN1/AURKB/TOP2A/CDCA7/UBE2T/ANLN/SMC2/NCAPH/MCM7/CCNE1/RRM2/CDK2/MCM3/RPA1/MKI67/CDK1/SGO1/CCNA2/BUB1/RRM1/KIFC1/RB1/LIG1"
"CHIANG_LIVER_CANCER_SUBCLASS_PROLIFERATION_UP","CHIANG_LIVER_CANCER_SUBCLASS_PROLIFERATION_UP",172,0.676475432491305,2.05323075133243,5.96421902404797e-10,1.15338222932685e-07,1.04171387637278e-07,2147,"tags=37%, list=12%, signal=33%","CDC20/CCNB1/BIRC5/CCNB2/KIF23/FOXM1/PRC1/TRIP13/AURKA/KIF11/FAM118A/KIF20A/EZH2/FEN1/KIF14/AURKB/TOP2A/CDCA7/ECT2/HELLS/TSC1/MAD2L1/PBK/SLAMF8/ANLN/CDC6/MCM2/CCNE1/TPX2/TMED3/CDKN3/NEK2/MKI67/BUB1B/UBE2C/CDK1/SEL1L3/CCNA2/WASF1/TTK/CENPE/BARD1/KIF18B/ASPM/RFC4/CEP55/DSCC1/DLGAP5/BCAT1/MMP9/DTL/NUF2/RACGAP1/ZNF532/DDR1/KIF4A/BACE2/NCEH1/PNMA1/SYNJ2/CDCA7L/FANCI/HK2/KIF2C"
"REACTOME_METABOLISM_OF_AMINO_ACIDS_AND_DERIVATIVES","REACTOME_METABOLISM_OF_AMINO_ACIDS_AND_DERIVATIVES",352,-0.611290416733537,-1.87492405040308,6.01099393047792e-10,1.15338222932685e-07,1.04171387637278e-07,2498,"tags=33%, list=14%, signal=29%","CKM/RPS5/RPL18/PSMA2/TXNRD1/CKMT2/PSMB6/NMRAL1/RPLP1/ECHS1/BCKDK/CPS1/PYCR1/RPL21/DUOX2/SLC25A13/RPL37/SEPSECS/RPL18A/PHGDH/GSTZ1/OGDH/PSMC5/RPL41/BCKDHA/ACADSB/AANAT/PSMC6/DUOX1/RPL28/SARS1/GLUD2/PSMD8/RPS16/EEFSEC/RPS2/RPS29/PSMD13/PSMD7/RPL36/RPL13/RPL32/ASPG/DCT/EEF1E1/RPL19/PSMC3/RPS25/PSMA4/AIMP1/RPL22L1/RPL22/PSMB5/PSMA6/RPL37A/RPL39/RPL27/RPL35/ALDH4A1/RPS9/SECISBP2/RPL10/RPL27A/RPL13A/RPL26L1/PSMC1/RPS6/RPL15/RPL36A/RPL34/RPL10A/RPS7/RPS27/QARS1/RPL35A/RPS8/CBS/PSMC4/RPS27L/RPS15A/SHMT1/UBA52/RPL14/RPL30/RPL12/RPL8/RPS14/RPS11/RPL7A/RPL31/RPS24/TXN2/QDPR/RPL3/RPL23A/RPL5/RPS13/RPS12/MARS1/RPL9/RPL26/RPS23/RPL7/RPL17/RPS3/RPS17/RPS4X/RPS20/RPL6/RPLP0/RPL11/RPL23/RPS27A/RPL4/RPS4Y1"
"LINDGREN_BLADDER_CANCER_CLUSTER_3_UP","LINDGREN_BLADDER_CANCER_CLUSTER_3_UP",320,0.57294444761849,1.85886742362802,5.95182291674813e-10,1.15338222932685e-07,1.04171387637278e-07,1995,"tags=30%, list=11%, signal=27%","STMN1/CCNB1/BIRC5/CCNB2/PLK1/KIF23/PRC1/MAPRE1/CDCA8/TRIP13/AURKA/KIF11/RAD51/EXO1/PCNA/EZH2/KPNA2/KIF14/TOP2A/BRCA1/PLK4/ORC1/RBBP4/RBBP7/TMPO/MAD2L1/ALDH9A1/RAD54L/MCM4/KPNA4/CDC6/H2AZ2/PLAAT3/COPB2/CCNE1/CDC45/RRM2/TEAD2/CDK2/CHAF1B/MCM6/PPM1D/PEBP1/ANKRD27/NEK2/ERBB2/WDHD1/UBE2C/CDK1/MSH2/BUB1/CENPE/KIFC1/CTPS1/E2F1/AFDN/TFRC/LIG1/ACOX1/ITPR1/ATAD2/HSPD1/MYBL2/MCM8/UBA2/RFC4/ATP6V1C1/IDH2/SEC23B/RGS16/DAPK1/CEP55/RHPN2/CDT1/DLGAP5/ZNF148/PRDX1/RAD18/TYMS/RACGAP1/DBF4/PRSS3/BCAR3/MCM5/MRPS12/GPA33/KIF4A/FAF1/NCEH1/XPOT/MELK/DYNC2I2/ING1/CENPU/ASS1"
"ZHOU_CELL_CYCLE_GENES_IN_IR_RESPONSE_24HR","ZHOU_CELL_CYCLE_GENES_IN_IR_RESPONSE_24HR",125,0.727594404018058,2.10135559563556,6.57008341339447e-10,1.22358141687099e-07,1.10511650727468e-07,1576,"tags=42%, list=9%, signal=39%","CDC20/CCNB1/BIRC5/CCNB2/KIF23/PRC1/CDCA8/TRIP13/TIMELESS/KIF11/SPAG5/EXO1/KIF20A/PCNA/EZH2/KPNA2/TOP2A/UBE2T/MAD2L1/HMMR/RAD54L/ANLN/SMC2/H2AZ2/MCM2/MCM7/CDK2/MCM3/PAICS/CDKN3/TOPBP1/DNAJC9/NEK2/UBE2C/CDK1/CCNA2/BUB1/TTK/KIFC1/E2F1/FBLN1/MYBL2/ODF2/MCM8/ASPM/RFC4/KIF22/CEP55/POLD1/DLGAP5/CSE1L/NUF2/RACGAP1"
"BASAKI_YBX1_TARGETS_UP","BASAKI_YBX1_TARGETS_UP",279,0.604070041052781,1.93484069942566,7.60850806040399e-10,1.37648780109937e-07,1.24321877570451e-07,1562,"tags=27%, list=9%, signal=25%","RND3/CDC20/CCNB1/BIRC5/CCNB2/PLK1/KIF23/AXL/PRC1/TUBB2A/FBN1/YWHAH/CDCA8/TRIP13/AURKA/PMEPA1/RAD51/GLI2/KIF20A/CHEK1/NFKBIA/KPNA2/FEN1/AURKB/MAD2L1/LAMC2/CAV1/PBK/MCM4/ANLN/SMC2/CDC6/NSD2/H2AZ2/MCM2/WDR77/MCM7/RHOD/HTATIP2/TPX2/CDK2/MCM3/CDKN3/MTHFD1/DNAJC9/S100A3/NEK2/MKI67/GINS1/BUB1B/WDHD1/UBE2C/CDK1/CCNA2/BUB1/CTPS1/ESPL1/DKK3/DDX39A/DPYSL3/DIAPH3/GTSE1/ASPM/MAP1B/MCM10/KLC1/E2F7/KIF22/CEP55/GART/PRKDC/DTL/TYMS/NUF2"
"GRAHAM_NORMAL_QUIESCENT_VS_NORMAL_DIVIDING_DN","GRAHAM_NORMAL_QUIESCENT_VS_NORMAL_DIVIDING_DN",89,0.773135421998987,2.14901236724863,1.63959123132113e-09,2.88385879909039e-07,2.60464887712506e-07,1733,"tags=49%, list=10%, signal=45%","CDC20/BIRC5/CCNB2/PRC1/TRIP13/KIF11/PCNA/CHEK1/FEN1/TOP2A/MAD2L1/MCM4/SMC2/CDC6/MCM2/CCNE1/CDC45/RRM2/MCM6/CDKN3/GINS1/BUB1B/CDK1/MSH2/AQP3/CCNA2/BUB1/RRM1/KIF18B/NPM3/CCNE2/RFC4/MCM10/KIF15/CEP55/DSCC1/DLGAP5/CSE1L/DTL/TYMS/RACGAP1/CPA3/MCM5/NCAPG"
"CROONQUIST_NRAS_SIGNALING_DN","CROONQUIST_NRAS_SIGNALING_DN",70,0.81067994831304,2.15469299840131,1.99548867862702e-09,3.41498224677468e-07,3.08434992631027e-07,1404,"tags=54%, list=8%, signal=50%","STMN1/CDC20/CCNB1/CCNB2/PLK1/FOXM1/WEE1/TRIP13/AURKA/KIF11/SPAG5/CHEK2/PCNA/CHEK1/AURKB/TOP2A/PLK4/MCM4/SMC2/CDC6/MCM2/NCAPH/CDC25C/MCM7/TPX2/MCM3/CDKN3/MKI67/GINS1/BUB1B/UBE2C/CDK1/CCNA2/GNAI1/MYBL2/KIF22/POLD3/POLD1"
"MARKEY_RB1_ACUTE_LOF_UP","MARKEY_RB1_ACUTE_LOF_UP",231,0.621549680266903,1.93485063943784,2.59941596246166e-09,4.33144786165981e-07,3.91208502051364e-07,1576,"tags=34%, list=9%, signal=31%","STMN1/CCNB1/BIRC5/CCNB2/PLK1/KIF23/PRC1/TRIP13/AURKA/KIF11/RAD51/HNRNPC/KIF20A/PCNA/KPNA2/BRCA1/CCNF/ECT2/UBE2T/RBBP4/VCAN/TMPO/MAD2L1/TUBB/CAV1/MCM4/ANLN/GAS6/SMC2/ARCN1/CDC6/H2AZ2/POLA1/CDC25C/TRIM37/MCM7/RAD21/CDC45/RRM2/CDK2/CHAF1B/XPO1/IQGAP3/MCM3/CDKN3/PARP1/TOPBP1/DNAJC9/S100A3/NEK2/MKI67/CDK1/CCNA2/BUB1/ILF3/LMO7/PTGIS/CBX5/E2F1/HIP1R/HNRNPR/RCL1/WAC/FBLN1/HSPD1/NIPBL/RFC4/IDH2/KIF22/IPO5/CDT1/DLGAP5/CSE1L/CIP2A/DTL/TYMS/SEMA3C/RACGAP1"
"REACTOME_SIGNALING_BY_ROBO_RECEPTORS","REACTOME_SIGNALING_BY_ROBO_RECEPTORS",201,-0.678836486808093,-1.97978309890625,2.73162634861264e-09,4.43504052292698e-07,4.00564803023278e-07,1544,"tags=43%, list=9%, signal=40%","RPL28/PSMD8/RPS16/NTN1/RPS2/RPS29/PSMD13/PSMD7/RPL36/RPL13/RPL32/EIF4G1/RPL19/PSMC3/RBX1/SLIT3/RPS25/PSMA4/NCBP2/RPL22L1/RPL22/PSMB5/PSMA6/RPL37A/RPL39/RPL27/RPL35/RPS9/RPL10/EIF4A3/RPL27A/RPL13A/RPL26L1/PSMC1/RPS6/PABPC1/RPL15/RPL36A/RPL34/RPL10A/RPS7/RPS27/RPL35A/PRKACA/RPS8/PSMC4/PPP3CB/RPS27L/RPS15A/CAP2/UBB/UBA52/RPL14/RPL30/RPL12/RPL8/RPS14/RPS11/RPL7A/RPL31/RPS24/PRKACG/RAC1/RPL3/RPL23A/RPL5/RPS13/RPS12/RPL9/RPL26/RPS23/RPL7/SRC/RPL17/RPS3/ABL1/RPS17/RPS4X/RPS20/RPL6/RPLP0/RPL11/RPL23/RPS27A/UBC/RPL4/RPS4Y1"
"WINNEPENNINCKX_MELANOMA_METASTASIS_UP","WINNEPENNINCKX_MELANOMA_METASTASIS_UP",159,0.670669760867465,2.01092885132294,4.08371766196496e-09,6.46452505889054e-07,5.83864159406727e-07,1576,"tags=35%, list=9%, signal=32%","HSPA5/CCNB1/BIRC5/CCNB2/HSPA4/PRC1/CCT5/CDCA8/AURKA/TIMELESS/KIF11/SPAG5/EXO1/PCNA/CHEK1/KPNA2/TOP2A/ECT2/UBE2T/CNN3/RAD54L/NCBP1/MCM4/ANLN/ARF4/SMC2/SMARCA5/CDC6/NSD2/H2AZ2/NCAPH/CDC45/RRM2/NME1/MCM6/XPO1/PAICS/CDKN3/NEK2/CDK1/DNAJA1/BUB1/IPO7/KIF18B/DDX18/ATAD2/HSPD1/ASPM/RFC4/CEP55/DSCC1/DLGAP5/MRPS16/TYMS/NUF2/RACGAP1"
"PUJANA_BRCA2_PCC_NETWORK","PUJANA_BRCA2_PCC_NETWORK",417,0.536797248525263,1.77160120787676,4.41106986073242e-09,6.81241325808723e-07,6.15284789559928e-07,1795,"tags=29%, list=10%, signal=27%","STMN1/CDC20/CCNB1/CCNB2/KIF23/FOXM1/MAPRE1/AURKA/TIMELESS/KIF11/SPAG5/CDC27/XRCC5/CHEK2/TRIM24/PCNA/EZH2/CHEK1/FEN1/KIF14/AURKB/TOP2A/BRCA1/CCNF/BLM/PLK4/RBBP4/TMPO/MAD2L1/HMMR/PPP1CC/RAD54L/MCM4/SMC2/CDC6/NSD2/H2AZ2/POLR2B/RBBP5/MCM2/NCAPH/POLA1/CDC25C/WDR77/MCM7/RAD21/CDC45/CDC23/RRM2/TPX2/MCM6/XPO1/MCM3/PAICS/NFYA/CDKN3/PAK2/RPA1/TOPBP1/DNAJC9/NINL/TCF7/MKI67/GINS1/BUB1B/WDHD1/UBE2C/CDK1/MSH2/FAT1/CCNA2/BUB1/RRM1/ILF3/ADK/TTK/CENPE/KIFC1/CXCR4/CTPS1/BARD1/ESPL1/E2F1/STAG2/MYB/RB1/TCP1/LIG1/POLR2G/TOX/DDX39A/ADA/RAG1/SNRPA/MYBL2/GTSE1/ALDH1A2/TBCD/PRKCQ/CCNE2/RFC4/PRKCA/KIF22/HMGN4/POLD3/POLD1/LEF1/POLE/CDT1/DLGAP5/TRRAP/PRKDC/TYMS/DBF4/ZAP70/WRN/TOP1/MCM5/STIL/CD1A/SRPK1/FDFT1"
"LEE_EARLY_T_LYMPHOCYTE_UP","LEE_EARLY_T_LYMPHOCYTE_UP",105,0.728090358486975,2.07595166523654,5.3875155683085e-09,8.12232109012605e-07,7.33593285278698e-07,1751,"tags=48%, list=10%, signal=43%","CCNB1/BIRC5/CCNB2/PRC1/AURKA/KIF11/KIF20A/KIF14/TOP2A/HELLS/UBE2T/GFI1/HMMR/TUBB/PBK/MCM4/KNL1/NSD2/MCM2/RRM2/CDKN3/NEK2/MKI67/GINS1/BUB1B/UBE2C/CDK1/BUB1/LDLRAD4/TTK/MYB/SCRN1/KIF18B/ADA/ATAD2/RAG1/DIAPH3/ASPM/MCM10/E2F7/KIF15/CEP55/DSCC1/DLGAP5/DTL/TYMS/NUF2/HMGB3/NCAPG/CD1A"
"ZHAN_MULTIPLE_MYELOMA_PR_UP","ZHAN_MULTIPLE_MYELOMA_PR_UP",45,0.871445083305439,2.1419650732048,6.45874529754717e-09,9.51087795908574e-07,8.59005219132773e-07,1576,"tags=62%, list=9%, signal=57%","CCNB1/BIRC5/CCNB2/FOXM1/PRC1/TRIP13/AURKA/EZH2/KPNA2/KIF14/TOP2A/UBE2T/RRM2/TPX2/NEK2/BUB1B/UBE2C/CDK1/TTK/CCDC34/ASPM/RFC4/MCM10/DSCC1/DLGAP5/TYMS/NUF2/RACGAP1"
"LE_EGR2_TARGETS_UP","LE_EGR2_TARGETS_UP",107,0.719761441159462,2.04880668974204,7.75772356906315e-09,1.11640694634791e-06,1.00831847250527e-06,1041,"tags=36%, list=6%, signal=35%","CDC20/CCNB1/BIRC5/CCNB2/PLK1/KIF23/PRC1/CDCA8/AURKA/KIF11/SOX2/RAD51/CADM1/KIF20A/EZH2/KPNA2/TOP2A/ECT2/PLK4/UBE2T/MAD2L1/MCM4/SMC2/NCAPH/MCM7/RRM2/IQGAP3/DNAJC9/MKI67/CORO1C/CDK1/SH3GL3/CCNA2/BUB1/EZR/RRM1/CXCR4/CHL1/MCAM"
"SENGUPTA_NASOPHARYNGEAL_CARCINOMA_UP","SENGUPTA_NASOPHARYNGEAL_CARCINOMA_UP",298,0.570469312747141,1.83415962731656,8.02700294168003e-09,1.12948850281595e-06,1.02013349665842e-06,1932,"tags=27%, list=11%, signal=25%","COL3A1/FN1/KIF23/FKBP5/PRC1/FBN1/CASK/KIF11/PRNP/PCNA/EZH2/CHEK1/NFKBIA/AKT3/TOP2A/CDCA7/CCNF/ECT2/HELLS/COL4A2/VCAN/TMPO/MAD2L1/PBK/MCM4/ANLN/KNL1/CAPRIN1/GATA6/LAMC1/RRM2/XPO1/ACTA2/ADAMTS2/GAD1/DNAJC9/IDH1/CPAP/GZMH/GINS1/BUB1B/ITGAV/WDHD1/CDK1/INHBA/ERAP1/CCNA2/RRM1/TTK/CENPE/TFRC/ANKRD22/KIF18B/ATAD2/DIAPH3/MCM8/CCNE2/HOXC6/NUP58/IPO5/KIF15/CEP55/DSCC1/GART/DLGAP5/TIGAR/PRKDC/DTL/TYMS/FZD7/NUF2/RACGAP1/DBF4/COL8A1/NCAPG/CTSC/MBTD1/ASCC3/EFNB2/DOCK7/MELK"
"REACTOME_RIBOSOME_QUALITY_CONTROL_RQC_COMPLEX_EXTRACTS_AND_DEGRADES_NASCENT_PEPTIDE","REACTOME_RIBOSOME_QUALITY_CONTROL_RQC_COMPLEX_EXTRACTS_AND_DEGRADES_NASCENT_PEPTIDE",102,-0.76083458464406,-2.05854789899129,8.62285822607634e-09,1.18695518016338e-06,1.07203635565842e-06,1544,"tags=54%, list=9%, signal=50%","RPL28/PSMD8/PSMD13/PSMD7/RPL36/RPL13/UBE2D2/RPL32/RPL19/PSMC3/RBX1/PSMA4/RPL22L1/RPL22/PSMB5/PSMA6/RPL37A/RPL39/RPL27/RPL35/RPL10/RPL27A/RPL13A/RPL26L1/PSMC1/RPL15/RPL36A/VCP/RPL34/UBE2D1/RPL10A/RPL35A/PSMC4/UBB/UBA52/RPL14/RPL30/RPL12/RPL8/RPL7A/RPL31/RPL3/RPL23A/RPL5/RPL9/RPL26/RPL7/RPL17/RPL6/RPLP0/RPL11/RPL23/RPS27A/UBC/RPL4"
"BENPORATH_PROLIFERATION","BENPORATH_PROLIFERATION",146,0.67891620031246,2.00600657365966,9.02142970840295e-09,1.21539772156612e-06,1.0977251423461e-06,1816,"tags=40%, list=10%, signal=36%","STMN1/BIRC5/CCNB2/PRC1/AURKA/SPAG5/RAD51/EXO1/PCNA/EZH2/KPNA2/TOP2A/CDCA7/SUV39H2/UBE2T/S100A9/MAD2L1/RAD54L/PBK/ANLN/H2AZ2/MCM2/RRM2/RIT1/CHAF1B/MCM3/CDKN3/PARP1/SMAD2/ANKRD27/NEK2/CDK1/MSH2/BUB1/TTK/CENPE/CTPS1/TFRC/ATAD2/MYBL2/PPIL1/ASPM/RFC4/RDX/IDH2/A1BG/PKMYT1/GART/CDT1/CSE1L/DTL/TYMS/NUF2/RACGAP1/DBF4/NCAPG/SRPK1/CSTB"
"POOLA_INVASIVE_BREAST_CANCER_UP","POOLA_INVASIVE_BREAST_CANCER_UP",263,0.586501381969494,1.86958170567009,1.08789978879258e-08,1.43512113804888e-06,1.29617534046274e-06,2090,"tags=29%, list=12%, signal=26%","FN1/CDC20/BIRC5/CCNB2/PRC1/VCAM1/TRIP13/AURKA/KIF11/KIF20A/IRF8/TOP2A/RGS4/BLM/VCAN/MAD2L1/PBK/MCM4/SLAMF8/CD163/HLA-DMB/CEACAM6/RRM2/ITK/TPX2/CD2/CD48/CDKN3/AIF1/LCP2/NEK2/CD79B/GINS1/BUB1B/GDF15/SLA/CDK1/INHBA/CCNA2/CD79A/MS4A1/BANK1/CHIT1/CYTIP/CD40/KMO/CXCR4/CD6/ASPM/SQLE/CCDC88A/CCNE2/KIF15/RGS16/PRKCB/CEP55/DSCC1/CCR7/PTPRC/DLGAP5/FKBP11/BCAT1/MMP9/DTL/TYMS/COL10A1/MMP11/NCAPG/CTSC/PIGR/MELK/TRAF1/CENPU/CALCRL/FANCI/CD1E"
"ODONNELL_TFRC_TARGETS_DN","ODONNELL_TFRC_TARGETS_DN",121,0.712588146886665,2.05848959933193,1.20936106313648e-08,1.53467502476366e-06,1.38609060237739e-06,1445,"tags=38%, list=8%, signal=35%","CDC20/CCNB1/VSNL1/BIRC5/PLK1/FOXM1/FKBP5/PRC1/AURKA/KIF11/KIF20A/KIF14/AURKB/TOP2A/ECT2/HELLS/PLK4/HMMR/ANLN/CDC6/NSD2/NCAPH/RRM2/TTC9B/CDKN3/NFIA/MKI67/TAF5/BUB1B/CASP14/CDK1/ANKRD50/CCNA2/BUB1/SIX3/TTK/CENPE/TFRC/ZFAND4/MYBL2/DIAPH3/GTSE1/ASPM/HSPH1/CEP55/DLGAP5"
"HOFFMANN_LARGE_TO_SMALL_PRE_BII_LYMPHOCYTE_UP","HOFFMANN_LARGE_TO_SMALL_PRE_BII_LYMPHOCYTE_UP",151,0.6732675821101,1.99951123441347,1.21184067021767e-08,1.53467502476366e-06,1.38609060237739e-06,1348,"tags=40%, list=8%, signal=37%","STMN1/CDC20/CCNB1/CCNB2/KIF23/PRC1/TRIP13/AURKA/RAD51/KIF20A/NEDD4/LDHA/KPNA2/CASP3/FEN1/AURKB/TOP2A/ECT2/HELLS/PLK4/UBE2T/PPP2CA/TMPO/TUBB/RAD54L/ANLN/SMC2/HOXC5/NCAPH/POLA1/CDC25C/CCNE1/CDC45/RRM2/CHAF1B/MCM6/XPO1/CDKN3/PIH1D1/RPA1/TUBB3/NEK2/MKI67/WDHD1/UBE2C/CDK1/SGO1/CCNA2/BUB1/RRM1/TTK/CENPE/KIFC1/CBX5/LIG1/GSN/COIL/MCM10/KIF22/IPO5"
"BURTON_ADIPOGENESIS_3","BURTON_ADIPOGENESIS_3",100,0.735720321659728,2.07829673535186,1.59134727144483e-08,1.97576684760561e-06,1.78447672358302e-06,906,"tags=41%, list=5%, signal=39%","CDC20/CCNB1/BIRC5/CCNB2/PLK1/PRC1/CDCA8/AURKA/KIF11/RAD51/KIF20A/PCNA/EZH2/KPNA2/FEN1/TOP2A/CDCA7/BRCA1/CCNF/HELLS/VCAN/MAD2L1/MCM4/GAS6/SMC2/HGF/CDC6/MCM2/NCAPH/POLA1/KLF5/MCM7/CDC45/RRM2/MCM3/TOPBP1/MKI67/CDK1/BUB1/RRM1/TTK"
"SARRIO_EPITHELIAL_MESENCHYMAL_TRANSITION_UP","SARRIO_EPITHELIAL_MESENCHYMAL_TRANSITION_UP",162,0.658427459353897,1.97959144385497,1.80807373900513e-08,2.20167748372701e-06,1.98851510607588e-06,1548,"tags=37%, list=9%, signal=34%","STMN1/CCNB1/PLK1/KIF23/FOXM1/PRC1/YWHAH/KIF11/RAD51/EXO1/KIF20A/PCNA/TOP2A/CDCA7/BRCA1/ECT2/HELLS/BLM/PLK4/UBE2T/VCAN/TMPO/MAD2L1/HMMR/TUBB/MCM4/ANLN/CDC6/MCM2/MCM7/CDC45/RRM2/CDK2/MCM6/MCM3/NUP155/H4C11/TUBB3/MKI67/BUB1B/CDK1/MSH2/CCNA2/BUB1/NT5E/CENPE/BARD1/ESPL1/E2F1/GDA/ASPM/RFC4/IDH2/POLD3/PKMYT1/CEP55/DSCC1/DTL/TYMS/CCND1"
"HSIAO_HOUSEKEEPING_GENES","HSIAO_HOUSEKEEPING_GENES",384,-0.563608437440967,-1.74716600546227,1.97759757829716e-08,2.36266940863729e-06,2.13392008796196e-06,1947,"tags=36%, list=11%, signal=33%","UQCRH/AARS1/C1QBP/LGALS1/UQCRB/DVL3/LAMP1/SET/SSB/SEC61B/RPL41/ARF1/TRIM28/NFIB/YBX1/RPL28/SARS1/PSMD8/RPS16/SF1/RPS2/NCSTN/TAGLN2/RPS29/BCAP31/ZFP36/IFITM3/NCL/GPS2/PSMD7/ILK/ATP5F1A/GNB1/CTDSP2/RPL13/IRAK1/FKBP4/RPL32/NCOR2/MLH1/SF3B2/APEX1/MSN/HMGB1/DSTN/MYH9/RPL19/JUNB/DYNLL1/ARF3/NACA/PFDN5/EEF1B2/SNRPN/PCBP2/PHB2/RPS25/NONO/JUND/VDAC2/PSMB5/PTPN6/ENO1/ARAF/RPL37A/RPL39/TXN/COPS6/RPL27/H3-3A/RPL35/ACTB/SRP14/FUS/NAP1L1/YWHAQ/STAT3/RPS9/EIF4A3/H2AZ1/RPL27A/ARL6IP1/RPL13A/HMGN2/PSMC1/RPS6/PAX6/PABPC1/EIF4A2/RPL36A/RPL34/EIF3F/CD74/RPL10A/TPT1/RPS7/RPS27/QARS1/RPL35A/RPS8/RPS15A/HSP90AB1/CTNNB1/HSP90AA1/UBB/UBA52/PPIA/RPL14/RPL12/HNRNPA1/RPL8/RPS14/CSNK2B/FBL/UBA1/RPS11/NPM1/RPL7A/RPL31/EIF4A1/RAC1/RPL3/DDX5/RPS23/RPL7/RPL17/EEF1A1/DDX39B/RPS3/RPS17/RACK1/HNRNPL/RPL6/EEF1G/RPLP0/RPL11/RPL23/RPS27A/UBC/RPL4"
"REACTOME_INFLUENZA_INFECTION","REACTOME_INFLUENZA_INFECTION",157,-0.704133282589545,-2.00915614746233,3.14919312836519e-08,3.69272053496452e-06,3.33519810261366e-06,1544,"tags=51%, list=9%, signal=47%","RPL28/RPS16/POM121/RPS2/RPS29/NUP42/NUP214/POLR2F/RPL36/MLKL/RPL13/POLR2K/RPL32/RPL19/SEC13/NUP107/RAE1/RPS25/RPL22L1/KPNB1/RPL22/CALR/KPNA5/RPL37A/RPL39/RPL27/RPL35/RPS9/RPL10/RPL27A/RPL13A/RPL26L1/RPS6/RPL15/RPL36A/RPL34/RPL10A/RPS7/RPS27/RPL35A/HSPA1A/RPS8/KPNA7/ISG15/RPS27L/RPS15A/HSP90AA1/UBA52/RPL14/RPL30/RPL12/RPL8/RPS14/RPS11/RPL7A/RPL31/RPS24/RPL3/RPL23A/RPL5/RPS13/RPS12/RPL9/RPL26/POLR2A/RPS23/RPL7/RPL17/RPS3/RPS17/RPS4X/RPS20/RPL6/POLR2C/RPLP0/RPL11/RPL23/RPS27A/RPL4/RPS4Y1"
"LINDGREN_BLADDER_CANCER_CLUSTER_1_DN","LINDGREN_BLADDER_CANCER_CLUSTER_1_DN",367,0.529072491089911,1.73355336743015,5.89414244990338e-08,6.78576545323422e-06,6.12878008235887e-06,1474,"tags=21%, list=8%, signal=20%","STMN1/CCNB1/BIRC5/NES/CCNB2/PLK1/KIF23/PRC1/CDCA8/TRIP13/AURKA/KIF11/RAD51/EXO1/EZH2/KPNA2/BIRC3/KIF14/TOP2A/CDCA7/BRCA1/ENO2/PLK4/ORC1/COL4A2/TMPO/LAMA4/RAD54L/CDC6/NSD2/FYN/EBF1/CCNE1/CDC45/RRM2/TEAD2/CHAF1B/MCM6/DNM1/S100A4/NEK2/ERBB2/WDHD1/UBE2C/SEC24A/CDK1/BUB1/GNL3L/ILF3/CENPE/KIFC1/CTPS1/ALDH8A1/E2F1/STAG2/FILIP1L/MCAM/TFRC/ATAD2/HSPD1/MYBL2/MCM8/GTSE1/SQLE/RFC4/IDH2/NR4A1/VDAC1/RGS16/ITSN2/DAAM2/POLE/CDT1/DLGAP5/ZNF148/ABCF2/CGN"
"ALCALAY_AML_BY_NPM1_LOCALIZATION_DN","ALCALAY_AML_BY_NPM1_LOCALIZATION_DN",183,0.618458463436024,1.88571589818015,6.63218948629553e-08,7.49911139771844e-06,6.77306118027135e-06,1845,"tags=30%, list=10%, signal=27%","CDC20/CCNB1/BIRC5/CCNB2/KIF23/FOXM1/GNB5/EXO1/CHEK1/CCNF/RAD23B/KCNIP2/MAD2L1/HMMR/MCM4/GNG7/HGF/CDC6/CORO2A/MCM2/NCAPH/CDC25C/TRIB2/RRM2/TPX2/CD48/CDKN3/MTHFD1/IL1R2/RPA1/MKI67/UBE2C/CCNA2/WASF1/ABCB1/BANK1/KIFC1/SIDT1/PAK6/MN1/NNT/MCM10/IDH2/POLD1/ITGA9/POLE/DLGAP5/IFITM1/TYMS/EVL/GPX7/MECR/GPA33/KIF4A/TESC"
"FISCHER_G2_M_CELL_CYCLE","FISCHER_G2_M_CELL_CYCLE",233,0.574678728878169,1.78865212871104,1.34456473582919e-07,1.49364629952113e-05,1.34903420309511e-05,1688,"tags=31%, list=9%, signal=28%","CDC20/CCNB1/BIRC5/CCNB2/PLK1/KIF23/FOXM1/PRC1/WEE1/CDCA8/TRIP13/AURKA/KIF11/SPAG5/CDC27/CHEK2/KIF20A/KPNA2/BIRC3/KIF14/AURKB/TOP2A/CCNF/ECT2/PLK4/TMPO/MAD2L1/HMMR/TUBB/PBK/ANLN/E2F5/H2AZ2/FYN/NCAPH/CDC25C/RAD21/LAMC1/TPX2/IQGAP3/NUP37/EIF4E/NEK2/MKI67/BUB1B/UBE2C/CDK1/UBE2G1/SGO1/CCNA2/BUB1/TTK/CENPE/KIFC1/PIF1/ESPL1/KIF18B/GTSE1/ASPM/CNTROB/KIF22/KIF15/CEP55/ARL4A/KIF5B/NUF2/RACGAP1/DBF4/CEP350/VANGL1/HMGB3/BCAR3"
"LI_WILMS_TUMOR_VS_FETAL_KIDNEY_1_DN","LI_WILMS_TUMOR_VS_FETAL_KIDNEY_1_DN",160,0.634687969241296,1.90931181130174,1.83926614574636e-07,2.00797124739068e-05,1.81356315242105e-05,1197,"tags=31%, list=7%, signal=29%","STMN1/CDC20/CCNB2/KIF23/TRIP13/AURKA/TIMELESS/KIF11/SPAG5/CADM1/XRCC5/PCNA/EZH2/KPNA2/FEN1/KIF14/AURKB/TOP2A/BRCA1/BLM/PLK4/MAD2L1/PRPF40A/MCM2/CDC25C/TPX2/NME1/CDK2/NELL2/MCM6/CDKN3/PARP1/TOPBP1/DNAJC9/PPP2R2A/MKI67/TAF5/BUB1B/CDK1/MSH2/RRM1/TTK/KIFC1/CXCR4/CBX5/MN1/ESPL1/SCRN1/SIX1/ZNF423"
"BLUM_RESPONSE_TO_SALIRASIB_DN","BLUM_RESPONSE_TO_SALIRASIB_DN",337,0.529520075738531,1.7292605937306,1.9846417976704e-07,2.12995794285576e-05,1.92373931966874e-05,1546,"tags=28%, list=9%, signal=26%","STMN1/CDC20/CCNB2/PLK1/KIF23/PRC1/HDAC1/TUBB2A/TRIP13/AURKA/TIMELESS/KIF11/SPAG5/RAD51/EXO1/KIF20A/PCNA/EZH2/CHEK1/LDHA/KPNA2/COCH/FEN1/AURKB/TOP2A/BRCA1/CCNF/RGS4/PLK4/ORC1/UBE2N/RBBP7/CYB5A/TMPO/MAD2L1/HMMR/TUBB/TCF4/CNN3/PBK/SMC2/PRDX3/RIPK4/CDC6/H2AZ2/MCM2/POLA1/CDC25C/CDC45/DHCR24/RRM2/TPX2/CDK2/CHAF1B/MCM6/MCM3/CDKN3/PARP1/MTHFD1/RPA1/TOPBP1/NEK2/MKI67/LMNA/BUB1B/UBE2C/CDK1/MSH2/CCNA2/MYCBP/SLC27A2/BUB1/RRM1/TTK/NPAT/BARD1/ESPL1/E2F1/HNRNPR/LIG1/DDX39A/DPYSL3/MYBL2/ABCD3/CCNE2/RFC4/KIF22/KIF15/POLD1/POLE/LTBP3/APC/CSE1L/PRKDC/TYMS"
"WHITFIELD_CELL_CYCLE_LITERATURE","WHITFIELD_CELL_CYCLE_LITERATURE",44,0.830129941743101,2.03588016851819,2.09135089994056e-07,2.20707231640394e-05,1.99338762094334e-05,986,"tags=64%, list=5%, signal=60%","CDC20/CCNB1/BIRC5/CCNB2/PLK1/AURKA/KIF20A/PCNA/TOP2A/BRCA1/CCNF/E2F5/CDC6/MCM2/CDC25C/CCNE1/CDC45/RRM2/MCM6/CDKN3/BUB1B/CDK1/MSH2/CCNA2/BUB1/RRM1/NPAT/E2F1"
"TARTE_PLASMA_CELL_VS_PLASMABLAST_DN","TARTE_PLASMA_CELL_VS_PLASMABLAST_DN",300,0.541284607709454,1.74178651113592,2.70735399008974e-07,2.81032220741775e-05,2.53823196344393e-05,1843,"tags=32%, list=10%, signal=30%","CDC20/CCNB1/HSPA4/KIF23/FOXM1/CCT5/YWHAH/TRIP13/KIF11/CDC27/TRAP1/PCNA/EZH2/KPNA2/KIF14/TOP2A/NDUFS1/CCNF/PLK4/ORC1/TMPO/MAD2L1/HMMR/ITGB1/CDC6/CAPRIN1/CCNE1/DHCR24/RRM2/NME1/MCM3/PAICS/ACTA2/CDKN3/FH/PAK2/MTHFD1/PSMA5/RPA1/TOPBP1/HSPA9/NEK2/MKI67/GINS1/UBE2C/SLA/CDK1/CCNA2/MYCBP/ACVR1/RARS1/MAPK6/RRM1/UQCRC2/TTK/CYTIP/ATP13A3/CENPE/KIFC1/CBX5/CTPS1/ESPL1/UBE2D3/RB1/NNT/CD180/TCP1/TFRC/PSMB8/DDX39A/ABCD3/RFC4/PTPN1/IDH2/KIF22/IPO5/VDAC1/PRKCB/GART/DLGAP5/NDUFV2/IQGAP1/CSE1L/PRKDC/TYMS/ATP1B3/PAPOLA/SDHB/RRP1B/TOP1/STIL/PSMB2/MYO5A/FDFT1/ITGB7/SLC16A1/OSTF1"
"WHITEFORD_PEDIATRIC_CANCER_MARKERS","WHITEFORD_PEDIATRIC_CANCER_MARKERS",115,0.688357165998393,1.97398525795157,3.11064055381831e-07,3.17686709464154e-05,2.86928864667146e-05,1731,"tags=48%, list=10%, signal=43%","STMN1/CCNB1/BIRC5/CCNB2/PRC1/CDCA8/AURKA/KIF11/PCNA/KPNA2/CDK4/KIF14/TOP2A/CDCA7/PLK4/UBE2T/TMPO/MAD2L1/PBK/MCM4/TWIST1/NSD2/NCAPH/MCM7/ADGRL3/CDC45/RRM2/TPX2/NME1/CDK6/NEK2/MKI67/UBE2C/CDK1/CCNA2/BUB1/ILF3/TTK/CENPE/ESPL1/E2F1/CCDC34/MEX3B/ATAD2/MYBL2/RFC4/DLGAP5/BCAT1/CCNT1/TYMS/NUF2/DBF4/HMGB3/GPX7/MCM5"
"MORI_IMMATURE_B_LYMPHOCYTE_DN","MORI_IMMATURE_B_LYMPHOCYTE_DN",89,0.72067540429932,2.00319415272267,3.71523205905124e-07,3.73410307903372e-05,3.37257406463248e-05,1176,"tags=45%, list=7%, signal=42%","STMN1/CDC20/CCNB1/CCNB2/PRC1/RAD51/PCNA/EZH2/CHEK1/KPNA2/TOP2A/CDCA7/RBBP4/TMPO/TUBB/RAD54L/IGLL5/SMC2/SMARCA5/H2AZ2/MCM2/NCAPH/MCM7/CDC45/RRM2/MCM6/IQGAP3/MCM3/CDKN3/NEK2/MKI67/UBE2C/CDK1/CCNA2/RRM1/TTK/KIFC1/LIG1/GSN/RAG1"
"CONCANNON_APOPTOSIS_BY_EPOXOMICIN_DN","CONCANNON_APOPTOSIS_BY_EPOXOMICIN_DN",166,0.617795712365848,1.87172812553462,3.8709576563212e-07,3.82982873122279e-05,3.45903173466992e-05,1070,"tags=24%, list=6%, signal=23%","STMN1/CDC20/VSNL1/BIRC5/PLK1/KIF23/AURKA/CADM1/MYC/ALDH7A1/BCL11A/LDHA/AURKB/TOP2A/RGS4/VCAN/CYB5A/MAD2L1/HMMR/TWIST1/H2AZ2/ESRRG/DHCR24/PEBP1/S100A4/MKI67/UBE2C/CDK1/CCNA2/MTUS1/BUB1/PLPPR4/SIX3/KIFC1/CXCR4/CBX5/ESPL1/MYB/MAOA/TFRC"
"KEGG_CELL_CYCLE","KEGG_CELL_CYCLE",124,0.660782451006488,1.90411134602295,4.00339410241255e-07,3.89992176253481e-05,3.52233848719148e-05,1611,"tags=47%, list=9%, signal=43%","CDC20/CCNB1/CCNB2/PLK1/YWHAE/WEE1/HDAC1/YWHAH/YWHAG/CDC27/CDKN2B/CHEK2/MYC/PCNA/CHEK1/CDK4/GSK3B/ORC1/MAD2L1/SKP1/SMAD3/MCM4/E2F5/CDC6/MCM2/CDC25C/MCM7/RAD21/CCNE1/CDC45/CDC23/TP53/CDK2/MCM6/MCM3/CDK6/SMAD2/SMC1B/BUB1B/CDC14B/CDK1/CCNA2/BUB1/TTK/ESPL1/E2F1/CUL1/STAG2/RB1/CCNA1/CCNE2/YWHAZ/PKMYT1/WEE2/SMAD4/PRKDC/CCND1/DBF4"
"KEGG_OLFACTORY_TRANSDUCTION","KEGG_OLFACTORY_TRANSDUCTION",219,-0.623597960151229,-1.82565871133699,4.41716053149923e-07,4.23779704325048e-05,3.82750130265316e-05,635,"tags=5%, list=4%, signal=5%","CAMK2B/CAMK2G/CLCA4/PRKX/CAMK2A/PRKG1/CALM1/GUCA1A/PRKACA/CALML6/CALM3/PRKACG"
"REACTOME_PROCESSING_OF_CAPPED_INTRON_CONTAINING_PRE_MRNA","REACTOME_PROCESSING_OF_CAPPED_INTRON_CONTAINING_PRE_MRNA",288,-0.581886037043168,-1.75107033415445,4.64580593897419e-07,4.39063331426635e-05,3.96554024610318e-05,2759,"tags=42%, list=15%, signal=36%","CSTF3/CWC22/CPSF1/SNRPF/MAGOHB/WBP4/SRSF5/SNRNP48/THOC1/RNPC3/SRSF9/LSM5/BUD13/ALYREF/CWC15/SART1/SRRM1/SF3B3/PPWD1/POLR2I/PRPF8/GTF2F2/PRPF19/HTATSF1/SYMPK/SEH1L/TCERG1/NSRP1/NUP85/CPSF6/CPSF7/PHF5A/SRSF2/IK/U2AF1/NUP98/C9orf78/SRSF3/METTL14/DNAJC8/YBX1/PRPF6/ZMAT5/THOC2/SF1/POM121/SNW1/SNRPD3/NUP42/SNRPE/ACIN1/LENG1/NUP214/POLR2F/SNRPG/ZCRB1/TRA2B/HSPA8/RBM25/SF3B5/POLR2K/LSM3/SF3B2/LSM2/SNRPC/HNRNPH1/SEC13/ZRSR2/NUP107/HNRNPA2B1/SNRPN/PRPF4/LSM8/PPP1R10/PCBP2/RAE1/POLDIP3/NCBP2/HNRNPA3/RBM39/DHX35/CSTF2/DDX46/DHX8/SRSF10/SF3B4/FUS/PPIH/DHX9/SF3A3/U2AF2/SF3B1/SNRPD1/EIF4A3/RBMX2/PPIL2/SF3A1/PPP1CB/PPIG/SRSF1/SNU13/DDX42/UBB/UBA52/HNRNPA1/CWC27/PPIL4/PPP1CA/DHX38/DHX16/DDX5/SRSF6/POLR2A/DDX23/DDX39B/HNRNPL/POLR2C/RPS27A/UBC/HNRNPD/EFTUD2"
"JISON_SICKLE_CELL_DISEASE_DN","JISON_SICKLE_CELL_DISEASE_DN",179,-0.649023851400153,-1.87695072676334,4.99446835945889e-07,4.65073141942555e-05,4.2004561295573e-05,2135,"tags=35%, list=12%, signal=31%","RPL21/SRP19/RPL37/GPX3/TRIM32/ARHGEF7/EIF3K/MYOM2/SRSF2/TGFB1/PRICKLE3/SET/RPL41/PTPRM/RBL2/ERCC5/HSPA8/RPL13/ZNF384/DUSP2/RPL19/ERCC3/HNRNPH1/NACA/EEF1B2/EIF3D/SFPQ/IMPDH2/NONO/RPL22/PABPC4/NAP1L1/RPL13A/RPS6/EIF4A2/EIF3F/RPL10A/RPS7/RPL14/RPL30/GANAB/FBL/NPM1/EIF4B/BTF3/RPS24/EIF4A1/HNRNPDL/RPL23A/DDX5/RPL5/RPS13/SRSF6/RPL7/RPL17/EEF1A1/RPS20/RPL6/EEF1G/RPLP0/RPL11/RPS27A/RPL4"
"WP_CELL_CYCLE","WP_CELL_CYCLE",120,0.658940066477473,1.90706001131706,5.2745220457412e-07,4.84032950632367e-05,4.37169767727109e-05,1611,"tags=47%, list=9%, signal=43%","CDC20/CCNB1/CCNB2/PLK1/YWHAE/WEE1/HDAC1/YWHAH/YWHAG/CDC27/CDKN2B/CHEK2/MYC/PCNA/CHEK1/CDK4/GSK3B/ORC1/SKP1/SMAD3/MCM4/E2F5/CDC6/MCM2/CDC25C/MCM7/RAD21/CCNE1/CDC45/CDC23/TP53/CDK2/MCM6/MCM3/CDK6/SMAD2/SMC1B/CDC14B/CDK1/CCNA2/BUB1/TTK/ESPL1/E2F1/CUL1/STAG2/RB1/CCNA1/CCNE2/YWHAZ/PKMYT1/WEE2/SMAD4/PRKDC/CCND1/DBF4"
"REACTOME_CYCLIN_A_B1_B2_ASSOCIATED_EVENTS_DURING_G2_M_TRANSITION","REACTOME_CYCLIN_A_B1_B2_ASSOCIATED_EVENTS_DURING_G2_M_TRANSITION",32,0.86993900926999,2.06983664401539,5.88667624884059e-07,5.32491914395123e-05,4.80937023457909e-05,1033,"tags=50%, list=6%, signal=47%","CCNB1/CCNB2/PLK1/FOXM1/WEE1/PPP2CB/PPP2CA/TICRR/CDC25C/CDK2/XPO1/PPP2R2A/CDK1/SGO1/CCNA2/CCNA1"
"REACTOME_MRNA_SPLICING","REACTOME_MRNA_SPLICING",209,-0.622387705371415,-1.82119635563415,6.86707505988996e-07,6.12427032101736e-05,5.53132969612783e-05,2626,"tags=44%, list=15%, signal=38%","MAGOHB/WBP4/SRSF5/SNRNP48/RNPC3/SRSF9/LSM5/BUD13/ALYREF/CWC15/SART1/SRRM1/SF3B3/PPWD1/POLR2I/PRPF8/GTF2F2/PRPF19/HTATSF1/TCERG1/NSRP1/PHF5A/SRSF2/IK/U2AF1/C9orf78/SRSF3/DNAJC8/YBX1/PRPF6/ZMAT5/SF1/SNW1/SNRPD3/SNRPE/ACIN1/LENG1/POLR2F/SNRPG/ZCRB1/TRA2B/HSPA8/RBM25/SF3B5/POLR2K/LSM3/SF3B2/LSM2/SNRPC/HNRNPH1/ZRSR2/HNRNPA2B1/SNRPN/PRPF4/LSM8/PCBP2/NCBP2/HNRNPA3/RBM39/DHX35/DDX46/DHX8/SRSF10/SF3B4/FUS/PPIH/DHX9/SF3A3/U2AF2/SF3B1/SNRPD1/EIF4A3/RBMX2/PPIL2/SF3A1/PPIG/SRSF1/SNU13/DDX42/HNRNPA1/CWC27/PPIL4/DHX38/DHX16/DDX5/SRSF6/POLR2A/DDX23/DDX39B/HNRNPL/POLR2C/HNRNPD/EFTUD2"
"HORIUCHI_WTAP_TARGETS_DN","HORIUCHI_WTAP_TARGETS_DN",307,0.525989740165939,1.69364548266499,1.01522606117688e-06,8.92834919357227e-05,8.06392279294447e-05,1746,"tags=27%, list=10%, signal=25%","CDC20/CCNB1/BIRC5/CCNB2/PLK1/KIF23/FOXM1/PRC1/DNAJC10/CDCA8/TRIP13/AURKA/KIF11/SPAG5/CDC27/KIF20A/LDHA/KIF14/AURKB/TOP2A/HELLS/PEG10/RGS4/TMPO/CANX/MAD2L1/HMMR/PBK/GSR/ANLN/KNL1/H2AZ2/POLA1/HOOK3/MCM7/RRM2/TPX2/PAICS/CDKN3/SMAD2/NEK2/MKI67/BUB1B/UBE2C/CDK1/PBRM1/CCNA2/BUB1/RRM1/TTK/ARL5B/CXCR4/ESPL1/ATP2C1/SYT1/BNIP2/TMEM123/KIF18B/SNRPA/MYBL2/ABCD3/GTSE1/ASPM/SQLE/MAP1B/KIF22/CEP55/POLD1/NAA15/DLGAP5/FBXO32/TYMS/CFAP97/NUF2/ZNF106/RACGAP1/EDEM1/PAPOLA/WDFY1/MPP4/NCAPG/TFB2M"
"YAMASHITA_LIVER_CANCER_WITH_EPCAM_UP","YAMASHITA_LIVER_CANCER_WITH_EPCAM_UP",53,-0.801421915959702,-1.99837174743028,1.17101888079366e-06,0.000101573856892952,9.17396622833736e-05,790,"tags=36%, list=4%, signal=34%","MRPL3/RPL35/RPL13A/EIF3F/RPS7/HNRNPA1/RPL7A/RPL31/RPS24/RPL23A/RPS12/RPL9/RPL17/RPS3/RPS4X/RPL6/RPLP0/RPS27A/RPS4Y1"
"HOLLEMAN_ASPARAGINASE_RESISTANCE_B_ALL_UP","HOLLEMAN_ASPARAGINASE_RESISTANCE_B_ALL_UP",28,-0.888768676237041,-1.98924712096183,1.26670449370464e-06,0.000108388822353213,9.78948152816115e-05,1028,"tags=64%, list=6%, signal=61%","EIF3L/EEF1B2/NTRK3/EIF3D/H3-3A/GATA3/RPL13A/FBL/RPL7A/RPL3/RPL5/RPS3/RACK1/RPL6/EEF1G/RPLP0/RPL11/RPL4"
"WANG_RESPONSE_TO_GSK3_INHIBITOR_SB216763_DN","WANG_RESPONSE_TO_GSK3_INHIBITOR_SB216763_DN",351,0.508613462088744,1.66500101056403,1.33445582755811e-06,0.000112663657334639,0.000101755768577168,1784,"tags=26%, list=10%, signal=24%","STMN1/H3C12/KIF23/WEE1/TRIP13/HSPA4L/RAD51/EXO1/MYC/FEN1/TNF/BRCA1/HELLS/BLM/PLK4/UBE2T/H1-4/ACSL3/MAD2L1/H2AC13/RAD54L/PBK/MCM4/TICRR/SMC2/KNL1/CDC6/MCM2/POLA1/MCM7/CCNE1/CDC45/DHCR24/RRM2/CDK2/CHAF1B/MCM6/WT1/MCM3/TGFBR1/PIH1D1/PUS7/GINS1/BUB1B/DNAJA1/MSH2/SEL1L3/CCNA2/SLC27A2/BUB1/MATK/EZR/CYTIP/MTBP/CYP51A1/CTPS1/GPT2/CD180/TFRC/PIM1/GINS4/TLR2/ATAD2/CCPG1/MYBL2/DIAPH3/MCM8/SQLE/PIM2/CCNE2/MCM10/E2F7/KIF22/HSPH1/PKMYT1/MCAT/DSCC1/GART/RNF144A/CIP2A/DTL/TYMS/NUF2/SCD/HMGB3/DARS2/MCM5/NCAPG/TFB2M/NHP2/MRPS12/ERO1A/RB1CC1"
"REACTOME_SARS_COV_2_MODULATES_HOST_TRANSLATION_MACHINERY","REACTOME_SARS_COV_2_MODULATES_HOST_TRANSLATION_MACHINERY",49,-0.80958577461735,-1.98767673300943,1.57885678225748e-06,0.000131543699279663,0.000118807879473752,1542,"tags=59%, list=9%, signal=54%","SMN1/RPS16/RPS2/GEMIN2/SNRPD3/RPS29/SNRPE/SNRPG/RPS25/RPS9/SNRPD1/RPS6/RPS7/RPS27/RPS8/RPS27L/RPS15A/RPS14/RPS11/RPS24/RPS13/RPS12/RPS23/RPS3/RPS17/RPS4X/RPS20/RPS27A/RPS4Y1"
"GAVIN_FOXP3_TARGETS_CLUSTER_P6","GAVIN_FOXP3_TARGETS_CLUSTER_P6",92,0.702863541300683,1.96710844512593,1.68910634170013e-06,0.00013890157604734,0.000125453380101938,1562,"tags=38%, list=9%, signal=35%","CDC20/CCNB1/BIRC5/CCNB2/PLK1/CDCA8/AURKA/SPAG5/RAD51/KIF20A/NEDD4/H3C15/IRF8/TGFBR2/AURKB/HMMR/RAD54L/PBK/TKTL1/RRM2/TPX2/IL12RB1/NEK2/BUB1B/CDK1/CCNA2/BUB1/ABCB1/CENPE/ASPM/MCM10/CEP55/VARS2/TYMS/NUF2"
"CHICAS_RB1_TARGETS_GROWING","CHICAS_RB1_TARGETS_GROWING",237,0.550123715114276,1.71357517968822,2.06652355082817e-06,0.000167759322100564,0.000151517172087037,1370,"tags=25%, list=8%, signal=24%","COL3A1/CDC20/CCNB1/CCNB2/FOXM1/AXL/CDCA8/TIMELESS/KIF20A/RALGPS2/EZH2/KIF14/TOP2A/CDCA7/HELLS/RGS4/TMPO/HMMR/CAV1/MCM4/SMC2/KNL1/NSD2/NR2F2/MCM2/MCM7/DHCR24/TPX2/BGN/MCM6/IQGAP3/MCM3/CDKN3/ADAMTS2/DNAJC9/ALDH1L2/NEK2/LMNA/PRSS12/GINS1/BUB1B/MSH2/CCNA2/PSG5/BUB1/EZR/TTK/ATRX/CBX5/NRXN3/HAS2/TOX/DPYSL3/FBLN1/GTSE1/ASPM/CCNE2/RFC4/IDH2/PRICKLE1"
"ZHOU_CELL_CYCLE_GENES_IN_IR_RESPONSE_6HR","ZHOU_CELL_CYCLE_GENES_IN_IR_RESPONSE_6HR",83,0.71269670517237,1.9708098212798,2.32382809878569e-06,0.000185516849783256,0.00016755544849427,1744,"tags=47%, list=10%, signal=43%","CDCA8/TRIP13/TIMELESS/KIF11/RAD51/EXO1/KIF20A/EZH2/BRCA1/UBE2T/MAD2L1/RAD54L/SMC2/MCM2/MCM7/CDK2/CHAF1B/MCM6/MCM3/PAICS/TOPBP1/DNAJC9/NEK2/WDHD1/CCNA2/TTK/KIFC1/E2F1/MYBL2/RFC4/KIF22/CEP55/CDT1/DLGAP5/DTL/RACGAP1/HMGB3/MCM5/F10"
"NAKAYAMA_SOFT_TISSUE_TUMORS_PCA2_UP","NAKAYAMA_SOFT_TISSUE_TUMORS_PCA2_UP",88,0.706188926883929,1.96567136954436,2.34386417919465e-06,0.000185516849783256,0.00016755544849427,1445,"tags=40%, list=8%, signal=37%","NCAM1/CDC20/CCNB1/BIRC5/CCNB2/CDCA8/KIF11/KIF20A/TOP2A/ENO2/HMMR/TRPS1/PBK/MCM4/NCAPH/FBN2/RRM2/TPX2/CDKN3/NEK2/PITX1/MKI67/UBE2C/CDK1/INHBA/CCNA2/BUB1/CENPE/ESPL1/GTSE1/ASPM/COL9A3/CEP55/LEF1/DLGAP5"
"MITSIADES_RESPONSE_TO_APLIDIN_DN","MITSIADES_RESPONSE_TO_APLIDIN_DN",248,0.547704326444899,1.72229270876861,2.67330928563674e-06,0.000208980177736443,0.00018874710005022,1641,"tags=34%, list=9%, signal=32%","CCNB1/BIRC5/FOXM1/WEE1/CDCA8/TRIP13/AURKA/TUBA3E/CLTC/MYC/SUMO3/AKT3/RAB11A/KIF14/TOP2A/ENO2/ECT2/HELLS/BLM/TUBB/MCM4/CUL3/SMC2/ALDH5A1/NSD2/POLR2B/MCM2/NCAPH/CCNE1/DHCR24/RRM2/PRKAR2A/TPX2/PTPN11/KAT2B/PARP1/TOPBP1/NEK2/MKI67/GINS1/BUB1B/PPP1R16B/MSH2/CCNA2/BUB1/MAPK6/RRM1/TRAF3/PWWP3A/ATP13A3/CBX5/CTPS1/WDR76/CNOT1/MYB/HNRNPR/HEATR1/AGPAT5/KIF18B/PDS5B/SNRPA/MYBL2/ASPM/WSB2/RFC4/PRKCA/ZNF395/RNGTT/IPO5/POLD3/TUBA3C/NAA15/CDT1/DLGAP5/IQGAP1/TRRAP/OSBPL8/PIK3CB/CSE1L/PRKDC/TYMS/RACGAP1/PDS5A/DERL1/SCD"
"REACTOME_SARS_COV_1_MODULATES_HOST_TRANSLATION_MACHINERY","REACTOME_SARS_COV_1_MODULATES_HOST_TRANSLATION_MACHINERY",36,-0.856063985557972,-1.98860590277242,2.72518810884808e-06,0.000210437696405196,0.000190063504433525,791,"tags=61%, list=4%, signal=59%","RPS25/RPS9/RPS6/RPS7/RPS27/RPS8/RPS27L/RPS15A/HNRNPA1/RPS14/RPS11/RPS24/RPS13/RPS12/RPS23/EEF1A1/RPS3/RPS17/RPS4X/RPS20/RPS27A/RPS4Y1"
"NAKAMURA_TUMOR_ZONE_PERIPHERAL_VS_CENTRAL_UP","NAKAMURA_TUMOR_ZONE_PERIPHERAL_VS_CENTRAL_UP",268,0.538007585498657,1.7164546328516,2.80354451418121e-06,0.000213880046551752,0.000193172572549734,1852,"tags=22%, list=10%, signal=20%","RND3/NCAM1/COL3A1/FN1/VSNL1/BIRC5/CCNB2/AXL/TUBB2A/TRIP13/PMEPA1/NPHP1/PTPRK/KPNA2/KRAS/UBE2N/VCAN/TMPO/HMMR/LAMA4/TCF4/LAMC2/CAV1/PBK/G3BP2/RRM2/NME1/COL12A1/FH/TPM1/PSMC2/CDK1/INHBA/MYCBP/BACE1/EZR/CTPS1/DKK3/F2RL1/ATP5ME/DIAPH3/RFC4/MAP1B/CLN8/CEP55/NAA15/PSMD12/RACGAP1/DERL1/TACC1/MCM5/NCAPG/PSMB2/TNPO1/MED27/STAG1/IDE/KIF4A/NDUFS6"
"KEGG_SPLICEOSOME","KEGG_SPLICEOSOME",124,-0.67473064229809,-1.88481951490375,2.98098128082355e-06,0.00022470920797827,0.000202953274419979,2560,"tags=51%, list=14%, signal=44%","SRSF5/THOC1/SRSF9/LSM5/ALYREF/CWC15/SART1/SF3B3/PRPF8/PRPF19/TCERG1/PHF5A/SRSF2/U2AF1/SRSF3/PRPF6/THOC2/SNW1/SNRPD3/SNRPE/ACIN1/SNRPG/TRA2B/HSPA8/RBM25/SF3B5/LSM3/SF3B2/LSM2/SNRPC/TRA2A/PRPF4/LSM8/HSPA6/NCBP2/HNRNPA3/HNRNPA1L2/DDX46/DHX8/SRSF10/SF3B4/PPIH/SF3A3/U2AF2/SF3B1/SNRPD1/EIF4A3/SF3A1/SRSF1/SNU13/HSPA1A/DDX42/HNRNPA1/HSPA1L/DHX38/DHX16/DDX5/SRSF6/DDX23/DDX39B/EFTUD2/HSPA2/HSPA1B"
"KANG_DOXORUBICIN_RESISTANCE_UP","KANG_DOXORUBICIN_RESISTANCE_UP",54,0.774767530401799,1.94926053081384,3.09602396215822e-06,0.000230635573275128,0.000208305859893568,1401,"tags=54%, list=8%, signal=50%","CDC20/BIRC5/PLK1/FOXM1/PRC1/CDCA8/AURKA/TOP2A/PLK4/MAD2L1/HMMR/PBK/MCM4/CDC6/NSD2/RRM2/TPX2/CDKN3/MKI67/GINS1/BUB1B/CDK1/BUB1/RRM1/BARD1/ATAD2/ASPM/RFC4/DSCC1"
"PUJANA_XPRSS_INT_NETWORK","PUJANA_XPRSS_INT_NETWORK",165,0.595376651577985,1.79356706556349,4.12383444835485e-06,0.000303629299150964,0.000274232467049105,1531,"tags=33%, list=9%, signal=30%","STMN1/CDC20/FOXM1/AURKA/TIMELESS/CHEK2/PCNA/EZH2/AURKB/TOP2A/BRCA1/CCNF/BLM/PLK4/RBBP4/TMPO/MAD2L1/HMMR/PPP1CC/RAD54L/MCM4/SMC2/NSD2/H2AZ2/POLR2B/MCM2/POLA1/RAD21/MCM6/XPO1/PAICS/RPA1/TOPBP1/DNAJC9/MKI67/GINS1/UBE2C/CDK1/MSH2/CCNA2/RRM1/ILF3/KIFC1/ESPL1/RB1/DDX39A/SNRPA/MYBL2/GTSE1/RFC4/HMGN4/POLE/SEC31A/PRKDC"
"FRASOR_RESPONSE_TO_SERM_OR_FULVESTRANT_DN","FRASOR_RESPONSE_TO_SERM_OR_FULVESTRANT_DN",49,0.779066485229407,1.9463367552302,4.29344608223531e-06,0.000312483914858782,0.000282229795097211,1022,"tags=43%, list=6%, signal=41%","STMN1/CDC20/FOXM1/WEE1/AURKA/TIMELESS/KIF11/MYC/BLM/MCM2/MCM7/MCM6/MCM3/MTHFD1/UBE2C/CDK1/CCNA2/RRM1/BARD1/E2F1/MYB"
"AFFAR_YY1_TARGETS_DN","AFFAR_YY1_TARGETS_DN",250,0.539082414791165,1.69785527334744,4.59389153105915e-06,0.000330551376984847,0.00029854799866321,1813,"tags=31%, list=10%, signal=28%","STMN1/THBS2/CCNB1/BIRC5/CCNB2/PLK1/KIF23/FOXM1/PRC1/TUBB2A/TRIP13/AURKA/KIF11/SPAG5/EXO1/KIF20A/H3C14/FEN1/AURKB/TOP2A/SUV39H2/HELLS/PLK4/RBBP4/MAD2L1/HMMR/MCM4/REST/SMC2/RIPK4/CDC6/POLA1/CDC25C/MCM7/DHCR24/NR1H4/MCM6/MCM3/TGFBR1/CLEC3B/FMOD/IDH1/MKI67/BUB1B/TRIB3/ALOX15B/MSH2/CCNA2/BUB1/TTK/CENPE/CYP51A1/CYP7B1/HAS2/HASPIN/DKK3/TCP1/LIG1/DIAPH3/ASPM/SQLE/CREB1/RFC4/CHTF18/KIF22/FGF7/CDT1/BCAT1/RAD18/RACGAP1/SCD/HMGB3/MCM5/NCAPG/PTGDS/FDFT1/AXIN2"
"DACOSTA_UV_RESPONSE_VIA_ERCC3_COMMON_DN","DACOSTA_UV_RESPONSE_VIA_ERCC3_COMMON_DN",462,0.465853969069154,1.54360374719293,5.26832901616325e-06,0.000374820891352199,0.000338531419808574,2456,"tags=32%, list=14%, signal=29%","THBS2/KIF23/CASK/KIF11/PTPRK/CDC27/MYC/NEDD4/KIF14/TOP2A/BRCA1/GSK3B/PUM1/RAD23B/BLM/ROCK2/PPP2CA/ACSL3/SMAD3/PPP1R12A/DYRK1A/NR3C1/NR2F2/FYN/SPOP/TRIM37/CHD9/STAM/CDK17/CEP170/XPO1/MAP2K1/SEC24B/MTREX/TRIP12/EIF4E/CASP8/GAPVD1/NUP153/TOPBP1/PUM2/KPNA3/PPP2R2A/GINS1/BUB1B/ATP2B1/SEC24A/MSH2/UBE2G1/SMARCA2/KAT6A/FAT1/DNMBP/ACVR1/MAPK6/IPO7/LYN/PTK2/ARFGEF1/ATRX/ATP13A3/CENPE/BARD1/RBM6/CUL1/DUSP1/RB1/FILIP1L/JARID2/CHD1/TIAM1/NCOA3/RASA1/REV3L/ARHGAP29/CREB1/FOXN3/RBPJ/MAP1B/PRKCA/KIF5C/RNGTT/SCAF8/UBE3A/DAPK1/OPA1/MYO10/ITSN2/TRAPPC8/ZNF148/TRRAP/EPS15/OSBPL8/ARIH1/ANKRD17/SWAP70/PPM1B/ARID5B/SEMA3C/ATF2/PDS5A/CEP350/WRN/TRIM2/BCAR3/RPGR/MAMLD1/STIL/GBE1/R3HDM1/PJA2/PTPRA/STAG1/FNBP1L/ASCC3/ZMYM4/PHIP/FOXJ3/KAT6B/QKI/MELK/MBD2/TLE4/FCHSD2/MICAL3/PIBF1/CKAP5/IBTK/ZMYM2/CLOCK/LRPPRC/PAWR/SUZ12/PPP2R5E/TCF12/TCF7L2/RAB6A/DHX15/STARD13/FNDC3A/HIRA/CLIP1/CD2AP/CXCL12/DPYD/STAU2/NCOA1/ADAM10/UPF2"
"KONG_E2F3_TARGETS","KONG_E2F3_TARGETS",93,0.682612672193311,1.91918987937311,5.34089613269008e-06,0.000375761714579929,0.000339381154256201,843,"tags=33%, list=5%, signal=32%","CDC20/CCNB1/PLK1/PRC1/AURKA/KIF11/RAD51/KIF20A/EZH2/FEN1/TOP2A/BRCA1/CCNF/UBE2T/HMMR/RAD54L/PBK/SMC2/CDC6/NCAPH/CCNE1/TPX2/CHAF1B/IQGAP3/MCM3/H4C11/MKI67/BUB1B/UBE2C/CCNA2/BUB1"
"FOURNIER_ACINAR_DEVELOPMENT_LATE_2","FOURNIER_ACINAR_DEVELOPMENT_LATE_2",278,0.529345871735735,1.69340268158494,5.40578325295631e-06,0.000376147467667246,0.000339729559436803,1847,"tags=27%, list=10%, signal=24%","RND3/FN1/BIRC5/PLK1/FOXM1/PRC1/DNAJC10/YWHAH/TRIP13/AURKA/TIMELESS/TEAD4/LDHA/FEN1/CCNF/BLM/UBE2N/COL4A2/TMPO/LAMC2/MCM4/ACTG1/CALM2/ARF4/PRPF40A/PRDX3/CDC6/NSD2/H2AZ2/MCM2/POLA1/MCM7/CDC45/RRM2/TXNDC5/CDK2/MCM6/MCM3/PAICS/NUP37/CDKN3/MTHFD1/NUP153/DNAJC9/PPP2R2A/GINS1/TTC4/CDK1/ILF3/NT5E/DNM1L/TTK/CYP51A1/BARD1/ASPM/SQLE/SEC23B/SRSF4/PRDX1/CSE1L/PRKDC/PHTF2/DTL/RACGAP1/DBF4/SCD/BCS1L/BCAR3/RAP1GDS1/PSMB2/SRPK1/CNOT7/KIF4A/UBE2K"
"SCIAN_CELL_CYCLE_TARGETS_OF_TP53_AND_TP73_DN","SCIAN_CELL_CYCLE_TARGETS_OF_TP53_AND_TP73_DN",22,0.89334303386091,1.99537093270012,7.08590860341643e-06,0.000487695361704705,0.000440477590873701,1335,"tags=73%, list=7%, signal=67%","CDC20/CCNB1/KIF23/AURKA/MYC/CCNF/CDC25C/MCM7/TPX2/CDK2/MCM6/CDKN3/UBE2C/CCNA2/GTSE1/KIF22"
"YU_MYC_TARGETS_UP","YU_MYC_TARGETS_UP",43,0.793549258535199,1.93874182311952,7.67547428761553e-06,0.000522592507410554,0.000471996058909057,856,"tags=37%, list=5%, signal=36%","CCNB1/BIRC5/CCNB2/PLK1/AURKA/KIF20A/PCNA/KPNA2/TOP2A/ECT2/ANLN/CDKN3/MKI67/CDK1/BUB1/RRM1"
"KAUFFMANN_MELANOMA_RELAPSE_UP","KAUFFMANN_MELANOMA_RELAPSE_UP",60,0.740052033884935,1.89967665498839,7.91413168693264e-06,0.000533109381294228,0.000481494708343841,758,"tags=35%, list=4%, signal=34%","RAD51/XRCC5/CHEK2/EXO1/PCNA/CHEK1/TOP2A/BRCA1/BLM/MAD2L1/RAD54L/MCM4/SMC2/CDC6/MCM7/CDC45/RRM2/EME1/MCM6/MCM3/MSH2"
"VECCHI_GASTRIC_CANCER_EARLY_UP","VECCHI_GASTRIC_CANCER_EARLY_UP",409,0.472474156340703,1.55915182081075,8.63698225386636e-06,0.000575677596120861,0.000519941546651035,1578,"tags=23%, list=9%, signal=22%","CDC20/CCNB1/BIRC5/CCNB2/FOXM1/PRC1/TRIP13/AURKA/PMEPA1/LAMA5/KIF20A/EZH2/CHEK1/FEN1/KIF14/TOP2A/CDCA7/BRCA1/ECT2/UBE2T/MAD2L1/ZIC2/HMMR/LAMC2/PBK/MCM4/ANLN/PSMA7/KLK7/KNL1/CDC6/NSD2/MCM2/WDR77/KLF5/MCM7/CCNE1/RRM2/TPX2/NME1/S100A6/CDK6/NUP155/CDKN3/GAD1/PUS7/NEK2/MKI67/GINS1/BUB1B/UBE2C/PDP1/GDF15/CDK1/INHBA/CCNA2/BUB1/TTK/ARL5B/BARD1/MYB/JPH1/ILDR1/SPTAN1/PSMB8/POLR2G/GINS4/KIF18B/ATAD2/LCN2/MYBL2/GTSE1/ASPM/RUVBL2/MCM10/HOXC6/E2F7/CLN8/NUP58/KIF15/POLD3/HSPH1/CEP55/DSCC1/DLGAP5/MRPS16/ATP10B/IFITM1/MTHFD1L/CSE1L/FBXO32/RAD18/DTL/NUF2/RACGAP1/CDK12"
"FUJII_YBX1_TARGETS_DN","FUJII_YBX1_TARGETS_DN",191,0.573161105955295,1.75601063513673,8.85738575427054e-06,0.000584218402042094,0.000527655447400788,1731,"tags=30%, list=10%, signal=27%","KIF23/FOXM1/CCT5/YWHAH/TRIP13/TIMELESS/KIF11/RAD51/EXO1/CHEK1/FEN1/TOP2A/CDCA7/BRCA1/CCNF/HELLS/RAD23B/PLK4/MAD2L1/MCM4/PRPF40A/CDC6/NSD2/H2AZ2/MCM2/NCAPH/CDC25C/MCM7/CDC23/RRM2/CDK2/MCM6/MCM3/CDKN3/BUB1B/IREB2/RRM1/PTK2/CXCR4/JPH1/LIG1/TIAM1/ITPR1/ATAD2/MYBL2/ODF2/ASPM/RFC4/MCM10/E2F7/IPO5/CDT1/PRKDC/DTL/OXCT1/HMGB3/MCM5"
"TANG_SENESCENCE_TP53_TARGETS_DN","TANG_SENESCENCE_TP53_TARGETS_DN",54,0.759535560259341,1.91093796689608,9.22034156365035e-06,0.000601888688464268,0.000543614929086406,984,"tags=44%, list=5%, signal=42%","CDC20/BIRC5/CCNB2/KIF23/PRC1/KIF11/SPAG5/KIF20A/EZH2/AURKB/TOP2A/PLK4/TCF4/PBK/TPX2/NEK2/UBE2C/PDP1/CDK1/CCNA2/BUB1/TTK/CENPE/BARD1"
"WP_RETINOBLASTOMA_GENE_IN_CANCER","WP_RETINOBLASTOMA_GENE_IN_CANCER",87,0.686331511015532,1.90832803557041,9.64525209452054e-06,0.000623201390433715,0.000562864174323632,1548,"tags=52%, list=9%, signal=47%","STMN1/CCNB1/CCNB2/WEE1/HDAC1/MYC/PCNA/CHEK1/CDK4/TOP2A/PLK4/ORC1/RBBP4/RBBP7/MCM4/ANLN/SMC2/POLA1/MCM7/CCNE1/CDC45/RRM2/TP53/CDK2/MCM6/MCM3/CDK6/RPA1/CDK1/SMARCA2/CCNA2/RRM1/TTK/NPAT/BARD1/E2F1/RB1/CCNE2/RFC4/POLD3/POLE/CDT1/PRKDC/TYMS/CCND1"
"EGUCHI_CELL_CYCLE_RB1_TARGETS","EGUCHI_CELL_CYCLE_RB1_TARGETS",22,0.887836498548412,1.98307153584362,1.15061192848851e-05,0.000735926740524166,0.000664675662677095,1276,"tags=77%, list=7%, signal=72%","CDCA8/KIF11/KIF20A/FEN1/ECT2/MCM4/SMC2/MCM2/CDC25C/MCM7/MCM6/MCM3/NEK2/CCNA2/BUB1/CENPE/CCNE2"
"RHODES_UNDIFFERENTIATED_CANCER","RHODES_UNDIFFERENTIATED_CANCER",69,0.727611262077749,1.92935293155063,1.39260011823392e-05,0.00088179439486572,0.000796420678143674,812,"tags=38%, list=5%, signal=36%","CDC20/CCNB1/BIRC5/KIF23/FOXM1/TRIP13/PCNA/EZH2/KPNA2/KIF14/TOP2A/MAD2L1/TUBB/TUBB4A/GAS6/CDC6/MCM2/NCAPH/RAD21/NME1/MCM6/MCM3/CDKN3/UBE2C/CDK1/CCNA2"
"GINESTIER_BREAST_CANCER_ZNF217_AMPLIFIED_DN","GINESTIER_BREAST_CANCER_ZNF217_AMPLIFIED_DN",321,-0.538264223462317,-1.63581509226698,1.49886799299282e-05,0.00093968634966639,0.000848707640013548,3219,"tags=27%, list=18%, signal=22%","REXO1/ZNF646/L3MBTL2/MOGS/PIP5K1A/GRAMD4/GLP1R/LRCH4/AMPD2/PTBP1/ATN1/TICAM1/CMTR1/BICRA/PRRC2A/HDAC7/ARHGEF2/MARK2/LSM14B/RPL18/BRD1/FKBP1A/MYO9B/FURIN/RCC1/HCFC1/SYMPK/TBC1D22B/LEMD2/FANCA/DRG2/DMWD/CPSF7/TCOF1/PHF5A/PPRC1/GBA2/FBXL18/PHF21A/TCHP/PPARD/ABCF3/AGRN/THOC2/SF1/ZBTB7B/SETD5/CNOT3/ACIN1/NUP214/POLR2F/XPO5/KDM4A/KMT2D/SETD1A/TEAD3/VARS1/FOXO4/LIMK2/KAT8/DHX33/PPM1G/SMG5/ZNF638/ZC3H7B/MEF2D/CALR/HPCA/SRCAP/CAMK2B/U2AF2/FXR2/MAPRE3/TTC13/LARP1/MYL10/CDK3/FBXL19/CSNK2B/TARDBP/MAPK11/SETDB1/DDX39B/CUL7/HNRNPD/UBAP2L"
"BENPORATH_ES_1","BENPORATH_ES_1",372,0.47319045741995,1.55824767480468,1.52144800518468e-05,0.000944491055767589,0.000853047163278471,1561,"tags=23%, list=9%, signal=21%","CDC20/CCNB1/ACTC1/VSNL1/BIRC5/HSPA4/FKBP5/DDX21/SOX2/CHEK2/TRIM24/TEAD4/CHEK1/KPNA2/CASP3/COCH/FEN1/AURKB/FOXO1/ECT2/HELLS/ORC1/TMPO/ZIC2/HMMR/MCM4/G3BP2/PRPF40A/CDC6/PLAAT3/MCM2/NCAPH/DLG3/MCM7/RRM2/MCM6/MCM3/PAICS/NUP37/PARP1/MTHFD1/GAD1/PASK/PPP2R2B/PUS7/BUB1B/ERBB2/WDHD1/CDK1/KIFC2/MSH2/PRDM14/CCNA2/BUB1/ILF3/SIRT1/ARL5B/L1TD1/CBX5/JARID2/GINS4/DDX18/NPM3/HSPD1/SNRPA/PAK1/NTS/PIM2/RFC4/MCM10/BRWD1/KIF5C/ACTA1/AEN/DSCC1/NAA15/GART/CDT1/DLGAP5/IFITM1/PIK3CB/CSE1L/PPM1B/FZD7"
"REACTOME_ACTIVATION_OF_THE_MRNA_UPON_BINDING_OF_THE_CAP_BINDING_COMPLEX_AND_EIFS_AND_SUBSEQUENT_BINDING_TO_43S","REACTOME_ACTIVATION_OF_THE_MRNA_UPON_BINDING_OF_THE_CAP_BINDING_COMPLEX_AND_EIFS_AND_SUBSEQUENT_BINDING_TO_43S",59,-0.754422623431804,-1.91425039034516,1.63818585131587e-05,0.00100708668063418,0.000909582394501699,1576,"tags=59%, list=9%, signal=54%","EIF2S2/RPS16/EIF3M/RPS2/RPS29/EIF3I/EIF3L/EIF4G1/EIF3D/RPS25/RPS9/RPS6/PABPC1/EIF4A2/EIF3F/RPS7/RPS27/RPS8/RPS27L/RPS15A/RPS14/RPS11/EIF4B/RPS24/EIF4A1/RPS13/RPS12/RPS23/RPS3/RPS17/EIF2S3/RPS4X/RPS20/RPS27A/RPS4Y1"
"TERAMOTO_OPN_TARGETS_CLUSTER_4","TERAMOTO_OPN_TARGETS_CLUSTER_4",15,0.928911312760535,1.89933463282241,1.76583929501627e-05,0.00107512446308106,0.000971032883585363,687,"tags=33%, list=4%, signal=32%","COL3A1/PMEPA1/CHEK1/LDHA/S100A4"
"LI_ESTROGENE_MCF7_E2_RESPONSE_DN","LI_ESTROGENE_MCF7_E2_RESPONSE_DN",38,0.788626556642868,1.92355882496272,1.85555060462864e-05,0.00111898537414367,0.00101064726164886,521,"tags=11%, list=3%, signal=10%","RND3/SOX2/CDKN2B/CDK6"
"SASAKI_ADULT_T_CELL_LEUKEMIA","SASAKI_ADULT_T_CELL_LEUKEMIA",163,0.576591923790217,1.73796450834662,2.04528919453555e-05,0.00122177086601878,0.00110348125063671,2055,"tags=36%, list=11%, signal=32%","CCNB1/CCNB2/PLK1/FOXM1/HDAC1/IRF4/KIF11/CADM1/PCNA/NEDD4/KIF14/TOP2A/RBBP4/TUBB/CAV1/PPP1CC/PARM1/DLG3/TRIB2/DHCR24/TPX2/NME1/MCM3/TMED3/CDKN3/PARP1/RPA1/SP1/IDH1/MKI67/BUB1B/UBE2C/SMARCA2/CCNA2/MYCBP/LDLRAD4/ATP6V1A/PLD1/BARD1/ATP2C1/MYB/TFRC/RASA1/PPID/HMGN4/TFCP2/DLGAP5/PRDX1/BATF/TYMS/PARP3/MRPS12/MYO1D/PSMB2/ING1/POLR2H/SAP30/MYL6B/FGFR1"
"WEST_ADRENOCORTICAL_TUMOR_UP","WEST_ADRENOCORTICAL_TUMOR_UP",295,0.498910650924301,1.6072278311596,2.20387907831346e-05,0.001304202086344,0.00117793163133075,2265,"tags=29%, list=13%, signal=26%","CCNB1/FOXM1/PRC1/MAPRE1/HDAC1/TUBB2A/AURKA/KIF20A/EZH2/HSPA13/KIF14/TOP2A/RAD23B/COL4A2/TMPO/TSC1/PBK/MCM2/CDC25C/WDR77/CCNE1/CDK17/CDC23/FBN2/RRM2/NR1H4/TPX2/XPO1/SLC2A6/TBK1/GAPVD1/KPNA3/NEK2/BUB1B/PSMC2/CDK1/ACTR2/SPTLC1/RARS1/BUB1/MAPK6/CYP51A1/BARD1/ESPL1/NNT/TCP1/DDX39A/KIF18B/ASPM/SQLE/WSB2/RNGTT/VDAC1/TFCP2/KIF5B/PRDM4/DNAJC6/DTL/RPAP3/RACGAP1/SCD/STXBP1/TNPO1/MED27/FDFT1/SLC16A1/UBE2K/RPN2/XPOT/MELK/ARPC3/RALGPS1/PSME4/TUBA1C/EPRS1/SLC7A11/FGFR1/FANCI/USP14/KIF2C/CHAF1A/DNMT1/BICD2/SMC4/RTN4/PIR"
"CHNG_MULTIPLE_MYELOMA_HYPERPLOID_UP","CHNG_MULTIPLE_MYELOMA_HYPERPLOID_UP",53,-0.761882375339937,-1.89977861027319,2.56806136709352e-05,0.00150564486818853,0.00135987109234104,2328,"tags=68%, list=13%, signal=59%","EIF3G/RPLP1/RPL21/RPL37/EIF3K/UBA7/RPL28/RPS16/KLK3/RPL36/RPL32/RSL24D1/EEF1B2/NCBP2/RPL35/RPS9/RPL27A/RPL13A/RPS6/RPL15/EIF4A2/QARS1/RPL35A/UBA52/RPL14/HNRNPA1/RPS14/FBL/NPM1/RPL7A/RPS13/RPS23/RPS3/RPS17/EEF1G/RPL4"
"SERVITJA_LIVER_HNF1A_TARGETS_UP","SERVITJA_LIVER_HNF1A_TARGETS_UP",133,0.610114865885249,1.77001779806763,2.81653721695703e-05,0.0016361755649332,0.00147776404632811,1677,"tags=23%, list=9%, signal=21%","STMN1/CDC20/CCNB1/CCNB2/WEE1/CDCA8/KIF11/CBR1/KIF20A/AURKB/ECT2/MAD2L1/HMMR/CBR3/ANLN/MCM2/TPX2/NEK2/UBE2C/CCNA2/BUB1/ABCB1/MAOA/TMTC2/RGS16/ABCC3/SLC25A4/RACGAP1/SCD/CYP2A6"
"REACTOME_G0_AND_EARLY_G1","REACTOME_G0_AND_EARLY_G1",27,0.849066680143579,1.97974315460561,3.2676920659547e-05,0.00188100237832956,0.00169888717649109,1276,"tags=59%, list=7%, signal=55%","HDAC1/MYC/PCNA/TOP2A/RBBP4/DYRK1A/E2F5/CDC6/CCNE1/CDK2/CDK1/CCNA2/E2F1/CCNA1/MYBL2/CCNE2"
"WU_APOPTOSIS_BY_CDKN1A_VIA_TP53","WU_APOPTOSIS_BY_CDKN1A_VIA_TP53",51,0.757039633345991,1.90136686608916,3.42318761195652e-05,0.001952758915217,0.00176369637702795,1576,"tags=59%, list=9%, signal=54%","CCNB1/PRC1/AURKA/EXO1/AURKB/UBE2T/TUBB4A/PBK/MCM4/ANLN/SMC2/P4HA1/MCM2/TPX2/MCM6/MCM3/TUBB3/MKI67/WDHD1/UBE2C/CDK1/BUB1/RRM1/TTK/ATAD2/ASPM/CEP55/DLGAP5/TYMS/RACGAP1"
"WHITFIELD_CELL_CYCLE_G2_M","WHITFIELD_CELL_CYCLE_G2_M",197,0.538547598176591,1.65617269627904,3.8655561804652e-05,0.00218541979774158,0.00197383145944243,1673,"tags=24%, list=9%, signal=22%","CCNB1/BIRC5/CCNB2/PLK1/FOXM1/GLI1/YWHAH/TRIP13/AURKA/SPAG5/CDC27/HSPA13/KIF14/ECT2/HMMR/PBK/MCM4/ANLN/GAS6/E2F5/THRAP3/FYN/TPX2/OLR1/TSG101/NEK2/MKI67/LMNA/BUB1B/DNAJA1/CCNA2/BUB1/PATJ/TTK/CENPE/AFDN/ITPR1/ODF2/GTSE1/CNTROB/CCDC88A/CEP55/DLGAP5/KIF5B/CCND1/NUF2/VANGL1/HMGB3"
"PUJANA_BRCA_CENTERED_NETWORK","PUJANA_BRCA_CENTERED_NETWORK",116,0.624363912710375,1.79173369016607,3.98809622540692e-05,0.0022347456017059,0.00201838162949565,1531,"tags=37%, list=9%, signal=34%","CDC20/AURKA/TIMELESS/CHEK2/PCNA/EZH2/TOP2A/BRCA1/BLM/RBBP4/TMPO/MAD2L1/HMMR/PPP1CC/RAD54L/MCM4/SMC2/H2AZ2/POLR2B/MCM2/POLA1/RAD21/MCM6/XPO1/PAICS/RPA1/TOPBP1/GINS1/UBE2C/CDK1/MSH2/CCNA2/RRM1/KIFC1/ESPL1/RB1/DDX39A/SNRPA/MYBL2/RFC4/POLE/SEC31A/PRKDC"
"KEGG_MEDICUS_REFERENCE_DNA_REPLICATION_LICENSING","KEGG_MEDICUS_REFERENCE_DNA_REPLICATION_LICENSING",24,0.850539371392647,1.94021788947462,4.81159661623648e-05,0.00267254647140433,0.00241379542160783,1731,"tags=75%, list=10%, signal=68%","ORC1/MCM4/TICRR/CDC6/MCM2/MCM7/CCNE1/CDC45/CDK2/MCM6/MCM3/CCNA2/MTBP/CCNA1/CCNE2/CDT1/DBF4/MCM5"
"WP_SMALL_CELL_LUNG_CANCER","WP_SMALL_CELL_LUNG_CANCER",94,0.643544047871269,1.80869073318411,4.93936111643067e-05,0.00271965518167296,0.00245634315291239,1548,"tags=46%, list=9%, signal=42%","FN1/CDKN2B/LAMA5/MYC/COL4A4/NFKBIA/AKT3/CASP3/CDK4/BIRC3/COL4A3/COL4A2/SKP1/LAMA4/LAMC2/ITGB1/CHUK/PTEN/LAMC1/CCNE1/TP53/CDK2/CDK6/TRAF6/CASP8/COL4A6/ITGAV/PIK3R1/APAF1/TRAF3/TRAF4/PTK2/COL4A5/LAMA1/E2F1/RB1/TRAF5/PIK3CA/CCNE2/BCL2/NFKBIB/PIK3CB/CCND1"
"REACTOME_SARS_COV_1_HOST_INTERACTIONS","REACTOME_SARS_COV_1_HOST_INTERACTIONS",96,-0.661270706859179,-1.7849957678417,5.1116162084763e-05,0.00278646063544339,0.00251668062512284,815,"tags=44%, list=5%, signal=42%","PCBP2/RIPK1/RPS25/KPNB1/PDPK1/PPIH/YWHAQ/NFKB1/RPS9/CASP1/PPIG/RPS6/NLRP3/RPS7/RPS27/RPS8/RPS27L/RPS15A/UBB/UBA52/PPIA/HNRNPA1/RELA/RIPK3/RPS14/RPS11/NPM1/RPS24/MAVS/RPS13/RPS12/RPS23/EEF1A1/RPS3/RPS17/UBE2I/RPS4X/RPS20/SFN/RPS27A/UBC/RPS4Y1"
"REACTOME_MRNA_3_END_PROCESSING","REACTOME_MRNA_3_END_PROCESSING",150,-0.613440257922448,-1.73974271008791,5.19077174716361e-05,0.00278646063544339,0.00251668062512284,2759,"tags=48%, list=15%, signal=41%","CSTF3/CPSF1/SNRPF/MAGOHB/SRSF5/THOC1/SRSF9/ALYREF/SRRM1/SF3B3/POLR2I/GTF2F2/HTATSF1/SYMPK/TCERG1/CPSF6/CPSF7/PHF5A/SRSF2/U2AF1/SRSF3/DNAJC8/YBX1/THOC2/SNRPD3/SNRPE/POLR2F/SNRPG/TRA2B/RBM25/SF3B5/POLR2K/SF3B2/SNRPC/HNRNPH1/HNRNPA2B1/SNRPN/PPP1R10/PCBP2/POLDIP3/NCBP2/HNRNPA3/RBM39/CSTF2/DDX46/SRSF10/SF3B4/FUS/DHX9/SF3A3/U2AF2/SF3B1/SNRPD1/EIF4A3/SF3A1/PPP1CB/SRSF1/DDX42/UBB/UBA52/HNRNPA1/PPP1CA/DHX38/DDX5/SRSF6/POLR2A/DDX39B/HNRNPL/POLR2C/RPS27A/UBC/HNRNPD"
"CUI_TCF21_TARGETS_2_UP","CUI_TCF21_TARGETS_2_UP",419,0.446314410556187,1.47513201718112,5.19270933326469e-05,0.00278646063544339,0.00251668062512284,2159,"tags=24%, list=12%, signal=22%","STMN1/NCAM1/COL3A1/FN1/CCNB2/RHOU/VCAM1/CDCA8/TIMELESS/NPHP1/PRNP/RAD51/CADM1/SUMO3/CDCA7/HELLS/BLM/UBE2T/VCAN/HMMR/LAMA4/FKBP10/ZFPM2/GAS6/ESR1/PARM1/KNL1/NR2F2/AMER2/NCAPH/CDC25C/GATA6/KLF5/MCM7/CDC45/TPX2/TEAD2/NME1/CHAF1B/IQGAP3/MCM3/SNRNP70/FMOD/ADAMTS2/PIH1D1/NFIA/DNAJC9/COL6A2/CD79B/UBE2C/CDK1/CCNA2/PRDX6/FRAS1/PAX8/CBX5/PDLIM4/ESPL1/CYP7B1/MAOA/HNRNPR/LGI2/CNDP2/ASPM/COL6A1/KIF22/DSCC1/POLD1/NSL1/HNRNPU/CDT1/RAD18/DTL/TYMS/NUF2/SEMA3C/MAP3K21/CD276/ECHDC2/HMGB3/RRP1B/BCL7A/SERTAD4/MMP11/MCM5/PTGDS/METTL1/PIN1/FBLN7/MSI1/DYNC2I2/PCDH9/SERPINF1/TGFB3/EMC8/CDCA7L/MTMR7/PCBP4/CKAP5/CELSR1/LYPD6B/CPNE5"
"BURTON_ADIPOGENESIS_PEAK_AT_16HR","BURTON_ADIPOGENESIS_PEAK_AT_16HR",40,0.778892984415687,1.90083215213062,5.58349896556287e-05,0.00297098449159194,0.00268333921980567,512,"tags=35%, list=3%, signal=34%","DDX21/RAD51/FEN1/CDCA7/HELLS/VCAN/MCM4/SMC2/CDC6/MCM7/RRM2/CHAF1B/MCM6/MCM3"
"WP_INTEGRATED_CANCER_PATHWAY","WP_INTEGRATED_CANCER_PATHWAY",44,0.754979088759252,1.85157392494893,6.35949129106578e-05,0.00335569157125238,0.00303079966529477,1025,"tags=48%, list=6%, signal=45%","PLK1/CDKN2B/CHEK2/MYC/CHEK1/CASP3/CDK4/BRCA1/BLM/SMAD3/JAK1/PTEN/TP53/CDK2/CASP8/SMAD2/CDK1/MSH2/BARD1/E2F1/RB1"
"BILANGES_SERUM_RESPONSE_TRANSLATION","BILANGES_SERUM_RESPONSE_TRANSLATION",34,-0.827756181033241,-1.90368144783004,6.99897431313611e-05,0.00366260374799817,0.00330799716774845,508,"tags=44%, list=3%, signal=43%","EEF1B2/RPL10/RPS6/NSA2/EIF3F/RPS7/RPS8/RPL14/EEF1A1/RPS3/RPS4X/RACK1/RPL6/EEF1G/RPL4"
"GLASS_IGF2BP1_CLIP_TARGETS_KNOCKDOWN_DN","GLASS_IGF2BP1_CLIP_TARGETS_KNOCKDOWN_DN",117,0.615775509444502,1.77235712041302,7.09743938308058e-05,0.00368368739128412,0.00332703953134398,1298,"tags=25%, list=7%, signal=23%","PLK1/FOXM1/PRC1/AURKA/KIF11/SPAG5/EXO1/G3BP2/NCAPH/SENP1/TPX2/GTF2E2/IQGAP3/NUP155/TNKS2/DNAJC9/MKI67/CDK1/SGO1/SIRT1/HNRNPF/E2F1/LIMK1/NSUN4/HSPD1/SH3PXD2A/RBPJ/SUDS3/YWHAZ"
"PID_ATR_PATHWAY","PID_ATR_PATHWAY",38,0.764020629943831,1.86354189166313,8.05609664460503e-05,0.00411408099920515,0.00371576321918435,1298,"tags=42%, list=7%, signal=39%","PLK1/TIMELESS/RAD51/CHEK1/PPP2CA/CDC6/MCM2/CDC25C/MCM7/CDK2/RPA1/TOPBP1/PPP2R2B/CCNA2/RFC4/YWHAZ"
"SMIRNOV_RESPONSE_TO_IR_6HR_DN","SMIRNOV_RESPONSE_TO_IR_6HR_DN",112,0.608317261053633,1.73822367211243,8.0566336686898e-05,0.00411408099920515,0.00371576321918435,1653,"tags=27%, list=9%, signal=24%","CDC20/CCNB1/PLK1/KIF23/CD22/AURKA/KIF20A/MYC/TNF/KIF14/HMMR/CR2/P4HA1/TPX2/LCP2/NEK2/UBE2C/CCR6/BUB1/CENPE/P2RX5/TRAF5/ASPM/GGA2/ZNF395/ZBTB32/PTPRC/DLGAP5/SCD/EGR3"
"ODONNELL_TARGETS_OF_MYC_AND_TFRC_DN","ODONNELL_TARGETS_OF_MYC_AND_TFRC_DN",43,0.756180399556106,1.84744494519318,8.61561083807568e-05,0.00436432382613562,0.00394177799438022,1641,"tags=44%, list=9%, signal=40%","CDC20/CCNB1/BIRC5/FOXM1/AURKA/AURKB/TOP2A/HELLS/PLK4/CDC6/NSD2/BUB1B/CDK1/CCNA2/TFRC/MYBL2/HSPH1/DBF4/SCD"
"REACTOME_SARS_COV_1_INFECTION","REACTOME_SARS_COV_1_INFECTION",141,-0.623789993583398,-1.7568741603521,8.88236249955187e-05,0.00446373963072718,0.00403156854302969,815,"tags=33%, list=5%, signal=32%","PCBP2/RIPK1/RPS25/KPNB1/PDPK1/PPIH/YWHAQ/NFKB1/RPS9/SUMO1/CASP1/PPIG/RPS6/VCP/NLRP3/RPS7/RPS27/RPS8/RPS27L/RPS15A/UBB/UBA52/PPIA/GSK3A/GANAB/HNRNPA1/RELA/RIPK3/RPS14/RPS11/NPM1/RPS24/DDX5/MAVS/RPS13/RPS12/RPS23/EEF1A1/RPS3/RPS17/UBE2I/RPS4X/RPS20/SFN/RPS27A/UBC/RPS4Y1"
"REACTOME_HSF1_DEPENDENT_TRANSACTIVATION","REACTOME_HSF1_DEPENDENT_TRANSACTIVATION",38,-0.787437462524142,-1.8491151367154,9.30135369270841e-05,0.00463749382537241,0.00418850017509198,1190,"tags=45%, list=7%, signal=42%","HSPB2/CREBBP/HSPA8/FKBP4/HSPA6/DNAJB6/CAMK2B/CAMK2G/CAMK2A/HSPA1A/HSP90AB1/HSP90AA1/UBB/DNAJB1/HSPA1L/HSPA2/HSPA1B"
"MORI_PRE_BI_LYMPHOCYTE_UP","MORI_PRE_BI_LYMPHOCYTE_UP",77,0.672883792905184,1.83599652192445,9.71840434824005e-05,0.00479062572552267,0.00432680612540557,1932,"tags=42%, list=11%, signal=37%","STMN1/CDC20/CCNB2/PRC1/AURKA/RAD51/KPNA2/TOP2A/CDCA7/RBBP4/TUBB/IGLL5/H2AZ2/MCM2/NCAPH/MCM7/RRM2/MCM6/MKI67/UBE2C/CDK1/RRM1/TTK/LIG1/SQLE/LEF1/DTL/RACGAP1/HMGB3/IDE/KIF4A/MELK"
"REACTOME_CELL_CYCLE_CHECKPOINTS","REACTOME_CELL_CYCLE_CHECKPOINTS",270,0.491355669332967,1.56601256544247,9.75980288364536e-05,0.00479062572552267,0.00432680612540557,1301,"tags=27%, list=7%, signal=25%","CDC20/CCNB1/BIRC5/CCNB2/PLK1/YWHAE/MAPRE1/WEE1/PPP2CB/YWHAH/CDCA8/YWHAG/RANBP2/CDC27/CHEK2/EXO1/CHEK1/AURKB/BRCA1/GSK3B/BLM/ORC1/UBE2N/PPP2CA/MAD2L1/SKP1/PPP1CC/MCM4/H2BC21/PSMA7/KNL1/CDC6/NSD2/MCM2/CDC25C/MCM7/CCNE1/CDC45/CDC23/TP53/CDK2/PSMD6/MCM6/XPO1/MCM3/NUP37/PSMA5/H4C11/RPA1/TOPBP1/CSNK1A1/BUB1B/UBE2C/PSMC2/CDK1/SGO1/CCNA2/H2BC11/BUB1/BTRC/CENPE/BARD1/CUL1/CCNA1/CSNK1E/H4C16/MCM8/GTSE1/CCNE2/RFC4/YWHAZ/MCM10/H2BC13"
"FEKIR_HEPARG_SPHERE_VS_HEPARG_DN","FEKIR_HEPARG_SPHERE_VS_HEPARG_DN",38,0.760370308320179,1.85463830058573,0.000102977427549883,0.00501579285573737,0.00453017298687056,2390,"tags=37%, list=13%, signal=32%","FKBP5/JPH2/KCNB1/PDE4DIP/PEBP1/ZBTB16/MAOA/TMT1A/PYGO2/UQCRFS1/EPHX2/CYP4B1/NDUFB4/FMO3"
"DISTECHE_ESCAPED_FROM_X_INACTIVATION","DISTECHE_ESCAPED_FROM_X_INACTIVATION",13,-0.926421436120799,-1.77179214260182,0.000112097337586872,0.00541832321832115,0.00489373109770569,511,"tags=62%, list=3%, signal=60%","ZFX/PRKX/DDX3X/UBA1/EIF2S3/RPS4X/KDM5C/KDM6A"
"CHEMNITZ_RESPONSE_TO_PROSTAGLANDIN_E2_UP","CHEMNITZ_RESPONSE_TO_PROSTAGLANDIN_E2_UP",139,0.569337920506278,1.67052750252179,0.000126837844723456,0.00608437297567368,0.00549529513861674,1285,"tags=25%, list=7%, signal=24%","CCNB1/BIRC5/NES/CCNB2/PRC1/AURKA/SPAG5/KIF20A/TOP2A/MAP3K20/MCM4/KNL1/CDC6/NCAPH/CDC45/RRM2/TPX2/IQGAP3/PAICS/CDKN3/HSPA9/MKI67/BUB1B/UBE2C/BUB1/TTK/CENPE/WDR76/BARD1/GEMIN5/ATAD2/SNRPA/GTSE1/ASPM/ATP6V1C1"
"LIANG_SILENCED_BY_METHYLATION_DN","LIANG_SILENCED_BY_METHYLATION_DN",11,0.930601806987694,1.80879974682942,0.000132624388118857,0.00622390392183542,0.00562131695437241,812,"tags=64%, list=5%, signal=61%","FOXM1/KIF11/EZH2/MCM2/CDKN3/MKI67/CCNA2"
"KEGG_SMALL_CELL_LUNG_CANCER","KEGG_SMALL_CELL_LUNG_CANCER",83,0.65089640487546,1.79991435073917,0.000131381902418036,0.00622390392183542,0.00562131695437241,1548,"tags=47%, list=9%, signal=43%","FN1/CDKN2B/LAMA5/MYC/COL4A4/NFKBIA/AKT3/CDK4/BIRC3/COL4A2/LAMA4/LAMC2/ITGB1/XIAP/CHUK/PTEN/LAMC1/CCNE1/TP53/CDK2/CDK6/TRAF6/COL4A6/ITGAV/PIK3R1/APAF1/PIK3CG/TRAF3/TRAF4/PTK2/LAMA1/E2F1/RB1/TRAF5/PIK3CA/CCNE2/BCL2/PIK3CB/CCND1"
"PETROVA_ENDOTHELIUM_LYMPHATIC_VS_BLOOD_UP","PETROVA_ENDOTHELIUM_LYMPHATIC_VS_BLOOD_UP",130,0.58338224972732,1.69230267150505,0.000132695361567874,0.00622390392183542,0.00562131695437241,1884,"tags=28%, list=10%, signal=25%","CCNB1/CCNB2/PLK1/FOXM1/KIF11/SPAG5/AURKB/TOP2A/PEG10/ACSL3/ALDH1A1/MEF2C/DHCR24/MCM6/CDKN3/GINS1/BUB1B/UBE2C/CDK1/CCNA2/BUB1/TTK/LYN/MAOA/MYBL2/PDPN/CCNE2/RGS16/ITGA1/ITGA9/ARID5B/DYRK3/FLT4/GAB1/CDKN1C/FABP4"
"VERHAAK_GLIOBLASTOMA_PRONEURAL","VERHAAK_GLIOBLASTOMA_PRONEURAL",174,0.535594310825626,1.62916401967694,0.000142060473975471,0.00661416853832856,0.00597379686616668,1959,"tags=24%, list=11%, signal=22%","STMN1/NCAM1/CASK/SOX2/RALGPS2/GSK3B/ATP1A3/FLRT1/SEZ6L/DUSP26/RAD21/ADGRL3/SCN3A/PPM1D/MAPT/TOPBP1/LRRTM4/TAF5/NCALD/BCAN/NR0B1/WASF1/MYB/CSNK1E/NRXN2/RBPJ/MCM10/KLRK1/EPHB1/MYO10/MAP2/ADGRB3/PFN2/ZNF711/ALCAM/HMGB3/BCL7A/PAK3/ATAD5/RALGPS1/STMN4/TTC3"
"BURTON_ADIPOGENESIS_PEAK_AT_24HR","BURTON_ADIPOGENESIS_PEAK_AT_24HR",43,0.747451009613545,1.82611793468951,0.000146971049605987,0.00679285172339497,0.00613518027283387,1348,"tags=49%, list=8%, signal=45%","STMN1/CDC20/CCNB1/PRC1/KIF20A/KPNA2/AURKB/TOP2A/HMMR/ANLN/CDC25C/SNRNP70/UBE2C/CDK1/CCNA2/BUB1/RRM1/KIFC1/LCN2/KIF22/IPO5"
"TIEN_INTESTINE_PROBIOTICS_6HR_UP","TIEN_INTESTINE_PROBIOTICS_6HR_UP",50,-0.756357164098787,-1.87270746172502,0.000153650044757661,0.00705008756090949,0.00636751100814929,1190,"tags=56%, list=7%, signal=52%","HSPA8/RPL13/HMGB1/RPL37A/RPL39/H3-3A/ACTB/NAP1L1/RPL27A/RPS6/TPT1/RPS7/RPS27/HSPA1A/PPIA/RPS14/RPS11/RPS24/RPL23A/RPL5/RPS23/EEF1A1/RPS17/EEF1G/RPLP0/RPL23/UBC/RPL4"
"KAMMINGA_EZH2_TARGETS","KAMMINGA_EZH2_TARGETS",41,0.750915961872835,1.83728952732354,0.000156993465140797,0.00715167353432754,0.00645926161385802,856,"tags=51%, list=5%, signal=49%","CCNB2/PRC1/AURKA/PCNA/KPNA2/AURKB/TOP2A/CDCA7/ECT2/MAD2L1/PPP1CC/MCM4/SMC2/MCM2/XPO1/MCM3/CUL2/TOPBP1/NEK2/MKI67/RRM1"
"GAL_LEUKEMIC_STEM_CELL_DN","GAL_LEUKEMIC_STEM_CELL_DN",222,0.514727994413955,1.59952204284328,0.000159940231175706,0.00723386817003265,0.00653349831562114,1213,"tags=20%, list=7%, signal=19%","CDC20/CCNB1/BIRC5/CCNB2/PLK1/CDCA8/RAD51/KIF20A/COCH/FEN1/TOP2A/ORC1/S100A9/VCAN/HMMR/LAMA4/CD163/REST/SMC2/S100A12/CDC6/CDC25C/CDC45/RRM2/CDKN3/PASK/PRTN3/COL6A2/BUB1B/CDK1/CTSG/CCNA2/CACNA1G/BUB1/C1QA/GIMAP5/KIFC1/P2RX5/ESPL1/E2F1/CD93/LIG1/TLR2/KIF18B/GTSE1"
"PID_PLK1_PATHWAY","PID_PLK1_PATHWAY",45,0.741384521018252,1.82228321698978,0.000161106960531592,0.00723495939068113,0.00653448388628696,1218,"tags=53%, list=7%, signal=50%","CDC20/CCNB1/PLK1/PRC1/WEE1/AURKA/KIF20A/ECT2/ROCK2/PPP2CA/PPP1R12A/CDC25C/TPX2/RHOA/NINL/BUB1B/CDC14B/CDK1/SGO1/BUB1/CENPE/STAG2/ODF2/PAK1"
"KLEIN_PRIMARY_EFFUSION_LYMPHOMA_DN","KLEIN_PRIMARY_EFFUSION_LYMPHOMA_DN",56,0.706531311217556,1.7961714521649,0.000170865652348974,0.00761208679696323,0.00687509850847845,1854,"tags=38%, list=10%, signal=34%","CD22/BCL11A/IRF8/BIRC3/HLA-DMB/ALDH5A1/CD72/GATM/CD79B/SEL1L3/CD79A/MS4A1/CD40/CXCR5/BLNK/SCRN1/TRAF5/SWAP70/BCAR3/GPX7/SPIB"
"PECE_MAMMARY_STEM_CELL_UP","PECE_MAMMARY_STEM_CELL_UP",134,-0.599099519444328,-1.68646382640361,0.000171909098541652,0.00761208679696323,0.00687509850847845,2572,"tags=37%, list=14%, signal=32%","CNP/COX6C/NDUFS5/SEC61G/RPLP1/AK1/EDF1/DUSP7/RPL18A/APOE/DLL1/EIF3K/BAG3/UQCRB/RPL41/NFIB/RPL28/RPS16/RPS2/RPS29/AKR1C1/RPL13/DYNLL1/NACA/RPS25/RPL22/KRT8/RALA/RPL39/TXN/RPL27A/RPL13A/RPL15/RPL10A/RPS7/RPL35A/IL4R/UBA52/PPIA/RPL8/RPS14/RPL7A/TUBB2B/RPL23A/RPS13/RPS12/MARS1/RPS3/RPS20"
"REACTOME_DNA_STRAND_ELONGATION","REACTOME_DNA_STRAND_ELONGATION",32,0.79396450250108,1.88907130708304,0.000184500002313616,0.00811287510173483,0.00732740140767452,1731,"tags=56%, list=10%, signal=51%","PCNA/FEN1/MCM4/MCM2/POLA1/MCM7/CDC45/MCM6/MCM3/RPA1/GINS1/LIG1/GINS4/MCM8/RFC4/POLD3/POLD1/MCM5"
"SONG_TARGETS_OF_IE86_CMV_PROTEIN","SONG_TARGETS_OF_IE86_CMV_PROTEIN",54,0.707926220365668,1.78109250315559,0.00018919255876404,0.00826184332478552,0.00746194680047208,1546,"tags=48%, list=9%, signal=44%","FOXM1/KIF11/PCNA/EZH2/CASP3/BLM/MAD2L1/MCM2/POLA1/MCM7/CCNE1/TPX2/MCM6/MCM3/RPA1/TOPBP1/DNAJC9/CDK1/MSH2/RRM1/BARD1/E2F1/MYBL2/POLD3/CDT1/TYMS"
"YANG_BCL3_TARGETS_UP","YANG_BCL3_TARGETS_UP",325,0.457328561223373,1.48675849228544,0.000191784982872705,0.00831768843527376,0.00751238508974339,2076,"tags=20%, list=12%, signal=18%","CDC20/CCNB1/CCNB2/FOXM1/PRC1/AURKA/KIF20A/NEDD4/TNF/TGFBR2/AURKB/TOP2A/ECT2/PLK4/UBE2T/ACSL3/PBK/ENO3/IGSF1/RRM2/PCSK5/OLR1/GATM/CP/S100A3/MKI67/NCALD/UBE2C/CDK1/SPTLC1/CCNA2/PLAT/BUB1/UQCRC2/ESPL1/E2F1/BLNK/DECR1/PSMB8/VWA1/ATP5ME/SYBU/CCNE2/RASGRP1/CNR1/KIF22/NR4A1/DLGAP5/NDUFV2/MYH3/RACGAP1/SCD/GPX7/CTSC/AXIN2/ASCC3/BACE2/TXNDC11/NEFM/TGFB3/FAXDC2/AGPAT4/CALCRL/PSMB9/SERPINB2"
"DUTERTRE_ESTRADIOL_RESPONSE_6HR_UP","DUTERTRE_ESTRADIOL_RESPONSE_6HR_UP",223,0.496719543179615,1.54573651617331,0.000196311672171485,0.00845609189244793,0.00763738857792825,2401,"tags=30%, list=13%, signal=26%","FKBP5/DDX21/EXO1/MYC/PCNA/CHEK1/JAK2/FEN1/CDCA7/BRCA1/HELLS/MCM4/TICRR/HIF1A/CDC6/PLAAT3/MCM2/MCM7/CDC45/COL12A1/MCM6/MCM3/PAICS/SDK2/MAPT/TPM1/SGK3/WDHD1/SLC27A2/CTPS1/WDR76/E2F1/MYB/TIAM1/HSPD1/MCM8/SYBU/CCNE2/MCM10/BCL2/DSCC1/GART/MTHFD1L/DTL/HSPB8/EGR3/BCS1L/MAMLD1/AKAP1/MCM5/SLC16A1/ADCY9/OSTF1/ASB13/CENPU/IFNAR2/CHAF1A/SEC14L2/ABCE1/CD44/BRIP1/ATP6V1C2/GINS2/XRCC3/TMED8/TGM2/CXCL12"
"LY_AGING_OLD_DN","LY_AGING_OLD_DN",56,0.70224234039114,1.78526786327186,0.000200580724539781,0.0085816023499047,0.00775074734299169,1546,"tags=46%, list=9%, signal=43%","CDC20/CCNB1/PLK1/KIF23/FOXM1/KIF11/PCNA/CDK4/KIF14/TGFBR2/CCNF/PPP1CC/MCM2/FBN2/PARP1/UBE2C/PSMC2/CCNA2/BARD1/HAS2/DDX39A/MYBL2/PKMYT1/PSMD12/CSE1L/TYMS"
"REACTOME_POLO_LIKE_KINASE_MEDIATED_EVENTS","REACTOME_POLO_LIKE_KINASE_MEDIATED_EVENTS",16,0.890971531077689,1.85400641110395,0.000211723458099313,0.00893755291123233,0.0080722354235338,398,"tags=44%, list=2%, signal=43%","CCNB1/CCNB2/PLK1/FOXM1/WEE1/RBBP4/CDC25C"
"PUJANA_BREAST_CANCER_LIT_INT_NETWORK","PUJANA_BREAST_CANCER_LIT_INT_NETWORK",100,0.60758319756325,1.71632907067418,0.00021135438688576,0.00893755291123233,0.0080722354235338,1025,"tags=33%, list=6%, signal=31%","CCNB1/PLK1/HDAC1/AURKA/RAD51/CHEK2/MYC/CHEK1/JAK2/NFKBIA/KPNA2/CDK4/BLM/RBBP4/RBBP7/SMAD3/JAK1/ESR1/CDC25C/CCNE1/TP53/CDK2/MCM3/KAT2B/RPA1/SP1/BUB1B/CDK1/MSH2/CCNA2/BARD1/E2F1/RB1"
"FINETTI_BREAST_CANCER_KINOME_RED","FINETTI_BREAST_CANCER_KINOME_RED",16,0.890690163096948,1.85342091760391,0.000214289771814287,0.00898597904058321,0.00811597302382029,906,"tags=69%, list=5%, signal=65%","PLK1/AURKA/CHEK1/AURKB/PLK4/PBK/NEK2/BUB1B/CDK1/BUB1/TTK"
"REACTOME_DENGUE_VIRUS_INFECTION","REACTOME_DENGUE_VIRUS_INFECTION",363,-0.48014534253173,-1.47846286655492,0.000226302913989437,0.00942730296961262,0.00851456877911782,2560,"tags=39%, list=14%, signal=34%","SRSF5/GRPEL1/TJP1/CLDN1/RPL18/IFIH1/EIF4G3/F2/SRSF9/ALYREF/CWC15/TUSC3/ELAVL1/VTN/DPM1/SRRM1/SF3B3/FURIN/POLR2I/PRPF8/GTF2F2/PRPF19/SYMPK/CD33/SDC2/PAF1/NPLOC4/HNRNPUL1/ATG7/CPSF6/CPSF7/PHF5A/SRSF2/U2AF1/HNRNPA0/UBA7/XRN1/H2BC15/SRSF3/C4BPB/LEO1/DNAJC8/TRIM25/DDOST/SKIC8/RRBP1/YBX1/AGRN/PRPF6/HDLBP/DYNLT1/DNAJB11/SNW1/SNRPD3/SNRPE/POLR2F/NCL/SNRPG/H2AC25/HSPA8/SF3B5/POLR2K/AP2A2/TAL1/SF3B2/GBF1/RPN1/AP2M1/EIF4G1/HNRNPH1/NACA/H2BC5/UBA5/HNRNPA2B1/P4HB/SNRPN/PCBP2/RIPK1/NCBP2/HNRNPA3/KPNB1/CALR/STAT2/CSTF2/KPNA5/DDX46/H2BC26/CAMK2B/P4HA2/SF3B4/FUS/CAMK2G/DHX9/SF3A3/U2AF2/SF3B1/SUMO1/SNRPD1/EIF4E3/EIF4A3/MAPRE3/SF3A1/CAMK2A/H4C8/PABPC1/SRSF1/PRKG1/EIF4A2/VCP/C1S/HSPA1A/KPNA7/DDX42/HSP90AB1/DDX3X/CTNNB1/HSP90AA1/UBB/UBA52/HNRNPA1/CWC27/UBA1/PPIL4/PPIL6/BTF3/EIF4A1/DHX38/DHX16/DDX5/MAVS/SRSF6/POLR2A/DDX23/HYOU1/UBE2I/HNRNPL/POLR2C/RPS27A/UBC/HNRNPD/EFTUD2/HSPA1B"
"HADDAD_T_LYMPHOCYTE_AND_NK_PROGENITOR_DN","HADDAD_T_LYMPHOCYTE_AND_NK_PROGENITOR_DN",59,0.689314366462145,1.76310961801079,0.000231514375751877,0.00954754163346036,0.00862316615596471,2058,"tags=42%, list=11%, signal=38%","CDC20/TNF/IRF8/VCAN/MCM4/HGF/TRIB2/RRM2/SCN3A/PRTN3/CTSG/VPREB1/TRAF4/JCHAIN/BLNK/NRXN2/KIF15/CCR7/LEF1/ELANE/ITGB7/SERPINF1/LGMN/SLC2A5/CCR9"
"REACTOME_ASSEMBLY_OF_THE_HIV_VIRION","REACTOME_ASSEMBLY_OF_THE_HIV_VIRION",16,-0.88338446780226,-1.74478287240563,0.000232204897592055,0.00954754163346036,0.00862316615596471,234,"tags=38%, list=1%, signal=37%","FURIN/UBB/UBA52/PPIA/RPS27A/UBC"
"REN_BOUND_BY_E2F","REN_BOUND_BY_E2F",60,0.679639976670982,1.74460191765308,0.000236103807801327,0.00964522136127743,0.00871138871161025,1731,"tags=55%, list=10%, signal=50%","RAD51/PCNA/CHEK1/FEN1/TOP2A/ORC1/MAD2L1/RAD54L/SMC2/H2BC21/CDC6/POLA1/TP53/CDK2/MCM6/MCM3/H3C4/CDK1/MSH2/CCNA2/RRM1/TTK/CENPE/SUPT4H1/CBX5/BARD1/RB1/RFC4/POLD1/PRKDC/DBF4/HMGB3/MCM5"
"REACTOME_ECM_PROTEOGLYCANS","REACTOME_ECM_PROTEOGLYCANS",76,0.640297745232057,1.73653254902094,0.000241561209606348,0.00978747992799501,0.00883987406470008,977,"tags=32%, list=5%, signal=30%","NCAM1/COL3A1/FN1/LAMA5/COL4A4/COL4A3/COL4A2/VCAN/LAMA4/ITGB1/COL6A5/LAMC1/TNR/BGN/MUSK/FMOD/COL4A6/MATN4/COL6A2/ITGAV/BCAN/COL9A2/COL4A5/LAMA1"
"FISCHER_G1_S_CELL_CYCLE","FISCHER_G1_S_CELL_CYCLE",192,0.527580222319287,1.61658527516892,0.000242677566123692,0.00978747992799501,0.00883987406470008,1593,"tags=26%, list=9%, signal=24%","RAD51/EXO1/PCNA/EZH2/CHEK1/COL4A4/H2AC21/FEN1/CDCA7/BRCA1/HELLS/BLM/TLR3/H2BC21/CDC6/MCM2/KLF5/CCNE1/RRM2/CHAF1B/MCM6/MCM3/H2AC20/OPCML/PASK/SP1/TOPBP1/WDHD1/MSH2/NPAT/CTPS1/WDR76/BARD1/E2F1/MYB/ATAD2/CCNE2/RFC4/MCM10/H2BC13/E2F7/KLRK1/POLD3/DSCC1/POLE/CDT1/DNAJC6/DTL/ARID5B/HSPB8"
"MORI_LARGE_PRE_BII_LYMPHOCYTE_UP","MORI_LARGE_PRE_BII_LYMPHOCYTE_UP",86,0.635652782393058,1.76958738923914,0.000257812681149218,0.0103320879559294,0.0093317541417968,1188,"tags=38%, list=7%, signal=36%","STMN1/CDC20/CCNB1/CCNB2/KIF23/PRC1/AURKA/KPNA2/TOP2A/CDCA7/RBBP4/TMPO/TUBB/CALM2/IGLL5/SMC2/H2AZ2/MCM2/NCAPH/MCM7/RAD21/RRM2/MCM6/MCM3/CDKN3/MKI67/CDK1/CCNA2/RRM1/TTK/CENPE/LIG1/MYBL2"
"WP_G1_TO_S_CELL_CYCLE_CONTROL","WP_G1_TO_S_CELL_CYCLE_CONTROL",64,0.679322970965686,1.76944678694763,0.000260470543841478,0.0103729527270707,0.00936866246071333,1944,"tags=45%, list=11%, signal=41%","CCNB1/WEE1/CDKN2B/MYC/PCNA/CDK4/ORC1/MCM4/MCM2/MCM7/CCNE1/CDC45/TP53/CDK2/MCM6/MCM3/CDK6/RPA1/CDK1/E2F1/RB1/CCNA1/CREB1/CCNE2/POLE/CCND1/MCM5/CDKN1C/MDM2"
"REACTOME_MRNA_POLYADENYLATION","REACTOME_MRNA_POLYADENYLATION",126,-0.616972670250811,-1.72650685692949,0.000266900551705027,0.0105625893337264,0.00953993879877245,2300,"tags=46%, list=13%, signal=40%","SF3B3/POLR2I/GTF2F2/HTATSF1/SYMPK/TCERG1/CPSF6/CPSF7/PHF5A/SRSF2/U2AF1/SRSF3/DNAJC8/YBX1/SNRPD3/SNRPE/POLR2F/SNRPG/TRA2B/RBM25/SF3B5/POLR2K/SF3B2/SNRPC/HNRNPH1/HNRNPA2B1/SNRPN/PPP1R10/PCBP2/NCBP2/HNRNPA3/RBM39/CSTF2/DDX46/SRSF10/SF3B4/FUS/DHX9/SF3A3/U2AF2/SF3B1/SNRPD1/SF3A1/PPP1CB/SRSF1/DDX42/UBB/UBA52/HNRNPA1/PPP1CA/DDX5/SRSF6/POLR2A/HNRNPL/POLR2C/RPS27A/UBC/HNRNPD"
"VILLANUEVA_LIVER_CANCER_KRT19_UP","VILLANUEVA_LIVER_CANCER_KRT19_UP",169,0.536404496307664,1.63025164617698,0.000276762502234046,0.0108848457400371,0.00983099493061505,2258,"tags=33%, list=13%, signal=29%","STMN1/CDC20/KIF23/CDCA8/KIF20A/EZH2/TOP2A/ECT2/BLM/PLK4/RAD54L/ANLN/NCAPH/POLA1/COL22A1/TPX2/MCM6/MKI67/GINS1/TAF5/BUB1/RRM1/DNM1L/TTK/CENPE/BARD1/STRBP/MCM8/RBPJ/MCM10/KIF15/POLD3/CEP55/DLGAP5/MAP3K4/PHTF2/ALMS1/IFT57/ZNF532/RRP1B/EPC1/NCAPG/SFMBT1/STIL/PTPRA/STK4/KIF4A/USP37/MELK/PDZD8/FANCI/HK2/KIF2C/ARID2/ZNF300"
"SMID_BREAST_CANCER_NORMAL_LIKE_UP","SMID_BREAST_CANCER_NORMAL_LIKE_UP",447,0.431307990188974,1.4314077432602,0.000279327018453659,0.0109178930916578,0.00986084269823735,2711,"tags=31%, list=15%, signal=27%","HLA-DOB/VCAM1/CD22/COL14A1/BCL11A/FCER1A/IRF8/BIRC3/RASGRP3/VPREB3/SYNM/SVEP1/LAMA4/TCF4/CAV1/ALDH1A1/MEF2C/CR2/KLK7/HGF/PAX5/FYN/FCRL2/KRT5/DMD/ITK/GIMAP6/CD2/PCSK5/CD72/COL17A1/CD48/ACTA2/AIF1/CLEC3B/CNN1/LCP2/IL1R2/CD244/LILRA4/CD79B/PPP1R16B/SLA/PIK3R1/SEL1L3/CTSG/CCR6/RNF125/MEOX2/MATK/NT5E/CD79A/MS4A1/ACACB/GIMAP5/ABCB1/LYN/BANK1/CYTIP/CD40/CXCR5/CLEC10A/P2RX5/JCHAIN/CHL1/PNOC/LYVE1/CD180/GDF7/NR3C2/CD6/ROBO3/PPP3CC/CD40LG/NRXN2/SNX1/CCDC88A/PRKCQ/FOXN3/FHL1/KLRK1/ACVRL1/PRKCB/PLCL2/CCR7/LEF1/PTPRC/FZD7/ABCA6/ZAP70/BTN3A2/PTGDS/F10/POU6F1/CTSC/ITGB7/TESC/SPIB/CDKN1C/FABP4/C3/PTPN22/ENPP2/CD1C/ABCA8/TLE4/CD1E/ADGRF5/CCR2/BAALC/RGS5/OXTR/FLI1/RUNX3/CD302/VEGFD/ITM2C/CXCL12/SPARCL1/PRF1/TNFRSF17/CXCL2/ITGA4/LCK/FMO2/CD8A/GEM/STAG3/GPR183/LRRN3/RBMS1/WIPF1/RIPOR2/HLA-DRA/CLEC4A/ID1/ZEB1/TIE1/SELL"
"REACTOME_ATTENUATION_PHASE","REACTOME_ATTENUATION_PHASE",28,-0.810017032027725,-1.8129847416691,0.00028271759516473,0.0109826246170741,0.00991930703603474,1760,"tags=50%, list=10%, signal=45%","HSPB2/CREBBP/HSPA8/FKBP4/HSPA6/DNAJB6/HSPA1A/HSP90AB1/HSP90AA1/UBB/DNAJB1/HSPA1L/HSPA2/HSPA1B"
"KEGG_MEDICUS_REFERENCE_PRE_IC_FORMATION","KEGG_MEDICUS_REFERENCE_PRE_IC_FORMATION",27,0.809727828537302,1.88801794149938,0.000286321012335625,0.0109975178982675,0.00993275837704683,1731,"tags=59%, list=10%, signal=54%","ORC1/MCM4/TICRR/CDC6/MCM2/MCM7/CDC45/MCM6/MCM3/TOPBP1/GINS1/MTBP/GINS4/POLE/CDT1/MCM5"
"TURASHVILI_BREAST_LOBULAR_CARCINOMA_VS_DUCTAL_NORMAL_UP","TURASHVILI_BREAST_LOBULAR_CARCINOMA_VS_DUCTAL_NORMAL_UP",67,0.664965864027307,1.75385980800837,0.00028657461358404,0.0109975178982675,0.00993275837704683,1085,"tags=18%, list=6%, signal=17%","THBS2/COL3A1/FN1/PRC1/FBN1/VCAN/BGN/COL12A1/INHBA/GNA13/CXCR4/LOX"
"FUNG_IL2_SIGNALING_2","FUNG_IL2_SIGNALING_2",11,0.916969766633267,1.78230331091375,0.000307175920670879,0.0117106278432273,0.0105768263244761,793,"tags=36%, list=4%, signal=35%","DDX21/IRF4/MYC/CCR6"
"ZHANG_BREAST_CANCER_PROGENITORS_UP","ZHANG_BREAST_CANCER_PROGENITORS_UP",426,0.432580967766838,1.43080234831903,0.000308855788032052,0.0117106278432273,0.0105768263244761,1761,"tags=21%, list=10%, signal=20%","STMN1/WEE1/CDCA8/TRIP13/AURKA/RAD51/XRCC5/BCL11A/EZH2/CHEK1/TOP2A/CDCA7/BRCA1/ECT2/HELLS/EIF4H/TMPO/ACSL3/TRPS1/NCBP1/PBK/ANLN/CALM2/SMC2/G3BP2/SMARCA5/UBE2B/CDC6/POLR2B/RBBP5/MCM2/CAPRIN1/POLA1/TRIM37/RAD21/ADGRL3/RRM2/XPO1/PAICS/NUP155/FH/PARP1/MTHFD1/NFIA/RPA1/TOPBP1/DNAJC9/BUB1B/CDC73/DNAJA1/SGO1/CCNA2/BUB1/ILF3/ADK/PHF6/COL4A5/CEP192/STRBP/MYB/TFRC/TAX1BP1/ZFAND4/PDS5B/ATAD2/UBA2/CHCHD4/E2F7/IPO8/MTDH/POLD3/VDAC1/BCL2/CEP55/HOOK1/HNRNPU/ZNF148/TRRAP/RNF7/PPM1B/CFAP97/PFN2/DBF4/ZNF532/OXCT1/DDR1/CNOT6/SERTAD4/ZNF239/NCAPG/CTDSPL2"
"LUI_THYROID_CANCER_CLUSTER_3","LUI_THYROID_CANCER_CLUSTER_3",28,-0.807389680824826,-1.80710418921956,0.000321712544795527,0.0120605076816625,0.0108928314383869,2473,"tags=64%, list=14%, signal=56%","RPS5/RPL18/EIF3G/RPL21/RPL18A/EIF3K/SARS1/PSMD8/ERGIC3/RPS2/ATP5F1A/HSPA8/EIF3F/RPL10A/HSP90AB1/FBL/RPS12/RPL17"
"HOLLEMAN_ASPARAGINASE_RESISTANCE_ALL_UP","HOLLEMAN_ASPARAGINASE_RESISTANCE_ALL_UP",22,-0.839432276382152,-1.77541965241677,0.000323369218980524,0.0120605076816625,0.0108928314383869,917,"tags=32%, list=5%, signal=30%","NTRK3/TAP2/RPL7A/RPL3/RPS3/RPL6/RPL11"
"GRAHAM_CML_QUIESCENT_VS_NORMAL_QUIESCENT_UP","GRAHAM_CML_QUIESCENT_VS_NORMAL_QUIESCENT_UP",91,0.611826591156422,1.70290608106566,0.000323797584630864,0.0120605076816625,0.0108928314383869,2076,"tags=33%, list=12%, signal=29%","CDC20/CCNB2/PRC1/TUBB2A/KIF11/EZH2/CHEK1/CASP3/HDC/TOP2A/SMC2/RRM2/CDKN3/ANKRD27/TPM1/LMNA/GINS1/CDK1/AQP3/KLF1/KIF15/CEP55/DLGAP5/RACGAP1/MCM5/MELK/CENPU/CPOX/DHFR/SERPINB2"
"REACTOME_ACTIVATION_OF_ATR_IN_RESPONSE_TO_REPLICATION_STRESS","REACTOME_ACTIVATION_OF_ATR_IN_RESPONSE_TO_REPLICATION_STRESS",37,0.741562722980315,1.79478262051273,0.000327016369988574,0.0121091675717406,0.0109367801671156,1793,"tags=49%, list=10%, signal=44%","CHEK1/ORC1/MCM4/CDC6/MCM2/CDC25C/MCM7/CDC45/CDK2/MCM6/MCM3/RPA1/MCM8/RFC4/MCM10/DBF4/MCM5/RAD9A"
"REACTOME_ACTIVATION_OF_THE_PRE_REPLICATIVE_COMPLEX","REACTOME_ACTIVATION_OF_THE_PRE_REPLICATIVE_COMPLEX",33,0.792758305219414,1.9003636389426,0.000337365200343693,0.0123835192253604,0.0111845695965992,1731,"tags=52%, list=10%, signal=47%","ORC1/MCM4/CDC6/MCM2/POLA1/MCM7/CDC45/CDK2/MCM6/MCM3/RPA1/MCM8/MCM10/POLE/CDT1/DBF4/MCM5"
"PUJANA_BREAST_CANCER_WITH_BRCA1_MUTATED_UP","PUJANA_BREAST_CANCER_WITH_BRCA1_MUTATED_UP",55,0.69528412470087,1.75325849820361,0.000338336832910194,0.0123835192253604,0.0111845695965992,1340,"tags=38%, list=7%, signal=35%","STMN1/CDC20/FOXM1/EZH2/AURKB/BLM/HMMR/RAD54L/MCM4/MCM2/MCM6/RPA1/TOPBP1/CDK1/MSH2/ILF3/DDX39A/SNRPA/MYBL2/RFC4/HMGN4"
"SHEPARD_BMYB_MORPHOLINO_DN","SHEPARD_BMYB_MORPHOLINO_DN",196,0.508794494945099,1.56704187153855,0.000342389941560799,0.0124598454595573,0.0112535060647297,2075,"tags=27%, list=12%, signal=24%","CDC20/CCNB1/BIRC5/KIF23/FOXM1/PRC1/KIF11/TTN/KIF14/AURKB/HELLS/RGS4/MCM4/ANLN/CDC6/MCM2/TPX2/SCIN/CDK2/IQGAP3/MCM3/MKI67/GINS1/POU3F2/CDC14B/CDK1/MSH2/AQP3/TTK/COL4A5/WDR76/GPT2/LIG1/EOMES/GTSE1/ASPM/PRKCB/DLGAP5/MDM4/MTHFD1L/ARID5B/MCM5/TOP1MT/ACSF2/GOLGB1/C3/MELK/PTPN22/DBX1/SLC2A5/DHFR/CDCA7L"
"FLOTHO_PEDIATRIC_ALL_THERAPY_RESPONSE_UP","FLOTHO_PEDIATRIC_ALL_THERAPY_RESPONSE_UP",51,-0.726955187698458,-1.79645896053412,0.000345604734330908,0.0125049667301903,0.0112942587766606,1094,"tags=35%, list=6%, signal=33%","RSL24D1/EIF3L/EIF3D/RPL22/RPL37A/RPL27/RPS9/RPL13A/RPS6/TPT1/EIF4B/RPL5/RPL7/RPL17/RPS20/RPL6/EEF1G/RPLP0"
"JIANG_MELANOMA_TRM6_CD8","JIANG_MELANOMA_TRM6_CD8",138,-0.60220694532137,-1.69086291375856,0.000396188347661409,0.014253776235182,0.0128737517514619,1958,"tags=28%, list=11%, signal=25%","GZMB/PHF5A/LGALS1/MRPL58/CORO1A/POLR1D/RPL28/PSMD8/IGBP1/DHRS1/RPS2/IFITM3/EIF3I/NACA/EEF1B2/AIMP1/RPL22/RPL39/MRPL30/RPL10/EIF3F/RPL10A/RPS27L/RBM3/CSNK2B/RPS11/RPL7A/PPP1CA/RPL31/BTF3/RPS12/RPL7/RPS17/RAC2/RPS4X/RPS20/RACK1/RPLP0/RPL4"
"DUTTA_APOPTOSIS_VIA_NFKB","DUTTA_APOPTOSIS_VIA_NFKB",32,0.777370482446069,1.84958933143257,0.000398703038695986,0.0142632070114293,0.0128822694572423,1970,"tags=31%, list=11%, signal=28%","BIRC5/TNF/BIRC3/XIAP/TP53/CASP8/TERT/BCL2/MDM2/TRAF1"
"REACTOME_G1_S_SPECIFIC_TRANSCRIPTION","REACTOME_G1_S_SPECIFIC_TRANSCRIPTION",29,0.802599318492097,1.89135138566602,0.000410448368086774,0.0146008936332891,0.0131872618794527,1546,"tags=52%, list=9%, signal=47%","HDAC1/PCNA/ORC1/RBBP4/E2F5/CDC6/POLA1/CCNE1/CDC45/RRM2/CDK1/E2F1/CCNA1/CDT1/TYMS"
"KEGG_MEDICUS_REFERENCE_ORIGIN_UNWINDING_AND_ELONGATION","KEGG_MEDICUS_REFERENCE_ORIGIN_UNWINDING_AND_ELONGATION",30,0.775543401955549,1.84197421212963,0.000417354951203619,0.0147636399498398,0.0133342513959968,1731,"tags=53%, list=10%, signal=48%","PCNA/MCM4/MCM2/POLA1/MCM7/CDC45/MCM6/MCM3/RPA1/GINS1/WDHD1/GINS4/RFC4/MCM10/POLE/MCM5"
"TOYOTA_TARGETS_OF_MIR34B_AND_MIR34C","TOYOTA_TARGETS_OF_MIR34B_AND_MIR34C",428,0.421785323120723,1.39509867258641,0.000426039255714113,0.0149871142621209,0.0135360893350572,2342,"tags=24%, list=13%, signal=21%","CCNB1/PLK1/FOXM1/DDX21/WEE1/TRIP13/AURKA/KIF11/RAD51/MANEAL/NEDD4/LDHA/FEN1/CDK4/KIF14/AURKB/CDCA7/CCNF/HELLS/PLK4/RBBP4/TUBB/RAD54L/TICRR/ESR1/PARM1/NSD2/SHPRH/CASKIN2/RRM2/MCM3/SNRNP70/MAPT/SMAD2/PASK/CPAP/NEK2/MKI67/BUB1B/CCNA2/RAPGEF6/NCOR1/PATJ/ILF3/DNM1L/CENPE/KIFC1/BARD1/GEN1/STRBP/MYB/HASPIN/LIG1/EIF5A/HSPD1/MYBL2/MCM8/GTSE1/NSD3/CCNE2/YWHAZ/HMGN4/NUP58/KIF15/POLD3/PKMYT1/SRSF4/HOOK1/POLE/NFKBIB/DLST/MDM4/PHTF2/DTL/PFN2/ALMS1/MAP3K21/OXCT1/STIL/ATAD5/STAG1/KIF4A/MELK/MED28/VPS45/RAVER2/SLC7A11/MIEF1/RIOK1/DHFR/LYPD6/USP14/TEF/KIF2C/ERLIN1/TCF7L2/PSIP1/LPCAT2/SUV39H1/BRIP1/ARHGAP11A/CLSPN/TCF19"
"BIOCARTA_RB_PATHWAY","BIOCARTA_RB_PATHWAY",13,0.902064502771446,1.80924939635096,0.000443385771808895,0.015511153077867,0.0140093916733802,1025,"tags=69%, list=6%, signal=65%","WEE1/YWHAH/CHEK1/CDK4/CDC25C/TP53/CDK2/CDK1/RB1"
"FURUKAWA_DUSP6_TARGETS_PCI35_DN","FURUKAWA_DUSP6_TARGETS_PCI35_DN",71,0.644989550142443,1.71165469627591,0.000447555128827566,0.0155373648902047,0.0140330657061013,2542,"tags=45%, list=14%, signal=39%","CCNB1/CCNB2/PRC1/AURKA/KIF11/PMEPA1/AURKB/BLM/CALB2/PBK/MCM4/TPX2/CCNA2/RRM1/CCNE2/RFC4/CEP55/IVD/DLGAP5/DTL/RACGAP1/MCM5/NCAPG/STIL/RIOK1/MTFR2/KIF2C/ARHGAP11A/CTNNAL1/RTEL1/PDSS1/ADORA2B"
"OSMAN_BLADDER_CANCER_DN","OSMAN_BLADDER_CANCER_DN",394,-0.467717262992253,-1.4513520712789,0.000449042605007495,0.0155373648902047,0.0140330657061013,1206,"tags=16%, list=7%, signal=15%","RPL36/CTDSP2/RPL13/USP7/H1-2/WDR20/STX17/RPL32/RHOH/SIK3/RPL19/ARID1A/EEF1B2/AKT2/EIF5B/RIPK1/SMARCC1/RPS25/RPL22/SMARCC2/RPL35/DIDO1/STAT3/CAMK1D/MRPS14/RPL13A/SF3A1/MRPS6/RPS6/H4C8/RPL15/EIF4A2/RPL36A/RPL34/PPIF/RPL10A/RPS7/RPS27/RPL35A/CHD2/UBA52/RPL14/AKT1/RPL12/FBL/TARDBP/RPS11/RPL7A/RPS24/RPL3/RPL23A/RBM4/RPS13/SRSF6/MARS1/RPS3/RPS17/EIF2S3/RPS4X/RPS20/EEF1G/RPLP0/RPL4"
"GAUSSMANN_MLL_AF4_FUSION_TARGETS_E_UP","GAUSSMANN_MLL_AF4_FUSION_TARGETS_E_UP",97,-0.634693358197596,-1.7141932595068,0.000451743589807162,0.0155458717970595,0.0140407489898302,2890,"tags=26%, list=16%, signal=22%","CRYAB/ATP1B1/CLU/SORCS2/FLRT3/SULF1/SORBS2/PDE10A/FOXRED2/EPHA1/NUDT7/INTS12/FABP3/CLEC11A/NTN1/HDAC9/MTUS2/GRB14/PPIG/COLEC12/C1S/PDGFRA/ASB5/HSPA1B/KDM6A"
"IGLESIAS_E2F_TARGETS_UP","IGLESIAS_E2F_TARGETS_UP",140,0.548220691330155,1.60736666666509,0.00045961352063093,0.0157312043926219,0.0142081380232594,890,"tags=20%, list=5%, signal=19%","COL3A1/CDC42/TUBB2A/KRT19/CADM1/PCNA/NFKBIA/RBBP7/SKP1/LAMA4/TUBB/ITGB1/CNN3/ACTG1/CALM2/GAS6/SMC2/CDC6/MCM7/S100A6/MCM3/SMAD1/ACTA2/B2M/COL6A2/LMNA/DNAJA1/C1QA"
"KARAKAS_TGFB1_SIGNALING","KARAKAS_TGFB1_SIGNALING",17,0.87318039748025,1.83652901606858,0.000496460226978314,0.01681062116164,0.0151830476395901,1085,"tags=41%, list=6%, signal=39%","FN1/BIRC5/PLK1/BRCA1/CUL3/BUB1/LOX"
"WP_BDNF_SIGNALING_IN_NEURODEVELOPMENT","WP_BDNF_SIGNALING_IN_NEURODEVELOPMENT",118,0.569824320712795,1.64041086949395,0.000496089552937049,0.01681062116164,0.0151830476395901,1420,"tags=35%, list=8%, signal=32%","RND3/STMN1/CDC42/YWHAE/MAP3K1/YWHAH/YWHAG/MYC/NFKBIA/KRAS/GSK3B/ROCK2/CHUK/MAP2K5/PRKCE/TP53/IQGAP3/MAP2K1/PTPN11/ROCK1/RPS6KB1/RHOA/TRAF6/EIF4E/CASP8/TCF7/IRS2/APAF1/HRAS/PIK3CG/EEF2K/LIMK1/TIAM1/PIK3CA/PAK1/CREB1/YWHAZ/PRKCA/PRKCB/BCL2/LEF1"
"REACTOME_EXTRACELLULAR_MATRIX_ORGANIZATION","REACTOME_EXTRACELLULAR_MATRIX_ORGANIZATION",315,0.446097277781591,1.44739968921546,0.000538836962876187,0.0181484874943192,0.0163913842066423,1713,"tags=22%, list=10%, signal=20%","NCAM1/COL3A1/FN1/ACTC1/FBN1/VCAM1/CASK/COL14A1/LAMA5/COL4A4/CASP3/COL4A3/COL4A2/VCAN/LAMA4/LAMC2/ITGB1/ACTG1/CEACAM6/P4HA1/KLK7/COL22A1/COL6A5/CEACAM8/DMD/LAMC1/TNR/FBN2/BGN/COL12A1/MUSK/COL17A1/ACTA2/FMOD/ADAMTS2/COL4A6/COL20A1/MATN4/COL6A2/CTRB2/COL19A1/ITGAV/BCAN/ITGB8/CTSG/COL9A2/CAPN12/COL4A5/LAMA1/PLG/LOX/ADAMTS3/FBLN1/KLK2/SH3PXD2A/COL6A1/PRKCA/PSEN1/COL9A3/ACTA1/ITGA1/ITGA9/LTBP3/MMP9/COL6A6/COL8A1/COL10A1/DDR1/ELANE/MMP11"
"CROONQUIST_NRAS_VS_STROMAL_STIMULATION_DN","CROONQUIST_NRAS_VS_STROMAL_STIMULATION_DN",95,0.605499388404406,1.70192821330151,0.000559897907332922,0.0187580611070479,0.0169419400197146,1111,"tags=31%, list=6%, signal=29%","STMN1/THBS2/CDC20/CCNB1/CCNB2/FOXM1/AURKA/EZH2/NFKBIA/AURKB/CCNF/VCAN/LAMA4/CDC6/MCM2/MCM7/CDC45/TPX2/MCM3/ACTA2/CDKN3/MKI67/UBE2C/CDK1/CCNA2/H2BC11/CENPE/DUSP1/TOX"
"BURTON_ADIPOGENESIS_11","BURTON_ADIPOGENESIS_11",50,0.693797670978555,1.73501454098797,0.000568872255785291,0.0189584164401709,0.0171228973167949,1661,"tags=34%, list=9%, signal=31%","COL3A1/ACVR2A/AMOT/NR3C1/IRF1/TBK1/PBRM1/SMARCA2/DDIT3/LMO7/ARFGEF1/RAB9A/RASA1/CCDC88A/KIF5B/ATF2/ALCAM"
"SU_TESTIS","SU_TESTIS",75,0.635516430476602,1.71391777406064,0.000573143089234572,0.0190007436703315,0.0171611265021297,2147,"tags=39%, list=12%, signal=34%","CCNB1/CCNB2/AURKA/EZH2/HMMR/NCAPH/PRKAR2A/RPL39L/NUP155/CDKN3/TOPBP1/NEK2/BUB1B/CDK1/ITCH/PSMG1/BUB1/TTK/RBMXL2/COIL/BRDT/RFC4/STAM2/DBF4/SFMBT1/IDE/TLE4/ART3/KIF2C"
"DAZARD_RESPONSE_TO_UV_NHEK_DN","DAZARD_RESPONSE_TO_UV_NHEK_DN",297,0.452454974045731,1.45692199408801,0.000578022478927687,0.019062699669636,0.0172170840351652,1908,"tags=24%, list=11%, signal=22%","CCNB1/CCNB2/KIF23/WEE1/AURKA/KIF11/MYC/KIF14/TOP2A/FOXO1/PUM1/PLK4/SMAD3/PPP1R12A/DYRK1A/E2F5/NR2F2/FYN/SPOP/CHD9/CCNE1/CEP170/XPO1/NFYA/FLG/CASP8/ZBTB24/GAPVD1/NUP153/PUM2/SP3/NFE2L2/MKI67/PRSS12/BUB1B/WDHD1/ATP2B1/UBE2G1/KAT6A/FAT1/MTUS1/PTK2/ATRX/ATP13A3/NPAT/MN1/CUL1/LSM14A/SHOC2/JARID2/CHD1/NCOA3/REV3L/RBPJ/POLD3/ZNF148/ARID5B/ATF2/ADRB2/CEP350/RRP1B/BCAR3/BCL7A/FNBP1L/ADCY9/STRN/PHIP/EFNB2/FOXJ3/KAT6B/QKI"
"WILCOX_RESPONSE_TO_PROGESTERONE_UP","WILCOX_RESPONSE_TO_PROGESTERONE_UP",150,0.537959670319961,1.59974497912968,0.000586401664623186,0.0192388359605908,0.0173761671333394,2124,"tags=23%, list=12%, signal=21%","CDC20/CCNB1/CCNB2/PRC1/KIF20A/TOP2A/PEG10/HMMR/PBK/SMC2/CDC6/KLF5/RRM2/IDH1/SGK3/WDHD1/CDK1/PLA2G4A/CYP51A1/ASPM/CEP55/DLGAP5/TMT1A/TYMS/PDS5A/SCD/NUP160/NCAPG/FDFT1/KIF4A/FAXDC2/CENPU/ARHGEF3/FANCI/IFNAR2"
"PYEON_CANCER_HEAD_AND_NECK_VS_CERVICAL_DN","PYEON_CANCER_HEAD_AND_NECK_VS_CERVICAL_DN",24,-0.813096086321294,-1.75862636279947,0.000622742416319599,0.0203257988666789,0.0183578922835832,200,"tags=29%, list=1%, signal=29%","USP9Y/DCN/ZFY/EIF1AY/KDM5D/RPS4Y1/DDX3Y"
"HOOI_ST7_TARGETS_DN","HOOI_ST7_TARGETS_DN",111,0.567156413506684,1.62067255116367,0.000626203926414296,0.0203339654464376,0.0183652681900614,1319,"tags=18%, list=7%, signal=17%","ALK/FN1/TTN/ENO2/FOXA1/ACSL3/TRIB2/OBSL1/DNAH5/IREB2/ITGB8/CXCR4/PDLIM4/PAK6/TLCD4/MCAM/ITPR1/CCDC141/ZNF395/KLC1"
"OSAWA_TNF_TARGETS","OSAWA_TNF_TARGETS",10,0.925856896165555,1.75175301470329,0.000630410717461231,0.0203661258314516,0.0183943148655578,349,"tags=30%, list=2%, signal=29%","HABP2/COL3A1/JAG2"
"RYAN_MANTLE_CELL_LYMPHOMA_NOTCH_DIRECT_UP","RYAN_MANTLE_CELL_LYMPHOMA_NOTCH_DIRECT_UP",148,0.539696304669036,1.60448160632702,0.000643456430689877,0.0206820615184178,0.0186796622385151,2124,"tags=26%, list=12%, signal=23%","BLK/IKZF1/MYC/SIK1/TNF/IRF8/FCRL3/SMAD3/CR2/PAX5/FYN/FCRL2/CD84/CD72/FCRL4/UBASH3B/DNMBP/LDLRAD4/LYN/TRAF4/CXCR5/P2RX5/HASPIN/BLNK/CNR2/FMNL3/MYBL2/CLEC17A/NR4A1/PRICKLE1/BATF/TOP1/SPIB/DTX1/LGMN/ARHGEF3/LIN54/IFNAR2"
"NOUSHMEHR_GBM_SILENCED_BY_METHYLATION","NOUSHMEHR_GBM_SILENCED_BY_METHYLATION",50,0.690624219129192,1.72707853120575,0.000652501204163978,0.0208668566907389,0.0188465658810361,1657,"tags=24%, list=9%, signal=22%","FKBP5/CBR1/LDHA/BIRC3/FMOD/TTC12/SEL1L3/CCNA1/TRIP4/PDPN/MMP9/EPHX2"
"FERREIRA_EWINGS_SARCOMA_UNSTABLE_VS_STABLE_UP","FERREIRA_EWINGS_SARCOMA_UNSTABLE_VS_STABLE_UP",162,0.517430217890831,1.55567696574172,0.000663612393546644,0.0211155461102379,0.0190711776468602,2305,"tags=34%, list=13%, signal=30%","CCNB1/KIF23/CHEK1/KPNA2/FEN1/TOP2A/BRCA1/BLM/UBE2T/TMPO/ANLN/SMC2/PRPF40A/KNL1/CDC6/NCAPH/TPX2/CDKN3/RPS26/WDHD1/CCNA2/CENPE/PIF1/CTPS1/LAMA1/ESPL1/CHD1/ADAMTS3/ATAD2/ODF2/CHTF18/KIF15/RGS16/CEP55/DSCC1/NAA15/DLGAP5/DBF4/ZNF532/NCAPG/PPP4R3A/ATAD5/STX1A/DAZAP1/MELK/TGFB3/SAP30/CENPU/DHFR/SYNCRIP/KIF2C/CHAF1A/PSIP1/BRIP1/ARHGAP11A"
"SIMBULAN_PARP1_TARGETS_DN","SIMBULAN_PARP1_TARGETS_DN",16,0.86908978233297,1.80847307918054,0.000668675000297424,0.0211702505094165,0.0191205856663995,124,"tags=31%, list=1%, signal=31%","STMN1/CDC20/CCNB1/CCNB2/PCNA"
"MISIAK_ANAPLASTIC_THYROID_CARCINOMA_UP","MISIAK_ANAPLASTIC_THYROID_CARCINOMA_UP",44,0.713640461007952,1.75019161333647,0.000674260029431201,0.0212408681908376,0.0191843662733685,1641,"tags=30%, list=9%, signal=27%","ACTC1/BIRC5/CHEK1/MAD2L1/PAX3/RRM2/COL20A1/GINS1/POU3F2/TFRC/NRXN2/DTL/SCD"
"PID_INTEGRIN1_PATHWAY","PID_INTEGRIN1_PATHWAY",65,0.650983989580248,1.70674768120559,0.000679003952032106,0.0212844209122143,0.0192237023001065,1431,"tags=31%, list=8%, signal=28%","THBS2/COL3A1/FN1/FBN1/VCAM1/LAMA5/COL4A4/COL4A3/LAMA4/LAMC2/ITGB1/LAMC1/COL4A6/COL6A2/ITGAV/COL4A5/LAMA1/COL6A1/ITGA1/ITGA9"
"FLECHNER_PBL_KIDNEY_TRANSPLANT_OK_VS_DONOR_UP","FLECHNER_PBL_KIDNEY_TRANSPLANT_OK_VS_DONOR_UP",148,-0.57956837881712,-1.64301141074137,0.000683513486494849,0.0213202334802236,0.019256047560936,1905,"tags=30%, list=11%, signal=27%","VAV1/IK/CD58/SRSF3/PLIN3/CYC1/SARS1/SF1/CLEC11A/RPS29/LMO1/SETD1A/ATP5F1A/DAP3/NCOR2/ZNF384/LSM2/RPN1/RPL19/TAPBP/EEF1B2/PRMT1/CCT7/ACO2/PSMA4/JUND/TXN/CAPZB/RPL35/ACTB/SF3B4/DHX9/AHNAK/EIF3F/LGALS9/MYD88/CHD3/RPS23/HYOU1/UBE2I/RPS20/RACK1/RPLP0/RPL11/RPL23"
"REACTOME_NCAM1_INTERACTIONS","REACTOME_NCAM1_INTERACTIONS",42,0.726327650278549,1.77744025518304,0.000692372338640901,0.0214906943542852,0.019410004725676,1349,"tags=33%, list=8%, signal=31%","NCAM1/COL3A1/PRNP/COL4A4/COL4A3/COL4A2/COL6A5/COL6A2/CACNA1G/COL9A2/CACNA1S/COL4A5/COL6A1/COL9A3"
"KEGG_DNA_REPLICATION","KEGG_DNA_REPLICATION",36,0.747079357864928,1.8102805268644,0.000698760240255512,0.0215831699575507,0.0194935270105684,1731,"tags=42%, list=10%, signal=38%","PCNA/FEN1/MCM4/MCM2/POLA1/MCM7/MCM6/MCM3/RPA1/LIG1/RFC4/POLD3/POLD1/POLE/MCM5"
"GREENBAUM_E2A_TARGETS_UP","GREENBAUM_E2A_TARGETS_UP",33,0.773217281847805,1.85352079915317,0.000711684492224221,0.0218756611881736,0.019757699776465,906,"tags=42%, list=5%, signal=40%","CCNB1/CCNB2/AURKA/KIF11/TOP2A/ECT2/PLK4/MAD2L1/ANLN/SCIN/MKI67/CCNA2/BUB1/TTK"
"REACTOME_RUNX2_REGULATES_OSTEOBLAST_DIFFERENTIATION","REACTOME_RUNX2_REGULATES_OSTEOBLAST_DIFFERENTIATION",23,-0.823538426744761,-1.76474114315154,0.000729994701883419,0.0223300794798348,0.0201681221222101,863,"tags=48%, list=5%, signal=46%","MAF/WWTR1/SP7/AR/YES1/MAPK3/GLI3/YAP1/SRC/ABL1/HDAC3"
"PID_FOXM1_PATHWAY","PID_FOXM1_PATHWAY",40,0.728580669899656,1.77804857724463,0.000737037120445949,0.022437110801268,0.0202647908673221,1025,"tags=48%, list=6%, signal=45%","CCNB1/BIRC5/CCNB2/PLK1/FOXM1/CHEK2/MYC/CDK4/AURKB/LAMA4/ESR1/CCNE1/CDK2/MAP2K1/SP1/NEK2/CDK1/CCNA2/RB1"
"REACTOME_INTERLEUKIN_4_AND_INTERLEUKIN_13_SIGNALING","REACTOME_INTERLEUKIN_4_AND_INTERLEUKIN_13_SIGNALING",107,0.564309728954902,1.60631214962956,0.000769898040375695,0.0233253320175067,0.0210670161337756,1548,"tags=26%, list=9%, signal=24%","FN1/BIRC5/RHOU/IRF4/VCAM1/SOX2/LAMA5/MYC/JAK2/TNF/FOXO1/ITGB1/JAK1/HIF1A/TWIST1/HGF/OPRM1/TP53/VIM/PIK3R1/MAOA/PIM1/FCER2/LCN2/BCL2/MMP9/BATF/CCND1"
"MUELLER_PLURINET","MUELLER_PLURINET",297,0.446770482858992,1.43861771916512,0.000791138606736375,0.0238547126564511,0.0215451431097681,1454,"tags=25%, list=8%, signal=23%","CCNB1/BIRC5/CCNB2/WEE1/HDAC1/NME1-NME2/TRIP13/AURKA/PRNP/SPAG5/RAD51/XRCC5/CHEK2/EXO1/MYC/PCNA/CHEK1/KPNA2/FEN1/AURKB/BLM/ORC1/TMPO/HMMR/RAD54L/MCM4/MCM2/CDC25C/WDR77/NLE1/CCNE1/CDC45/DHCR24/TPX2/NME1/TP53/MCM6/MCM3/PARP1/MTHFD1/PASK/RPA1/SP1/NUP153/HSPA9/OTX2/BUB1B/CDK1/MSH2/CCNA2/MATK/GOT2/SIRT1/CENPE/STRBP/MYB/HSPD1/SNRPA/MYBL2/COIL/PAK1/PPID/RFC4/MCM10/ACTA1/HSPH1/BCL2/TUBA3C/DSCC1/POLD1/NFKBIB/CDT1/ARL4A"
"BILBAN_B_CLL_LPL_UP","BILBAN_B_CLL_LPL_UP",62,0.665121900140352,1.72442879267789,0.000797098624640561,0.0239205141764172,0.0216045738472046,2378,"tags=40%, list=13%, signal=35%","NSF/IRF4/PEG10/DMD/TLR7/DNMBP/PNMA2/CYP51A1/PIM1/HEATR1/AGPAT5/FCER2/MYBL2/KLK2/WSB2/CCR7/TRRAP/ABCA6/BCL7A/TOP1/BACH2/MFAP1/ARMCX2/AKAP12/AZIN1"
"SHEPARD_CRASH_AND_BURN_MUTANT_DN","SHEPARD_CRASH_AND_BURN_MUTANT_DN",189,0.50600806409736,1.54318090658987,0.000807767728414385,0.0241263455486787,0.0217904770033533,1594,"tags=25%, list=9%, signal=23%","CDC20/CCNB1/BIRC5/CCNB2/KIF23/FOXM1/PRC1/KIF11/CDC27/TTN/KIF14/AURKB/CHD5/ECT2/PUM1/PLK4/TMPO/ZIC2/SMAD3/ANLN/ENO3/G3BP2/KNL1/PTEN/EBF1/TPX2/DDX20/NELL2/OTX2/MKI67/BUB1B/POU3F2/CDC14B/CDK1/MTUS1/TTK/PIF1/SLAIN2/DPYSL3/GTSE1/ASPM/CEP55/MYO10/DLGAP5/ARID5B/RACGAP1/RHO"
"BIOCARTA_G2_PATHWAY","BIOCARTA_G2_PATHWAY",24,0.793914817843312,1.81104812323552,0.000838587562959647,0.0249292791016924,0.0225156720017779,749,"tags=42%, list=4%, signal=40%","CCNB1/PLK1/WEE1/YWHAH/CHEK2/CHEK1/BRCA1/CDC25C/TP53/CDK1"
"MOLENAAR_TARGETS_OF_CCND1_AND_CDK4_DN","MOLENAAR_TARGETS_OF_CCND1_AND_CDK4_DN",57,0.666973179240581,1.69308115294945,0.000889309716449021,0.0263135940399776,0.0237659601055953,2147,"tags=42%, list=12%, signal=37%","CDCA8/TRIP13/AURKA/KIF11/KIF20A/CDCA7/KNL1/CDC6/NCAPH/MCM7/CDC45/TPX2/AQP3/PTBP3/E2F7/POLD3/CEP55/CIP2A/DTL/KIF4A/MELK/CDCA7L/MTFR2/KIF2C"
"REICHERT_MITOSIS_LIN9_TARGETS","REICHERT_MITOSIS_LIN9_TARGETS",27,0.779457425091399,1.81743735529731,0.000902793746614414,0.0264652314979744,0.023902916302905,1396,"tags=52%, list=8%, signal=48%","CCNB1/PLK1/KIF23/AURKA/KIF20A/TOP2A/CCNF/HMMR/KNL1/MKI67/CENPE/MYO6/ASPM/CEP55"
"REACTOME_TRANSCRIPTION_OF_E2F_TARGETS_UNDER_NEGATIVE_CONTROL_BY_DREAM_COMPLEX","REACTOME_TRANSCRIPTION_OF_E2F_TARGETS_UNDER_NEGATIVE_CONTROL_BY_DREAM_COMPLEX",19,0.829669948120471,1.80770653965216,0.00089894091018059,0.0264652314979744,0.023902916302905,986,"tags=42%, list=5%, signal=40%","HDAC1/MYC/PCNA/TOP2A/RBBP4/E2F5/CDC6/E2F1"
"VANTVEER_BREAST_CANCER_METASTASIS_DN","VANTVEER_BREAST_CANCER_METASTASIS_DN",108,0.570591420138462,1.62738743086959,0.000918071688926546,0.02678907803817,0.024195408614785,1821,"tags=28%, list=10%, signal=25%","STMN1/BIRC5/CCNB2/PRC1/TRIP13/AURKA/EZH2/KIF14/ECT2/COL4A2/MAD2L1/RAD21/MCM6/CP/BUB1/CTPS1/TFRC/ATAD2/DIAPH3/ASPM/CCNE2/RFC4/MTDH/DLGAP5/MMP9/DTL/OXCT1/HMGB3/GBE1/STX1A"
"SHEPARD_BMYB_TARGETS","SHEPARD_BMYB_TARGETS",75,0.625823997487432,1.68777835047158,0.000931979049808965,0.02707014377702,0.0244492620840758,1228,"tags=25%, list=7%, signal=24%","CDC20/CCNB1/BIRC5/KIF23/FOXM1/PRC1/KIF11/TTN/KIF14/AURKB/ANLN/TPX2/MKI67/POU3F2/CDC14B/CDK1/TTK/GTSE1/ASPM"
"BIOCARTA_HIVNEF_PATHWAY","BIOCARTA_HIVNEF_PATHWAY",56,0.666506067851784,1.69441771760547,0.000942307603641498,0.0272451677911323,0.0246073405940123,1531,"tags=38%, list=9%, signal=34%","MAP3K1/CDK11A/NFKBIA/CASP3/TNF/BIRC3/ACTG1/XIAP/CHUK/PARP1/PAK2/CASP8/LMNA/APAF1/RB1/SPTAN1/GSN/RASA1/PSEN1/BCL2/PRKDC"
"COLINA_TARGETS_OF_4EBP1_AND_4EBP2","COLINA_TARGETS_OF_4EBP1_AND_4EBP2",353,0.435224402064398,1.42463788451628,0.00101937002937393,0.029339322845435,0.0264987433951605,1715,"tags=20%, list=10%, signal=18%","CDC20/UBQLN1/CCNB1/BIRC5/PLK1/FOXM1/VCAM1/RAD51/KIF20A/ALDH7A1/ITIH2/AURKB/TOP2A/ENO2/ECT2/HELLS/FOXA1/UBE2T/SVEP1/HMMR/PBK/ANLN/ENO3/TRIM54/POLA1/TPX2/RSPO2/XPO1/MTREX/B2M/CP/NEK2/SMARCA2/VAMP3/CCNA2/BACE1/PAX8/ABCB1/TTK/SFRP4/ESPL1/FOXC1/HNRNPR/PSMB8/IRX3/ADA/FMNL3/LCN2/ZNF35/DIAPH3/EXOC2/PDPN/PRKCA/KIF22/FGF7/POLE/CDT1/DLGAP5/BCAT1/TOR1AIP1/CCND1/NUF2/PFN2/RACGAP1/POLR2D/DBF4/ATP10D/PARP3/GPX7"
"KUMAMOTO_RESPONSE_TO_NUTLIN_3A_DN","KUMAMOTO_RESPONSE_TO_NUTLIN_3A_DN",10,0.915407085373789,1.73198161414088,0.00104042669496469,0.0298098725453231,0.0269237353357616,943,"tags=70%, list=5%, signal=66%","CDC20/CCNB1/SPAG5/KNL1/CDKN3/CCNA2/KIFC1"
"WEST_ADRENOCORTICAL_TUMOR_MARKERS_UP","WEST_ADRENOCORTICAL_TUMOR_MARKERS_UP",22,0.806003721047672,1.80028985022237,0.00111936168471472,0.0319270188631242,0.028835903428426,1544,"tags=50%, list=9%, signal=46%","PRC1/KIF20A/TOP2A/RRM2/SLC2A6/NEK2/CDK1/BARD1/ASPM/SQLE/DTL"
"CHARAFE_BREAST_CANCER_LUMINAL_VS_MESENCHYMAL_DN","CHARAFE_BREAST_CANCER_LUMINAL_VS_MESENCHYMAL_DN",454,0.404503198072228,1.3431221261684,0.00112837017032919,0.0320396408902439,0.0289376215973494,2459,"tags=23%, list=14%, signal=21%","CDC20/BIRC5/PLK1/AXL/MAPRE1/FBN1/PRNP/CDC27/PTPRG/AKT3/TGFBR2/RGS4/COL4A2/ZIC2/TUBB/CAV1/SMAD3/ACTG1/ANLN/CORO2B/NR3C1/DMD/LAMC1/CEP170/CDK6/NUP155/VIM/ACTA2/DNM1/IRAK2/SGTB/COL6A2/TPM1/PRSS12/ITGAV/PDP1/CORO1C/UBASH3B/ACTR2/UBE2G1/INHBA/FOXQ1/PLAT/RUNX2/BUB1/ILF3/TRAF3/NT5E/PNMA2/LYN/TOX2/HAS2/FOXC1/MCAM/DKK3/PIM1/GNAI1/TOX/KIF18B/CCDC88A/COL6A1/MAP1B/FHL1/PRKCA/IPO5/ITGA1/RAB8B/BCAT1/GNG12/TYMS/FZD7/BCHE/ATP10D/MAML2/CUL4B/FAT4/EDIL3/NCAPG/STIL/PSMB2/CTSC/STX2/QKI/PSMB9/S100A2/MPRIP/MFGE8/BICD2/MMP2/AKAP12/ANXA5/FER/CD44/RTN4/FLI1/SHOX2/SH3KBP1/LAMB1/ANTXR2/SOAT1/ITM2C/DPYD/ANXA1/CTNNAL1/CXCL2/PFAS"
"REACTOME_MITOTIC_PROPHASE","REACTOME_MITOTIC_PROPHASE",109,0.56268385774033,1.60684739492869,0.00114894345788402,0.0324781695326859,0.0293336927005822,1492,"tags=28%, list=8%, signal=25%","CCNB1/CCNB2/H3C12/PLK1/PPP2CB/H3C13/RANBP2/H3C14/H3C15/PPP2CA/TMPO/SMC2/H2BC21/H2AZ2/NUP155/NUP37/H2AC20/H4C11/NUP153/LMNA/H3C4/CDK1/H2BC11/RB1/H4C16/H2BC13/PRKCA/NUP58/PRKCB/PPP2R2D"
"ZHAN_MULTIPLE_MYELOMA_MF_UP","ZHAN_MULTIPLE_MYELOMA_MF_UP",45,-0.705590159276453,-1.71238458034294,0.00118900188072285,0.0333130969413147,0.0300877839681754,260,"tags=16%, list=1%, signal=15%","DPYSL2/SHMT1/NTRK2/TUBB2B/DOCK4/SMARCA1/CDH1"
"REACTOME_DENGUE_VIRUS_HOST_INTERACTIONS","REACTOME_DENGUE_VIRUS_HOST_INTERACTIONS",254,-0.495555105966966,-1.47643076007207,0.00118844658774451,0.0333130969413147,0.0300877839681754,2560,"tags=39%, list=14%, signal=34%","SRSF5/GRPEL1/TJP1/RPL18/IFIH1/F2/SRSF9/ALYREF/CWC15/ELAVL1/VTN/SRRM1/SF3B3/POLR2I/PRPF8/GTF2F2/PRPF19/SYMPK/SDC2/PAF1/HNRNPUL1/CPSF6/CPSF7/PHF5A/SRSF2/U2AF1/HNRNPA0/H2BC15/SRSF3/C4BPB/LEO1/DNAJC8/TRIM25/SKIC8/YBX1/AGRN/PRPF6/DYNLT1/SNW1/SNRPD3/SNRPE/POLR2F/SNRPG/H2AC25/HSPA8/SF3B5/POLR2K/TAL1/SF3B2/GBF1/HNRNPH1/H2BC5/HNRNPA2B1/SNRPN/PCBP2/RIPK1/NCBP2/HNRNPA3/STAT2/CSTF2/DDX46/H2BC26/CAMK2B/SF3B4/FUS/CAMK2G/DHX9/SF3A3/U2AF2/SF3B1/SNRPD1/EIF4A3/SF3A1/CAMK2A/H4C8/SRSF1/C1S/DDX42/HSP90AB1/DDX3X/CTNNB1/HSP90AA1/HNRNPA1/CWC27/PPIL4/PPIL6/DHX38/DHX16/DDX5/MAVS/SRSF6/POLR2A/DDX23/UBE2I/HNRNPL/POLR2C/HNRNPD/EFTUD2"
"WHITFIELD_CELL_CYCLE_S","WHITFIELD_CELL_CYCLE_S",143,0.524019033620701,1.54208576303324,0.00120072370639131,0.0334933150170474,0.0302505536602086,2130,"tags=27%, list=12%, signal=24%","RAD51/EXO1/EZH2/FEN1/TOP2A/BRCA1/HELLS/BLM/UBE2T/RAD54L/TTC31/CDC45/RRM2/KAT2B/SP1/NFE2L2/SH3GL2/KIFC2/RRM1/CAPS/ATAD2/MCM8/RFC4/PKMYT1/DSCC1/RAD18/PHTF2/SHTN1/DNAJC6/TYMS/HSPB8/ANKRD36C/NUP160/BIVM/PHIP/CENPU/ESCO2/DHFR/ARHGAP42"
"GENGQIU_LUAD_CAF_MARKER_GENES","GENGQIU_LUAD_CAF_MARKER_GENES",220,0.481979942596097,1.49716015312358,0.00121246246462246,0.0336724224824097,0.0304123202691312,1371,"tags=15%, list=8%, signal=14%","RND3/THBS2/COL3A1/FN1/FBN1/VCAM1/PMEPA1/COL4A2/VCAN/LAMA4/TUBB/TCF4/ITGB1/CAV1/CNN3/FKBP10/GAS6/BGN/COL12A1/S100A6/VIM/ACTA2/TAGLN/COL6A2/TPM1/INHBA/PLAT/FILIP1L/DKK3/UACA/FBLN1/COL6A1/MAP1B/RGS16"
"REACTOME_FIBRONECTIN_MATRIX_FORMATION","REACTOME_FIBRONECTIN_MATRIX_FORMATION",20,0.809123592368563,1.77830556822152,0.00122596447679367,0.0338331822584435,0.0305575155783694,949,"tags=50%, list=5%, signal=47%","COL3A1/FN1/COL4A4/COL4A3/COL4A2/ITGB1/CEACAM6/CEACAM8/COL4A6/COL4A5"
"MA_RAT_AGING_UP","MA_RAT_AGING_UP",102,-0.601573261828854,-1.62764337902235,0.00122893744779564,0.0338331822584435,0.0305575155783694,1664,"tags=24%, list=9%, signal=21%","MT-ND4L/MYOG/TF/ANKRD1/LTBP1/H2BC5/IFIT3/RPS6/C1S/UBD/RPL30/RPL12/RPL8/RPS24/OASL/RPL5/RPS12/DCLK1/RPL7/RPL17/EEF1A1/RPS20/RACK1/RPLP0"
"NABA_CORE_MATRISOME","NABA_CORE_MATRISOME",268,0.455873812698705,1.4544157719954,0.00125337988573121,0.0343567161751082,0.0310303619010146,1174,"tags=16%, list=7%, signal=15%","THBS2/COL3A1/FN1/USH2A/FBN1/COL14A1/LAMA5/COL4A4/COCH/COL4A3/SVEP1/COL4A2/VCAN/LAMA4/LAMC2/GAS6/COL22A1/COL6A5/LAMC1/TNR/FBN2/BGN/RSPO2/COL12A1/NELL2/COL17A1/FMOD/SBSPON/COL4A6/COL20A1/MATN4/COL6A2/COL19A1/BCAN/FRAS1/COL9A2/COL4A5/LAMA1/OTOG/LGI2/VWA1/FBLN1"
"TURJANSKI_MAPK1_AND_MAPK2_TARGETS","TURJANSKI_MAPK1_AND_MAPK2_TARGETS",12,0.895889250678079,1.76945965285299,0.00128436482812901,0.0350543021194522,0.0316604088531077,1467,"tags=67%, list=8%, signal=61%","MYC/SMAD3/TP53/SMAD1/SMAD2/SP1/MYB/SMAD4"
"REACTOME_MRNA_SPLICING_MINOR_PATHWAY","REACTOME_MRNA_SPLICING_MINOR_PATHWAY",50,-0.706623474892129,-1.74956900902404,0.00130655292116248,0.0355068373253255,0.0320691304299786,2533,"tags=60%, list=14%, signal=52%","SNRNP48/RNPC3/SF3B3/POLR2I/PRPF8/GTF2F2/SRSF2/YBX1/PRPF6/ZMAT5/SNRPD3/SNRPE/POLR2F/SNRPG/ZCRB1/SF3B5/POLR2K/SF3B2/ZRSR2/NCBP2/SF3B4/SF3B1/SNRPD1/SRSF1/DDX42/SRSF6/POLR2A/DDX23/POLR2C/EFTUD2"
"ZHANG_ANTIVIRAL_RESPONSE_TO_RIBAVIRIN_UP","ZHANG_ANTIVIRAL_RESPONSE_TO_RIBAVIRIN_UP",28,-0.772878163778381,-1.72986031490197,0.00133109570754131,0.0358659490219216,0.0323934735904678,1323,"tags=39%, list=7%, signal=36%","IFITM3/MX1/GJA1/STAT1/TIAL1/SOX9/C1R/C1S/ALDH2/MYH11/HSPA1B"
"WP_DNA_IRDAMAGE_AND_CELLULAR_RESPONSE_VIA_ATR","WP_DNA_IRDAMAGE_AND_CELLULAR_RESPONSE_VIA_ATR",81,0.597488993904552,1.64773900635548,0.00132819711781144,0.0358659490219216,0.0323934735904678,988,"tags=31%, list=5%, signal=29%","PLK1/FOXM1/RAD51/XRCC5/CHEK2/EXO1/PCNA/CHEK1/FEN1/BRCA1/MCM2/CDC25C/CDC45/TP53/CDK2/PPM1D/PARP1/RPA1/SP1/TOPBP1/CDK1/MSH2/BARD1/E2F1/UBE2D3"
"REACTOME_SARS_COV_2_INFECTION","REACTOME_SARS_COV_2_INFECTION",292,-0.48276704770287,-1.45366722919927,0.00134347057427883,0.036045998628532,0.0325560911242502,1613,"tags=25%, list=9%, signal=23%","TRIM25/DDOST/RIGI/AGRN/ZDHHC5/SMN1/RPS16/POM121/RPS2/GEMIN2/SNRPD3/RPS29/NUP42/SNRPE/NUP214/SNRPG/ZCRB1/UBE2V1/IRAK1/RPN1/VPS39/SEC13/NUP107/GJA1/STAT1/PRMT1/AKT2/RAE1/RPS25/PTPN6/STAT2/PDPK1/IKBKB/YWHAQ/RPS9/SUMO1/SNRPD1/RPS6/VCP/NLRP3/RPS7/RPS27/LARP1/RPS8/ISG15/RPS27L/RPS15A/HSP90AB1/HSP90AA1/UBB/UBA52/MAP3K7/AKT1/GSK3A/GANAB/RPS14/RPS11/RPS24/DDX5/MAVS/RPS13/RPS12/RPS23/RPS3/RPS17/UBE2I/RPS4X/RPS20/SFN/RPS27A/UBC/RPS4Y1"
"PID_AURORA_B_PATHWAY","PID_AURORA_B_PATHWAY",39,0.701103200142183,1.70632221458379,0.00141497014173887,0.0378041811708462,0.034144049656084,958,"tags=44%, list=5%, signal=41%","STMN1/BIRC5/KIF23/CDCA8/AURKA/KIF20A/AURKB/PPP1CC/CUL3/SMC2/NCAPH/VIM/RHOA/PEBP1/SGO1/BUB1/CBX5"
"REACTOME_E2F_MEDIATED_REGULATION_OF_DNA_REPLICATION","REACTOME_E2F_MEDIATED_REGULATION_OF_DNA_REPLICATION",22,0.800766097149337,1.78859109388016,0.00143917071473836,0.038128991488382,0.0344374124341489,1212,"tags=41%, list=7%, signal=38%","CCNB1/PPP2CB/ORC1/PPP2CA/POLA1/CDK1/E2F1/RB1/MCM8"
"BHATI_G2M_ARREST_BY_2METHOXYESTRADIOL_DN","BHATI_G2M_ARREST_BY_2METHOXYESTRADIOL_DN",123,-0.580376021805288,-1.61518742419885,0.00143341046391844,0.038128991488382,0.0344374124341489,2569,"tags=26%, list=14%, signal=22%","IGDCC3/MPND/NLGN1/ZFP62/PRTFDC1/PYCR1/BAG1/AARS1/TPCN2/SARS1/IGBP1/RPS2/DCN/LENG1/NOSTRIN/PRKCZ/PRKAG1/SCUBE2/CCL20/PVALB/RPL36A/RPL34/RPL10A/CBS/RPL12/RBM3/RPL31/CSNK2A2/RPL3/RPL26/RPS17/EIF2S3"
"TAKAO_RESPONSE_TO_UVB_RADIATION_UP","TAKAO_RESPONSE_TO_UVB_RADIATION_UP",83,-0.62806886394041,-1.65743514968632,0.00151309329686595,0.0399204448156466,0.0360554205345294,3019,"tags=43%, list=17%, signal=36%","NDUFA4/ATP6V0B/POLR2L/PPIB/SNRPF/MRPL49/GPX4/SAT1/COX6C/RPS5/GRN/ISCU/RPL21/ERCC5/GNAT2/GPS2/MSN/DYNLL1/SEC13/PFDN5/TPP1/HNRNPA2B1/RPS25/PSMA6/TXN/NAP1L1/ARF5/RPS9/H2AZ1/RPL27A/RPL36A/RPL10A/UBB/RPLP0/UBC/RPS4Y1"
"REACTOME_EXTENSION_OF_TELOMERES","REACTOME_EXTENSION_OF_TELOMERES",51,0.680345221131166,1.70874258622823,0.00154770012071629,0.040664054623965,0.0367270354044622,1747,"tags=43%, list=10%, signal=39%","PCNA/FEN1/BLM/PPP6C/POLA1/CDK2/STN1/RPA1/CCNA2/PIF1/CCNA1/TERT/LIG1/RUVBL2/RFC4/CHTF18/POLD3/DSCC1/POLD1/WRN/TINF2/NHP2"
"WONG_EMBRYONIC_STEM_CELL_CORE","WONG_EMBRYONIC_STEM_CELL_CORE",335,0.421307569908678,1.37171309100555,0.00155712176218409,0.0407425413146681,0.0367979231576607,1576,"tags=25%, list=9%, signal=23%","CDC20/BIRC5/CCNB2/PLK1/KIF23/WEE1/HDAC1/CCT5/CDCA8/TRIP13/AURKA/KIF11/SPAG5/SOX2/XRCC5/CHEK2/EXO1/KIF20A/MYC/PCNA/ALDH7A1/CHEK1/KPNA2/CDK4/KRAS/AURKB/TOP2A/CDCA7/CCNF/HELLS/RAD23B/BLM/PLK4/ORC1/MAD2L1/MCM4/SMC2/PSMA7/CDC6/MCM2/NCAPH/WDR77/MCM7/RRM2/TEAD2/TP53/XPO1/MCM3/CDKN3/FH/PARP1/PSMA5/HSPA9/NEK2/OTX2/BUB1B/WDHD1/CDK1/MSH2/UBE2G1/CCNA2/BUB1/RRM1/TTK/TGIF2/DDX18/SNRPA/MYBL2/GTSE1/RUVBL2/SQLE/PDPN/KIF22/POLD1/GART/DLGAP5/BCAT1/PRDX1/CSE1L/RAD18/DTL/CCND1/RACGAP1"
"SCIBETTA_KDM5B_TARGETS_DN","SCIBETTA_KDM5B_TARGETS_DN",78,0.605118565118561,1.65631176532532,0.00157868216157524,0.0411366890826931,0.0371539102613744,906,"tags=22%, list=5%, signal=21%","CCNB1/AURKA/TOP2A/BRCA1/ECT2/KDM5B/CYB5A/HMMR/TUBB/CAV1/PBK/NCAPH/DHCR24/BUB1B/CDK1/SMARCA2/TTK"
"FARMER_BREAST_CANCER_CLUSTER_4","FARMER_BREAST_CANCER_CLUSTER_4",19,0.814912853564098,1.77555339683163,0.00160027554862947,0.0415284621882042,0.0375077526130454,66,"tags=16%, list=0%, signal=16%","THBS2/COL3A1/FBN1"
"BIOCARTA_SKP2E2F_PATHWAY","BIOCARTA_SKP2E2F_PATHWAY",10,0.906372663484713,1.7148881779459,0.00161728145493844,0.0417984741741641,0.0377516225335362,1033,"tags=70%, list=6%, signal=66%","SKP1/CCNE1/CDK2/E2F1/CUL1/RB1/CCNA1"
"ANDERSEN_LIVER_CANCER_KRT19_UP","ANDERSEN_LIVER_CANCER_KRT19_UP",34,-0.755264334164288,-1.73696401682143,0.00163966907784496,0.0422048154508712,0.0381186225927757,1043,"tags=47%, list=6%, signal=44%","CBX3/DYNLT1/APEX1/RPS25/NAP1L1/YWHAQ/RPL27A/NOP58/RPL13A/RPL10A/RPL35A/RPS14/RPL3/RPS12/RPL9/RPS17"
"WP_MRNA_PROCESSING","WP_MRNA_PROCESSING",125,-0.59525025836842,-1.66250935531134,0.00165811561507361,0.042506834310308,0.0383914005399314,1917,"tags=39%, list=11%, signal=35%","PHF5A/SRSF2/U2AF1/SRSF3/DNAJC8/PSKH1/YBX1/PRPF6/SNRPD3/SNRPE/SNRPG/TRA2B/SF3B5/SF3B2/LSM2/HNRNPH1/PRMT1/PPM1G/HNRNPA2B1/SNRPN/PRPF4/SFPQ/PCBP2/NONO/NCBP2/RBM39/CSTF2/SUPT5H/DHX8/SRSF10/SF3B4/FUS/DHX9/SF3A3/U2AF2/SF3B1/SNRPD1/SF3A1/SRSF1/SNU13/HNRNPA1/DHX38/DHX16/SRSF6/POLR2A/SMC1A/HNRNPL/HNRNPD/EFTUD2"
"MARTINEZ_RESPONSE_TO_TRABECTEDIN_DN","MARTINEZ_RESPONSE_TO_TRABECTEDIN_DN",270,0.449232566385546,1.43176091713924,0.00167573503190827,0.0427852992824322,0.0386429050439629,1485,"tags=20%, list=8%, signal=19%","PLK1/YWHAE/DDX21/WEE1/AURKA/KIF11/PTPRK/CDC27/XRCC5/TRIM24/MYC/PCNA/TOP2A/RAD23B/UBE2T/DNAJA2/VCAN/TMPO/ACSL3/PPP1CC/ANLN/SMARCA5/THRAP3/FYN/CDC25C/CDC23/DDX20/MCM3/TBK1/PSMA5/GAPVD1/DIS3/UBE2C/PSMC2/CORO1C/CDK1/CCNA2/BUB1/BIRC6/SIRT1/IPO7/PHF6/UBE2D3/LSM14A/TRIP4/GTF2H1/UBA2/USP8/POLD3/HSPH1/SRSF4/CEP55/MAP3K4/EPS15"
"REACTOME_DEGRADATION_OF_THE_EXTRACELLULAR_MATRIX","REACTOME_DEGRADATION_OF_THE_EXTRACELLULAR_MATRIX",135,0.536137940643499,1.55229057822438,0.00172065228320321,0.043580681028971,0.0393612793879708,2358,"tags=36%, list=13%, signal=31%","COL3A1/FN1/FBN1/COL14A1/LAMA5/COL4A4/CASP3/COL4A3/COL4A2/LAMC2/KLK7/COL6A5/LAMC1/FBN2/COL12A1/COL17A1/COL4A6/COL6A2/CTRB2/COL19A1/BCAN/CTSG/COL9A2/CAPN12/COL4A5/PLG/KLK2/COL6A1/PSEN1/COL9A3/MMP9/COL6A6/COL8A1/COL10A1/ELANE/MMP11/BMP1/COL25A1/CAPN9/ADAMTS9/CAPN7/CAPN10/COL23A1/MMP8/MMP2/CD44/LAMB1/COL9A1"
"RUIZ_TNC_TARGETS_DN","RUIZ_TNC_TARGETS_DN",142,0.511839053499983,1.50503932398437,0.00171900946482637,0.043580681028971,0.0393612793879708,1546,"tags=30%, list=9%, signal=27%","BIRC5/FOXM1/YWHAH/TRIP13/EXO1/FEN1/AURKB/BLM/ORC1/TMPO/MAD2L1/CAV1/RAD54L/PBK/MCM4/CALM2/CDC6/MCM2/MCM7/DMD/CCNE1/CDC45/RRM2/MCM6/MCM3/OLR1/DNAJC9/TPM1/GINS1/UBE2C/CDK1/CCNA2/CTPS1/BARD1/E2F1/ATAD2/CCNE2/RFC4/MCM10/DSCC1/DTL/TYMS"
"HEDENFALK_BREAST_CANCER_BRACX_UP","HEDENFALK_BREAST_CANCER_BRACX_UP",19,-0.826175062375223,-1.67687453585083,0.00179974404440596,0.0450433963999151,0.0406823773382882,1000,"tags=42%, list=6%, signal=40%","RPL19/JUNB/RPL15/UBA52/RPL31/RPS13/RPS4X/KDM6A"
"REACTOME_REGULATION_OF_MRNA_STABILITY_BY_PROTEINS_THAT_BIND_AU_RICH_ELEMENTS","REACTOME_REGULATION_OF_MRNA_STABILITY_BY_PROTEINS_THAT_BIND_AU_RICH_ELEMENTS",72,-0.640887133111441,-1.67157433174989,0.00179735801098234,0.0450433963999151,0.0406823773382882,1857,"tags=43%, list=10%, signal=39%","PSMC5/ZFP36L1/XRN1/PRKCD/SET/EXOSC9/PSMC6/PSMD8/PSMD13/NUP214/ZFP36/PSMD7/HSPA8/EIF4G1/PSMC3/PSMA4/PSMB5/PSMA6/EXOSC6/EXOSC8/PSMC1/PABPC1/HSPA1A/PSMC4/UBB/UBA52/AKT1/MAPK11/RPS27A/UBC/HNRNPD"
"REACTOME_SARS_COV_INFECTIONS","REACTOME_SARS_COV_INFECTIONS",407,-0.448921911301381,-1.40135139061482,0.00179866758063934,0.0450433963999151,0.0406823773382882,1905,"tags=26%, list=11%, signal=24%","VAV1/SEC24C/SIGMAR1/PHF21A/KDM1A/TYK2/NUP98/CREBBP/PSMC6/TRIM25/DDOST/RIGI/AGRN/ZDHHC5/SMN1/RPS16/POM121/RPS2/GEMIN2/SNRPD3/RPS29/NUP42/SNRPE/NUP214/SNRPG/ZCRB1/ATP1A2/UBE2V1/IRAK1/GRB2/FKBP4/AP2A2/RPN1/VPS39/AP2M1/SEC13/NUP107/GJA1/RBX1/STAT1/PRMT1/AKT2/PCBP2/RIPK1/IMPDH2/RAE1/RPS25/KPNB1/PTPN6/STAT2/PDPK1/IKBKB/PPIH/YWHAQ/NFKB1/RPS9/SUMO1/SNRPD1/CASP1/JAK3/PPIG/RPS6/BTK/VCP/NLRP3/RPS7/RPS27/LARP1/RPS8/ISG15/RPS27L/RPS15A/HSP90AB1/HSP90AA1/UBB/UBA52/PPIA/MAP3K7/AKT1/GSK3A/GANAB/HNRNPA1/RELA/RIPK3/RPS14/RPS11/NPM1/TLR9/CHD3/RPS24/BRD4/DDX5/MAVS/RPS13/RPS12/RPS23/EEF1A1/RPS3/RPS17/UBE2I/RPS4X/RPS20/SFN/RPS27A/UBC/RPS4Y1"
"DURAND_STROMA_NS_UP","DURAND_STROMA_NS_UP",164,0.493716491200553,1.49244566435053,0.00183104736685041,0.0456464249090425,0.0412270217326908,2537,"tags=22%, list=14%, signal=19%","GATA4/KIAA1671/KRT19/ALDH7A1/PTPRG/DMPK/PTPN13/MPP7/PARM1/GATA6/OLR1/PEBP1/TCF7/GDF15/FOXQ1/EZR/LMO7/ITPR1/PRKAG2/WDR31/FZD7/GPX7/CTSC/CEP126/DMRT2/PCDH9/TLE4/EXOC6/PREX2/GPRC5A/RBM47/LLGL2/ZNF593/ARNT2/DUSP6/STAG3"
"REACTOME_BUDDING_AND_MATURATION_OF_HIV_VIRION","REACTOME_BUDDING_AND_MATURATION_OF_HIV_VIRION",28,-0.765513760044662,-1.71337726445635,0.00185216860572262,0.0459918886722965,0.0415390383277234,234,"tags=25%, list=1%, signal=25%","NEDD4L/CHMP4B/UBB/UBA52/PPIA/RPS27A/UBC"
"BAELDE_DIABETIC_NEPHROPATHY_DN","BAELDE_DIABETIC_NEPHROPATHY_DN",423,0.40008647913751,1.32054808308251,0.00192077617966466,0.0475091983188931,0.0429094448360119,1575,"tags=17%, list=9%, signal=16%","HSPA5/COL3A1/YWHAE/AXL/PPP2CB/TUBB2A/XRCC5/TEAD4/COL4A4/BIRC3/COL4A3/RAD23B/RBBP4/VCAN/CANX/ACSL3/SKP1/ACTG1/RHOBTB2/CALM2/DYRK1A/CORO2B/NR3C1/KLK7/FYN/TRIM37/PDE4DIP/TRIB2/ACTR3/MCM6/XPO1/SYNPO/WT1/TYRO3/PTPN11/VIM/AIF1/PARP1/COL4A6/AP3B1/ITGAV/DNAJA1/MSH2/SMARCA2/FAT1/AQP3/PRDX6/DNM1L/PNMA2/WWP1/MYL12A/ATP13A3/CYP51A1/DUSP1/FOXC1/SCRN1/LOX/TMEM123/TAX1BP1/DPYSL3/ULK2/PAK1/NPTN/GYG1/YWHAZ/RDX/MTDH/KIF5B/IFITM1/EPS15/PFN2/ARID5B/SEMA3C/SEPTIN2"
"REACTOME_ALPHA_PROTEIN_KINASE_1_SIGNALING_PATHWAY","REACTOME_ALPHA_PROTEIN_KINASE_1_SIGNALING_PATHWAY",11,-0.890094267670097,-1.63856130885219,0.00194227410546048,0.0475872247769348,0.0429799169154315,234,"tags=45%, list=1%, signal=45%","UBB/UBA52/MAP3K7/RPS27A/UBC"
"WP_22Q112_DISTAL_CNV","WP_22Q112_DISTAL_CNV",138,-0.576341575720816,-1.61823871945456,0.00194647681889231,0.0475872247769348,0.0429799169154315,1522,"tags=36%, list=8%, signal=33%","RPS16/DNAJB11/PDIA4/RPS2/SNW1/SNRPD3/RPS29/SNRPE/SNRPG/AK8/TDRD3/SF3B5/SF3B2/RBX1/CALR/PPM1F/SOX9/SF3B4/SF3A3/SF3B1/RPS9/DNAJB13/SNRPD1/PPIL2/SF3A1/CAMK2A/RPS6/RPS7/RPS8/NME5/PDIA2/RPS15A/RPS14/UBA1/RPS11/PPIL4/PPIL6/RPS24/DHX16/RPS13/RPS12/RPS23/HYOU1/RPS3/RPS17/RPS20/RACK1/RPS27A/EFTUD2"
"KEGG_PATHWAYS_IN_CANCER","KEGG_PATHWAYS_IN_CANCER",320,0.42681221287321,1.384754354134,0.00194604845074684,0.0475872247769348,0.0429799169154315,1591,"tags=28%, list=9%, signal=26%","NTRK1/FN1/CDC42/BIRC5/HDAC1/GLI1/RAD51/CDKN2B/GLI2/LAMA5/CTNNA3/MYC/COL4A4/NFKBIA/AKT3/CASP3/CDK4/KRAS/BIRC3/TGFBR2/FOXO1/GSK3B/COL4A2/LAMA4/LAMC2/ITGB1/SMAD3/JAK1/FLT3/HIF1A/XIAP/CHUK/HGF/PTEN/LAMC1/CCNE1/TP53/CDK2/MAP2K1/CDK6/TGFBR1/RHOA/FH/TRAF6/CASP8/COL4A6/SMAD2/CUL2/TCF7/FGF8/ITGAV/ERBB2/MSH2/PIK3R1/HRAS/PIK3CG/TRAF3/PAX8/WNT10B/TRAF4/PTK2/PLD1/LAMA1/E2F1/RB1/ZBTB16/CCNA1/VHL/TRAF5/WNT7B/PIK3CA/WNT8A/WNT16/CCNE2/PRKCA/FGF7/DAPK1/PRKCB/BCL2/LEF1/WNT3/SMAD4/WNT7A/PIK3CB/APC/MMP9/CCND1/FZD7/WNT3A/WNT2B"
"REACTOME_TELOMERE_C_STRAND_LAGGING_STRAND_SYNTHESIS","REACTOME_TELOMERE_C_STRAND_LAGGING_STRAND_SYNTHESIS",34,0.725887377804108,1.74037332219115,0.001991595345773,0.0481540241265774,0.0434918397911519,1656,"tags=41%, list=9%, signal=37%","PCNA/FEN1/BLM/POLA1/STN1/RPA1/LIG1/RFC4/CHTF18/POLD3/DSCC1/POLD1/WRN/TINF2"
"DAUER_STAT3_TARGETS_DN","DAUER_STAT3_TARGETS_DN",48,-0.690058091975985,-1.68561875726079,0.00199247541395504,0.0481540241265774,0.0434918397911519,2465,"tags=44%, list=14%, signal=38%","IFIH1/SAMD9/IRF7/DDX60/TRIM22/IFI44/LAP3/RIGI/MX1/DNAJB4/STAT1/IFIT3/HSPA6/IFI35/GRB14/HSPA1A/ISG15/HEXIM1/OASL/PDK4/HSPA1B"
"LI_ESTROGENE_EARLY_E2_RESPONSE_DN","LI_ESTROGENE_EARLY_E2_RESPONSE_DN",76,0.592794710627913,1.60770097592604,0.00198446991281052,0.0481540241265774,0.0434918397911519,2115,"tags=16%, list=12%, signal=14%","RND3/SOX2/CDYL2/PDP1/REL/BLNK/ARID5B/CREBRF/SMAD6/ARHGEF37/TGFB3/RNF43"
"TURASHVILI_BREAST_LOBULAR_CARCINOMA_VS_LOBULAR_NORMAL_DN","TURASHVILI_BREAST_LOBULAR_CARCINOMA_VS_LOBULAR_NORMAL_DN",71,0.604453095959871,1.60408022137682,0.00204122505528637,0.0491446275668186,0.0443865348223768,1713,"tags=25%, list=10%, signal=23%","THBS2/COL3A1/FN1/FBN1/ECT2/COL4A2/VCAN/BGN/COL12A1/LCP2/GNA13/CXCR4/SFRP4/LOX/TYMS/COL8A1/COL10A1/MMP11"
"WEBER_METHYLATED_LCP_IN_SPERM_UP","WEBER_METHYLATED_LCP_IN_SPERM_UP",12,0.885436770960918,1.74881509090765,0.0020779419588504,0.0498391230433361,0.0450137905200727,9,"tags=8%, list=0%, signal=8%","UBQLN3"
