"ID","Description","setSize","enrichmentScore","NES","pvalue","p.adjust","qvalue","rank","leading_edge","core_enrichment"
"BLANCO_MELO_HUMAN_PARAINFLUENZA_VIRUS_3_INFECTION_A594_CELLS_UP","BLANCO_MELO_HUMAN_PARAINFLUENZA_VIRUS_3_INFECTION_A594_CELLS_UP",195,-0.778867099669555,-2.26913958286844,5.65246531299684e-18,3.5768800500644e-14,3.1159958783331e-14,1691,"tags=43%, list=9%, signal=39%","GBP1/CMPK2/HELZ2/MCL1/IL4I1/CORO2B/HK2/RET/SP110/NLRC5/PLA1A/HYOU1/RSAD2/PIK3AP1/HERC5/FZD4/WARS1/DCLK1/SERPING1/TRIM21/PPP1R15A/TNFAIP6/NIBAN1/DTX3L/PRDM16/TNFSF13B/IFITM3/TDRD7/PLSCR1/CASP1/LAMP3/LAP3/TAP2/BATF2/TRIM38/TRANK1/PODXL/PLEKHA4/DDX60L/IRF7/PNPT1/CTSS/TGM2/TRIM22/TAP1/MX2/TRIM5/IFI16/EIF2AK2/IFITM1/SP100/PHF11/LMO2/KLF4/TRIM14/UBA7/IFI44L/USP18/IRF1/IFI44/SAMD9/DHX58/STAT2/CEACAM1/SAMD9L/CFB/ALDH1L2/MX1/PLAAT2/DUSP5/DDX60/IFIH1/IFIT2/XAF1/STAT1/RIGI/UBE2L6/IFIT5/JAK2/IFIT1/IFIT3/ATF3/OASL"
"BLANCO_MELO_COVID19_SARS_COV_2_INFECTION_CALU3_CELLS_UP","BLANCO_MELO_COVID19_SARS_COV_2_INFECTION_CALU3_CELLS_UP",313,-0.705951528773322,-2.1506249090251,2.89142198542999e-17,9.14845916190048e-14,7.96967207247202e-14,2361,"tags=35%, list=13%, signal=31%","AKAP12/DNAH17/PARP14/FLT3LG/APOL3/CYP1B1/PTAFR/PARP12/INHBA/SCN3A/SAMHD1/CH25H/CLEC4E/OAS1/ETV7/PDE4B/PPM1K/TENT5A/STX11/NAV3/OAS3/PLAT/BCAT1/GBP1/CMPK2/HELZ2/AMOTL2/LRP2/NPR1/SP110/COL4A1/SYNPO2/NLRC5/PLA1A/DAPP1/RSAD2/APOBEC3G/FAP/KLF10/MUC4/H1-3/HERC5/CCL20/TRIM21/DUSP1/CCL2/PPP1R15A/ISG20/TNF/DTX3L/KCNV1/TNFSF13B/TDRD7/CASP1/LAMP3/SELE/BATF2/KMO/TRANK1/BCL2L14/PML/ZBTB20/XRN1/DDX60L/IRF7/PNPT1/CX3CL1/TRIM22/TAP1/IRS2/MX2/TRIM5/IFI16/EIF2AK2/IFITM1/SP100/PHF11/LMO2/KLF4/VCAM1/IFI44L/USP18/LGALS9/IRF1/IFI44/SAMD9/DHX58/STAT2/IRAK2/UBQLNL/SAMD9L/ALDH1L2/IFI35/MX1/PLAAT2/NUPR1/DDX60/IFIH1/IFIT2/XAF1/STAT1/RIGI/UBE2L6/IFIT5/RND1/RNF213/IFIT1/IFIT3/ISG15/ATF3/OASL"
"FLORIO_NEOCORTEX_BASAL_RADIAL_GLIA_DN","FLORIO_NEOCORTEX_BASAL_RADIAL_GLIA_DN",189,-0.774973736107017,-2.24835952739493,1.1373292717812e-16,2.3990065439438e-13,2.08989241976075e-13,1797,"tags=42%, list=10%, signal=38%","BRCA1/GTSE1/BLM/POC1A/DTL/DEPDC1B/FANCI/CKS2/KIF2C/TTK/DLGAP5/FGFR2/CCNA1/LRP4/NUF2/KIF4A/KIF15/CCNB2/CENPF/ARHGAP11A/TUBB6/CENPU/IQGAP3/BRIP1/SMC4/RACGAP1/CIP2A/GRIN2A/KIF18B/ESCO2/SPAG5/BRCA2/CKS1B/HSD17B11/LMNB1/ESPL1/NCAPH/TIMELESS/TPX2/MYBL2/CDCA8/ASPM/CDC45/KIFC1/GEM/CCNB1/MAD2L1/RRM2/KIF23/CENPE/DSN1/AURKB/VCAM1/MKI67/KPNA2/FOXM1/PLK4/NEK2/HMMR/CENPA/UBE2T/MELK/CDKN3/BIRC5/BUB1/HMGN2/CDC20/COL1A2/KIF11/AURKA/BUB1B/KIF20A/TOP2A/PRC1/NDC80/ANLN/PLK1/PBK/KIF14/CDK1"
"BLANCO_MELO_RESPIRATORY_SYNCYTIAL_VIRUS_INFECTION_A594_CELLS_UP","BLANCO_MELO_RESPIRATORY_SYNCYTIAL_VIRUS_INFECTION_A594_CELLS_UP",274,-0.715822356627083,-2.15155996226014,1.23320041220393e-15,1.95092305210661e-12,1.69954488387157e-12,2377,"tags=35%, list=13%, signal=31%","KLK10/RGS2/PARP14/HERC6/APOL3/POU2F2/PTAFR/PARP12/EFNB2/MICB/SAMHD1/CH25H/OAS1/GBP3/IL4R/PITPNC1/PPM1K/STX11/PTPRH/B2M/NAV3/OAS3/GBP1/CMPK2/TNC/HELZ2/CORO2B/KRT17/HK2/BMAL2/RET/SP110/ANPEP/NLRC5/HAS3/RSAD2/LAMA4/IGFN1/HERC5/WARS1/DCLK1/SERPING1/CCL2/PPP1R15A/OSMR/TNF/ABCA1/NIBAN1/DTX3L/TNFSF13B/ANTXR2/CASP1/LAMP3/LAP3/BATF2/SAMD4A/TRANK1/PLEKHA4/NFKBIZ/DDX60L/IRF7/HSPA1B/CTSS/COL13A1/TGM2/TRIM22/TAP1/MX2/IFI16/IFITM1/SP100/LMO2/KLF4/UBA7/IFI44L/USP18/IRF1/IFI44/SAMD9/DHX58/STAT2/IRAK2/CEACAM1/SAMD9L/CFB/MX1/DDX60/IFIH1/IFIT2/XAF1/STAT1/RIGI/UBE2L6/IFIT1/IFIT3/ATF3/OASL"
"REACTOME_RRNA_PROCESSING","REACTOME_RRNA_PROCESSING",204,0.722711330255713,2.15875940172905,1.94590669740722e-14,2.46273951623858e-11,2.14541334196245e-11,1931,"tags=47%, list=11%, signal=42%","RPS27A/RPS12/RPS20/RPS18/DDX21/RPS6/RPS3A/RPL23/RPL26/RPL11/UBA52/RPL31/RPS15A/RPS8/RPL13A/RPS29/RPS7/RPS10/RPS13/RPL17/RPS27/RPS11/RPL30/RPL39/RPL7/RPL35A/RPL24/RPS24/RPS14/RPL27A/RPL12/RPL27/RPL6/RPSA/RPL7A/RPL34/RPL37/RPL5/RPL36A/RPS3/RPL19/RPS27L/DIS3/RPL10A/RPS25/KRR1/MTREX/RPS16/MRM2/RPL15/NOP56/RPLP0/BMS1/RPL32/RIOK1/SNU13/RPL35/NHP2/UTP14A/HEATR1/IMP3/FTSJ3/RPS19/WDR3/TEX10/RPL14/RPUSD4/RPS23/RPL13/RPL26L1/PES1/DDX47/WDR46/IMP4/ISG20L2/RPS21/NAT10/RPL37A/UTP4/RPS26/UTP20/EXOSC7/NOB1/SENP3/NOP2/TFB1M/RPL23A/WDR75/GNL3/MRM3/RPS4X/DKC1/NIP7/NOP14/RPL22L1"
"GOLDRATH_ANTIGEN_RESPONSE","GOLDRATH_ANTIGEN_RESPONSE",345,-0.667637562523831,-2.04228880674536,7.953206286768e-14,8.38798156377798e-11,7.30718268838667e-11,1943,"tags=34%, list=11%, signal=31%","S100A6/ETFB/F2RL3/MCM5/RAN/ID2/BRCA1/HIP1R/PRDX4/FGL2/GTSE1/CISH/DTL/YBX3/SOCS2/REEP5/ELL2/NPTN/GMNN/MRPL18/CKS2/KIF2C/CD244/TTK/DLGAP5/NAPSA/LMNA/GZMA/LGALS3/TYMS/MTHFD2/CCR5/LIG1/KIF4A/BHLHE40/CCNB2/CCNF/CD74/TPI1/JCHAIN/ITSN1/ASF1B/IQGAP3/ITGB1/DUSP1/H2AZ2/GZMM/MCM10/LYN/VCL/HLA-DRB1/RACGAP1/IL12RB1/F2R/BAG3/CIP2A/TRIP13/IFITM3/BATF3/PLSCR1/POLR3K/CASP1/ARL5A/RBM3/CKS1B/FASLG/LMNB1/NCAPH/PCNA/H1-0/IFI30/CDCA8/ECT2/CDKN2C/ASPM/CDC45/KIFC1/GEM/HLA-DQB1/CCNB1/RAD51/MAD2L1/RRM2/SP100/MCM4/CDC6/AURKB/LAG3/YWHAQ/MKI67/KPNA2/RAB11A/PRF1/FEN1/PLK4/NEK2/RHOQ/CCNA2/CHEK1/CENPA/UBE2T/CASP3/CDKN3/GZMB/BIRC5/BUB1/IRF4/HMGN2/CDC20/KIF11/AURKA/KIF20A/EZH2/TOP2A/PRC1/ANLN/PLK1/CDK1"
"REACTOME_EUKARYOTIC_TRANSLATION_INITIATION","REACTOME_EUKARYOTIC_TRANSLATION_INITIATION",119,0.796105411759109,2.23796864296613,9.56419109273172e-14,8.64602874782947e-11,7.53198026355429e-11,1393,"tags=54%, list=8%, signal=50%","RPS27A/RPS12/RPS20/RPS18/RPS6/RPS3A/RPL23/RPL26/RPL11/UBA52/RPL31/RPS15A/RPS8/RPL13A/RPS29/RPS7/RPS10/RPS13/EIF4A1/RPL17/RPS27/RPS11/PABPC1/RPL30/RPL39/RPL7/RPL35A/EIF4G1/RPL24/RPS24/RPS14/RPL27A/RPL12/RPL27/RPL6/EIF4B/RPSA/RPL7A/RPL34/RPL37/RPL5/RPL36A/RPS3/RPL19/RPS27L/RPL10A/RPS25/RPS16/RPL15/EIF2B2/RPLP0/RPL32/EIF3E/RPL35/EIF3C/EIF4H/RPS19/EIF3B/RPL14/RPS23/RPL13/RPL26L1/EIF3A/RPS21"
"KEGG_MEDICUS_REFERENCE_TRANSLATION_INITIATION","KEGG_MEDICUS_REFERENCE_TRANSLATION_INITIATION",80,0.841453367944142,2.25748422135735,1.43864181492794e-13,9.10372540486399e-11,7.93070229976591e-11,670,"tags=57%, list=4%, signal=56%","RPS27A/RPS12/RPS20/RPS18/RPS6/RPS3A/RPL23/RPL26/RPL11/UBA52/RPL31/RPS15A/RPS8/RPL13A/RPS29/RPS7/RPS10/RPS13/RPL17/RPS27/RPS11/RPL30/RPL39/RPL7/RPL35A/RPL24/RPS24/RPS14/RPL27A/RPL12/RPL27/RPL6/RPSA/RPL7A/RPL34/RPL37/RPL5/RPL36A/RPS3/RPL19/RPL10A/RPS25/RPS16/RPL15/RPLP0/RPL32"
"ROSTY_CERVICAL_CANCER_PROLIFERATION_CLUSTER","ROSTY_CERVICAL_CANCER_PROLIFERATION_CLUSTER",139,-0.790329039968818,-2.19732379375334,1.41636476709586e-13,9.10372540486399e-11,7.93070229976591e-11,1626,"tags=50%, list=9%, signal=45%","GMNN/FANCI/CKS2/KIF2C/TTK/DLGAP5/TYMS/KIF4A/KIF15/CCNB2/CENPF/CCNF/CENPU/ASF1B/SMC4/MCM10/RACGAP1/TRIP13/MCM2/KIF18B/DNMT3B/SPAG5/STIL/UBE2S/LMNB1/ESPL1/NCAPH/NCAPG/PCNA/TPX2/MYBL2/CDCA8/ECT2/ASPM/KIFC1/CCNB1/MAD2L1/RRM2/CCNE2/KIF23/CENPE/MCM4/CDC6/AURKB/MKI67/KPNA2/FOXM1/FEN1/NEK2/HMMR/CCNA2/CHEK1/CENPA/MELK/BIRC5/BUB1/CDC20/KIF11/AURKA/BUB1B/KIF20A/EZH2/TOP2A/PRC1/NDC80/PLK1/PBK/KIF14/CDK1"
"FIGAROL_EGFR_TKI_DRUG_TOLERANT_CELL_DN","FIGAROL_EGFR_TKI_DRUG_TOLERANT_CELL_DN",488,-0.602402783650033,-1.89514213886796,1.24115088109408e-13,9.10372540486399e-11,7.93070229976591e-11,2010,"tags=33%, list=11%, signal=30%","PIP4K2A/VRK1/SKA3/CEP55/CENPW/ZWINT/SMS/NUP50/MCM5/FASN/LBR/BRCA1/GTSE1/MTHFD1/BLM/POC1A/GINS2/DTL/TUBB4B/TONSL/CLSPN/DEPDC1B/FANCI/CKS2/KIF2C/SMC6/HK2/CEP128/TTK/DLGAP5/LMNA/TYMS/CAPN8/SNRPB/HAS3/CCND1/ZNF367/LIG1/NUF2/KIF4A/KIF15/CCNB2/CENPF/RFC2/ARHGAP11A/MNS1/CCNF/CENPH/CENPU/TPI1/SCD/CDC7/NUP37/DNAJC9/MTFR2/ASF1B/TICRR/ILF3/PKMYT1/BRIP1/TUBG1/FANCA/MDC1/TIPIN/ACOX2/SMC4/MCM10/HMGB3/RACGAP1/SDC1/HSPA14/RFC4/CIT/ANKRD22/MST1R/FOXA1/TRIP13/MCM2/POLR3K/KIF18B/HNRNPA3/ESCO2/LAMP3/SPAG5/BRCA2/MET/STIL/UBE2S/CKS1B/LMNB1/ESPL1/SLF1/NCAPH/NCAPG/PCNA/TIMELESS/TPX2/MYBL2/ORC1/CDCA8/ECT2/MYB/ASPM/LRR1/CDC45/KIFC1/FANCE/DSCC1/CCNB1/RAD51/POLE/MAD2L1/FOSL1/RRM2/KIF23/CENPE/CCNE1/MCM4/CDC6/AURKB/TUBA1B/MKI67/KPNA2/SNRPF/FOXM1/DUSP6/FEN1/PLK4/NEK2/HMMR/CCNA2/CEACAM1/CDCA7/CHEK1/CENPA/UBE2T/MELK/CDKN3/CDC25A/BIRC5/BUB1/SOX2/CDC20/NME1/KIF11/AURKA/BUB1B/DUSP5/KIF20A/TOP2A/PRC1/NDC80/HNRNPA2B1/ANLN/PLK1/RAD54L/PBK/KIF14/CDK1"
"REACTOME_SELENOAMINO_ACID_METABOLISM","REACTOME_SELENOAMINO_ACID_METABOLISM",116,0.796186514611326,2.2204539155967,2.7946982227656e-13,1.51260011251402e-10,1.31770024440015e-10,1608,"tags=57%, list=9%, signal=52%","RPS27A/RPS12/RPS20/RPS18/RPS6/RPS3A/RPL23/RPL26/RPL11/UBA52/RPL31/RPS15A/RPS8/RPL13A/RPS29/RPS7/RPS10/RPS13/RPL17/RPS27/RPS11/EPRS1/RPL30/RPL39/RPL7/RPL35A/GSR/RPL24/RPS24/RPS14/RPL27A/RPL12/RPL27/RPL6/RPSA/RPL7A/RPL34/CBS/RPL37/RPL5/RPL36A/RPS3/RPL19/RPS27L/SECISBP2/RPL10A/RPS25/RPS16/RPL15/RPLP0/RPL32/RPL35/RPS19/AHCY/KARS1/IARS1/RARS1/RPL14/RPS23/RPL13/RPL26L1/RPS21/RPL37A/EEF1E1/RPS26/CTH"
"KOBAYASHI_EGFR_SIGNALING_24HR_DN","KOBAYASHI_EGFR_SIGNALING_24HR_DN",250,-0.703567912517773,-2.10122819873493,2.95713532993389e-13,1.51260011251402e-10,1.31770024440015e-10,1924,"tags=44%, list=11%, signal=40%","ZWINT/GINS1/FABP5/MCM5/PSAT1/BRCA1/GTSE1/BLM/GINS2/DTL/TUBB4B/ELL2/GMNN/FANCI/CKS2/KIF2C/TTK/DLGAP5/TYMS/CCND1/KIF4A/KIF15/RFC2/TUBB6/CCNF/CENPU/MYBL1/SPHK1/DNAJC9/ASF1B/PKMYT1/TUBG1/TIPIN/ACOX2/SMC4/MCM10/RACGAP1/HSPA14/RFC4/NRG1/TRIP13/DKK1/MCM2/POLR3K/KIF18B/RAD54B/SPAG5/MET/STIL/UBE2S/CKS1B/LMNB1/ESPL1/NCAPH/NCAPG/PCNA/TIMELESS/TPX2/MYBL2/ORC1/ENO2/CDCA8/ECT2/ASPM/CDC45/CX3CL1/DSCC1/CCNB1/RAD51/MAD2L1/FOSL1/RRM2/DDX39A/CCNE2/KIF23/DSN1/MCM4/CDC6/AURKB/MKI67/KPNA2/DUSP6/FEN1/PLK4/NEK2/HMMR/CCNA2/CENPA/MELK/CDKN3/CDC25A/BIRC5/BUB1/TUBA1A/CDC20/NME1/KIF11/AURKA/BUB1B/DUSP5/EZH2/TOP2A/PRC1/NDC80/AXL/H4C3/PLK1/PBK/KIF14/OASL/CDK1"
"REACTOME_METABOLISM_OF_AMINO_ACIDS_AND_DERIVATIVES","REACTOME_METABOLISM_OF_AMINO_ACIDS_AND_DERIVATIVES",350,0.628643535034417,1.97722993808299,3.10742753835055e-13,1.51260011251402e-10,1.31770024440015e-10,1931,"tags=30%, list=11%, signal=27%","RPS27A/RPS12/RPS20/RPS18/RPS6/RPS3A/RPL23/RPL26/RPL11/TP53/UBA52/RPL31/RPS15A/RPS8/RPL13A/RPS29/RPS7/RPS10/RPS13/RPL17/RPS27/RPS11/EPRS1/PHGDH/RPL30/RPL39/RPL7/RPL35A/GSR/RPL24/RPS24/RPS14/RPL27A/GOT2/RPL12/RPL27/RPL6/PSMD1/RPSA/PSMC1/RPL7A/RPL34/CBS/RPL37/RPL5/RPL36A/RPS3/ALDH18A1/RPL19/PSMD7/RPS27L/SECISBP2/GPT2/RPL10A/RPS25/RPS16/PSMA7/RPL15/AANAT/RPLP0/CKB/RPL32/PSMC6/CHDH/RPL35/PSMC5/IVD/GLUD1/PSMD2/GOT1/ECHS1/RPS19/BCKDHB/AHCY/KARS1/ALDH6A1/IARS1/RARS1/RPL14/RPS23/RPL13/TAT/RPL26L1/CSAD/RPS21/RPL37A/EEF1E1/RPS26/HIBADH/TSTD1/CTH/PSMA2/RPL23A/MCCC1/DBT/RPS4X/ARG2/PSMD6/FAH/MARS1/SHMT1/DARS1/PSMC4/RPL22L1"
"SOTIRIOU_BREAST_CANCER_GRADE_1_VS_3_UP","SOTIRIOU_BREAST_CANCER_GRADE_1_VS_3_UP",152,-0.761609544453189,-2.14736577002954,4.13637080652534e-13,1.86963960454946e-10,1.62873488073483e-10,1637,"tags=55%, list=9%, signal=51%","MRPL15/CKS2/KIF2C/TTK/DLGAP5/BYSL/ELOC/KIF4A/KIF15/CCNB2/CENPF/CENPU/NUP93/DNAJC9/TIMM10/PKMYT1/H2AZ2/TXNRD1/MCM10/HMGB3/RACGAP1/RFC4/TRIP13/MCM2/KIF18B/RAD54B/SPAG5/PFDN6/STIL/UBE2S/LMNB1/ESPL1/NCAPH/NCAPG/TIMELESS/TPX2/MYBL2/CDCA8/ECT2/ASPM/CDC45/KIFC1/DSCC1/CCNB1/RAD51/MAD2L1/RRM2/DDX39A/CCNE2/CENPE/DSN1/MCM4/AURKB/TUBA1B/MKI67/KPNA2/SNRPF/FOXM1/FEN1/NEK2/HMMR/CCNA2/CHEK1/CENPA/MELK/CDKN3/CDC25A/TUBA1C/BIRC5/BUB1/TUBA1A/CDC20/NME1/KIF11/AURKA/BUB1B/KIF20A/EZH2/TOP2A/PRC1/NDC80/PLK1/KIF14/CDK1"
"REACTOME_INFLUENZA_VIRAL_RNA_TRANSCRIPTION_AND_REPLICATION","REACTOME_INFLUENZA_VIRAL_RNA_TRANSCRIPTION_AND_REPLICATION",135,0.76154864568412,2.19955884328535,9.18780651487066e-13,3.87602930840677e-10,3.37659948900896e-10,1477,"tags=53%, list=8%, signal=49%","RPS27A/RPS12/RPS20/RPS18/RPS6/RPS3A/RPL23/RPL26/RPL11/UBA52/RPL31/HSP90AA1/RPS15A/RANBP2/RPS8/RPL13A/RPS29/RPS7/RPS10/RPS13/RPL17/RPS27/RPS11/RPL30/RPL39/RPL7/RPL35A/RPL24/IPO5/RPS24/RPS14/RPL27A/RPL12/RPL27/RPL6/RPSA/POLR2G/RPL7A/RPL34/NUP153/RPL37/RPL5/RPL36A/RPS3/RPL19/RPS27L/POLR2A/RPL10A/RPS25/RPS16/NUP155/NUP98/RPL15/RPLP0/RPL32/POLR2H/RPL35/RPS19/NUP214/POLR2C/POLR2D/RPL14/RPS23/RPL13/TPR/RPL26L1/POLR2K/NUP205/RPS21/POM121/RPL37A"
"REACTOME_NONSENSE_MEDIATED_DECAY_NMD","REACTOME_NONSENSE_MEDIATED_DECAY_NMD",113,0.788623437379566,2.19014673103269,1.52196840601877e-12,6.01938504580422e-10,5.24378193573702e-10,1246,"tags=54%, list=7%, signal=51%","RPS27A/EIF4A3/RPS12/RPS20/RPS18/RPS6/RPS3A/RPL23/RPL26/RPL11/UBA52/RPL31/RPS15A/RPS8/RPL13A/RPS29/RPS7/RPS10/RPS13/RPL17/RPS27/RPS11/PABPC1/RPL30/RPL39/RPL7/RPL35A/GSPT1/EIF4G1/RPL24/RPS24/RPS14/RPL27A/RPL12/RPL27/RPL6/RPSA/RPL7A/RPL34/RPL37/RPL5/RPL36A/RPS3/RPL19/RPS27L/RPL10A/RPS25/PPP2R2A/RPS16/RPL15/RPLP0/RPL32/NCBP1/RPL35/RPS19/GSPT2/RPL14/SMG7/RPS23/RPL13/UPF1"
"YANG_BCL3_TARGETS_UP","YANG_BCL3_TARGETS_UP",325,-0.663014329964167,-2.02593886522251,1.71504860010235e-12,6.38401620085158e-10,5.561430042561e-10,1521,"tags=26%, list=9%, signal=24%","CEP128/DLGAP5/SP110/TGFBR2/CTSC/RSAD2/LRRC39/NDUFA3/DNAJB2/PSMB9/ELAVL2/TXNDC11/CCNB2/ARHGAP11A/ITGA8/LNX1/DECR1/SCD/GCH1/NCALD/GNB4/HUNK/RAB15/THBD/CCL2/NEFM/CKMT2/KRT7/RACGAP1/CKMT1B/RXRG/SDC1/TNF/TNFAIP6/NR4A1/ABCA1/TGFB3/DTX3L/VWA1/NDUFA2/TCEAL5/ESPL1/SEPTIN4/AQP7/A2M/IRF7/ECT2/CDKN2C/CCNB1/TAP1/RRM2/CCNE2/PEX6/TRIM5/EIF2AK2/MERTK/PDK4/AURKB/MKI67/UBA7/FOXM1/TBL1X/PLK4/DHX58/STAT2/CCNA2/UBE2T/PSMB8/RASD2/BUB1/IFI35/MX1/MOV10/CDC20/AURKA/KIF20A/IFIT2/TOP2A/PRC1/RIGI/UBE2L6/IFIT3/PBK/OASL/CDK1"
"REACTOME_SRP_DEPENDENT_COTRANSLATIONAL_PROTEIN_TARGETING_TO_MEMBRANE","REACTOME_SRP_DEPENDENT_COTRANSLATIONAL_PROTEIN_TARGETING_TO_MEMBRANE",112,0.790987476124795,2.19717025789758,2.66463401233009e-12,8.87463370001304e-10,7.73112926458319e-10,1393,"tags=54%, list=8%, signal=50%","RPS27A/RPS12/RPS20/RPS18/RPS6/RPS3A/RPL23/RPL26/RPL11/UBA52/RPL31/RPS15A/RPS8/RPL13A/RPS29/RPS7/RPS10/RPS13/RPL17/RPS27/RPS11/RPL30/RPL39/RPL7/RPL35A/RPL24/RPS24/RPS14/RPL27A/RPL12/RPL27/RPL6/RPSA/RPL7A/RPL34/RPL37/RPL5/RPL36A/RPS3/RPL19/RPS27L/RPL10A/SRP14/RPS25/RPS16/RPL15/RPLP0/RPL32/SEC61A1/RPL35/SRP54/RPN1/RPS19/SEC61A2/RPL14/SRP68/RPS23/RPL13/RPL26L1/RPS21"
"DUTERTRE_ESTRADIOL_RESPONSE_24HR_UP","DUTERTRE_ESTRADIOL_RESPONSE_24HR_UP",317,-0.656982650499059,-2.00520409420808,2.65105125875434e-12,8.87463370001304e-10,7.73112926458319e-10,2020,"tags=35%, list=11%, signal=31%","CPAP/VRK1/SKA3/CEP55/SUV39H2/ZWINT/GINS1/MCM5/SLC27A2/BRCA1/GTSE1/MTHFD1/BLM/GINS2/DTL/TONSL/CLSPN/DEPDC1B/GMNN/FANCI/KIF2C/RET/TTK/DLGAP5/RECQL4/TYMS/ZNF367/LIG1/KIF4A/ELOVL2/CCNB2/RFC2/ARHGAP11A/RAD18/CENPU/MYBL1/MTFR2/ASF1B/IQGAP3/TICRR/PKMYT1/BCL2/BRIP1/FANCA/MCM10/RACGAP1/POLD1/RFC4/CIT/SLC2A1/CIP2A/TRIP13/MCM2/ESCO2/RAD54B/SPAG5/BRCA2/STIL/H1-4/LMNB1/ESPL1/RERG/NCAPH/NCAPG/PCNA/DDX10/TIMELESS/TPX2/MYBL2/MYB/ASPM/LRR1/CDC45/KIFC1/DSCC1/RAD51/POLE/RRM2/CCNE2/KIF23/DSN1/MCM4/CDC6/AURKB/MKI67/COL12A1/FOXM1/FEN1/PLK4/KNL1/CCNA2/RBBP8/CDCA7/CHEK1/UBE2T/MELK/BIRC5/BUB1/NME1/KIF11/AURKA/BUB1B/TOP2A/PRC1/ANLN/JAK2/PLK1/RAD54L/PBK/CDK1"
"WP_CYTOPLASMIC_RIBOSOMAL_PROTEINS","WP_CYTOPLASMIC_RIBOSOMAL_PROTEINS",88,0.819475043892486,2.23519637381721,3.13997464663936e-12,8.88816411386079e-10,7.74291627258782e-10,670,"tags=52%, list=4%, signal=51%","RPS27A/RPS12/RPS20/RPS18/RPS6/RPS3A/RPL23/RPL26/RPL11/UBA52/RPL31/RPS15A/RPS8/RPL13A/RPS29/RPS7/RPS10/RPS13/RPL17/RPS27/RPS11/RPL30/RPL39/RPL7/RPL35A/RPL24/RPS24/RPS14/RPL27A/RPL12/RPL27/RPL6/RPSA/RPL7A/RPL34/RPL37/RPL5/RPL36A/RPS3/RPL19/RPL10A/RPS25/RPS16/RPL15/RPLP0/RPL32"
"HECKER_IFNB1_TARGETS","HECKER_IFNB1_TARGETS",90,-0.832768976792951,-2.18654065110286,3.13649040432117e-12,8.88816411386079e-10,7.74291627258782e-10,1316,"tags=46%, list=7%, signal=42%","RSAD2/KLRD1/MGAM/HERC5/JUP/SERPING1/CCL2/TNFAIP6/DTX3L/PLSCR1/LAMP3/LAP3/FCER1A/IRF7/PNPT1/C1QB/MX2/EIF2AK2/IFI27/IFI6/IFI44L/IFI44/SAMD9/DHX58/SIGLEC1/LGALS3BP/SAMD9L/GZMB/C1QA/IFI35/MX1/DDX60/IFIT2/XAF1/STAT1/RIGI/IFIT5/IFIT1/IFIT3/ISG15/OASL"
"BLANCO_MELO_BRONCHIAL_EPITHELIAL_CELLS_INFLUENZA_A_DEL_NS1_INFECTION_DN","BLANCO_MELO_BRONCHIAL_EPITHELIAL_CELLS_INFLUENZA_A_DEL_NS1_INFECTION_DN",174,-0.74939195598109,-2.15516977459866,3.23052741180149e-12,8.88816411386079e-10,7.74291627258782e-10,2001,"tags=40%, list=11%, signal=36%","SKA3/CEP55/ZWINT/ZNF395/NSD2/NEXN/BRCA1/BLM/GINS2/DTL/CLSPN/DEPDC1B/FANCI/KIF2C/TTK/DIAPH3/NUF2/KIF4A/KIF15/CCNB2/CENPF/CDC7/MTFR2/ASF1B/THBD/PKMYT1/CAMK1/MCM10/CIT/MCM2/KIF18B/SPAG5/LMNB1/NCAPH/NCAPG/MYBL2/ORC1/CDCA8/CDC45/KIFC1/RAD51/RRM2/CENPE/MCM4/CDC6/AURKB/FOXM1/FEN1/PLK4/NEK2/HMMR/KNL1/CCNA2/CDCA7/UBE2T/CDKN3/CDC25A/RARB/BIRC5/KIF11/AURKA/BUB1B/KIF20A/TOP2A/PRC1/ANLN/PLK1/RAD54L/KIF14"
"XIE_ST_HSC_S1PR3_OE_UP","XIE_ST_HSC_S1PR3_OE_UP",179,-0.733380143843554,-2.11604952656957,3.10494299225558e-12,8.88816411386079e-10,7.74291627258782e-10,1851,"tags=38%, list=10%, signal=34%","SLC7A7/ID2/OAS3/HMCN1/RYR2/GBP1/HELZ2/AK5/SPATS2L/XIRP1/PKDCC/SP110/RDH10/FRZB/DAPP1/FBXO6/RSAD2/HSPB1/DAB2/SMAD6/HEY1/HERC5/FOXC2/TTC24/ISG20/VCL/ABCA1/DTX3L/IFITM3/TDRD7/PLSCR1/SHISA5/LAMP3/BATF2/H1-0/DDX60L/IRF7/COL6A3/MX2/EIF2AK2/IFITM1/IFI27/IFI6/IFI44L/USP18/IFI44/SAMD9/DHX58/IRAK2/LGALS3BP/ANKRD45/SAMD9L/HPGD/IFI35/MX1/DDX60/IFIH1/IFIT2/XAF1/STAT1/RIGI/IFIT5/RNF213/IFIT1/IFIT3/BCAR1/ISG15/OASL"
"TAKEDA_TARGETS_OF_NUP98_HOXA9_FUSION_3D_UP","TAKEDA_TARGETS_OF_NUP98_HOXA9_FUSION_3D_UP",173,-0.737662205701776,-2.1181519437615,4.78567750113899e-12,1.26182363446698e-09,1.09923653830986e-09,2356,"tags=40%, list=13%, signal=35%","RBPMS/HOPX/PARP14/ACSM3/HERC6/PARP12/CH25H/OAS1/CREBRF/TTC28/H2AC6/GBP3/HOXA6/OAS3/SOX4/NEGR1/GBP1/CMPK2/HELZ2/PTPN13/CDKN1C/FGF18/OFD1/SP110/MAP7/KLF5/RSAD2/HEY1/SLC12A8/JCHAIN/HERC5/CTSG/PTPRD/SERPING1/DTX3L/ZBTB20/DDX60L/IRF7/TRIM22/MX2/IFI16/EIF2AK2/IFITM1/FRAS1/IFI27/IFI6/IFI44L/USP18/LOX/IFI44/SAMD9/STAT2/LGALS3BP/SAMD9L/IFI35/MX1/DDX60/IFIH1/IFIT2/XAF1/STAT1/RIGI/IFIT5/CAV1/RNF213/IFIT1/IFIT3/ISG15/OASL"
"KEGG_RIBOSOME","KEGG_RIBOSOME",87,0.812802068820615,2.20686528184943,1.52723230246705e-11,3.86573040400459e-09,3.36762760758734e-09,670,"tags=53%, list=4%, signal=51%","RPS27A/RPS12/RPS20/RPS18/RPS6/RPS3A/RPL23/RPL26/RPL11/UBA52/RPL31/RPS15A/RPS8/RPL13A/RPS29/RPS7/RPS10/RPS13/RPL17/RPS27/RPS11/RPL30/RPL39/RPL7/RPL35A/RPL24/RPS24/RPL27A/RPL12/RPL27/RPL6/RPSA/RPL7A/RPL34/RPL37/RPL5/RPL36A/RPS3/RPL19/RPS27L/RPL10A/RPS25/RPS16/RPL15/RPLP0/RPL32"
"BOSCO_INTERFERON_INDUCED_ANTIVIRAL_MODULE","BOSCO_INTERFERON_INDUCED_ANTIVIRAL_MODULE",75,-0.852258234632236,-2.19031950140336,1.83943095828419e-11,4.46916648057756e-09,3.89331040967208e-09,1316,"tags=48%, list=7%, signal=45%","RSAD2/APOBEC3G/GCH1/HERC5/CCL2/CMTR1/LILRB1/IFITM3/TDRD7/LAMP3/PML/PTPN2/IRF7/PNPT1/SLAMF7/TRIM22/MIA3/EIF2AK2/IFI6/IFI44L/IFI44/TRAFD1/DHX58/STAT2/SAMD9L/IFI35/MX1/MOV10/DDX60/IFIH1/XAF1/IFIT5/IFIT1/IFIT3/OASL/CDK1"
"BROWNE_INTERFERON_RESPONSIVE_GENES","BROWNE_INTERFERON_RESPONSIVE_GENES",66,-0.867729074760683,-2.18086671475932,1.90688203185199e-11,4.46916648057756e-09,3.89331040967208e-09,1475,"tags=62%, list=8%, signal=57%","SP110/TREX1/RSAD2/APOBEC3G/PSMB9/GCH1/WARS1/TRIM21/ISG20/TDRD7/KIF5C/PLSCR1/CASP1/MYD88/PLAAT4/PML/IFI30/IRF7/TRIM22/TAP1/MX2/EIF2AK2/SP100/IFI27/IFI6/LMO2/TRIM14/IFI44L/IFI44/MELK/PSMB8/IFI35/MX1/IFIT2/XAF1/STAT1/UBE2L6/IFIT5/IFIT3/ISG15/OASL"
"REACTOME_EUKARYOTIC_TRANSLATION_ELONGATION","REACTOME_EUKARYOTIC_TRANSLATION_ELONGATION",93,0.802037451935776,2.19531001138916,4.61453166430947e-11,1.00692263350863e-08,8.77179757749135e-09,1393,"tags=61%, list=8%, signal=57%","RPS27A/RPS12/RPS20/RPS18/RPS6/RPS3A/RPL23/RPL26/RPL11/UBA52/RPL31/RPS15A/RPS8/RPL13A/RPS29/RPS7/RPS10/RPS13/RPL17/RPS27/RPS11/RPL30/RPL39/RPL7/RPL35A/RPL24/EEF1A2/RPS24/RPS14/RPL27A/RPL12/RPL27/RPL6/RPSA/EEF1A1/RPL7A/RPL34/RPL37/RPL5/RPL36A/RPS3/RPL19/RPS27L/RPL10A/RPS25/RPS16/RPL15/RPLP0/RPL32/RPL35/EEF1B2/RPS19/RPL14/RPS23/RPL13/RPL26L1/RPS21"
"CHIANG_LIVER_CANCER_SUBCLASS_PROLIFERATION_UP","CHIANG_LIVER_CANCER_SUBCLASS_PROLIFERATION_UP",171,-0.72339622183864,-2.0731054506404,4.61343045934101e-11,1.00692263350863e-08,8.77179757749135e-09,1924,"tags=39%, list=11%, signal=35%","ZWINT/NCEH1/SLC7A7/DBN1/SOX4/BCAT1/DTL/YBX3/DEPDC1B/FANCI/KIF2C/HK2/PKDCC/TTK/DLGAP5/NUF2/KIF4A/CCNB2/CENPF/SPHK1/CDC7/DUSP9/SMC4/RACGAP1/TUBA4A/IGF2BP3/RFC4/TRIP13/MCM2/KIF18B/LMNB1/TPX2/ECT2/ASPM/DSCC1/CCNB1/TAP1/MAD2L1/FMNL2/KIF23/CENPE/CCNE1/CDC6/AURKB/MKI67/FOXM1/FEN1/NEK2/CCNA2/CDCA7/CDKN3/BIRC5/CDC20/KIF11/AURKA/BUB1B/KIF20A/EZH2/TOP2A/PRC1/NDC80/ANLN/H4C3/PBK/KIF14/CDK1"
"FULCHER_INFLAMMATORY_RESPONSE_LECTIN_VS_LPS_DN","FULCHER_INFLAMMATORY_RESPONSE_LECTIN_VS_LPS_DN",437,-0.590247530667988,-1.83893949251231,7.63793108226338e-11,1.61109426295209e-08,1.40350333606362e-08,1798,"tags=22%, list=10%, signal=21%","OAS3/FGL2/PATL1/MAFB/SORT1/MARCO/SPN/GBP1/CMPK2/NBPF1/MBP/LILRA2/SP110/PDGFRL/ADGRE5/TGFBR2/SYNPO2/BLVRA/CTSC/KLF5/DAPP1/CCR5/RSAD2/APOBEC3G/KLF10/CALCOCO2/SCD5/GCH1/PIK3AP1/SLC26A11/GNB4/HERC5/VAMP5/SLC12A7/SERPING1/DUSP1/PDIA6/HESX1/ISG20/LPCAT1/SETX/LYN/PDIA4/ECHDC1/GPNMB/CKMT1B/TNFAIP6/NPIPA1/AFF1/FMR1/RAD23B/IFITM3/LZTS2/C2/ZFP36L2/SELENOP/TRIM38/SAMD4A/MYD88/SPTLC2/SCARB2/XRN1/DIP2A/HSPA1B/HSCB/TRIM22/FCGR1A/MX2/TRIM5/IFI16/IFITM1/SP100/IFI27/KLF4/TRIM14/IFI44L/USP18/IFI44/SAMD9/DHX58/SIGLEC1/LGALS3BP/SAMD9L/CFB/MX1/RAP2B/NUPR1/IFIH1/IFIT2/XAF1/RIGI/HNRNPA2B1/UBE2L6/IFIT5/RNF213/IFIT1/IFIT3/OASL"
"CROONQUIST_IL6_DEPRIVATION_DN","CROONQUIST_IL6_DEPRIVATION_DN",95,-0.81077317619289,-2.1572177381108,9.31582540541557e-11,1.90163042469257e-08,1.65660365528561e-08,753,"tags=51%, list=4%, signal=49%","FANCI/CKS2/KIF2C/TYMS/FRZB/LIG1/CCNB2/CCNF/SMC4/POLD1/TRIP13/MCM2/SPAG5/STIL/CKS1B/NCAPH/PCNA/TPX2/MYBL2/CDC45/KIFC1/CCNB1/MAD2L1/RRM2/CCNE2/CENPE/MCM4/CDC6/AURKB/MKI67/KPNA2/FOXM1/PLK4/HMMR/CCNA2/CHEK1/CENPA/CDKN3/CDC25A/BUB1/CDC20/KIF11/AURKA/BUB1B/TOP2A/PLK1/KIF14/CDK1"
"HSIAO_HOUSEKEEPING_GENES","HSIAO_HOUSEKEEPING_GENES",384,0.590000709736764,1.86481966659212,9.76695719025069e-11,1.93141578437207e-08,1.68255114491259e-08,1066,"tags=27%, list=6%, signal=26%","RPS27A/HNRNPL/EIF4A3/RPS18/RPS6/CTNNB1/UBB/COPS6/HDAC1/GAPDH/RPS3A/HSP90AB1/RPL23/FYN/NFKBIA/CCT4/RPL11/UBA52/RPL31/ATP5F1A/HSP90AA1/TXN/RPS15A/RPS8/RPL13A/RPS29/RPS7/FKBP4/RPS10/DDX39B/EIF4A1/RPL17/RPS27/RPS11/PABPC1/RPL39/RPL7/RPL35A/ENO1/RPL24/CANX/DDB1/RPS14/RPL27A/UBE2C/RPL12/RPL27/CLTC/ACTB/RPL6/SOD1/EIF4G2/PEBP1/RPSA/PSMC1/SLC25A5/EEF1A1/FMOD/RPL7A/LDHA/RPL34/C1QBP/RHOA/RPL36A/RPS3/RPL19/PSMD7/SON/RPL10A/SRP14/RPS25/RPS16/PRDX6/ATP5F1B/GNB1/PAX6/PIM1/CIRBP/SNRPD2/RPLP0/PFDN5/BECN1/RACK1/RPL32/COPA/MYH9/CSNK2B/EIF3E/DVL3/RPL35/HTRA1/DYNLL1/EIF3C/SF3B2/PSMD2/XPO1/EIF4H/ECHS1/PFN1/EEF1B2/RPS19/EZR/ZFP36/KARS1"
"REACTOME_CELLULAR_RESPONSE_TO_STARVATION","REACTOME_CELLULAR_RESPONSE_TO_STARVATION",155,0.706823757501902,2.07476921605702,2.23363809333952e-10,4.2831702589856e-08,3.73127996644946e-08,1004,"tags=34%, list=6%, signal=33%","RPS27A/RPS12/RPS20/RPS18/RPS6/RPS3A/RPL23/RPL26/RPL11/UBA52/RPL31/RPS15A/RPS8/RPL13A/RPS29/RPS7/RPS10/RPS13/RPL17/RPS27/RPS11/RPL30/RPL39/RPL7/RPL35A/RPL24/RPS24/RPS14/RPL27A/RPL12/RPL27/RPL6/RPSA/RPL7A/RPL34/RPL37/RPL5/RPL36A/RPS3/RPL19/RPS27L/RPL10A/RPS25/RPS16/RPL15/RPLP0/RPL32/CEBPB/EIF2AK4/RPL35/FNIP1/ATP6V1B1/RPS19"
"REACTOME_TRANSLATION","REACTOME_TRANSLATION",365,0.586483040009263,1.84111661056005,3.5349569109572e-10,6.57917862721682e-08,5.73144561692969e-08,1987,"tags=38%, list=11%, signal=35%","RPS27A/RPS12/RPS20/RPS18/RPS6/UBB/RPS3A/RPL23/RPL26/RPL11/UBA52/RPL31/RPS15A/RPS8/RPL13A/RPS29/GFM1/RPS7/RPS10/RPS13/EIF4A1/RPL17/RPS27/RPS11/EPRS1/PABPC1/RPL30/RPL39/RPL7/RPL35A/GSPT1/EIF4G1/RPL24/EEF1A2/RPS24/VCP/RPS14/RPL27A/RPL12/RPL27/RPL6/EIF4B/MRPS5/PSMD1/RPSA/PSMC1/EEF1A1/RPL7A/RPL34/MRPS25/RPL37/RPL5/RPL36A/LARS2/RPS3/RPL19/IARS2/PSMD7/RPS27L/MRRF/RPL10A/SRP14/RPS25/MRPL3/MRPS27/ABCE1/RPS16/YARS1/PSMA7/HARS1/RPL15/EIF2B2/RPLP0/MIEF1/MRPL58/RPL32/MRPS15/RBX1/PSMC6/EIF3E/MRPS2/MRPS7/UFD1/SEC61A1/HARS2/RPL35/SRP54/PSMC5/MRPL17/EIF3C/PSMD2/RPN1/EIF4H/MRPL30/MRPL12/EEF1B2/RPS19/SEC61A2/PTCD3/GSPT2/KARS1/EIF3B/IARS1/RARS1/RPL14/MRPL9/SRP68/ASCC3/DAP3/RPS23/RPL13/PPA1/RPL26L1/EIF3A/RPS21/RPL37A/MRPL37/EEF1E1/MT-ND6/TARS2/RPS26/MRPS34/MRPL47/PSMA2/MARS2/GARS1/RPL23A/DARS2/CUL2/RPS4X/PSMD6/MARS1/EIF3H/MRPL10/DARS1/PSMC4/RPL22L1/RPN2/RPL41/MRPL13"
"REACTOME_REGULATION_OF_EXPRESSION_OF_SLITS_AND_ROBOS","REACTOME_REGULATION_OF_EXPRESSION_OF_SLITS_AND_ROBOS",156,0.708489975994318,2.07811629909507,4.2213968519387e-10,7.37956016666602e-08,6.42869728405582e-08,1241,"tags=44%, list=7%, signal=41%","RPS27A/EIF4A3/RPS12/RPS20/RPS18/RPS6/UBB/RPS3A/RPL23/RPL26/RPL11/UBA52/RPL31/RPS15A/RPS8/RPL13A/RPS29/RPS7/RPS10/RPS13/RPL17/RPS27/RPS11/PABPC1/RPL30/RPL39/RPL7/RPL35A/GSPT1/EIF4G1/RPL24/RPS24/RPS14/RPL27A/RPL12/RPL27/RPL6/PSMD1/RPSA/PSMC1/RPL7A/RPL34/RPL37/RPL5/RPL36A/RPS3/RPL19/PSMD7/RPS27L/RPL10A/RPS25/RPS16/PSMA7/RPL15/RPLP0/RPL32/RBX1/PSMC6/NCBP1/RPL35/PSMC5/PSMD2/RPS19/GSPT2/LHX3/RPL14/RPS23/RPL13"
"BLANCO_MELO_BETA_INTERFERON_TREATED_BRONCHIAL_EPITHELIAL_CELLS_UP","BLANCO_MELO_BETA_INTERFERON_TREATED_BRONCHIAL_EPITHELIAL_CELLS_UP",359,-0.611398014450184,-1.87499234038873,4.30614545192197e-10,7.37956016666602e-08,6.42869728405582e-08,1969,"tags=27%, list=11%, signal=25%","TRAF3IP3/KRT8/TENT5A/FEM1C/ZMYND15/PPP2R2B/NAV3/OAS3/PLAT/GBP1/RAPH1/HELZ2/CNP/CORO2B/BMAL2/SP110/APOBEC3F/ARL5B/CCNA1/ATP10A/TLR2/NLRC5/DAPP1/APOBEC3G/STK17A/HEPHL1/DUSP2/EDIL3/NCALD/GNB4/TRIM56/TRIM21/DUSP1/ITGA1/GNAT2/ADAR/HSD11B1/CMTR1/TXNRD1/MSX1/STAT5A/OSMR/ABCA1/CASP7/DTX3L/REC8/ARL14/ANTXR2/FMR1/NRG1/TDRD7/PLSCR1/LAP3/TAP2/BATF2/IRF2/TRIM38/MYD88/TRANK1/PLAAT4/PODXL/PML/PLEKHA4/XRN1/NFKBIZ/DDX60L/PNPT1/CTSS/ZCCHC2/TGM2/TAP1/TRIM5/IFI16/EIF2AK2/SP100/PDK4/PHF11/HAS2/LMO2/TRIM14/UBA7/USP18/IRF1/SAMD9/DHX58/STAT2/CYP2J2/SAMD9L/MX1/IFIH1/IFIT2/XAF1/RIGI/AXL/IFIT5/IFIT1/IFIT3"
"VECCHI_GASTRIC_CANCER_EARLY_UP","VECCHI_GASTRIC_CANCER_EARLY_UP",408,-0.589786440876875,-1.82417089948837,4.31485028708348e-10,7.37956016666602e-08,6.42869728405582e-08,2098,"tags=29%, list=12%, signal=27%","MZT1/TRMT6/ITGA2/MMP7/SKA3/CEP55/CENPW/S100A6/ZWINT/GINS1/PRMT1/MCM5/NSD2/BRCA1/BUB3/ZNF592/GTSE1/MUC3A/GINS2/DTL/KDM1B/DEPDC1B/MRPS16/FANCI/CKS2/CYC1/ATG16L1/CD9/TTK/DLGAP5/BYSL/ARL5B/KLF5/SNRPB/ZNF367/NUF2/KIF4A/MYOF/KIF15/HSPB1/CCNB2/CENPF/PFKP/CENPH/RAD18/CENPU/WDR77/NUP93/MTFR2/JUP/BRIP1/SCRIB/SMC4/MCM10/KRT7/HMGB3/RACGAP1/VARS1/TUBA4A/MTHFD1L/CDK6/NPIPA1/TRIP13/IFITM3/MCM2/RRS1/KIF18B/ESCO2/CDC34/RAD54B/CKS1B/NCAPG/TPX2/MYBL2/ECT2/MYB/ASPM/DSCC1/CCNB1/MAD2L1/FOSL1/RRM2/CALML4/CCNE1/IFITM1/MCM4/CDC6/IFI6/MKI67/FOXM1/FEN1/NEK2/HMMR/KNL1/CCNA2/CDCA7/CHEK1/CENPA/UBE2T/MELK/PSMB8/CDKN3/BIRC5/BUB1/CDC20/NME1/AURKA/BUB1B/KIF20A/EZH2/TOP2A/PRC1/NDC80/KRT18/ANLN/PBK/EPHB2/KIF14/ISG15/CDK1"
"GRAHAM_CML_DIVIDING_VS_NORMAL_QUIESCENT_UP","GRAHAM_CML_DIVIDING_VS_NORMAL_QUIESCENT_UP",183,-0.704611178935312,-2.03743181360505,8.28318085159332e-10,1.37936759023375e-07,1.20163485096383e-07,2077,"tags=43%, list=12%, signal=38%","DNAJC12/MICAL2/VRK1/CEP55/ZWINT/GINS1/FABP5/MCM5/ATP5MC3/BRCA1/PRDX4/GINS2/GMNN/FANCI/KIF2C/TTK/DLGAP5/LMNA/TYMS/IDH2/KIF4A/KIF15/CCNB2/CENPF/TUBB6/CENPU/CDC7/TPSAB1/CCL2/MCM10/PRKAR2B/RACGAP1/HSPA14/RFC4/TRIP13/MCM2/KIF18B/SPAG5/UBE2S/CKS1B/ESPL1/NCAPG/TPX2/ECT2/ASPM/CDC45/DSCC1/CCNB1/RAD51/MAD2L1/RRM2/CCNE2/CCNE1/MCM4/CDC6/AURKB/KPNA2/FEN1/NEK2/HMMR/CCNA2/CHEK1/CENPA/MELK/CDKN3/BIRC5/BUB1/CDC20/KIF11/AURKA/BUB1B/KIF20A/EZH2/TOP2A/PRC1/NDC80/PBK/CDK1"
"GRAHAM_NORMAL_QUIESCENT_VS_NORMAL_DIVIDING_DN","GRAHAM_NORMAL_QUIESCENT_VS_NORMAL_DIVIDING_DN",89,-0.799072548941642,-2.092952592924,9.27163424208308e-10,1.50438208933081e-07,1.31054112080402e-07,2003,"tags=55%, list=11%, signal=49%","VRK1/CEP55/ZWINT/GINS1/FABP5/MCM5/ATP5MC3/GINS2/DTL/GMNN/KIF2C/DLGAP5/TYMS/KIF15/CCNB2/CENPU/MCM10/RACGAP1/RFC4/TRIP13/MCM2/KIF18B/CKS1B/NCAPG/PCNA/CDC45/DSCC1/MAD2L1/RRM2/CCNE2/CCNE1/MCM4/CDC6/FEN1/CCNA2/CHEK1/MELK/CDKN3/CDC25A/GZMB/BIRC5/BUB1/CDC20/KIF11/BUB1B/TOP2A/PRC1/NDC80/CDK1"
"POOLA_INVASIVE_BREAST_CANCER_UP","POOLA_INVASIVE_BREAST_CANCER_UP",262,-0.651033886396414,-1.94964781314111,1.11482849177621e-09,1.7206426087707e-07,1.49893628021361e-07,1758,"tags=31%, list=10%, signal=28%","LMO3/BCAT1/MAFB/CD1E/BLM/PLAC8/GINS2/DTL/GBP1/TNC/FANCI/CKS2/KIF2C/RET/DLGAP5/LILRB4/GZMA/STAG3/TYMS/CTSC/RSAD2/KIF15/FAP/CCNB2/CENPF/CDH11/CD74/CENPU/GRB2/ISG20/LILRB1/CPPED1/SP140/EGFL6/HLA-DRB1/TNFAIP6/STK17B/SELL/AHI1/CEACAM5/TRIP13/RGS4/LAMP3/KMO/CCR1/NCAPG/IFI30/TPX2/CTSS/ASPM/COL6A3/DSCC1/FCGR1A/MAD2L1/RRM2/RHOF/COL11A1/CCNE2/HYAL1/BTK/MCM4/VCAM1/LGALS9/NEK2/CCNA2/CENPA/MELK/CDKN3/GZMB/BIRC5/CDC20/KIF11/AURKA/BUB1B/KIF20A/TOP2A/PRC1/NDC80/PBK/CDK1"
"ZHENG_GLIOBLASTOMA_PLASTICITY_UP","ZHENG_GLIOBLASTOMA_PLASTICITY_UP",246,-0.654042569132442,-1.94640494417064,1.09208906766277e-09,1.7206426087707e-07,1.49893628021361e-07,1902,"tags=33%, list=11%, signal=30%","CP/PRKAR1B/MCM5/PPP2R2B/CLU/WNT7A/SYT4/CLSPN/SOCS2/CKS2/MBP/TESC/MTHFD2/CCND1/ZNF367/APLP1/LIG1/NUF2/KIF4A/CCND2/CCNB2/PFKP/C1orf198/CCNF/DECR1/PTPRD/UNC5C/CPPED1/LYN/RACGAP1/RCC1/JAG1/TUBA4A/POLD1/RFC4/CIT/PDGFRA/VWA1/TDRD7/MCM2/OTX2/BMPR1B/SPAG5/ALDH1L1/CKS1B/LMNB1/A2M/TPX2/CDCA8/ECT2/ASPM/CDC45/COL4A6/CCNB1/RAD51/POLE/MAD2L1/RRM2/DDX39A/KIF23/MCM4/AURKB/DUSP6/FEN1/PLK4/UBE2T/MELK/BIRC5/BUB1/CDC20/AURKA/NUPR1/TUBB3/TOP2A/PRC1/NDC80/ANLN/PLK1/RAD54L/EPHB2/RND3"
"LEE_EARLY_T_LYMPHOCYTE_UP","LEE_EARLY_T_LYMPHOCYTE_UP",105,-0.778920694136852,-2.10318661789061,1.19215138127835e-09,1.79617474779272e-07,1.56473603602876e-07,1737,"tags=50%, list=10%, signal=46%","CEP55/CENPW/GINS1/NSD2/CD1E/DTL/TUBB4B/FANCI/CKS2/KIF2C/CEP128/TTK/DLGAP5/TYMS/DIAPH3/NUF2/KIF15/CCNB2/CENPU/MCM10/GFI1/HMGB3/MCM2/KIF18B/NCAPG/MYB/ASPM/LRR1/DSCC1/CCNB1/RRM2/MCM4/MKI67/NEK2/HMMR/KNL1/CENPA/UBE2T/MELK/CDKN3/CDC25A/BIRC5/BUB1/KIF11/AURKA/BUB1B/KIF20A/TOP2A/PRC1/NDC80/PBK/KIF14/CDK1"
"REACTOME_INFLUENZA_INFECTION","REACTOME_INFLUENZA_INFECTION",157,0.693551292087313,2.04418322131931,1.41606114337709e-09,2.08391509657912e-07,1.81540078527927e-07,1477,"tags=52%, list=8%, signal=48%","RPS27A/RPS12/RPS20/RPS18/RPS6/RPS3A/RPL23/RPL26/RPL11/UBA52/RPL31/HSP90AA1/RPS15A/RANBP2/RPS8/RPL13A/RPS29/RPS7/RPS10/RPS13/RPL17/RPS27/RPS11/RPL30/RPL39/RPL7/RPL35A/RPL24/CANX/IPO5/RPS24/RPS14/RPL27A/RPL12/RPL27/CLTC/RPL6/RPSA/POLR2G/RPL7A/RPL34/NUP153/RPL37/RPL5/RPL36A/RPS3/RPL19/RPS27L/POLR2A/RPL10A/RPS25/RPS16/NUP155/NUP98/RPL15/RPLP0/KPNA1/RPL32/POLR2H/RPL35/KPNA5/XPO1/HSPA1A/PABPN1/RPS19/TGFB1/MLKL/NUP214/POLR2C/POLR2D/RPL14/RPS23/RPL13/TPR/RPL26L1/KPNA3/POLR2K/NUP205/RPS21/CLTA/POM121/RPL37A"
"REACTOME_RIBOSOME_ASSOCIATED_QUALITY_CONTROL","REACTOME_RIBOSOME_ASSOCIATED_QUALITY_CONTROL",143,0.712243878682077,2.07843246382897,1.5698018372549e-09,2.25766046048841e-07,1.96675890471385e-07,1241,"tags=45%, list=7%, signal=43%","RPS27A/RPS12/RPS20/RPS18/RPS6/UBB/RPS3A/RPL23/RPL26/RPL11/UBA52/RPL31/RPS15A/RPS8/RPL13A/RPS29/RPS7/RPS10/RPS13/RPL17/RPS27/RPS11/RPL30/RPL39/RPL7/RPL35A/RPL24/RPS24/VCP/RPS14/RPL27A/RPL12/RPL27/RPL6/PSMD1/RPSA/PSMC1/RPL7A/RPL34/RPL37/RPL5/RPL36A/RPS3/RPL19/PSMD7/RPS27L/RPL10A/RPS25/ABCE1/RPS16/PSMA7/RPL15/RPLP0/RPL32/RBX1/PSMC6/UFD1/RPL35/PSMC5/PSMD2/RPS19/RPL14/ASCC3/RPS23/RPL13"
"KANG_DOXORUBICIN_RESISTANCE_UP","KANG_DOXORUBICIN_RESISTANCE_UP",54,-0.865906211900265,-2.08820968009688,1.84337969304886e-09,2.59220148835848e-07,2.25819402397588e-07,758,"tags=52%, list=4%, signal=50%","NPIPA1/RFC4/LMNB1/NCAPG/TPX2/CDCA8/ASPM/DSCC1/MAD2L1/RRM2/MCM4/CDC6/MKI67/FOXM1/PLK4/HMMR/CENPA/CDKN3/BIRC5/BUB1/CDC20/AURKA/BUB1B/TOP2A/PRC1/PLK1/PBK/CDK1"
"LE_EGR2_TARGETS_UP","LE_EGR2_TARGETS_UP",107,-0.771429598223502,-2.08600813368449,2.39607678692628e-09,3.29616824079772e-07,2.87145403504187e-07,1608,"tags=41%, list=9%, signal=38%","CKS2/KIF2C/P2RX4/CDKN1C/CCND1/CCNB2/KLF10/TUBB6/CDC7/DNAJC9/IQGAP3/CCL2/CIP2A/RBM3/CKS1B/LMNB1/NCAPH/CDCA8/ECT2/CCNB1/RAD51/MAD2L1/RRM2/KIF23/MCM4/MKI67/KPNA2/PLK4/CCNA2/UBE2T/BIRC5/BUB1/SOX2/CDC20/KIF11/AURKA/KIF20A/EZH2/TOP2A/PRC1/HNRNPA2B1/PLK1/ATF3/CDK1"
"KONG_E2F3_TARGETS","KONG_E2F3_TARGETS",93,-0.787272712211725,-2.0866587962871,3.76359928651393e-09,5.06724601809791e-07,4.41432686751925e-07,1404,"tags=44%, list=8%, signal=41%","KIF2C/DLGAP5/TYMS/NUF2/CENPF/MAPK8/CCNF/CENPH/CDC7/ASF1B/IQGAP3/GP1BA/RACGAP1/LMNB1/NCAPH/NCAPG/TPX2/MYB/CCNB1/RAD51/CCNE1/CDC6/MKI67/FEN1/HMMR/CCNA2/RBBP8/UBE2T/MELK/BUB1/CDC20/KIF11/AURKA/BUB1B/KIF20A/EZH2/TOP2A/PRC1/PLK1/RAD54L/PBK"
"REACTOME_RESPONSE_OF_EIF2AK4_GCN2_TO_AMINO_ACID_DEFICIENCY","REACTOME_RESPONSE_OF_EIF2AK4_GCN2_TO_AMINO_ACID_DEFICIENCY",101,0.754074743341932,2.06100645355732,4.86896765943486e-09,6.41892236435496e-07,5.59183851589043e-07,800,"tags=50%, list=4%, signal=48%","RPS27A/RPS12/RPS20/RPS18/RPS6/RPS3A/RPL23/RPL26/RPL11/UBA52/RPL31/RPS15A/RPS8/RPL13A/RPS29/RPS7/RPS10/RPS13/RPL17/RPS27/RPS11/RPL30/RPL39/RPL7/RPL35A/RPL24/RPS24/RPS14/RPL27A/RPL12/RPL27/RPL6/RPSA/RPL7A/RPL34/RPL37/RPL5/RPL36A/RPS3/RPL19/RPS27L/RPL10A/RPS25/RPS16/RPL15/RPLP0/RPL32/CEBPB/EIF2AK4/RPL35"
"GAL_LEUKEMIC_STEM_CELL_DN","GAL_LEUKEMIC_STEM_CELL_DN",221,-0.650682492891474,-1.91595463756662,1.1327737851936e-08,1.46289643116431e-06,1.27440092654326e-06,1807,"tags=27%, list=10%, signal=25%","TEX14/FGL2/GTSE1/MAFB/GINS2/CARD9/LRP2/ADAP2/LILRA2/LILRB4/LGALS3/TYMS/TLR2/LAMA4/LIG1/CCNB2/TPI1/S100A12/COL6A2/ASF1B/CTSG/LILRB1/TNFAIP6/NR4A1/CASP1/KIF18B/ALDH1L1/LMNB1/CCR1/ESPL1/SIRPA/NCAPG/IFI30/ORC1/CDCA8/CDC45/KIFC1/CD93/CCNB1/FCGR1A/RAD51/RRM2/TEP1/CDC6/FEN1/HMMR/CCNA2/CENPA/MELK/CDKN3/BIRC5/C1QA/BUB1/CDC20/BUB1B/KIF20A/TOP2A/PLK1/TUBB2B/CDK1"
"MOSERLE_IFNA_RESPONSE","MOSERLE_IFNA_RESPONSE",31,-0.918576463410067,-2.06991364112962,1.23997145453457e-08,1.53853713025387e-06,1.34029525436482e-06,418,"tags=61%, list=2%, signal=60%","DDX60L/TRIM22/IFI16/IFITM1/IFI44L/USP18/IFI44/SAMD9/SAMD9L/MX1/DDX60/IFIH1/IFIT2/STAT1/RIGI/IFIT5/IFIT1/IFIT3/OASL"
"JIANG_MELANOMA_TRM8_CD4","JIANG_MELANOMA_TRM8_CD4",416,0.542147382586802,1.729649963534,1.22564078053645e-08,1.53853713025387e-06,1.34029525436482e-06,1263,"tags=23%, list=7%, signal=22%","RPS27A/RPS12/RPS20/RPS18/RPS6/IKZF1/PRNP/RPS3A/NFKBIA/RPL26/RPL11/UBA52/RPL31/DNAJB1/HSPA8/HSP90AA1/RPS15A/RPS8/RPL13A/RPS29/RPS7/RPS10/RPS13/RPL17/AHNAK/RPS27/PABPC1/GATA3/RPL30/RPL39/PA2G4/RPL7/C9orf78/RPL35A/ENO1/RPL24/RPS24/CD3D/RPS14/RPL27A/RPL12/RPL27/RPL6/DDX24/EIF4B/SOD1/RBMX/PEBP1/JUN/RPSA/EEF1A1/RPL7A/LDHA/RPL34/RPL37/RPL5/RPL36A/RPS3/RPL19/S100A4/RPL10A/RPS25/CD2/RPS16/PIM1/SNRPD2/RPLP0/PFDN5/RPL32/MYH9/PIK3R1/EIF3E/FOSB/CD48/RPL35/ARL4C/DDX3X/ATP1A1/EML4/ETS1/PFN1/EEF1B2/RPS19/ZFP36/RPL14/LCP2/HNRNPUL1/RPS23/RPL13/PARP8/PGK1/CDC37/ARL4A/PPA1"
"ZHOU_CELL_CYCLE_GENES_IN_IR_RESPONSE_24HR","ZHOU_CELL_CYCLE_GENES_IN_IR_RESPONSE_24HR",125,-0.728865686736415,-2.00120095249353,1.43518330978325e-08,1.74650768929007e-06,1.52146862213256e-06,1301,"tags=37%, list=7%, signal=34%","NUF2/CCNB2/CENPF/F10/DNAJC9/MTFR2/MDC1/H2AZ2/HMGB3/ODF2/RACGAP1/POLD1/RFC4/TRIP13/MCM2/SPAG5/LMNB1/PCNA/TIMELESS/MYBL2/CDCA8/ASPM/KIFC1/CCNB1/MAD2L1/KIF23/KPNA2/NEK2/HMMR/CCNA2/RBBP8/CENPA/UBE2T/MELK/CDKN3/BIRC5/BUB1/CDC20/KIF11/KIF20A/EZH2/TOP2A/PRC1/ANLN/RAD54L/CDK1"
"BASAKI_YBX1_TARGETS_UP","BASAKI_YBX1_TARGETS_UP",277,-0.617477707091918,-1.85574529026221,1.499868174148e-08,1.79078600113369e-06,1.56004163416348e-06,1327,"tags=31%, list=7%, signal=29%","ZWINT/GINS1/NUP50/MCM5/NSD2/GTSE1/MTHFD1/PLAC8/GINS2/DTL/TUBB4B/DEPDC1B/FANCI/KIF2C/TYMS/DIAPH3/ZNF367/NUF2/KIF4A/FOXE1/CCNB2/RFC2/TUBB6/CENPU/WDR77/MYBL1/NUP93/DNAJC9/ASF1B/YWHAH/MDC1/H2AZ2/MCM10/OSMR/SMAD7/TUBA4A/TRIP13/DKK1/MCM2/RRS1/FBN1/ESPL1/RRAS/KRT10/PLK2/TPX2/CDCA8/CREM/ASPM/LRR1/CCNB1/RAD51/MAD2L1/POLR2L/DDX39A/KIF23/MCM4/CDC6/AURKB/MKI67/KPNA2/FEN1/SFN/NEK2/CCNA2/CHEK1/CENPA/MELK/CDKN3/BIRC5/BUB1/TUBA1A/CDC20/AURKA/BUB1B/KIF20A/PRC1/NDC80/AXL/ANLN/CAV1/PLK1/PBK/RND3/CDK1"
"REACTOME_ACTIVATION_OF_THE_MRNA_UPON_BINDING_OF_THE_CAP_BINDING_COMPLEX_AND_EIFS_AND_SUBSEQUENT_BINDING_TO_43S","REACTOME_ACTIVATION_OF_THE_MRNA_UPON_BINDING_OF_THE_CAP_BINDING_COMPLEX_AND_EIFS_AND_SUBSEQUENT_BINDING_TO_43S",59,0.823286517536025,2.08158552304331,1.79121747311079e-08,2.09904151293428e-06,1.82857814945053e-06,1393,"tags=56%, list=8%, signal=52%","RPS27A/RPS12/RPS20/RPS18/RPS6/RPS3A/RPS15A/RPS8/RPS29/RPS7/RPS10/RPS13/EIF4A1/RPS27/RPS11/PABPC1/EIF4G1/RPS24/RPS14/EIF4B/RPSA/RPS3/RPS27L/RPS25/RPS16/EIF3E/EIF3C/EIF4H/RPS19/EIF3B/RPS23/EIF3A/RPS21"
"BENPORATH_PROLIFERATION","BENPORATH_PROLIFERATION",146,-0.696179916317368,-1.94175634621802,3.71577446866126e-08,4.27516742503426e-06,3.72430830476153e-06,1319,"tags=34%, list=7%, signal=31%","MARCO/DTL/CKS2/TTK/TYMS/IDH2/NUF2/CCNB2/CENPF/CENPU/GNB4/MTFR2/PKMYT1/FANCA/H2AZ2/PSMA3/RACGAP1/HSPA14/RFC4/MCM2/SPAG5/CKS1B/NCAPG/PCNA/A2M/MYBL2/ASPM/FANCE/RAD51/MAD2L1/RRM2/CENPE/KPNA2/NEK2/CDCA7/CENPA/UBE2T/CDKN3/BIRC5/BUB1/AURKA/EZH2/TOP2A/PRC1/NDC80/ANLN/RAD54L/PBK/CDK1"
"SEITZ_NEOPLASTIC_TRANSFORMATION_BY_8P_DELETION_UP","SEITZ_NEOPLASTIC_TRANSFORMATION_BY_8P_DELETION_UP",71,-0.814712358848156,-2.06878720912132,4.17900013193674e-08,4.72227014908852e-06,4.1138014456678e-06,1161,"tags=35%, list=6%, signal=33%","NDP/HERC5/ISG20/BMP4/ZFP36L2/PLAAT4/CX3CL1/SLIT2/MX2/CCNE2/IFI27/KLF4/IFI44L/IFI44/SAMD9/MX1/COL1A2/DDX60/IFIH1/IFIT2/RIGI/IFIT1/IFIT3/ISG15/OASL"
"SANA_RESPONSE_TO_IFNG_UP","SANA_RESPONSE_TO_IFNG_UP",73,-0.801855733074688,-2.04314432533252,5.93275470821453e-08,6.58639856027746e-06,5.73773525520212e-06,1358,"tags=44%, list=8%, signal=41%","NLRC5/PLA1A/CD74/VAMP5/WARS1/SERPING1/HLA-DRB1/DTX3L/CASP1/LAP3/BATF2/HLA-DRB5/HSD17B11/PLAAT4/SEPTIN4/CX3CL1/HLA-DQB1/TRIM22/IFI44L/LGALS9/CEACAM1/LGALS3BP/RAC3/SAMD9L/IFI35/MX1/DDX60/IFIH1/PPP3CA/STAT1/UBE2L6/RNF213"
"TAKEDA_TARGETS_OF_NUP98_HOXA9_FUSION_10D_UP","TAKEDA_TARGETS_OF_NUP98_HOXA9_FUSION_10D_UP",184,-0.658021880549543,-1.90079290957863,7.67221178176546e-08,8.37064761293307e-06,7.29208223250557e-06,1811,"tags=29%, list=10%, signal=27%","NEXN/OAS3/DBN1/SOX4/NEGR1/GBP1/CMPK2/CDKN1C/FGF18/LILRA2/SP110/ATP10A/ZNF521/RSAD2/SLITRK4/SLC9A3/JCHAIN/HERC5/TPSAB1/NR4A2/PRKAR2B/TNFAIP6/TDRD9/BATF3/PLAAT4/DDX60L/IRF7/GEM/MX2/EIF2AK2/IFITM1/MCM4/IFI27/IFI6/IFI44L/USP18/IFI44/SAMD9/LGALS3BP/SAMD9L/HPGD/MX1/DDX60/IFIH1/IFIT2/XAF1/STAT1/RIGI/KRT18/CAV1/IFIT1/IFIT3/ISG15/OASL"
"BURTON_ADIPOGENESIS_3","BURTON_ADIPOGENESIS_3",100,-0.754762488744075,-2.02006911086068,9.43701432257619e-08,1.01215977344512e-05,8.81742087552747e-06,1608,"tags=46%, list=9%, signal=42%","CKS2/KIF2C/TTK/DLGAP5/TYMS/KLF5/KIF4A/CCNB2/TUBB6/CCNF/CDC7/ASF1B/MCM10/OSMR/RACGAP1/ABCA1/MCM2/CKS1B/NCAPH/PCNA/CDCA8/CDC45/CX3CL1/CCNB1/RAD51/MAD2L1/RRM2/CCNE2/WNT4/MCM4/CDC6/MKI67/KPNA2/FEN1/CDCA7/BIRC5/BUB1/CDC20/KIF11/AURKA/KIF20A/EZH2/TOP2A/PRC1/PLK1/CDK1"
"DAUER_STAT3_TARGETS_DN","DAUER_STAT3_TARGETS_DN",48,-0.856812383776937,-2.04098400033339,1.06597524410955e-07,1.12424855745421e-05,9.79388132175741e-06,771,"tags=56%, list=4%, signal=54%","DNAJB4/TDRD7/LAMP3/LAP3/TRANK1/IRF7/HSPA1B/TRIM22/TRIM5/IFITM1/PDK4/IFI27/TRIM14/USP18/IFI44/SAMD9/HPGD/IFI35/MX1/DDX60/IFIH1/STAT1/RIGI/IFIT1/IFIT3/ISG15/OASL"
"FISCHER_G2_M_CELL_CYCLE","FISCHER_G2_M_CELL_CYCLE",233,-0.623132495427443,-1.84561760385923,1.17165592950449e-07,1.215448970804e-05,1.05883729125367e-05,1787,"tags=35%, list=10%, signal=32%","BUB3/TNPO2/GTSE1/BRD8/DEPDC1B/CKS2/KIF2C/TTK/ARL6IP1/SIX4/ADGRE5/PLEKHA5/KIF5B/PPP2R5C/NUF2/KIF15/ACSL4/CCNB2/CENPF/ARHGAP11A/CCNF/NUP37/CTNND1/IQGAP3/H2AZ2/HMGB3/RACGAP1/CDKN1B/STK17B/CIT/EIF4E/BAG3/TRIP13/KIF18B/SPAG5/TJP1/STIL/UBE2S/CKS1B/UBE2G1/ESPL1/NCAPH/H1-0/MAT2A/TPX2/CDCA8/ECT2/CDKN2C/ASPM/KIFC1/CCNB1/MAD2L1/KIF23/CENPE/AURKB/MKI67/KPNA2/FOXM1/PLK4/NEK2/HMMR/CCNA2/CENPA/MELK/BIRC5/BUB1/UBE2D1/CDC20/KIF11/AURKA/BUB1B/KIF20A/TOP2A/STAT1/PRC1/NDC80/ANLN/PLK1/PBK/KIF14/CDK1"
"HOFFMANN_LARGE_TO_SMALL_PRE_BII_LYMPHOCYTE_UP","HOFFMANN_LARGE_TO_SMALL_PRE_BII_LYMPHOCYTE_UP",151,-0.685058030198096,-1.928453430543,1.40028547945877e-07,1.4291945990347e-05,1.2450416054203e-05,894,"tags=42%, list=5%, signal=40%","CKS2/KIF2C/IL4/TTK/DLGAP5/MTHFD2/PSMC3/LIG1/KIF4A/CBX1/CCNB2/SMC4/MCM10/HLA-DRB1/HMGB3/RACGAP1/CIT/CIP2A/TRIP13/BRCA2/UBE2S/CKS1B/NCAPH/ECT2/CDKN2C/MYH11/CDC45/KIFC1/HLA-DQB1/CCNB1/RAD51/RRM2/KIF23/CENPE/CCNE1/EIF2AK2/AURKB/TUBA1B/HTT/MKI67/KPNA2/CDKN1A/FEN1/PLK4/NEK2/CCNA2/CENPA/UBE2T/CASP3/MELK/CDKN3/PPP2CA/BUB1/TUBA1A/CDC20/AURKA/KIF20A/TUBB3/TOP2A/PRC1/ANLN/RAD54L/CDK1"
"CROONQUIST_NRAS_SIGNALING_DN","CROONQUIST_NRAS_SIGNALING_DN",70,-0.790500383384049,-2.00441848239809,1.42491967603342e-07,1.43125265237135e-05,1.24683447675639e-05,894,"tags=43%, list=5%, signal=41%","SMC4/POLD1/TRIP13/MCM2/SPAG5/STIL/CKS1B/NCAPH/PCNA/TPX2/MYBL2/CCNB1/MCM4/CDC6/AURKB/MKI67/FOXM1/PLK4/CCNA2/CHEK1/CENPA/CDKN3/CDC20/KIF11/AURKA/BUB1B/TOP2A/NDC80/PLK1/CDK1"
"ODONNELL_TFRC_TARGETS_DN","ODONNELL_TFRC_TARGETS_DN",119,-0.711299846900083,-1.94917816137571,1.49530449139499e-07,1.47848231586679e-05,1.28797855615716e-05,598,"tags=29%, list=3%, signal=29%","RAD54B/BRCA2/APBB1/CKS1B/NCAPH/MYBL2/ECT2/KCNA1/ASPM/CCNB1/RRM2/CENPE/CDC6/AURKB/MKI67/FOXM1/PLK4/HMMR/CCNA2/CENPA/CDKN3/BIRC5/BUB1/CDC20/KIF11/AURKA/BUB1B/KIF20A/TOP2A/PRC1/NDC80/ANLN/PLK1/KIF14/CDK1"
"WHITFIELD_CELL_CYCLE_LITERATURE","WHITFIELD_CELL_CYCLE_LITERATURE",44,-0.872642806929539,-2.06699050445896,1.66542491396619e-07,1.62135520855046e-05,1.41244214970703e-05,1222,"tags=64%, list=7%, signal=59%","CCNB2/CENPF/CCNF/RACGAP1/MCM2/BRCA2/PCNA/CDKN2C/CDC45/CCNB1/RRM2/CCNE2/CCNE1/CDC6/CDKN1A/CCNA2/CENPA/CDKN3/CDC25A/BIRC5/BUB1/CDC20/AURKA/BUB1B/KIF20A/TOP2A/PLK1/CDK1"
"RUIZ_TNC_TARGETS_DN","RUIZ_TNC_TARGETS_DN",142,-0.688715560876312,-1.9143606348771,1.95556065313091e-07,1.87496785045643e-05,1.6333765774237e-05,1924,"tags=38%, list=11%, signal=34%","ZWINT/GINS1/MCM5/NAV3/BLM/CALM2/GINS2/DTL/TUBB4B/GMNN/FANCI/CKS2/KIF2C/TYMS/MYOF/PFKP/TUBB6/CENPU/MYBL1/DNAJC9/ASF1B/YWHAH/TIPIN/MCM10/RFC4/NRG1/TRIP13/DKK1/MCM2/POLR3K/RAD54B/MET/ORC1/CDC45/DSCC1/MAD2L1/FOSL1/RRM2/CCNE2/CCNE1/MCM4/CDC6/AURKB/FOXM1/FEN1/CCNA2/MELK/CDC25A/BIRC5/CAV1/RAD54L/PBK/CDK1/EGFR"
"BOWIE_RESPONSE_TO_TAMOXIFEN","BOWIE_RESPONSE_TO_TAMOXIFEN",17,-0.957592753598456,-1.92013621765278,2.11880050241082e-07,2.00115963869488e-05,1.74330844165365e-05,411,"tags=76%, list=2%, signal=75%","IRF7/IFI16/IFITM1/IFI27/IFI6/IRF1/IFI35/MX1/IFIT2/STAT1/IFIT1/IFIT3/ISG15"
"KRASNOSELSKAYA_ILF3_TARGETS_UP","KRASNOSELSKAYA_ILF3_TARGETS_UP",39,-0.87183380301009,-2.04467390284569,2.29240787451003e-07,2.13328779851463e-05,1.85841177071347e-05,660,"tags=46%, list=4%, signal=45%","PSMB9/FAP/PLSCR1/RGS4/TRIM22/TAP1/MX2/IFI16/IFITM1/IFI27/IFI6/IFI35/MX1/XAF1/STAT1/IFIT1/IFIT3/ISG15"
"NAKAYAMA_SOFT_TISSUE_TUMORS_PCA2_UP","NAKAYAMA_SOFT_TISSUE_TUMORS_PCA2_UP",88,-0.757427887465816,-1.97858510475381,3.5095108561503e-07,3.21857749242306e-05,2.80386092351779e-05,564,"tags=35%, list=3%, signal=34%","UBE2S/ESPL1/NCAPH/TPX2/ENO2/CDCA8/FGFR3/ASPM/CCNB1/RRM2/COL11A1/CENPE/MCM4/MKI67/TBL1X/NEK2/HMMR/CCNA2/CENPA/MELK/CDKN3/BIRC5/AHNAK2/BUB1/CDC20/NCAM1/KIF11/KIF20A/TOP2A/PBK/CDK1"
"BILANGES_SERUM_AND_RAPAMYCIN_SENSITIVE_GENES","BILANGES_SERUM_AND_RAPAMYCIN_SENSITIVE_GENES",68,0.768371659557964,1.99156080668302,4.17156816039988e-07,3.77109761700149e-05,3.28518833925025e-05,1241,"tags=50%, list=7%, signal=47%","RPS27A/RPS6/RPS3A/RPL23/RPL26/UBA52/RPS8/RPL13A/RPS7/RPS10/RPS13/RPL30/RPL7/RPL24/RPS24/RPS14/RPL27A/RPL6/EIF4B/EEF1A1/RPL7A/RPL5/RPL36A/RPS3/RPS25/RPS16/RPL15/RACK1/RPL32/EEF1B2/RPS19/RPL14/RPS23/RPL13"
"REACTOME_SARS_COV_1_MODULATES_HOST_TRANSLATION_MACHINERY","REACTOME_SARS_COV_1_MODULATES_HOST_TRANSLATION_MACHINERY",36,0.863413399191885,1.98643769480855,4.23291475099399e-07,3.77265979497042e-05,3.28654922920023e-05,531,"tags=61%, list=3%, signal=59%","RPS27A/RPS12/RPS20/RPS18/RPS6/RPS3A/RPS15A/RPS8/RPS29/RPS7/RPS10/RPS13/RPS27/RPS11/RPS24/RPS14/RPSA/EEF1A1/RPS3/RPS27L/RPS25/RPS16"
"WHITEFORD_PEDIATRIC_CANCER_MARKERS","WHITEFORD_PEDIATRIC_CANCER_MARKERS",115,-0.710907082528646,-1.94061809182637,4.30486893087312e-07,3.78350147146738e-05,3.29599394605008e-05,1867,"tags=52%, list=10%, signal=47%","MCM5/PSAT1/MEX3B/NSD2/SOX4/BCAT1/GINS2/CKS2/TTK/DLGAP5/RECQL4/TYMS/ZNF367/NUF2/CCNB2/CENPF/CENPU/ASF1B/ILF3/SMC4/HMGB3/CDK6/RFC4/SNRNP200/CKS1B/ESPL1/NCAPH/PCNA/RCC2/TPX2/MYBL2/CDCA8/CDC45/CCNB1/MAD2L1/RRM2/CENPE/MCM4/MKI67/KPNA2/PLK4/NEK2/CCNA2/CDCA7/CENPA/UBE2T/MELK/CDC25A/BIRC5/BUB1/TUBA1A/NME1/KIF11/AURKA/TOP2A/PRC1/H4C3/PBK/KIF14/CDK1"
"CHARAFE_BREAST_CANCER_LUMINAL_VS_MESENCHYMAL_DN","CHARAFE_BREAST_CANCER_LUMINAL_VS_MESENCHYMAL_DN",455,-0.519123202694215,-1.61959235437332,4.61870370457249e-07,4.00372014281297e-05,3.48783724597637e-05,1859,"tags=21%, list=10%, signal=20%","TGFB1I1/NAV3/NEXN/PLAT/BCAT1/PYGL/PRSS12/AK5/SPATS2L/CORO2B/FOSL2/LRRK1/BMAL2/ADGRE5/TGFBR2/SNX7/COL4A1/FHL1/VIM/TYMS/CTSC/SDCBP/PABPC4/LTBP2/DAB2/PSMB9/PFKP/STK17A/TUBB6/TEAD1/CDH11/FAT4/EDIL3/COL6A2/ITSN1/KPNB1/PTPRM/ILF3/ITGA1/NAP1L5/CALD1/LYN/ECHDC1/OSMR/VCL/GLIS3/DZIP1/JAG1/GNG2/DNAJB4/CDK6/KATNAL1/IGF2BP3/SMAD3/MAPRE1/ANTXR2/PXDN/CASP1/KIF18B/RGS4/FBN1/ANXA5/TAP2/CYP26B1/MET/STIL/UBE2S/HSD17B11/UBE2G1/AKT3/ASXL1/NCAPG/ACTG1/CDKN2C/COL6A3/COL13A1/SLIT2/FMNL2/FOSL1/GPX8/IFI16/ASB1/ACTR2/HAS2/FLRT2/COL6A1/IRAK2/BIRC5/AHNAK2/BUB1/CDC20/NDC80/AXL/ANLN/CAV1/PLK1/EGFR"
"WINNEPENNINCKX_MELANOMA_METASTASIS_UP","WINNEPENNINCKX_MELANOMA_METASTASIS_UP",159,-0.661050451451035,-1.87637607935381,5.49546318135552e-07,4.69936365021861e-05,4.09384646952473e-05,1751,"tags=34%, list=10%, signal=31%","ENY2/GINS2/MRPS16/GMNN/CKS2/KIF2C/PLEKHG2/DLGAP5/TYMS/ZNF367/NUF2/CCNB2/CENPF/H2AZ2/RACGAP1/RFC4/KIF18B/SPAG5/CKS1B/NCAPH/NCAPG/PCNA/DNAJA1/RSRC1/TIMELESS/CDCA8/ECT2/CREM/ASPM/CDC45/DSCC1/CCNB1/RRM2/ARF4/MCM4/CDC6/KPNA2/NEK2/CHEK1/CENPA/UBE2T/MELK/CDKN3/BIRC5/BUB1/NME1/KIF11/AURKA/TOP2A/PRC1/NDC80/ANLN/RAD54L/CDK1"
"WU_APOPTOSIS_BY_CDKN1A_VIA_TP53","WU_APOPTOSIS_BY_CDKN1A_VIA_TP53",51,-0.822188228681043,-1.96979978723508,5.67847394584406e-07,4.7911177505735e-05,4.17377797254531e-05,822,"tags=41%, list=5%, signal=39%","RACGAP1/MCM2/TUBB4A/NCAPG/TPX2/ASPM/CCNB1/MCM4/AURKB/MKI67/CDKN1A/UBE2T/BUB1/TUBA1A/AURKA/TUBB3/PRC1/HNRNPA2B1/ANLN/PBK/CDK1"
"SHEDDEN_LUNG_CANCER_POOR_SURVIVAL_A6","SHEDDEN_LUNG_CANCER_POOR_SURVIVAL_A6",448,-0.525354108668887,-1.63856812716502,6.69355253197017e-07,5.57326321346148e-05,4.85514329777393e-05,1872,"tags=27%, list=10%, signal=25%","PRMT1/MCM5/RAN/PSAT1/NSD2/PSMD12/BUB3/GTSE1/DGUOK/GINS2/DTL/PYGL/H2AC11/FANCI/CKS2/KIF2C/SMC6/HK2/TTK/DLGAP5/UBE2V1/EIF5B/RECQL4/SNX7/TYMS/MTHFD2/SNRPB/KIF4A/KIF15/CCNB2/CENPF/RFC2/PFKP/MOB1A/CENPU/SCD/MYBL1/GNAI3/CDC7/DUSP9/SLC9A2/GCH1/PKP2/NUP37/DNAJC9/WARS1/BRIP1/TUBG1/FANCA/NUDT3/MCM10/MTIF2/RACGAP1/TUBA4A/VRK2/IGF2BP3/RFC4/SLC2A1/TRIP13/KIF18B/ACTR3/SPAG5/BRCA2/UBE2S/LMNB1/NCAPH/NCAPG/PCNA/TEAD4/DNAJA1/TPX2/MYBL2/ORC1/CDCA8/CDKN2C/ASPM/UBE2K/CDC45/CCNB1/MAD2L1/RRM2/CCNE2/KIF23/CENPE/CCNE1/NRAS/DSN1/DSP/MCM4/CDC6/AURKB/MKI67/KPNA2/FOXM1/PLK4/NEK2/HMMR/CCNA2/CHEK1/CENPA/MELK/RIPK2/CDKN3/CDC25A/BIRC5/BUB1/ERN1/UBE2D1/CDC20/NME1/KIF11/AURKA/BUB1B/KIF20A/EZH2/TOP2A/PRC1/NDC80/RAD54L/PBK/KIF14/CDK1"
"SARRIO_EPITHELIAL_MESENCHYMAL_TRANSITION_UP","SARRIO_EPITHELIAL_MESENCHYMAL_TRANSITION_UP",161,-0.658512846118863,-1.87686268052505,7.02901746222453e-07,5.77657435077361e-05,5.03225761444564e-05,2001,"tags=44%, list=11%, signal=40%","SKA3/CEP55/CENPW/ZWINT/FABP5/MCM5/SDF2L1/BRCA1/BLM/DTL/TUBB4B/AGAP1/GMNN/RECQL4/TYMS/CCND1/IDH2/ZNF367/RFC2/CENPU/MYBL1/CDC7/ASF1B/YWHAH/TIMM10/PKMYT1/TUBG1/RFC4/RAD51B/MCM2/POLR3K/RRS1/STIL/CKS1B/ESPL1/PCNA/ECT2/ASPM/CDC45/DSCC1/CCNB1/RAD51/MAD2L1/FOSL1/RRM2/KIF23/CENPE/MCM4/CDC6/MKI67/FOXM1/PLK4/HMMR/TUBA8/CCNA2/CDCA7/CENPA/UBE2T/BUB1/TUBA1A/KIF11/BUB1B/KIF20A/TUBB3/TOP2A/PRC1/NDC80/ANLN/H4C3/PLK1/CDK1"
"REACTOME_SIGNALING_BY_ROBO_RECEPTORS","REACTOME_SIGNALING_BY_ROBO_RECEPTORS",201,0.609028992878193,1.82714454332891,7.50235690320962e-07,6.08652749788596e-05,5.30227302322656e-05,1808,"tags=45%, list=10%, signal=41%","RPS27A/EIF4A3/RPS12/RPS20/RPS18/RPS6/UBB/RPS3A/RPL23/RPL26/RPL11/UBA52/RPL31/RPS15A/RPS8/RPL13A/RPS29/RPS7/RPS10/RPS13/RPL17/RPS27/RPS11/PABPC1/RPL30/RPL39/RPL7/RPL35A/GSPT1/EIF4G1/RPL24/RPS24/RPS14/RPL27A/RPL12/RPL27/RPL6/PSMD1/ABL1/RPSA/PSMC1/RPL7A/RPL34/RHOA/RPL37/RPL5/RPL36A/RPS3/RPL19/PSMD7/RPS27L/RPL10A/PRKACB/RPS25/RPS16/PSMA7/RPL15/RPLP0/NELL2/RPL32/RBX1/PSMC6/NCBP1/RPL35/PSMC5/PSMD2/PFN1/PAK5/RPS19/ABL2/GSPT2/LHX3/RPL14/NCK1/RPS23/RPL13/RPL26L1/PRKCA/RPS21/RPL37A/RPS26/SRGAP1/PSMA2/COL4A5/RPL23A/PAK3/CUL2/RPS4X/PSMD6/DAG1"
"BENNETT_SYSTEMIC_LUPUS_ERYTHEMATOSUS","BENNETT_SYSTEMIC_LUPUS_ERYTHEMATOSUS",29,-0.901071907792956,-2.01460736021143,7.90380687605629e-07,6.33104935590939e-05,5.51528802263914e-05,680,"tags=59%, list=4%, signal=56%","SERPING1/IFITM3/TDRD7/PLSCR1/AGRN/IRF7/TAP1/MX2/IFI44L/LGALS3BP/IFI35/MX1/XAF1/STAT1/IFIT3/ISG15/OASL"
"LINDGREN_BLADDER_CANCER_CLUSTER_3_UP","LINDGREN_BLADDER_CANCER_CLUSTER_3_UP",321,-0.563608523320824,-1.71802621158876,8.85008057874342e-07,7.00041373778604e-05,6.09840420932622e-05,2122,"tags=28%, list=12%, signal=25%","IMPA2/TRMT6/ANXA4/TFG/VRK1/CEP55/H2BC5/ZWINT/WDR53/NCEH1/MCM5/ZNF148/BRCA1/PRDX4/POC1A/GINS2/RASL11B/PRPS2/GMNN/ACOX1/CKS2/KIF2C/SEC62/DLGAP5/ADAM17/TYMS/PLAAT3/MTHFD2/PRDX1/IDH2/LIG1/KIF4A/DAB2/ACSL4/CCNB2/CENPF/MNS1/RTN3/RAD18/CENPU/CDC7/PIK3AP1/MRPS12/MDC1/H2AZ2/PPA2/TXNRD1/RACGAP1/RFC4/MAPRE1/TRIP13/CKS1B/DAPK1/PCNA/MYBL2/ORC1/CDCA8/CDKN2C/CDC45/KIFC1/GNB3/CCNB1/RAD51/MAD2L1/RRM2/KIF23/CENPE/CCNE1/MCM4/CDC6/YWHAQ/KPNA2/PLK4/NEK2/CENPA/ERBB2/MELK/CDC25A/BIRC5/BUB1/HMGN2/KIF11/AURKA/NUPR1/EZH2/TOP2A/PRC1/PLK1/RAD54L/KIF14/CDK1"
"WALLACE_PROSTATE_CANCER_RACE_UP","WALLACE_PROSTATE_CANCER_RACE_UP",273,-0.586968711918896,-1.76143587266649,9.15360319787e-07,7.15111123902733e-05,6.22968420367059e-05,1814,"tags=26%, list=10%, signal=24%","CLU/FGL2/CD1E/CLEC4A/PLAC8/GBP1/CORO1A/ADGRE5/DNAJC15/TMX4/GZMA/SOS1/APOLD1/ANPEP/CTSC/CCND1/CCR5/RSAD2/APOBEC3G/ELOVL2/PSMB9/JCHAIN/MYBL1/CDC7/DUSP2/HERC5/NR4A2/THBD/HLA-DRA/ISG20/HLA-DRB1/STK17B/SELL/CNN1/ZAP70/IFITM3/FBN1/LAMP3/RAC2/SELE/TAP2/CDH2/MYB/CREM/C1QB/CTSS/CD93/HLA-DQB1/TAP1/IRS2/MX2/IFI16/IFITM1/PDK4/IFI27/IFI6/IFI44L/PRF1/IRF1/IFI44/PSMB8/AHNAK2/C1QA/MX1/DDX60/XAF1/STAT1/UBE2L6/IFIT1/IFIT3/ISG15"
"GAVIN_FOXP3_TARGETS_CLUSTER_P6","GAVIN_FOXP3_TARGETS_CLUSTER_P6",92,-0.730353201826725,-1.93650274390037,1.07546155944719e-06,8.29941554656316e-05,7.23002848116163e-05,1698,"tags=43%, list=9%, signal=40%","GINS2/CMPK2/CLSPN/KIF2C/TGFBR2/LGALS3/TYMS/NUF2/CCNB2/CENPF/TPI1/MCM10/IGF2BP3/IL12RB1/SPAG5/CKS1B/NCAPG/TPX2/CDCA8/ASPM/CCNB1/RAD51/RRM2/CENPE/AURKB/IFI44/NEK2/HMMR/CCNA2/GZMB/BIRC5/BUB1/CDC20/AURKA/BUB1B/KIF20A/PLK1/RAD54L/PBK/CDK1"
"RHODES_UNDIFFERENTIATED_CANCER","RHODES_UNDIFFERENTIATED_CANCER",69,-0.767572637702628,-1.93783730181443,1.18326528244587e-06,8.8090620086088e-05,7.67400654386257e-05,749,"tags=46%, list=4%, signal=45%","RFC4/SEC61B/TRIP13/MCM2/UBE2S/TUBB4A/CKS1B/NCAPH/PCNA/IFI30/MYBL2/PSMD14/CCNB1/TAP1/MAD2L1/KIF23/CDC6/KPNA2/FOXM1/CTSL/CCNA2/CENPA/MELK/CDKN3/BIRC5/CDC20/NME1/COL1A2/EZH2/TOP2A/KIF14/CDK1"
"HELLER_SILENCED_BY_METHYLATION_UP","HELLER_SILENCED_BY_METHYLATION_UP",267,-0.587595270792932,-1.76211893424636,1.17739347309996e-06,8.8090620086088e-05,7.67400654386257e-05,1492,"tags=23%, list=8%, signal=22%","RPS2/APOBEC3F/VAMP8/ALDH2/DAPP1/SMARCA1/IDH2/MYOF/APOBEC3G/CENPF/CCNF/CDH11/CHRNA1/HLA-DRA/ISG20/PIP5K1A/KRT7/HCK/GPNMB/HLA-DRB1/TNFAIP6/FBN1/LAMP3/AGRN/CYP3A5/ARRB1/SIRPA/PML/SLAMF7/CTSS/CUL7/TDRD12/HLA-DQB1/CCNB1/TRIM22/IRS2/IFITM1/IFI27/KLF4/VCAM1/CDKN1A/IFI44L/USP18/PRF1/IFI44/FOXM1/CFB/BUB1/MX1/CDC20/AURKA/DDX60/IFIH1/MUC1/TOP2A/STAT1/RIGI/IFIT5/IFIT1/IFIT3/PLK1/ISG15"
"HORIUCHI_WTAP_TARGETS_DN","HORIUCHI_WTAP_TARGETS_DN",307,-0.571198762949594,-1.73883347090602,1.16760982626126e-06,8.8090620086088e-05,7.67400654386257e-05,2023,"tags=29%, list=11%, signal=26%","STUB1/VRK1/SKA3/CEP55/CENPW/SNRNP27/FASN/LBR/BUB3/GTSE1/ENY2/NEGR1/SPATS2L/GMNN/ZNF618/CKS2/KIF2C/BMAL2/TTK/DLGAP5/ARL5B/TYMS/MTPN/NUF2/KIF4A/LRRC17/CCNB2/CHRNA1/FDPS/ASF1B/KPNB1/USP28/H2AZ2/NDUFA7/RACGAP1/ING3/ENAH/POLD1/TRIP13/DKK1/KIF18B/HNRNPA3/RGS4/SPAG5/PPIA/UBE2S/CKS1B/LMNB1/ESPL1/CDH2/NCAPG/H3-3A/TPX2/MYBL2/CDCA8/ASPM/WDFY1/CAT/CCNB1/MAD2L1/RRM2/KIF23/AURKB/TMEM123/MKI67/FOXM1/NEK2/HMMR/KNL1/CCNA2/CENPA/MELK/CDKN3/BIRC5/BUB1/CDC20/KIF11/AURKA/PHB1/BUB1B/KIF20A/TOP2A/PRC1/NDC80/ANLN/H4C3/PLK1/PBK/KIF14/CDK1"
"SENGUPTA_NASOPHARYNGEAL_CARCINOMA_UP","SENGUPTA_NASOPHARYNGEAL_CARCINOMA_UP",298,-0.571010255682594,-1.7289823548906,1.39040255994419e-06,0.000102307760457289,8.91253146441581e-05,1931,"tags=29%, list=11%, signal=26%","PIWIL4/ZWINT/GINS1/IDH1/COL27A1/RAN/SRSF3/ID2/PATL1/SOX4/DTL/GBP1/SOCS2/DEPDC1B/GMNN/FANCI/TTK/DLGAP5/PGAP1/COL4A1/GZMA/SYNPO2/TYMS/CTSC/DIAPH3/ZNF367/NUF2/KIF15/ANKRD29/CENPF/CCNF/CDH11/CENPU/CDC7/TIGAR/DNAJC9/BRIP1/CCL2/CALD1/SMC4/MANEA/RBFOX2/HAVCR2/RACGAP1/TNFAIP6/VRK2/ANKRD22/KIF18B/ESCO2/FBN1/AKT3/NCAPG/PCNA/ECT2/DSCC1/FCGR1A/MAD2L1/FMNL2/RRM2/CCNE2/KIF23/CENPE/MCM4/KNL1/CCNA2/RBBP8/CDCA7/CHEK1/MELK/GZMB/COL1A2/KIF11/BUB1B/DDX60/IFIH1/XAF1/EZH2/TOP2A/STAT1/PRC1/NDC80/HNRNPA2B1/ANLN/DOCK4/PBK/CDK1"
"BOWIE_RESPONSE_TO_EXTRACELLULAR_MATRIX","BOWIE_RESPONSE_TO_EXTRACELLULAR_MATRIX",17,-0.945709913045637,-1.89630910280848,1.45830719592094e-06,0.000106070895813652,9.24035666671263e-05,411,"tags=76%, list=2%, signal=75%","IRF7/IFI16/IFITM1/IFI6/IRF1/PSMB8/IFI35/MX1/IFIT2/STAT1/IFIT1/IFIT3/ISG15"
"REACTOME_INTERFERON_SIGNALING","REACTOME_INTERFERON_SIGNALING",275,-0.583118507318987,-1.74958842716878,1.4845651515969e-06,0.000106753730446649,9.29984174511117e-05,1181,"tags=32%, list=7%, signal=31%","TUBB6/STAT3/FURIN/SPHK1/EIF4G3/NUP37/NUP93/HERC5/KPNB1/HLA-DRA/ILF3/TRIM21/UBC/FANCA/ADAR/ISG20/SMAD7/HLA-DRB1/TUBA4A/EIF4E/EIF4E3/IFITM3/IRF5/CASP1/DNAJC3/MAPK1/IRF2/HLA-DRB5/TUBB4A/TRIM38/CHUK/PML/IFI30/PTPN2/IRF7/ACTG1/HSPA1B/TUBB8B/FANCE/HLA-DQB1/UBE2E1/TRIM22/FCGR1A/MX2/TRIM5/EIF2AK2/IFITM1/SP100/SUMO1/IFI27/IFI6/TUBA1B/VCAM1/TRIM14/UBA7/KPNA2/IFI44L/USP18/IRF1/IFI44/SFN/STAT2/TUBA8/TUBB1/PSMB8/TUBA1C/PPP2CA/IRF4/IFI35/MX1/TUBA1A/NCAM1/IFIH1/IFIT2/TUBB3/XAF1/STAT1/RIGI/UBE2L6/KPNA7/IFIT5/JAK2/IFIT1/IFIT3/TUBB2B/RNASEL/ISG15/OASL/CDK1"
"FARMER_BREAST_CANCER_CLUSTER_2","FARMER_BREAST_CANCER_CLUSTER_2",33,-0.875748010221479,-1.99773940860797,1.57128645195173e-06,0.000110478896310561,9.62435923844583e-05,1346,"tags=67%, list=8%, signal=62%","MTFR1/KIF4A/KIF15/CCNB2/RRS1/RAD54B/NCAPG/TPX2/ASPM/MAD2L1/CENPE/MCM4/NEK2/CCNA2/CENPA/MELK/BUB1/KIF11/BUB1B/KIF20A/PRC1/NDC80"
"DER_IFN_ALPHA_RESPONSE_UP","DER_IFN_ALPHA_RESPONSE_UP",74,-0.766183821851688,-1.95623153475723,1.56389062340339e-06,0.000110478896310561,9.62435923844583e-05,975,"tags=41%, list=5%, signal=38%","TRIM21/ADAR/SMAD4/PLSCR1/ZFP36L2/MAP3K10/IRF2/PML/COL16A1/TEAD4/IFI30/TRIM22/TAP1/MX2/IFI16/IFITM1/IFI6/TRIM14/IRF1/IFI44/PSMB8/RHOC/IFI35/MX1/PPP3CA/STAT1/IFIT1/IFIT3/ISG15/OASL"
"TAKEDA_TARGETS_OF_NUP98_HOXA9_FUSION_8D_UP","TAKEDA_TARGETS_OF_NUP98_HOXA9_FUSION_8D_UP",151,-0.656848824192116,-1.84904389485827,1.74175433437004e-06,0.00012111891679004,0.00010551263677381,1210,"tags=25%, list=7%, signal=23%","SLC9A3/SLC12A8/JCHAIN/GCH1/HERC5/CTSG/TPSAB1/NR4A2/NAP1L5/PRKAR2B/TNFAIP6/F2R/LTBP3/IRF7/MX2/EIF2AK2/IFITM1/IFI27/IFI6/IFI44L/USP18/IFI44/LGALS3BP/GZMB/MX1/DDX60/IFIH1/IFIT2/XAF1/STAT1/RIGI/KRT18/IFIT5/RNF213/IFIT1/IFIT3/ISG15"
"TANG_SENESCENCE_TP53_TARGETS_DN","TANG_SENESCENCE_TP53_TARGETS_DN",54,-0.806638891262465,-1.94528127634093,1.81630413078277e-06,0.000123749135015421,0.000107803949044474,894,"tags=43%, list=5%, signal=41%","SMC4/RACGAP1/SPAG5/LMNB1/TPX2/KIF23/CENPE/AURKB/PLK4/NEK2/CCNA2/CENPA/CDC25A/BIRC5/BUB1/CDC20/KIF11/KIF20A/EZH2/TOP2A/PRC1/PBK/CDK1"
"MARKEY_RB1_ACUTE_LOF_UP","MARKEY_RB1_ACUTE_LOF_UP",230,-0.601441097607504,-1.77940876635668,1.81868987933535e-06,0.000123749135015421,0.000107803949044474,1626,"tags=28%, list=9%, signal=26%","GMNN/CKS2/KIF2C/GCLM/DLGAP5/TYMS/IDH2/KIF4A/PABPC4/SMAD6/CCNB2/KLF10/CCNF/DNAJC9/VAMP5/ASF1B/IQGAP3/ILF3/TIPIN/H2AZ2/TRIM37/HMGB3/RACGAP1/RFC4/CIP2A/TRIP13/BRCA2/HMGN1/UBE2S/CKS1B/CDH2/PCNA/ECT2/MYH11/CDC45/COL6A3/CCNB1/RAD51/MAD2L1/RRM2/KIF23/MCM4/IFI27/CDC6/MKI67/KPNA2/MDM2/NEK2/CCNA2/CENPA/UBE2T/CDKN3/BIRC5/BUB1/HMGN2/KIF11/AURKA/KIF20A/PRC1/IGF1R/ANLN/CAV1/PLK1/CDK1"
"JISON_SICKLE_CELL_DISEASE_UP","JISON_SICKLE_CELL_DISEASE_UP",181,-0.63673458975703,-1.83700050058725,1.98856587290595e-06,0.000133868562167541,0.000116619479019132,1808,"tags=30%, list=10%, signal=27%","CALR/PRDX4/DYNLT1/MARCO/GBP1/DDIT3/P2RX4/PSME2/CD9/LILRA2/VAMP8/BLVRA/TCN2/PRDX1/RSAD2/PSMB9/CALCOCO2/VAMP5/CTSG/YWHAH/SERPING1/TXNRD1/PSMA3/CASP7/NDUFB7/VRK2/IGF2BP3/RSU1/TDRD7/NDUFS2/LMNB1/SPTLC2/PTPRO/H1-0/IFI30/FCGR1A/TAP1/CDKN1A/IFI44/CTSL/PSMB8/IFI35/MX1/IFIT2/STAT1/UBE2L6/AXL/JAK2/IFIT1/IFIT3/EPHB2/CUL1/ATF3/OASL"
"ZHAN_MULTIPLE_MYELOMA_PR_UP","ZHAN_MULTIPLE_MYELOMA_PR_UP",45,-0.828549377744444,-1.97148825823726,2.11661883552014e-06,0.00014098909464391,0.000122822524560875,1643,"tags=62%, list=9%, signal=57%","DEPDC1B/FANCI/TTK/DLGAP5/TYMS/NUF2/CCNB2/MCM10/RACGAP1/RFC4/TRIP13/TPX2/ASPM/DSCC1/CCNB1/RRM2/KPNA2/FOXM1/NEK2/UBE2T/BIRC5/AURKA/BUB1B/EZH2/TOP2A/PRC1/KIF14/CDK1"
"PETROVA_ENDOTHELIUM_LYMPHATIC_VS_BLOOD_UP","PETROVA_ENDOTHELIUM_LYMPHATIC_VS_BLOOD_UP",130,-0.67928653102951,-1.85652051132118,2.20094627916636e-06,0.000145041229387984,0.000126352538143734,1696,"tags=31%, list=9%, signal=28%","PYGL/SOCS2/KIF2C/CDKN1C/TTK/FLT4/CCNB2/CENPF/GCH1/DCLK1/ITGA1/ISG20/SMC4/LYN/TUBA4A/LAMP3/SPAG5/SELENOP/CKS1B/LMNB1/MYBL2/CREM/CCNB1/CCNE2/DSP/AURKB/LMO2/FOXM1/CCNA2/CEACAM1/CDKN3/BUB1/KIF11/BUB1B/DUSP5/TOP2A/NDC80/H4C3/PLK1/CDK1"
"LINDGREN_BLADDER_CANCER_CLUSTER_1_DN","LINDGREN_BLADDER_CANCER_CLUSTER_1_DN",368,-0.541906722703707,-1.66754380400457,2.22329318120013e-06,0.000145041229387984,0.000126352538143734,2082,"tags=26%, list=12%, signal=23%","PITX2/TOMM34/APLNR/SPCS1/GSTM2/SEC13/DNM1/ZWINT/MINK1/MCM5/NSD2/ZNF148/BRCA1/PATL1/GTSE1/CISH/PLAC8/POC1A/GINS2/TNC/CCL13/AMOTL2/KIF2C/GNL3L/DLGAP5/PDGFRL/MTHFD2/IDH2/ICAM3/LAMA4/KIF4A/DAB2/SUN2/RBM28/CCNB2/CENPF/MNS1/CENPU/CDC7/PIK3AP1/THBD/ILF3/SMURF1/CAMK1/RACGAP1/NR4A1/SELL/ENAH/RFC4/CIT/CDK9/PDGFRB/TRIP13/DQX1/CKS1B/H1-0/MYBL2/ORC1/ENO2/CDCA8/CDKN2C/CDC45/KIFC1/GNB3/GEM/CCNB1/RAD51/POLE/RRM2/KIF23/CENPE/CCNE1/CDC6/KPNA2/PLK4/NEK2/CDCA7/CENPA/ERBB2/MELK/TAGLN2/CDC25A/BIRC5/BUB1/TUBA1A/KIF11/AURKA/NUPR1/EZH2/TOP2A/PRC1/PLK1/RAD54L/KIF14/CDK1"
"MARKEY_RB1_ACUTE_LOF_DN","MARKEY_RB1_ACUTE_LOF_DN",218,-0.610873070105495,-1.79802283845629,2.86011291000041e-06,0.000184681576474312,0.000160885191296156,1833,"tags=24%, list=10%, signal=22%","ALDOC/PTPN6/PLAC8/CMPK2/C1QC/DDIT3/PSME2/NAPSA/SGPL1/GGPS1/BHLHE40/PSMB9/MBD1/ACSL4/PFKP/SPHK1/SERPING1/ADAR/PDK1/ISG20/LILRB1/KRT7/HCK/ABCA1/IFITM3/C2/RAC2/AGRN/CCR1/IRF7/PNPT1/CSF1R/C1QB/FCGR1A/TAP1/TRIM5/SP100/LMO2/UBA7/USP18/DHRS7/LGALS3BP/PSMB8/UBE2A/IFI35/NUPR1/IFIH1/IFIT2/STAT1/UBE2L6/IFIT3/ISG15"
"SCIBETTA_KDM5B_TARGETS_DN","SCIBETTA_KDM5B_TARGETS_DN",78,-0.739335527296744,-1.89885573132489,2.98271165184835e-06,0.000190652518514105,0.000166086772150237,637,"tags=21%, list=4%, signal=20%","CYB5A/NCAPH/PLS3/ECT2/SMARCA2/CCNB1/HMMR/LGALS3BP/AURKA/BUB1B/TOP2A/NDC80/CAV1/PBK/ISG15/CDK1"
"DEBIASI_APOPTOSIS_BY_REOVIRUS_INFECTION_UP","DEBIASI_APOPTOSIS_BY_REOVIRUS_INFECTION_UP",289,-0.570980312444641,-1.71417196086596,3.21796171863824e-06,0.000203632617555428,0.000177394373900089,1083,"tags=17%, list=6%, signal=16%","RAB11FIP2/PPP3CB/NR4A2/EIF2B5/TRIM21/DUSP1/PPP1R15A/ISG20/RAB5A/TBPL1/STK17B/EIF4E/IFITM3/TDRD7/PLSCR1/RRS1/DNAJC2/PML/ZBTB20/H1-0/PTPN2/IRF7/CREM/GEM/TRIM22/TAP1/MX2/CCNE2/IFI16/NRAS/IFITM1/SP100/IFI27/IFI6/IFI44L/IFI44/PLK4/CHEK1/CASP3/IFI35/UBE2D1/STAT1/UBE2L6/IFIT5/IFIT3/RND3/ISG15/ATF3/OASL"
"JINESH_BLEBBISHIELD_VS_LIVE_CONTROL_DN","JINESH_BLEBBISHIELD_VS_LIVE_CONTROL_DN",260,-0.574315115005256,-1.71926776405557,3.40001601602828e-06,0.000213022785637891,0.000185574610484003,1696,"tags=25%, list=9%, signal=23%","PYGL/SOCS2/KRT17/NLRP7/TAGLN/SP110/TGFBR2/HAS3/TMTC4/MGST3/SMAD6/COPG2/CD74/HERC5/CCL20/HLA-DRA/ILF3/BCL2/CALD1/LYN/EGFL6/DTX3L/SRPK2/MST1R/ARL14/IFITM3/CASP1/HNRNPA3/RBM3/SHTN1/PLAAT4/SMYD3/NMRAL1/PODXL/CDKN2C/CAT/CCNB1/MX2/RPS9/PHF11/IFI27/CAMK1D/IFI6/UBA7/IFI44L/EEF2/IFI44/SAMD9/HMMR/IRAK2/RBBP8/TAGLN2/DLL1/CFB/IFI35/MX1/KIF20A/IFIT2/XAF1/IGF1R/UBE2L6/IFIT1/IFIT3/OASL"
"JISON_SICKLE_CELL_DISEASE_DN","JISON_SICKLE_CELL_DISEASE_DN",179,0.597793174922519,1.77162843173807,3.66523487348033e-06,0.000227388296856701,0.000198089112821635,1241,"tags=23%, list=7%, signal=22%","RPS27A/RPS20/RPS6/FYN/RPL11/HSPA8/RPL13A/RPS7/RPS13/EIF4A1/RPL17/RPL30/RPL7/RPL24/RPS24/RPL6/EIF4B/EEF1A1/RPL37/RPL5/ERCC5/RPL19/RPL10A/DYRK2/CIRBP/RPLP0/NELL2/SRSF5/MSH2/EIF3E/MYOM2/POLR2H/TRIM32/GPX3/EEF1B2/IMPDH2/TGFB1/TRAF5/SMC5/RPL14/GANAB/RPL13"
"SATO_SILENCED_BY_METHYLATION_IN_PANCREATIC_CANCER_1","SATO_SILENCED_BY_METHYLATION_IN_PANCREATIC_CANCER_1",393,-0.523589486089761,-1.61388938229337,3.94937006748635e-06,0.000242637027058773,0.000211373030591988,2618,"tags=25%, list=15%, signal=22%","ROBO3/ALOX12/CACNA1G/PAEP/SYT2/NGFR/DUSP10/SALL1/LRRC31/TIMP3/HLA-G/KLK10/NEFH/GLDC/RAB31/PRMT7/CYP1B1/HDC/APOA2/ZNF335/OAS1/CLIP3/DNAJC12/VTN/SIRPB1/PSAT1/SLC7A7/HOXA1/PLAT/WNT7A/MKRN3/H2AC11/LAMB3/CDKN1C/BMAL2/NLRP2/TAGLN/CACNA1A/STAG3/TBX2/LHX2/SMARCA1/FOXL2/FOXE1/ZHX2/HEY1/TSKU/CD74/ALX3/SCD/ITSN1/PHF8/PDK1/ISG20/MSX1/ULK2/LIN28A/KRT7/DIRAS3/TNF/SMAD3/TJP2/PXDN/RAC2/TAP2/CYP26B1/CYP3A5/MRAS/XCL1/PML/DAPK1/KLK11/UCHL1/IRF7/FGFR3/SMARCA2/CX3CL1/COL6A3/COL4A6/FOXO3/ODAD2/CCNE2/HYAL1/L1TD1/WNT4/IFI6/CDKN1A/DLK1/DUSP6/SFN/SAMD9/TRAFD1/DHX58/PSMB8/MX1/DUSP5/IFIH1/IFIT5/MYL10"
"REACTOME_SARS_COV_2_MODULATES_HOST_TRANSLATION_MACHINERY","REACTOME_SARS_COV_2_MODULATES_HOST_TRANSLATION_MACHINERY",49,0.796992678311253,1.94655833048863,5.12543710753055e-06,0.00031186313477359,0.0002716792928354,1585,"tags=61%, list=9%, signal=56%","RPS27A/RPS12/RPS20/RPS18/RPS6/RPS3A/RPS15A/RPS8/RPS29/RPS7/RPS10/RPS13/RPS27/RPS11/RPS24/RPS14/RPSA/RPS3/RPS27L/DDX20/RPS25/RPS16/SNRPD2/RPS19/GEMIN5/SNRPE/RPS23/RPS21/GEMIN2/RPS26"
"STAMBOLSKY_TARGETS_OF_MUTATED_TP53_DN","STAMBOLSKY_TARGETS_OF_MUTATED_TP53_DN",50,-0.816434162160919,-1.95438043796036,5.22757739080133e-06,0.000315048664085627,0.00027445436386593,1798,"tags=56%, list=10%, signal=51%","HERC6/RTEL1/OAS1/COX4I1/OAS3/ZP1/SOCS2/KRT17/CD9/TAGLN/TGFBR1/SP110/CAPN8/DNAI1/DTX3L/IRF7/IFITM1/SP100/IFI6/SAMD9/IFI35/MX1/DDX60/XAF1/STAT1/RIGI/IFIT1/ISG15"
"BLANCO_MELO_COVID19_SARS_COV_2_POS_PATIENT_LUNG_TISSUE_UP","BLANCO_MELO_COVID19_SARS_COV_2_POS_PATIENT_LUNG_TISSUE_UP",150,-0.648022188133423,-1.81998307286472,6.24505180131224e-06,0.000372817809421735,0.000324779903510151,2621,"tags=33%, list=15%, signal=28%","TPSB2/CASP5/ARSL/OAS2/ARRB2/SYN1/PSTPIP2/KLK10/CCL8/NBN/ACOD1/CLEC4E/OAS1/CLEC4D/SIRPB1/RHOH/OAS3/CLEC4A/PLAC8/CACNA1A/DAPP1/S100A12/GCH1/HERC5/HESX1/SP140/TNF/SELL/ANKRD22/TNFSF13B/IFITM3/LAMP3/TRIM38/BCL2L14/DDX60L/H2BC21/MX2/EIF2AK2/IFITM1/IFI6/IFI44L/SAMD9/CEACAM1/SAMD9L/MX1/IFIT2/IFIT1/IFIT3/ISG15"
"REACTOME_TFAP2_AP_2_FAMILY_REGULATES_TRANSCRIPTION_OF_GROWTH_FACTORS_AND_THEIR_RECEPTORS","REACTOME_TFAP2_AP_2_FAMILY_REGULATES_TRANSCRIPTION_OF_GROWTH_FACTORS_AND_THEIR_RECEPTORS",14,-0.948459194207701,-1.85523303297327,6.42986328510547e-06,0.000378083682905355,0.000329367264517823,194,"tags=29%, list=1%, signal=28%","YY1/ERBB2/ESR1/EGFR"
"COLINA_TARGETS_OF_4EBP1_AND_4EBP2","COLINA_TARGETS_OF_4EBP1_AND_4EBP2",353,-0.522909533764513,-1.60197911780034,6.45275565009139e-06,0.000378083682905355,0.000329367264517823,1695,"tags=21%, list=9%, signal=19%","PIR/ARMCX2/GMNN/KIF2C/P2RX4/FGF18/NFIB/TTK/DLGAP5/DNAJC15/PWP2/ALDH2/BMI1/DIAPH3/CCND1/NUF2/BHLHE40/LTBP2/PSMB9/CDH11/CENPH/VAMP5/ASF1B/FOXC2/THBD/TIMM10/CAMK1/EGFL6/CDK8/RACGAP1/FOXA1/IFITM3/PLSCR1/SHISA5/HOXA2/ESPL1/SCARB2/KRT10/RCC2/TPX2/ENO2/ECT2/SMARCA2/TGM2/CCNB1/RAD51/POLE/FOXP1/TRIM5/AURKB/VCAM1/USP18/LGALS9/IFI44/FOXM1/NEK2/HMMR/CCNA2/UBE2T/LGALS3BP/MELK/PSMB8/BIRC5/IFI35/CDC20/KIF20A/IFIT2/TOP2A/STAT1/NDC80/ANLN/PLK1/PBK/ISG15"
"WILCOX_RESPONSE_TO_PROGESTERONE_UP","WILCOX_RESPONSE_TO_PROGESTERONE_UP",150,-0.645507298541936,-1.81291995593687,7.34903355178348e-06,0.000426648479960421,0.000371674444333077,1616,"tags=21%, list=9%, signal=20%","FANCI/DLGAP5/IFT74/MAP7/TYMS/KLF5/KIF4A/CCNB2/CENPF/CENPU/FDPS/SCD/MUC5B/THBD/TNFAIP6/HSD17B11/NCAPG/CDKN2C/ASPM/CCNB1/RRM2/SUMO1/CDC6/SAMD9/HMMR/CDC20/KIF20A/TOP2A/PRC1/NDC80/PBK/CDK1"
"ZHU_CMV_8_HR_UP","ZHU_CMV_8_HR_UP",39,-0.829364035751018,-1.94507140466915,8.31704501966951e-06,0.000478456917131533,0.000416807318354155,1105,"tags=44%, list=6%, signal=41%","GCH1/WARS1/TRIM21/MSX1/NR4A1/BRCA2/IRF2/PML/DNAJA1/MX2/IFITM1/SP100/IFI6/PSMB8/MX1/RIPK1/ISG15"
"AFFAR_YY1_TARGETS_DN","AFFAR_YY1_TARGETS_DN",250,-0.569814127335643,-1.70176821752789,8.99073084738165e-06,0.000512552655875955,0.000446509790874705,1520,"tags=24%, list=8%, signal=23%","TTK/TGFBR1/FOLH1/GZMA/MTHFD2/DIAPH3/LIG1/CCNB2/CENPF/CENPH/RAD18/FDPS/SCD/DUSP9/GNB4/CCL2/THBS2/HMGB3/RACGAP1/RFC4/PDGFRA/TRIP13/SETD1A/CYP7B1/PLSCR1/DNAJC2/SPAG5/CYP3A5/LMNB1/MYCBPAP/NCAPG/PTPRO/PTPN2/ASPM/COL6A3/CCNB1/MAD2L1/KIF23/CENPE/MCM4/CDC6/HAS2/AURKB/MKI67/THBS4/FOXM1/FEN1/PLK4/HMMR/CCNA2/CENPA/BIRC5/BUB1/KIF11/AURKA/BUB1B/KIF20A/TOP2A/PRC1/LGR5/PLK1"
"YAMASHITA_LIVER_CANCER_WITH_EPCAM_UP","YAMASHITA_LIVER_CANCER_WITH_EPCAM_UP",53,0.765988282506032,1.90370658053732,9.61468930812242e-06,0.000538422601254856,0.000469046370811711,1822,"tags=45%, list=10%, signal=41%","RPS27A/RPS12/RPS3A/RPL31/RPL13A/RPS7/RPS10/RPL17/RPS24/RPL6/RPSA/FMOD/RPL7A/RPS3/MRPL3/RPLP0/DSG2/RPL35/AHCY/SRPK1/XPO7/RPL23A/RPS4X/SPTBN1"
"BLUM_RESPONSE_TO_SALIRASIB_DN","BLUM_RESPONSE_TO_SALIRASIB_DN",337,-0.533328890867638,-1.63247164805523,9.59718592297637e-06,0.000538422601254856,0.000469046370811711,1867,"tags=32%, list=10%, signal=29%","MCM5/FASN/SRSF3/ATP5MC3/SLC27A2/ID2/BRCA1/SOX4/MTHFD1/GINS2/TUBB4B/ADCY9/GMNN/RAB40B/SRSF6/CKS2/KIF2C/NME4/TTK/RECQL4/LMNA/TYMS/LIG1/KIF4A/KIF15/HSPB1/CBX1/CCNB2/CENPF/RFC2/CCNF/TPI1/CDC7/KPNB1/MEIS2/NR4A2/TUBG1/CCL2/FANCA/H2AZ2/SMC4/HMGB3/SDC1/POLD1/HSPA14/RFC4/F2R/PDGFRB/TRIP13/MCM2/NDUFA2/RGS4/CYB5A/UBE2E3/SPAG5/CPS1/STIL/LTBP3/ESPL1/NCAPG/PCNA/PLS3/TIMELESS/TPX2/MYBL2/ORC1/CDKN2C/CDC45/RAD51/POLE/MAD2L1/RRM2/DDX39A/CCNE2/KIF23/CDC6/AURKB/YWHAQ/MKI67/KPNA2/SNRPF/FEN1/PLK4/FOS/NEK2/HMMR/CCNA2/CHEK1/CENPA/CDKN3/CDC25A/BUB1/TUBA1A/CDC20/KIF11/AURKA/BUB1B/KIF20A/EZH2/TOP2A/PRC1/NDC80/HNRNPA2B1/PLK1/PBK/IRS1/CDK1"
"SMID_BREAST_CANCER_LUMINAL_A_DN","SMID_BREAST_CANCER_LUMINAL_A_DN",17,-0.92848757032484,-1.86177537864781,1.01385887141406e-05,0.000558505020750602,0.000486541152716565,491,"tags=53%, list=3%, signal=52%","NCAPH/TPX2/MYBL2/CDCA8/CDC45/CCNE1/CDC20/TOP2A/NDC80"
"VILLANUEVA_LIVER_CANCER_KRT19_UP","VILLANUEVA_LIVER_CANCER_KRT19_UP",169,-0.614844572720252,-1.76259678492013,1.01498225958153e-05,0.000558505020750602,0.000486541152716565,1746,"tags=25%, list=10%, signal=23%","SOX4/BLM/DEPDC1B/FANCI/KIF2C/HK2/TTK/DLGAP5/DDX27/ADAM17/KIF4A/KIF15/GPR157/CDC7/USP28/MCM10/TDRD9/DROSHA/STIL/LMNB1/NCAPH/NCAPG/DDX4/TPX2/CDCA8/ECT2/KIF23/CENPE/MKI67/PLK4/SUMO2/MELK/CDC25A/BUB1/CDC20/KIF20A/EZH2/TOP2A/NDC80/ANLN/H4C3/RAD54L"
"MISSIAGLIA_REGULATED_BY_METHYLATION_UP","MISSIAGLIA_REGULATED_BY_METHYLATION_UP",120,-0.668568338858742,-1.83648957400718,1.09431636660667e-05,0.000596968445507502,0.000520048531027146,1530,"tags=21%, list=9%, signal=19%","CD9/PSEN1/SP110/DNAJB2/CCL20/TRIM21/DUSP1/ISG20/H2AC21/MAP1LC3B/TAP1/MX2/HYAL1/ARF4/CDKN1A/IFI44L/LGALS9/DUSP6/CTSL/DUSP5/STAT1/UBE2L6/IFIT1/ISG15/ATF3"
"YU_MYC_TARGETS_UP","YU_MYC_TARGETS_UP",43,-0.815287921332498,-1.9273846778344,1.27574343533613e-05,0.000689991834086071,0.000601085773356304,822,"tags=60%, list=5%, signal=58%","DTL/YBX3/GMNN/CKS2/CCNB2/FDPS/RACGAP1/BRCA2/UBE2S/CKS1B/PCNA/ECT2/ASPM/CCNB1/MKI67/KPNA2/CDKN3/BIRC5/BUB1/HMGN2/AURKA/KIF20A/TOP2A/ANLN/PLK1/CDK1"
"RADAEVA_RESPONSE_TO_IFNA1_UP","RADAEVA_RESPONSE_TO_IFNA1_UP",47,-0.794546364351521,-1.89287558805989,1.31075794327782e-05,0.000702921717378138,0.000612349629700797,969,"tags=47%, list=5%, signal=44%","BCL2/ADAR/CDKN1B/IFITM3/PLSCR1/IRF7/MX2/IFITM1/IFI27/IFI6/VCAM1/IFI44L/IRF1/IFI44/CASP3/LGALS3BP/IFI35/MX1/PHB1/STAT1/UBE2L6/ISG15"
"MORI_IMMATURE_B_LYMPHOCYTE_DN","MORI_IMMATURE_B_LYMPHOCYTE_DN",89,-0.693281247433752,-1.81586113346515,1.33174817937455e-05,0.000708176678914467,0.000616927484775278,1520,"tags=48%, list=8%, signal=44%","TTK/DLGAP5/MTHFD2/LIG1/CBX1/CCNB2/IQGAP3/H2AZ2/SMC4/MCM10/HMGB3/MCM2/HNRNPA3/CKS1B/LMNB1/NCAPH/PCNA/CDKN2C/CDC45/KIFC1/IGLL5/CCNB1/RAD51/RRM2/TUBA1B/MKI67/KPNA2/CDKN1A/NEK2/CCNA2/CDCA7/CHEK1/CENPA/MELK/CDKN3/HMGN2/TUBA1A/CDC20/EZH2/TOP2A/PRC1/RAD54L/CDK1"
"PLASARI_TGFB1_TARGETS_10HR_DN","PLASARI_TGFB1_TARGETS_10HR_DN",246,-0.566079719070176,-1.68463096439492,1.6163229993453e-05,0.000852340994988087,0.000742516100664151,1581,"tags=21%, list=9%, signal=19%","IGF1/GSTM1/NFIB/ARL6IP1/FGFR2/ZNF521/LAMA4/NUF2/DAB2/FAT4/PTPRD/PRICKLE2/MEIS2/UNC5C/THBD/DCLK1/TRIM21/CCL2/LILRB1/TRIM37/DZIP1/PRKAR2B/RFC4/PDGFRA/VEGFD/CYP7B1/PLSCR1/CDH2/PTEN/SERHL2/DIRAS2/SMARCA2/CD93/CCNB1/FMNL2/EIF2AK2/PDK4/VCAM1/MKI67/TCF7L2/USP18/HMMR/CDKN3/RARB/BUB1/IFIT2/STAT1/IFIT3/IRS1/RNASEL/RND3"
"WANG_CISPLATIN_RESPONSE_AND_XPC_UP","WANG_CISPLATIN_RESPONSE_AND_XPC_UP",180,-0.601826831150204,-1.73396283256609,1.67149886931198e-05,0.000874152466529436,0.000761517144722646,1530,"tags=28%, list=9%, signal=26%","PICALM/RGS2/PGK2/AP1G2/GLDC/APOA2/NTS/TTN/MZT1/VTN/UBD/KRT8/LBR/SLC27A2/CD9/TTK/CTSC/TMC6/LIG1/HEY1/NDP/FDPS/CDC7/NUP93/FOXC2/MDC1/PTPRN2/THBS2/SMC4/LYN/VRK2/IGF2BP3/POLD1/TRIP13/A2M/ASB9/IGLL5/RAD51/MAD2L1/LMO2/FEN1/CEACAM1/CFB/BIRC5/KIF11/AURKA/HNRNPA2B1/KRT18/KIF14/HSP90B1/CDK1"
"FINETTI_BREAST_CANCER_KINOME_RED","FINETTI_BREAST_CANCER_KINOME_RED",16,-0.938346770223745,-1.87809595213827,1.69227247052694e-05,0.00087776231094217,0.000764661857476236,232,"tags=69%, list=1%, signal=68%","AURKB/PLK4/NEK2/CHEK1/MELK/BUB1/AURKA/BUB1B/PLK1/PBK/CDK1"
"UROSEVIC_RESPONSE_TO_IMIQUIMOD","UROSEVIC_RESPONSE_TO_IMIQUIMOD",19,-0.902620541704412,-1.85602975298261,1.89652956412462e-05,0.000975710494453706,0.000849989330536639,909,"tags=58%, list=5%, signal=55%","ISG20/PLAAT4/IRF7/IFITM1/IFI6/TRAFD1/IFI35/MX1/STAT1/ISG15/OASL"
"GRAHAM_CML_QUIESCENT_VS_CML_DIVIDING_DN","GRAHAM_CML_QUIESCENT_VS_CML_DIVIDING_DN",11,-0.954311280031763,-1.7980795935806,2.14286001885152e-05,0.00108480145594339,0.000945023824734772,53,"tags=36%, list=0%, signal=36%","SPC25/TOP2A/NDC80/CDK1"
"REACTOME_RESOLUTION_OF_SISTER_CHROMATID_COHESION","REACTOME_RESOLUTION_OF_SISTER_CHROMATID_COHESION",125,-0.654202194494454,-1.79620206928346,2.13450562541748e-05,0.00108480145594339,0.000945023824734772,1332,"tags=32%, list=7%, signal=30%","PPP2R5C/NUF2/CCNB2/CENPF/TUBB6/CENPH/CENPU/PPP1CC/NUP37/TUBA4A/MAPRE1/NSL1/HDAC8/TUBB4A/DYNLL2/RCC2/CDCA8/TUBB8B/CCNB1/MAD2L1/CENPE/DSN1/AURKB/TUBA1B/KNL1/TUBA8/CENPA/TUBB1/TUBA1C/BIRC5/PPP2CA/BUB1/TUBA1A/CDC20/BUB1B/TUBB3/NDC80/PLK1/TUBB2B/CDK1"
"OSMAN_BLADDER_CANCER_DN","OSMAN_BLADDER_CANCER_DN",394,0.491770019465049,1.55886688035059,2.4419611045647e-05,0.00122640713251471,0.00106838348409401,2011,"tags=24%, list=11%, signal=21%","RPS20/RPS18/RPS6/SRSF4/IKZF1/RPS3A/UBA52/RPL13A/RPS7/RPS10/RPS13/MED14/RPS27/RPS11/SIN3A/RPL35A/PPIF/RPL24/RPS24/SF3A1/RPL12/RPA1/RPSA/AHCYL1/RPL7A/RPL34/UACA/IRF8/MRPS25/RPL37/RPL36A/RPS3/CDK12/RPL19/DIS3/RPL10A/IREB2/RPS25/RPS16/PRPF3/ZNF398/RPL15/RBM4/RPLP0/NELL2/ZNF763/RPL32/COPB2/SENP1/RPL35/SGK1/SELENOK/IFT20/BUD13/PABPN1/EEF1B2/ABL2/VWA8/TRAF5/TUBGCP3/SART1/RPL14/EFHC1/SART3/PRPSAP2/ZNF133/DNAJC7/RPL13/CUL4A/ABCC5/SMARCC1/ASXL2/NUDT5/ARID1A/RPS21/ZFP36L1/MDM4/XPO7/CYTIP/TOX4/RBM33/MLH3/SAFB/RPL23A/PRDX3/RPS4X/MARS1/CIAO1/UBE2B/DDX19A/NAA10/ARIH2/RHBDD1"
"JIANG_MELANOMA_TRM4","JIANG_MELANOMA_TRM4",191,-0.576639783406411,-1.67800371723882,2.47899850375158e-05,0.00123520492375905,0.00107604767212159,1778,"tags=29%, list=10%, signal=27%","FGL2/MYO5A/PYGL/ELL2/C1QC/LMNA/ALDH2/LGALS3/CLEC12A/MYO1E/KIF15/CYBB/CCNB2/ARHGAP11A/CD74/CENPH/ITSN1/TMEM176B/NR4A2/DUSP1/ITGA1/PPP1R15A/HAVCR2/PRKAR2B/TNF/NR4A1/NAAA/RFC4/IFITM3/ANXA5/TJP1/CKS1B/CCR1/DAPK1/H1-0/IFI30/CSF1R/CDKN2C/C1QB/CTSS/GEM/CCNB1/RRM2/KIF23/IFITM1/BTK/KLF4/MKI67/DUSP6/FOS/KNL1/IRF4/KIF11/TOP2A/PLK1/ATF3"
"DER_IFN_BETA_RESPONSE_UP","DER_IFN_BETA_RESPONSE_UP",103,-0.675980945953557,-1.82018381921978,2.55106122440206e-05,0.00126118089281377,0.00109867661448961,975,"tags=33%, list=5%, signal=31%","TRIM21/ADAR/CALD1/SMAD4/PLSCR1/ZFP36L2/MAP3K10/DNAJC2/IRF2/PML/IFI30/TRIM22/TAP1/FOSL1/MX2/IFI16/EIF2AK2/IFITM1/IFI6/TRIM14/IRF1/IFI44/PSMB8/RHOC/IFI35/MX1/PPP3CA/IFIT2/STAT1/IFIT5/IFIT1/IFIT3/ISG15/OASL"
"WHITFIELD_CELL_CYCLE_G2","WHITFIELD_CELL_CYCLE_G2",164,-0.606456273996144,-1.73071616522472,2.60932157577159e-05,0.00127998348306067,0.00111505647428118,894,"tags=20%, list=5%, signal=19%","SMC4/CDKN1B/STK17B/TUBA4A/TRIM69/CIP2A/MET/STIL/LTBP3/LMNB1/ESPL1/NCAPH/ASXL1/CDCA8/CDKN2C/KIFC1/NUMA1/MAD2L1/KIF23/AURKB/KPNA2/CCNA2/CASP3/MELK/TUBA1A/KIF11/MUC1/TOP2A/STAT1/NDC80/ANLN/CDK1"
"BOQUEST_STEM_CELL_CULTURED_VS_FRESH_UP","BOQUEST_STEM_CELL_CULTURED_VS_FRESH_UP",415,-0.497156074533681,-1.53657505800392,2.72176358354535e-05,0.00132487076589807,0.00115415999085239,1852,"tags=19%, list=10%, signal=18%","PSAT1/HLA-DPA1/ECM2/FGL2/CDK7/LMO3/SOX4/MAFB/FMO2/IGF1/CDKN1C/CD9/NFIB/CLMN/DLGAP5/HLF/APOLD1/FRZB/TPST2/BHLHE40/ELOVL2/MYBL1/KCNAB1/F10/TIGAR/PTPRD/WARS1/DCLK1/DUSP1/CCL2/PPP1R15A/TXNRD1/KRT7/GPNMB/PRKAR2B/TNFAIP6/LTBP4/DKK1/RGS4/COMP/CYP26B1/MET/SELENOP/CDH2/SPTLC2/PODXL/UCHL1/FOXO1/A2M/TPX2/ZBTB16/HSPA1B/CTSS/ASPM/GEM/TGM2/MT-ND5/RRM2/MX2/COL11A1/RPS6KA2/IFITM1/DSP/PDK4/KLF4/VCAM1/IRF1/LOX/IFI44/MELK/MX1/IFIH1/ESR1/TOP2A/KRT18/RND1/ATF3/OASL/CDK1/EGFR"
"LEE_LIVER_CANCER_MYC_E2F1_UP","LEE_LIVER_CANCER_MYC_E2F1_UP",54,-0.773009753243838,-1.86418162538717,2.80076924951886e-05,0.00135292120694315,0.00117859610765209,1173,"tags=35%, list=7%, signal=33%","PLAT/CISH/CYP39A1/CD74/TMEM176B/SMC4/RAD51B/PLSCR1/ANXA5/ACTG1/CTSS/MAD2L1/USP18/IFI44/TAGLN2/COL1A2/KIF20A/IFIT2/CDK1"
"ZHANG_INTERFERON_RESPONSE","ZHANG_INTERFERON_RESPONSE",23,-0.895240069160795,-1.92933000913738,2.86201867644671e-05,0.00137203440792081,0.00119524655570585,909,"tags=61%, list=5%, signal=58%","ISG20/IFITM3/IFI30/MX2/IFI16/IFITM1/IFI27/IRF1/IFI44/MX1/IFIT2/STAT1/ISG15/OASL"
"EINAV_INTERFERON_SIGNATURE_IN_CANCER","EINAV_INTERFERON_SIGNATURE_IN_CANCER",27,-0.868298382308201,-1.91274375275023,3.12783315044526e-05,0.00148819008842238,0.00129643547359571,1568,"tags=67%, list=9%, signal=61%","RXRA/SP110/APOBEC3G/ADAR/CMTR1/IFI30/EIF2AK2/SP100/IFI6/IFI44L/IFI44/IFI35/MX1/STAT1/UBE2L6/IFIT1/IFIT3/ISG15"
"REACTOME_RIBOSOME_QUALITY_CONTROL_RQC_COMPLEX_EXTRACTS_AND_DEGRADES_NASCENT_PEPTIDE","REACTOME_RIBOSOME_QUALITY_CONTROL_RQC_COMPLEX_EXTRACTS_AND_DEGRADES_NASCENT_PEPTIDE",102,0.65590756403777,1.79441459026591,3.49415122891033e-05,0.0016378510352996,0.00142681247452658,902,"tags=38%, list=5%, signal=37%","RPS27A/UBB/RPL23/RPL26/RPL11/UBA52/RPL31/RPL13A/RPL17/RPL30/RPL39/RPL7/RPL35A/RPL24/VCP/RPL27A/RPL12/RPL27/RPL6/PSMD1/PSMC1/RPL7A/RPL34/RPL37/RPL5/RPL36A/RPL19/PSMD7/RPL10A/PSMA7/RPL15/RPLP0/RPL32/RBX1/PSMC6/UFD1/RPL35/PSMC5/PSMD2"
"KIM_WT1_TARGETS_DN","KIM_WT1_TARGETS_DN",456,-0.485525430994926,-1.51407909227842,3.48212904496482e-05,0.0016378510352996,0.00142681247452658,1837,"tags=20%, list=10%, signal=18%","SDF2L1/ID2/BUB3/RSAD1/GTSE1/BRD8/BHLHE41/MARCO/SPN/ARMCX2/PPM1B/CYP24A1/AGAP1/GMNN/PI4KB/CKS2/KIF2C/BICRAL/TTK/DLGAP5/NKTR/ARL6IP1/IFT74/REV1/PPP2R5C/CCND1/PSMC3/CENPF/RFC2/ACOXL/MNS1/CCNF/MGAM/MYBL1/CDC7/SHH/CHMP5/ITGB1/H2AZ2/CDK8/TBPL1/ASAH1/RACGAP1/CDKN1B/HOXB6/STK17B/DNAJB4/IGF2BP3/BMP4/NRG1/IRF2/HSD17B11/UBE2G1/HYAL4/ESPL1/MAPK14/NCAPG/ZBTB20/KRT10/PLK2/CDCA8/CREM/HSPA1B/ASPM/ZCCHC2/MAD2L1/RPS9/TRIM5/IFI16/KIF23/CENPE/ACTR2/FLRT2/AURKB/TCF7L2/NEK2/CCNA2/CENPA/BUB1/CDC20/RAP2B/KIF11/AURKA/BUB1B/KIF20A/TOP2A/NDC80/IFIT1/KIF14/IRS1/CDK1"
"ISHIDA_E2F_TARGETS","ISHIDA_E2F_TARGETS",52,-0.780621975255105,-1.8777935625328,3.68228570023094e-05,0.00171334587581334,0.00149257973777937,826,"tags=52%, list=5%, signal=50%","LIG1/CCNB2/ASF1B/HMGB3/TRIP13/NCAPH/PCNA/CDKN2C/KIFC1/CCNB1/RAD51/RRM2/CCNE1/AURKB/MKI67/KPNA2/FEN1/CCNA2/CDCA7/UBE2T/BUB1/CDC20/EZH2/TOP2A/PRC1/ANLN/CDK1"
"SAGIV_CD24_TARGETS_DN","SAGIV_CD24_TARGETS_DN",45,-0.790614146055613,-1.88122343412788,3.77527551885246e-05,0.00174379149513127,0.00151910241200387,1122,"tags=27%, list=6%, signal=25%","SPHK1/PPP1R15A/ISG20/EPHB6/GEM/CTTN/CDKN1A/TRAFD1/DUSP5/CAV1/ATF3/OASL"
"EGUCHI_CELL_CYCLE_RB1_TARGETS","EGUCHI_CELL_CYCLE_RB1_TARGETS",22,-0.891268163456386,-1.90792016532031,3.91788035952482e-05,0.00179654687790384,0.0015650602168445,894,"tags=64%, list=5%, signal=61%","SMC4/MCM2/CDCA8/ECT2/CCNE2/CENPE/MCM4/FEN1/NEK2/CCNA2/BUB1/KIF11/KIF20A/NDC80"
"BORLAK_LIVER_CANCER_EGF_UP","BORLAK_LIVER_CANCER_EGF_UP",52,-0.779160668431539,-1.8742783751141,4.00481617685205e-05,0.00181017691193713,0.00157693400888528,660,"tags=33%, list=4%, signal=32%","KRT8/SLC7A7/ACOT9/COL4A1/CCND1/SCD/PLSCR1/RBM3/ECT2/CCNB1/RRM2/MKI67/FOS/RHOC/KRT18/ATF3/CDK1"
"CROONQUIST_NRAS_VS_STROMAL_STIMULATION_DN","CROONQUIST_NRAS_VS_STROMAL_STIMULATION_DN",95,-0.676322147164932,-1.79948495507981,3.98952187982365e-05,0.00181017691193713,0.00157693400888528,1603,"tags=37%, list=9%, signal=34%","KIF2C/DLGAP5/RECQL4/LAMA4/CCNB2/ARHGAP11A/CCNF/NR4A2/DCLK1/DUSP1/PPP1R15A/THBS2/MCM2/CKS1B/COL16A1/TPX2/CDC45/COL6A3/CCNB1/CENPE/CDC6/AURKB/HTT/MKI67/FOXM1/FOS/CCNA2/CENPA/CDKN3/CDC20/COL1A2/AURKA/NUPR1/EZH2/CDK1"
"WHITFIELD_CELL_CYCLE_S","WHITFIELD_CELL_CYCLE_S",143,-0.619894909037489,-1.72394085676048,4.05857129697444e-05,0.00182146377072725,0.00158676654589437,2002,"tags=27%, list=11%, signal=24%","KIFC2/ZWINT/BBS2/BRCA1/BLM/SH3GL2/GCLM/TYMS/BMI1/RFC2/RAD18/CENPU/CDC7/H4C8/ASF1B/PKMYT1/BRIP1/FANCA/CALD1/TTC31/DNAJB4/RFC4/ESCO2/SHTN1/H1-0/CDC45/DSCC1/RAD51/RRM2/RHOBTB3/FEN1/RBBP8/UBE2T/EZH2/TOP2A/IFIT1/H4C3/RAD54L"
"WP_AUTOSOMAL_RECESSIVE_OSTEOPETROSIS_PATHWAYS","WP_AUTOSOMAL_RECESSIVE_OSTEOPETROSIS_PATHWAYS",11,0.95061986467982,1.75225590823994,4.2293728946427e-05,0.00188475152657035,0.00164189961817968,415,"tags=36%, list=2%, signal=36%","NFKB1/IKBKB/TRAF6/RAB7A"
"LIANG_SILENCED_BY_METHYLATION_2","LIANG_SILENCED_BY_METHYLATION_2",52,-0.776814842363203,-1.868635468266,4.38110222288761e-05,0.00193871432632397,0.00168890926325082,1060,"tags=29%, list=6%, signal=27%","CCL20/THBD/UCHL1/IRF7/MX2/SP100/IFI6/IFI44L/IFI44/MX1/IFIT2/XAF1/STAT1/IFIT1/IFIT3"
"FISCHER_G1_S_CELL_CYCLE","FISCHER_G1_S_CELL_CYCLE",192,-0.581045751162467,-1.69206809267664,4.70118731129303e-05,0.00206591064624044,0.00179971622435977,1867,"tags=27%, list=10%, signal=24%","MCM5/BRCA1/ADCY6/BLM/GINS2/DTL/CLSPN/H2AC11/GMNN/RECQL4/TREX1/KLF5/ZNF367/TNS2/NUDT7/RFC2/MNS1/CDC7/H4C8/CDH10/BRIP1/TIPIN/TXNRD1/MCM10/DLGAP1/AHI1/RFC4/H2AC21/MCM2/DNAJC3/INSR/PCNA/MYB/FANCE/DSCC1/H2BC21/RAD51/POLE/RRM2/CCNE2/CCNE1/CDC6/USP18/ANK3/FEN1/RBBP8/CDCA7/CHEK1/CDC25A/EZH2/IGF1R"
"YU_BAP1_TARGETS","YU_BAP1_TARGETS",29,-0.850251798435307,-1.90098427921955,4.76910587271528e-05,0.0020813035836236,0.00181312576808783,1237,"tags=52%, list=7%, signal=48%","BRCA1/GMNN/CCND2/CDC5L/UXS1/BRIP1/RAD51B/PDGFRA/CDC45/CCNE2/CDC6/CHEK1/CDC25A/BIRC5/CDK1"
"WINZEN_DEGRADED_VIA_KHSRP","WINZEN_DEGRADED_VIA_KHSRP",98,-0.676503657424145,-1.8097387372757,4.80940600842238e-05,0.00208451515214362,0.00181592352315126,1249,"tags=26%, list=7%, signal=24%","INHBA/PTGFR/TGFBR3/ID2/CYP24A1/AMOTL2/TRIM6/CCL20/NR4A2/TNF/JAG1/ARL14/DKK1/SELE/CYP26B1/NFKBIZ/GEM/HAS2/LMO2/DUSP6/CTSL/DUSP5/IFIT2/IFIT1/IRS1"
"MORI_LARGE_PRE_BII_LYMPHOCYTE_UP","MORI_LARGE_PRE_BII_LYMPHOCYTE_UP",86,-0.694243355008482,-1.81616611850311,5.27159907756855e-05,0.00226929788862951,0.00197689683990165,1787,"tags=51%, list=10%, signal=46%","RAN/BUB3/PRDX4/CALM2/DTL/TUBB4B/TTK/PPP2R5C/LIG1/CBX1/CCNB2/ASF1B/H2AZ2/SMC4/HMGB3/RACGAP1/MCM2/UBE2S/CKS1B/LMNB1/NCAPH/MYBL2/CDKN2C/IGLL5/CCNB1/RRM2/KIF23/CENPE/MKI67/KPNA2/CDKN1A/LGALS9/CCNA2/CDCA7/CENPA/MELK/CDKN3/HMGN2/TUBA1A/CDC20/AURKA/TOP2A/PRC1/CDK1"
"REACTOME_RHO_GTPASES_ACTIVATE_FORMINS","REACTOME_RHO_GTPASES_ACTIVATE_FORMINS",137,-0.630490804711183,-1.75810242927677,5.35099995252367e-05,0.00228791403375471,0.00199311427819107,1332,"tags=31%, list=7%, signal=29%","PPP2R5C/DIAPH3/NUF2/CENPF/TUBB6/CENPH/CENPU/PPP1CC/NUP37/ITGB1/TUBA4A/MAPRE1/NSL1/TUBB4A/DYNLL2/RCC2/CDCA8/ACTG1/TUBB8B/MAD2L1/FMNL2/CENPE/DSN1/AURKB/TUBA1B/KNL1/TUBA8/CENPA/TUBB1/RHOC/TUBA1C/BIRC5/PPP2CA/BUB1/TUBA1A/CDC20/BUB1B/TUBB3/NDC80/PLK1/TUBB2B/CDC42/SRC"
"SMIRNOV_RESPONSE_TO_IR_6HR_DN","SMIRNOV_RESPONSE_TO_IR_6HR_DN",112,-0.647395442801339,-1.75467819287149,5.59694418176012e-05,0.00237701092497839,0.00207073095583735,1553,"tags=28%, list=9%, signal=25%","HK2/DLGAP5/CACNA1A/CYBB/SUN2/HEY1/CENPF/ARHGAP11A/SCD/DUSP2/ZNF318/NR4A2/PDK1/TNF/UBE2S/CCR1/H1-0/TPX2/ASPM/CCNB1/KIF23/CENPE/NEK2/HMMR/CENPA/BUB1/CDC20/AURKA/KIF20A/PLK1/KIF14"
"ZHANG_RESPONSE_TO_IKK_INHIBITOR_AND_TNF_UP","ZHANG_RESPONSE_TO_IKK_INHIBITOR_AND_TNF_UP",215,-0.565775107957938,-1.6634980603315,5.96492898028489e-05,0.00251640470581619,0.00219216372419312,1687,"tags=18%, list=9%, signal=17%","CMPK2/HELZ2/IL4I1/AMOTL2/LAMB3/PSEN1/TLR2/ABCA12/DAPP1/GCH1/CCL20/ISG20/LYN/TNFAIP6/SMAD3/ANKRD22/ARL14/DUSP16/DNAJC3/RAB11FIP1/INF2/TRIM38/SAMD4A/NFKBIZ/TAP1/RHOF/CDKN1A/USP18/IRF1/IRAK2/RIPK2/ERN1/IFIH1/RIGI/DOCK4/IFIT1/IFIT3/ATF3/OASL"
"CHIANG_LIVER_CANCER_SUBCLASS_CTNNB1_UP","CHIANG_LIVER_CANCER_SUBCLASS_CTNNB1_UP",167,-0.587152789899586,-1.68110180334568,6.33985200888413e-05,0.00265685983524628,0.00231452108543229,2463,"tags=26%, list=14%, signal=22%","SALL1/CD36/HOGA1/VLDLR/ACSM3/DYNC1I1/FGF13/SLC2A12/GRHPR/DNAJC12/GSTM2/SLC22A11/ECM2/TENM2/MTHFD1/GLUL/ALDH3A1/CDC14B/SLC47A1/HLF/BHLHE40/RAB11FIP2/TTC9/HSD11B1/PDK1/CPPED1/ALDH3A2/CDK6/BMP4/VEGFD/ALDH1L1/SEPTIN4/SLC16A11/PHLPP1/CYP8B1/MERTK/PDK4/THBS4/AQP6/PLAAT2/LGR5/EPHB2/IRS1"
"REACTOME_INTERFERON_GAMMA_SIGNALING","REACTOME_INTERFERON_GAMMA_SIGNALING",93,-0.678785901244075,-1.79911554110324,6.71395897777291e-05,0.00279512713232546,0.00243497251846238,2235,"tags=44%, list=12%, signal=39%","PTAFR/OAS1/GBP3/TRIM3/CAMK2D/JAK1/B2M/HLA-DPA1/OAS3/PTPN6/GBP1/YBX1/HLA-DQB2/TRIM6/HLA-DRA/TRIM21/SMAD7/HLA-DRB1/IRF5/MAPK1/IRF2/HLA-DRB5/TRIM38/PML/IFI30/PTPN2/IRF7/HLA-DQB1/TRIM22/FCGR1A/TRIM5/SP100/SUMO1/VCAM1/TRIM14/IRF1/IRF4/NCAM1/STAT1/JAK2/OASL"
"SANA_TNF_SIGNALING_UP","SANA_TNF_SIGNALING_UP",81,-0.704720707085109,-1.81861568201383,6.88509910857888e-05,0.00284167397188205,0.00247552175639535,2400,"tags=43%, list=13%, signal=38%","SAT1/PARP14/CCL8/APOL3/INHBA/SAMHD1/OAS1/UBD/NCEH1/OAS3/GBP1/CMPK2/LAMB3/PDGFRL/TLR2/PLA1A/CCL20/CCL2/SMAD3/CASP1/HSD17B11/DNAJA1/CX3CL1/MX2/VCAM1/IFI44L/LGALS9/LGALS3BP/RAC3/RIPK2/SAMD9L/MX1/DDX60/IFIH1/IFIT1"
"BOSCO_TH1_CYTOTOXIC_MODULE","BOSCO_TH1_CYTOTOXIC_MODULE",109,-0.648018613329752,-1.75088316469145,6.91557825015543e-05,0.00284167397188205,0.00247552175639535,2327,"tags=31%, list=13%, signal=27%","SOCS1/CCL8/HERC6/APOL3/ACOD1/CH25H/SLA2/FFAR3/TSHZ3/CMPK2/IL4I1/TYMS/CCR5/KLRD1/FBXO39/MYBL1/CDC7/BCL2/HESX1/CDK6/GIMAP4/ANKRD22/F2R/BATF2/BCL2L14/RRM2/MERTK/MKI67/USP18/PRF1/KNL1/GZMB/IRF4/ISG15"
"REACTOME_PROCESSING_OF_CAPPED_INTRON_CONTAINING_PRE_MRNA","REACTOME_PROCESSING_OF_CAPPED_INTRON_CONTAINING_PRE_MRNA",288,0.499196300793498,1.54667934558804,7.60411222468979e-05,0.00310444013921529,0.00270443026965708,2405,"tags=32%, list=13%, signal=28%","RPS27A/HNRNPL/EIF4A3/SRSF4/UBB/DHX15/UBA52/HSPA8/RANBP2/DDX39B/DHX9/PPIE/C9orf78/SF3A1/CSTF2/RBMX/POLR2G/SNRPA1/DHX16/SF3B1/NUP153/RBM39/SF3B3/DHX8/POLR2A/MTREX/RBM22/PRPF3/NUP155/NUP98/SNRPD2/PPIG/SRSF5/PCBP1/NCBP1/PPIH/SNRNP35/POLR2H/SNU13/SRSF1/PLRG1/ISY1/SF3B2/BUD13/PABPN1/SRSF9/DDX23/RBM5/PPIL1/SNRPE/NUP214/SART1/POLR2C/POLR2D/NXF1/PRPF40A/RBM25/TPR/CWC15/POLR2K/PRPF19/NUP205/POM121/AQR/PDCD7/POLR2F/LSM8/CPSF6/NUP160/RBMX2/CPSF3/PRPF6/PRPF8/USP39/POLR2B/GLE1/FIP1L1/SRRM1/U2AF1/SNRPA/PPP1R10/BCAS2/SF3B4/GTF2F1/NUP43/RAE1/EFTUD2/NUDT21/CHTOP/PRPF31/IK/LSM3/PRPF4"
"MARKEY_RB1_CHRONIC_LOF_DN","MARKEY_RB1_CHRONIC_LOF_DN",116,-0.640336856789327,-1.74952563253465,7.69983643579031e-05,0.00312336954908212,0.0027209206082479,958,"tags=17%, list=5%, signal=16%","CCL2/ENAH/IRF5/PLSCR1/ARL5A/UCHL1/IFI30/CSF1R/C1QB/CTSS/IFI16/RPS6KA2/LMO2/LGALS9/HPGD/C1QA/UBE2A/NUPR1/KRT18/EGFR"
"XU_AKT1_TARGETS_6HR","XU_AKT1_TARGETS_6HR",26,-0.85061559373214,-1.85797617548598,7.9855862328206e-05,0.00319827782792967,0.00278617688882621,1294,"tags=58%, list=7%, signal=54%","OAS3/BRCA1/HNRNPH1/CDC5L/MAP2K5/HERC5/PRKAR1A/PLSCR1/IRF7/IFI6/MX1/IFIH1/IFIT1/IFIT3/ISG15"
"HELLER_HDAC_TARGETS_UP","HELLER_HDAC_TARGETS_UP",298,-0.525595019525439,-1.5914679386827,7.97648102613697e-05,0.00319827782792967,0.00278617688882621,1833,"tags=20%, list=10%, signal=18%","ALDOC/HLA-DPA1/ID2/DBN1/NCOA3/SOX4/CADM4/H2AC11/ADCY9/RABL2B/CDKN1C/CD9/DLGAP5/PDGFRL/FHL1/ACSBG1/APLP1/KIF4A/MGST3/CENPF/H2AJ/SPAG6/CCNF/H4C8/JUP/NR4A2/H2AZ2/MSX1/VCL/HLA-DRB1/PRKAR2B/ENAH/LAMP3/CDC34/AGRN/SELENOP/SHTN1/SEPTIN4/RRAS/ZBTB20/JAG2/H1-0/PLK2/GATA4/IFT122/H2BC21/CTTN/CENPE/IFI6/CDKN1A/H3-3B/BIRC5/TUBA1A/CDC20/NCAM1/TOP2A/STAT1/IFIT1/TUBB2B/ISG15"
"IBRAHIM_NRF1_UP","IBRAHIM_NRF1_UP",412,0.462357575163371,1.47140270686925,8.25829112288357e-05,0.0032866959890319,0.00286320229133011,2430,"tags=31%, list=14%, signal=27%","TCP1/HSPA9/DDX21/DNAJC10/PRNP/GAPDH/UBQLN1/HSPA8/CCT6A/HSPH1/UBE2L3/PKM/HSPA4/C9orf78/DDX1/PPIF/XRCC6/GAPVD1/PTPN1/CANX/FGFR1/PRMT5/ALDH1B1/ARCN1/STIP1/EIF4G2/MAP2K1/CDK12/PTPN11/KTN1/AFG3L2/USP14/MFN2/VEZT/ABCE1/YARS1/CCT3/PRDX6/NSUN2/MAPK6/AHSA1/HARS1/CCT7/SH3KBP1/BRIX1/AAR2/FAF2/RIOK1/SEC61A1/TTI2/RPAP3/SRSF1/NOLC1/PLRG1/AKR1B10/ISY1/TAF5L/CCT2/EIF4H/GPAT4/GPX3/LRRC59/JMJD6/WDR3/KARS1/ATMIN/PPID/SART1/MRGBP/HTRA3/HSPA5/GTF3C3/RARS1/SEC23A/DNAJC7/CUL4A/CDC37/MTDH/PES1/YWHAG/WDR46/SRPK1/RBM6/DNAJC6/RYR3/PDIA3/KCNA2/SYNCRIP/MAP1A/ACAT2/TAF2/AHCYL2/ANAPC1/XPOT/E2F6/FBXW11/PSMD6/PSMD4/DKC1/EIF3H/NIP7/TP53BP2/RPN2/SBDS/POLR2B/ITSN2/TNPO3/NEK4/MARK3/ATP10D/PPFIA1/TAF8/GTF2F1/AKR1B1/CHCHD3/NUP43/NOL11/NACA/MAP7D1/PPP2CB/PRPF31/IK/PRPF4/ABRAXAS2/ACSL1/DLAT"
"NOJIMA_SFRP2_TARGETS_DN","NOJIMA_SFRP2_TARGETS_DN",25,-0.873991361168534,-1.90428361682472,8.33780124852341e-05,0.00329760039379101,0.00287270165384981,580,"tags=40%, list=3%, signal=39%","SGPL1/CCND1/MET/IFITM1/TRIM14/MDM2/IFI44/MX1/STAT1/EGFR"
"DER_IFN_GAMMA_RESPONSE_UP","DER_IFN_GAMMA_RESPONSE_UP",71,-0.711422649005716,-1.80650515554108,0.000100207819695477,0.00393860300020483,0.00343111050503571,975,"tags=35%, list=5%, signal=33%","SP110/SDCBP/PSMB9/TRIM21/ADAR/PLSCR1/ZFP36L2/MAP3K10/PML/COL16A1/TEAD4/IFI30/TAP1/FOSL1/IFI16/IFITM1/IRF1/PSMB8/RHOC/IFI35/PPP3CA/IFIT2/STAT1/IFIT3/ISG15"
"ODONNELL_TARGETS_OF_MYC_AND_TFRC_DN","ODONNELL_TARGETS_OF_MYC_AND_TFRC_DN",43,-0.788242002985425,-1.86344666617477,0.000101409734017695,0.00396123948681466,0.00345083026023827,1220,"tags=42%, list=7%, signal=39%","CENPF/ARHGAP11A/SCD/BRCA2/CKS1B/MYBL2/CCNB1/CDC6/AURKB/FOXM1/PLK4/CCNA2/BIRC5/CDC20/AURKA/BUB1B/TOP2A/CDK1"
"ZHAN_MULTIPLE_MYELOMA_LB_DN","ZHAN_MULTIPLE_MYELOMA_LB_DN",37,-0.818058873893625,-1.89864799289291,0.000102982482087794,0.00399799476473351,0.0034828495879482,296,"tags=38%, list=2%, signal=37%","RSAD2/SMAD1/MX2/IFI27/IFI6/USP18/IRF1/DUSP6/STAT2/IFI35/DDX60/XAF1/STAT1/IFIT5"
"HONRADO_BREAST_CANCER_BRCA1_VS_BRCA2","HONRADO_BREAST_CANCER_BRCA1_VS_BRCA2",17,-0.900800444051533,-1.80625798493286,0.00010419015622086,0.00402021529613173,0.00350220698413765,327,"tags=71%, list=2%, signal=69%","VIM/CCND1/BCL2/CCNB1/CCNE1/IFI27/MKI67/MDM2/CCNA2/BIRC5/TOP2A/EGFR"
"WIELAND_UP_BY_HBV_INFECTION","WIELAND_UP_BY_HBV_INFECTION",96,-0.655265258933086,-1.74893908845685,0.000111225331124069,0.00423996322501874,0.00369364019718929,1860,"tags=39%, list=10%, signal=35%","B2M/SLC7A7/HLA-DPA1/FGL2/PLAC8/GBP1/PSME2/SP110/GZMA/LGALS3/TYMS/CTSC/PSMB9/CD74/HLA-DRA/WARS1/ISG20/GPNMB/HLA-DRB1/CD5L/RAC2/LAP3/PLAAT4/IFI30/C1QB/HLA-DQB1/TRIM22/FCGR1A/RRM2/IFI16/IFI27/KPNA2/AURKA/STAT1/PRC1/UBE2L6/PBK"
"REACTOME_RHO_GTPASE_EFFECTORS","REACTOME_RHO_GTPASE_EFFECTORS",287,-0.521316418457205,-1.56499629577795,0.000110885474477824,0.00423996322501874,0.00369364019718929,1369,"tags=28%, list=8%, signal=26%","KIF5B/PPP2R5C/DIAPH3/NUF2/KLC4/CYBB/CENPF/H2AJ/TUBB6/CENPH/CENPU/PPP1CC/NUP37/H4C8/KIF5A/GRB2/YWHAE/YWHAH/IQGAP3/ITGB1/H2AZ2/PAK1/CDKN1B/TUBA4A/CIT/KLC2/MAPRE1/NSL1/RAC2/MAPK1/ACTR3/TUBB4A/DYNLL2/MAPK14/H3-3A/RCC2/CDCA8/ACTG1/MYH11/TUBB8B/LIMK1/H2BC21/MAD2L1/CTTN/FMNL2/CENPE/BTK/DSN1/ACTR2/AURKB/TUBA1B/YWHAQ/SFN/RHOQ/KNL1/TUBA8/CENPA/TUBB1/H3-3B/RHOC/TUBA1C/BIRC5/PPP1CB/PPP2CA/YWHAZ/BUB1/TUBA1A/CDC20/BUB1B/YWHAB/TUBB3/PRC1/NDC80/H4C3/PLK1/KIF14/TUBB2B/CDC42/SRC"
"XU_HGF_SIGNALING_NOT_VIA_AKT1_48HR_DN","XU_HGF_SIGNALING_NOT_VIA_AKT1_48HR_DN",19,-0.87604265754362,-1.80137849977647,0.000115201549994188,0.00436524196624683,0.00380277666132721,1846,"tags=63%, list=10%, signal=57%","SRSF3/GTSE1/PPM1B/DLGAP5/CENPF/SCD5/CD248/H2BC21/MAD2L1/HMMR/KIF20A/PLK1"
"CHICAS_RB1_TARGETS_GROWING","CHICAS_RB1_TARGETS_GROWING",237,-0.549073709908807,-1.62706321368907,0.000116849409356837,0.00438500426887104,0.00381999257370378,1920,"tags=27%, list=11%, signal=25%","GINS1/FABP5/PSAT1/NSD2/CLU/GTSE1/GINS2/PYGL/PRSS12/GMNN/TTK/PGAP1/LMNA/ANPEP/IDH2/KIF4A/LRRC17/LTBP2/ELOVL2/FAP/CCNB2/CENPF/TTC3/CENPH/SCD/CDC7/DNAJC9/IQGAP3/MEIS2/SMC4/NIBAN1/RFC4/ATRX/MCM2/RGS4/TIMELESS/TPX2/CDCA8/ASPM/CCNB1/SLIT2/CCNE2/IFI16/MCM4/HAS2/FOXM1/NEK2/HMMR/KNL1/CCNA2/RBBP8/CDCA7/CENPA/CDKN3/ALDH1L2/BUB1/CDC20/NUPR1/BUB1B/KIF20A/EZH2/TOP2A/AXL/CAV1/KIF14"
"HELLER_HDAC_TARGETS_SILENCED_BY_METHYLATION_UP","HELLER_HDAC_TARGETS_SILENCED_BY_METHYLATION_UP",436,-0.480221653670127,-1.49742390395937,0.000117108995170544,0.00438500426887104,0.00381999257370378,2419,"tags=26%, list=14%, signal=23%","TIMP3/SYN1/SAT1/PDLIM5/AKAP12/RASGRP2/ZCCHC14/GLDC/CYP1B1/EFNB2/NTS/PTK2/H2AC6/DAZL/PLEC/PPARD/MICAL2/UBD/CEP55/NRXN1/ALDOC/HLA-DPA1/ID2/DMRT1/DBN1/HOXA1/SOX4/MAFB/SORT1/GLUL/ARMCX2/H2AC11/ADCY9/OAT/H1-6/CDC14B/CDKN1C/CD9/DLGAP5/ARL6IP1/PDGFRL/FHL1/ALDH2/CCNA1/ACSBG1/LHX2/APLP1/KIF4A/MYOF/MGST3/DNAH3/SPAG6/TUBB6/CCNF/STAT3/SLC12A8/MYBL1/DUSP2/COL6A2/NUP93/ITSN1/H4C8/JUP/NR4A2/DUSP1/TUBG1/OGDHL/MSX1/RBFOX2/DZIP1/HLA-DRB1/PRKAR2B/JAG1/NR4A1/ENAH/KIF5C/FBN1/LAMP3/AGRN/BRCA2/CYP26B1/MET/SELENOP/UBE2S/TUBB4A/HSD17B11/SPTLC2/SEPTIN4/RRAS/JAG2/H1-0/EHHADH/PLK2/DDX4/FGFR3/TDRD12/H2BC21/POLR2L/RPS6KA2/IFI27/IFI6/CDKN1A/FOS/AHNAK2/HPGD/CDK18/TUBA1A/NCAM1/TUBB3/TOP2A/STAT1/KRT18/IFIT1/TUBB2B"
"JEON_SMAD6_TARGETS_DN","JEON_SMAD6_TARGETS_DN",19,-0.875384507157558,-1.80002516618607,0.000122044989100812,0.00454294524135259,0.00395758271158486,564,"tags=47%, list=3%, signal=46%","CCNB2/UBE2S/IRS2/DDX39A/KIF23/CENPA/KIF11/TOP2A/EGFR"
"PUJANA_BREAST_CANCER_WITH_BRCA1_MUTATED_UP","PUJANA_BREAST_CANCER_WITH_BRCA1_MUTATED_UP",55,-0.747429150396654,-1.81777283209341,0.000123165593646396,0.00455784723154615,0.00397056456710479,1119,"tags=35%, list=6%, signal=32%","CDC7/ILF3/SMC4/RFC4/MCM2/UBE2S/MYBL2/CDKN2C/DDX39A/MCM4/AURKB/FOXM1/HMMR/CENPA/CDC20/EZH2/NDC80/RAD54L/CDK1"
"KEGG_SPLICEOSOME","KEGG_SPLICEOSOME",124,0.597280772714227,1.69709301020367,0.00013824545292214,0.00508614666332153,0.0044307921478167,2405,"tags=42%, list=13%, signal=37%","EIF4A3/SRSF4/DHX15/HSPA8/DDX39B/PPIE/SF3A1/TRA2A/HSPA1L/RBMX/SNRPA1/DHX16/SF3B1/SF3B3/DHX8/RBM22/PRPF3/SNRPD2/SRSF5/PCBP1/NCBP1/PPIH/SNU13/SRSF1/HSPA6/PLRG1/ISY1/SF3B2/HSPA1A/SRSF9/DDX23/PPIL1/SNRPE/SART1/PRPF40A/RBM25/HSPA2/CWC15/PRPF19/AQR/LSM8/PRPF6/PRPF8/USP39/U2AF1/SNRPA/BCAS2/SF3B4/EFTUD2/PRPF31/LSM3/PRPF4"
"XU_HGF_TARGETS_INDUCED_BY_AKT1_6HR","XU_HGF_TARGETS_INDUCED_BY_AKT1_6HR",19,-0.873098425292853,-1.79532436915941,0.000151700001902306,0.00551699777033215,0.00480612770697143,660,"tags=32%, list=4%, signal=30%","PLSCR1/IRF7/IFI6/MX1/IFIT1/ISG15"
"REACTOME_CS_GAG_BIOSYNTHESIS","REACTOME_CS_GAG_BIOSYNTHESIS",21,0.852262468738259,1.78446439575872,0.000151231498660946,0.00551699777033215,0.00480612770697143,1098,"tags=19%, list=6%, signal=18%","VCAN/DCN/BGN/NCAN"
"REACTOME_INTERFERON_ALPHA_BETA_SIGNALING","REACTOME_INTERFERON_ALPHA_BETA_SIGNALING",71,-0.699264087263914,-1.77563109705949,0.000155181676918699,0.005581425123326,0.00486225353830233,1034,"tags=41%, list=6%, signal=39%","KPNB1/UBC/ADAR/ISG20/IFITM3/IRF5/IRF2/IRF7/MX2/EIF2AK2/IFITM1/IFI27/IFI6/USP18/IRF1/STAT2/PSMB8/IRF4/IFI35/MX1/IFIT2/XAF1/STAT1/IFIT5/IFIT1/IFIT3/RNASEL/ISG15/OASL"
"PECE_MAMMARY_STEM_CELL_UP","PECE_MAMMARY_STEM_CELL_UP",134,0.59207894684263,1.71001754108962,0.000155235591293517,0.005581425123326,0.00486225353830233,1863,"tags=31%, list=10%, signal=28%","RPS12/RPS20/RPS18/GAPDH/UBA52/TXN/RPL13A/RPS29/RPS7/RPS10/RPS13/RPL39/RPL35A/RPL24/RPS14/RPL27A/DDX24/RPSA/RPL7A/RPS3/NDUFA6/RPL10A/RPS25/RPS16/RPL15/KRT14/DYNLL1/TUBB2A/RPS19/KARS1/APOE/SMARCA4/RPL13/KRT6B/UQCRB/RPS26/RPL23A/HINT1/GNPTAB/MARS1/S100A2/EHD4"
"REACTOME_ESTROGEN_DEPENDENT_NUCLEAR_EVENTS_DOWNSTREAM_OF_ESR_MEMBRANE_SIGNALING","REACTOME_ESTROGEN_DEPENDENT_NUCLEAR_EVENTS_DOWNSTREAM_OF_ESR_MEMBRANE_SIGNALING",24,-0.850378265304531,-1.84489027565237,0.000164347975473867,0.00587567225309959,0.00511858666402997,1322,"tags=46%, list=7%, signal=43%","CCND1/EGF/BCL2/CDKN1B/MAPK1/AKT3/AKT2/FOXO3/AKT1/FOS/EGFR"
"ALCALAY_AML_BY_NPM1_LOCALIZATION_DN","ALCALAY_AML_BY_NPM1_LOCALIZATION_DN",183,-0.571887143193797,-1.65365111166044,0.000167325715812166,0.00594852320033362,0.00518205070200066,2264,"tags=31%, list=13%, signal=27%","EPS8/EXO1/CENPX/BLVRB/POLE2/PAK6/XPA/SORL1/DHRS3/PITPNC1/DAAM1/HLA-DPA1/MTHFD1/KIF2C/DLGAP5/TESC/TYMS/IDH2/RSAD2/KIF4A/CCNB2/CCNF/HLA-DRA/TUBG1/EGFL7/MCM10/HLA-DRB1/POLD1/RAD23B/MCM2/HNRNPA3/RBM3/CKS1B/NCAPH/ASB9/TPX2/CDKN2C/KIFC1/CCNB1/POLE/MAD2L1/RRM2/KIF23/RPS6KA2/RHOBTB3/IFITM1/MCM4/CDC6/MKI67/FOXM1/HMMR/CCNA2/CHEK1/CDKN3/BIRC5/CDC20/DDX60"
"REACTOME_EXTRA_NUCLEAR_ESTROGEN_SIGNALING","REACTOME_EXTRA_NUCLEAR_ESTROGEN_SIGNALING",75,-0.685511270253106,-1.76177670411725,0.000172813623580819,0.00610929949731522,0.00532211083030138,1322,"tags=31%, list=7%, signal=29%","CCND1/HSPB1/GNAI3/SPHK1/EGF/GNB4/BCL2/PIK3R2/CDKN1B/GNG2/MAPK1/AKT3/AKT2/GNB3/FOXO3/NRAS/AKT1/FOS/ESR1/IGF1R/CAV1/SRC/EGFR"
"GLASS_IGF2BP1_CLIP_TARGETS_KNOCKDOWN_DN","GLASS_IGF2BP1_CLIP_TARGETS_KNOCKDOWN_DN",117,-0.62793599232407,-1.7199501166148,0.000176436215082761,0.00620271316135394,0.00540348806075098,1055,"tags=18%, list=6%, signal=17%","DNAJC9/IQGAP3/TXNRD1/CIT/MAPK1/SPAG5/ANKRD52/NCAPH/PODXL/TPX2/LIMK1/CHD7/TUBA1B/MKI67/FOXM1/YWHAZ/KIF11/AURKA/PRC1/PLK1/CDK1"
"PID_PLK1_PATHWAY","PID_PLK1_PATHWAY",45,-0.767724217672361,-1.82675809234906,0.000178464217554976,0.00623934568335851,0.00543540044975523,960,"tags=47%, list=5%, signal=44%","GORASP1/CENPU/TUBG1/PAK1/ODF2/RAB1A/TPX2/ECT2/CCNB1/CENPE/PPP1CB/PPP2CA/BUB1/CDC20/AURKA/BUB1B/KIF20A/PRC1/NDC80/PLK1/CDK1"
"CONCANNON_APOPTOSIS_BY_EPOXOMICIN_DN","CONCANNON_APOPTOSIS_BY_EPOXOMICIN_DN",166,-0.581622039020024,-1.66249848986537,0.000180960097614568,0.00629184339398346,0.00548113378373334,1553,"tags=23%, list=9%, signal=22%","HK2/NME4/NFIB/DLGAP5/PDGFRL/TMX4/ABCA12/MYOF/SMAD6/PFKP/CDH11/PDK1/H2AZ2/TNFAIP6/POLD1/PDGFRA/NDUFA2/RGS4/CYB5A/ESPL1/MYB/KIFC1/MAD2L1/POLR2L/KIF23/RPS6KA2/AURKB/MKI67/HMMR/CCNA2/CENPA/BIRC5/BUB1/CDC20/AURKA/TOP2A/H4C3/PLK1/CDK1"
"TAKEDA_TARGETS_OF_NUP98_HOXA9_FUSION_16D_UP","TAKEDA_TARGETS_OF_NUP98_HOXA9_FUSION_16D_UP",166,-0.580390763658605,-1.65897903342865,0.000199572943090838,0.00690107969332689,0.00601186944473234,1798,"tags=24%, list=10%, signal=22%","OAS3/FGL2/SOX4/CD1E/NEGR1/CMPK2/LILRA1/CCNA1/ATP10A/RSAD2/SLITRK4/SLC12A8/NCALD/TPSAB1/PRKAR2B/TDRD9/PRKAR1A/ANKRD22/NRG1/LAMP3/SMYD3/SLAMF7/GEM/MX2/IFITM1/IFI27/IFI6/IFI44L/USP18/IFI44/HPGD/IRF4/MX1/IFIT2/XAF1/STAT1/IFIT1/IFIT3/ISG15/OASL"
"LIANG_SILENCED_BY_METHYLATION_DN","LIANG_SILENCED_BY_METHYLATION_DN",11,-0.931388997071016,-1.75489023797681,0.00020316451305387,0.00698709260111352,0.00608679951294689,661,"tags=64%, list=4%, signal=61%","MCM2/MKI67/FOXM1/CCNA2/CDKN3/KIF11/EZH2"
"CHIANG_LIVER_CANCER_SUBCLASS_INTERFERON_UP","CHIANG_LIVER_CANCER_SUBCLASS_INTERFERON_UP",26,-0.832577793096375,-1.81857670516546,0.000208308325098089,0.00712527070930114,0.00620717324915331,558,"tags=27%, list=3%, signal=26%","ACSL4/KMO/IFI27/IFI6/HPGD/STAT1/ISG15"
"MOLENAAR_TARGETS_OF_CCND1_AND_CDK4_DN","MOLENAAR_TARGETS_OF_CCND1_AND_CDK4_DN",57,-0.743859155659735,-1.82063189619952,0.00021830995663078,0.00742723336322354,0.00647022774688963,1697,"tags=40%, list=9%, signal=37%","DTL/KIF2C/ZNF367/KIF4A/CENPF/MNS1/CENPH/MYBL1/MTFR2/CIP2A/TRIP13/NCAPH/TPX2/CDCA8/CDKN2C/CDC45/CDC6/KNL1/CDCA7/MELK/KIF11/AURKA/KIF20A"
"KEGG_MEDICUS_REFERENCE_AREG_EGFR_PI3K_SIGNALING_PATHWAY","KEGG_MEDICUS_REFERENCE_AREG_EGFR_PI3K_SIGNALING_PATHWAY",11,-0.930278611468441,-1.75279808865953,0.000223368522505173,0.00755869524284885,0.00658475064654991,502,"tags=45%, list=3%, signal=44%","AKT3/AKT2/MTOR/AKT1/EGFR"
"KEGG_MEDICUS_REFERENCE_EREG_EGFR_PI3K_SIGNALING_PATHWAY","KEGG_MEDICUS_REFERENCE_EREG_EGFR_PI3K_SIGNALING_PATHWAY",11,-0.929635185514672,-1.75158576821266,0.000232370204283952,0.00782148219525983,0.00681367726671364,502,"tags=45%, list=3%, signal=44%","AKT3/AKT2/MTOR/AKT1/EGFR"
"FU_INTERACT_WITH_ALKBH8","FU_INTERACT_WITH_ALKBH8",13,0.915490390222903,1.7390911845867,0.000237565473078918,0.00791218059812313,0.00689268909980219,888,"tags=54%, list=5%, signal=51%","TCP1/CCT4/HSP90AA1/CCT6A/CCT3/CCT7/CCT2"
"REACTOME_NF_KB_IS_ACTIVATED_AND_SIGNALS_SURVIVAL","REACTOME_NF_KB_IS_ACTIVATED_AND_SIGNALS_SURVIVAL",13,0.914991969240185,1.7381443701291,0.000237565473078918,0.00791218059812313,0.00689268909980219,626,"tags=62%, list=3%, signal=59%","NFKB1/RPS27A/UBB/NFKBIA/UBA52/IKBKB/TRAF6/RELA"
"PID_ERBB1_DOWNSTREAM_PATHWAY","PID_ERBB1_DOWNSTREAM_PATHWAY",105,-0.634555821663599,-1.71338279040893,0.000239681606865352,0.00794086496462801,0.00691767746020309,1591,"tags=33%, list=9%, signal=31%","RAC1/NCKAP1/SOS1/DIAPH3/MYL11/SMAD1/MAPK8/STAT3/MAP2K5/EGF/PLD2/GRB2/YWHAE/YWHAH/DUSP1/PIK3R2/RAB5A/MAPK1/ACTR3/NRAS/ARF4/MTOR/ACTR2/YWHAQ/AKT1/DUSP6/SFN/FOS/PPP2CA/YWHAZ/YWHAB/STAT1/CDC42/SRC/EGFR"
"REACTOME_MITOTIC_PROMETAPHASE","REACTOME_MITOTIC_PROMETAPHASE",201,-0.547728398648623,-1.59860065347925,0.000242721473885486,0.00799969524347582,0.00696892740536344,1332,"tags=26%, list=7%, signal=24%","PPP2R5C/NUF2/CCNB2/CENPF/TUBB6/CENPH/CENPU/PPP1CC/TUBG2/NUP37/YWHAE/CEP164/TUBG1/SMC4/PRKAR2B/ODF2/TUBA4A/MAPRE1/NSL1/HDAC8/TUBB4A/DYNLL2/NCAPH/NCAPG/RCC2/CDCA8/TUBB8B/CCNB1/NUMA1/MAD2L1/CENPE/DSN1/AURKB/TUBA1B/PLK4/NEK2/KNL1/TUBA8/CENPA/TUBB1/TUBA1C/BIRC5/PPP2CA/BUB1/TUBA1A/CDC20/BUB1B/TUBB3/NDC80/PLK1/TUBB2B/CDK1"
"TIEN_INTESTINE_PROBIOTICS_6HR_UP","TIEN_INTESTINE_PROBIOTICS_6HR_UP",50,0.730536878549609,1.7876227323801,0.000245673607552903,0.00805503931914389,0.0070171403477205,1477,"tags=52%, list=8%, signal=48%","RPS6/PRNP/GAPDH/RPS3A/RPL23/HSPA8/RPS7/RPS27/RPS11/RPL39/RPS24/RPS14/RPL27A/ACTB/EEF1A1/RPL5/RPLP0/ALDH3B1/HSPA1A/EIF5A/RPS19/RPS23/RPL13/PGK1/CRCP/RPL37A"
"RIGGINS_TAMOXIFEN_RESISTANCE_DN","RIGGINS_TAMOXIFEN_RESISTANCE_DN",215,-0.545187037826118,-1.60296479499597,0.000249197162504325,0.00812845177488333,0.0070810935433269,903,"tags=16%, list=5%, signal=15%","MYOF/ELOVL2/SLTM/UXS1/ACOX2/MSX1/IFITM3/KIF5C/MAP3K7/LAP3/SHTN1/LTBP3/PLAAT4/SCARB2/UBE2K/RPS6KA2/EIF2AK2/DSP/IFI27/IFI6/TMEM123/KLF4/CUL3/LGALS3BP/DDX60/IFIH1/ESR1/MUC1/STAT1/IGF1R/UBE2L6/IFIT5/HSPA4L/ISG15"
"BILANGES_RAPAMYCIN_SENSITIVE_VIA_TSC1_AND_TSC2","BILANGES_RAPAMYCIN_SENSITIVE_VIA_TSC1_AND_TSC2",68,0.679587920145021,1.76144011770902,0.000251389622936899,0.00815791555869076,0.00710676089241858,2102,"tags=43%, list=12%, signal=38%","TCP1/TUBB/CCT4/RPL31/ATP5F1A/HSPA8/RPL35A/SLC25A5/GAPDHS/RPL10A/BGN/POLR1C/EIF3E/TUBB2A/VDAC1/CCT2/MRPL30/IMPDH2/AHCY/BCS1L/PPM1G/UQCRFS1/RPS21/RPS26/PRDX3/NAA10/CS/GYG1/BTF3"
"GRAESSMANN_RESPONSE_TO_MC_AND_SERUM_DEPRIVATION_UP","GRAESSMANN_RESPONSE_TO_MC_AND_SERUM_DEPRIVATION_UP",210,-0.547529663725674,-1.60390828717932,0.000262506608991875,0.0084752133760234,0.00738317460413776,1690,"tags=20%, list=9%, signal=19%","TUBB4B/CMPK2/HELZ2/KNG1/ABCC8/SP110/TLR2/RSAD2/USP25/EGF/DAPK2/TRIM21/CCL2/ADAR/HSD11B1/COL9A1/CASP7/PDGFRB/TAP2/SELENOP/IRF2/IRF7/TRIM5/EIF2AK2/SP100/IFI27/UBA7/USP18/PRF1/IRF1/IFI44/TRAFD1/LGALS3BP/CFB/IFI35/MX1/DDX60/IFIH1/IFIT2/STAT1/IFIT3/IRS1/ISG15"
"ICHIBA_GRAFT_VERSUS_HOST_DISEASE_D7_UP","ICHIBA_GRAFT_VERSUS_HOST_DISEASE_D7_UP",112,-0.618143756157498,-1.67539543419688,0.000264852244791559,0.00850753809665476,0.00741133425580227,1778,"tags=32%, list=10%, signal=29%","FGL2/PLAC8/MARCO/C1QC/PSME2/COL4A1/PSMB9/CD74/HLA-DRA/WARS1/CCL2/HCK/HLA-DRB1/CD5L/GIMAP4/SHISA5/TAP2/NFKBIZ/IRF7/C1QB/CTSS/HLA-DQB1/TAP1/IFI16/IFI27/VCAM1/UBA7/USP18/IRF1/LGALS3BP/PSMB8/IFI35/STAT1/KRT18/IFIT3/ISG15"
"FUJII_YBX1_TARGETS_UP","FUJII_YBX1_TARGETS_UP",42,-0.775336013581018,-1.8278157852628,0.000266616769980355,0.00851618099083519,0.00741886350539023,1358,"tags=33%, list=8%, signal=31%","NLRC5/EDIL3/WARS1/SELENOP/PLAAT4/SERHL2/TRIM22/MX2/PDK4/CDKN1A/LGALS9/CEACAM1/CFB/MUC1"
"GAJATE_RESPONSE_TO_TRABECTEDIN_UP","GAJATE_RESPONSE_TO_TRABECTEDIN_UP",64,-0.698114753216031,-1.75071222960473,0.00026915869124005,0.00851618099083519,0.00741886350539023,391,"tags=16%, list=2%, signal=15%","GPNMB/EML2/CDKN1A/FOS/TUBA1A/NUPR1/DUSP5/ISG15/ATF3/OASL"
"WATANABE_RECTAL_CANCER_RADIOTHERAPY_RESPONSIVE_UP","WATANABE_RECTAL_CANCER_RADIOTHERAPY_RESPONSIVE_UP",109,0.599948869370955,1.66410164706764,0.000268262886345112,0.00851618099083519,0.00741886350539023,1374,"tags=25%, list=8%, signal=23%","NFKB1/DHX15/CFTR/RPS13/RPS27/DDB1/XRCC5/CYB5B/ACVR1B/AHCYL1/EEF1A1/RPL36A/SON/CNOT1/GPX2/PDHB/ATP1A1/MRPL12/PPID/TRIM44/USP10/DNAJC7/RPL13/PRKAG1/TPR/LAMP1/POLR2K"
"ZHOU_INFLAMMATORY_RESPONSE_LPS_UP","ZHOU_INFLAMMATORY_RESPONSE_LPS_UP",347,-0.490819308680327,-1.49971809013961,0.00027144717049331,0.00854585917851575,0.00744471763222553,1706,"tags=17%, list=10%, signal=16%","PNLIPRP1/RAPH1/HELZ2/GYS2/CTRB1/C1QC/GRIA1/CDH15/ATP2B2/ADAM17/TLR2/KLF5/PNMA8A/CYP7A1/PTPN21/ALX3/RAB6B/HERC5/CCL20/FZD4/TTC9/SIK3/CAMK1G/PPP1R15A/STAT5A/TNF/JAG1/FCRL5/IRX5/RBM34/PXDN/ESCO2/BRCA2/PML/TLR7/ANKS6/IRF7/STMN4/CYP3A7/FOSL1/MX2/KLF4/HTT/USP18/IFI44/DDX42/IRAK2/AHNAK2/RIPK1/DUSP5/IFIH1/IFIT2/RIGI/IFIT1/IFIT3/IRS1/ISG15/SRC/OASL"
"GRANDVAUX_IFN_RESPONSE_NOT_VIA_IRF3","GRANDVAUX_IFN_RESPONSE_NOT_VIA_IRF3",14,-0.907787899975746,-1.77567797249866,0.000275844136373818,0.00864129551967088,0.00752785691604837,923,"tags=79%, list=5%, signal=75%","ADAR/ISG20/IFITM3/IRF7/MX2/EIF2AK2/IFITM1/IFI6/IRF1/IFI35/MX1"
"REICHERT_MITOSIS_LIN9_TARGETS","REICHERT_MITOSIS_LIN9_TARGETS",27,-0.835174677643855,-1.83977671692984,0.000281405510091032,0.00877208900421699,0.00764179754392913,1220,"tags=56%, list=7%, signal=52%","CENPF/CCNF/CALD1/ASPM/CCNB1/KIF23/CENPE/MKI67/HMMR/KNL1/CENPA/AURKA/KIF20A/TOP2A/PLK1"
"KEGG_MEDICUS_REFERENCE_TYPE_I_IFN_SIGNALING_PATHWAY","KEGG_MEDICUS_REFERENCE_TYPE_I_IFN_SIGNALING_PATHWAY",17,-0.882283956729903,-1.76912928090251,0.000290669324351448,0.00892957424786557,0.00777899067404218,411,"tags=29%, list=2%, signal=29%","JAK1/IRF7/EIF2AK2/STAT2/STAT1"
"MISSIAGLIA_REGULATED_BY_METHYLATION_DN","MISSIAGLIA_REGULATED_BY_METHYLATION_DN",118,-0.624125394968906,-1.71033870970861,0.000290690944225712,0.00892957424786557,0.00777899067404218,980,"tags=39%, list=5%, signal=37%","ZWINT/MCM5/FASN/SRSF3/LBR/PIR/GMNN/DLGAP5/ARL6IP1/TYMS/LIG1/CENPF/ILF3/MDC1/H2AZ2/SMC4/HMGB3/RCC1/RFC4/YES1/LMNB1/ESPL1/NCAPH/PCBP2/CDKN2C/CDC45/KIFC1/FOSL1/KIF23/CENPE/CDC6/MKI67/FOXM1/NEK2/CCNA2/CHEK1/CYP2J2/CDKN3/HMGN2/AURKA/BUB1B/EZH2/PRC1/CAV1/KIF14/CDK1"
"HORIUCHI_WTAP_TARGETS_UP","HORIUCHI_WTAP_TARGETS_UP",290,-0.509741141991481,-1.53332834281015,0.000289335684683684,0.00892957424786557,0.00777899067404218,2195,"tags=20%, list=12%, signal=18%","PPM1D/CEP290/H2AC6/GLMP/SLC2A12/GFPT1/COLEC12/LRRC8B/FNDC3B/H2BC5/RIT1/COL27A1/HMCN1/MAFB/CRACD/TAGLN/COL4A1/APOLD1/TREX1/TCN2/RSAD2/TANC2/DNAJB2/HEY1/H2AJ/CHD2/CDH11/PTPRM/CCL2/ITGA1/CPPED1/ASAH1/OSMR/GLIS3/DIRAS3/JAG1/ABCA1/CASP7/STX12/NPIPA1/CASP1/FBN1/LAMP3/SELE/PLAAT4/ARRB1/H1-0/KLF4/VCAM1/IFI44/CEACAM1/LGALS3BP/CFB/DUSP5/IFIH1/IFIT2/RNF213/IFIT3/ATF3"
"CHARAFE_BREAST_CANCER_LUMINAL_VS_BASAL_DN","CHARAFE_BREAST_CANCER_LUMINAL_VS_BASAL_DN",436,-0.467335140565081,-1.4572412661822,0.000292781888196805,0.00895035646622891,0.00779709508510892,2160,"tags=21%, list=12%, signal=19%","FRMD6/RNF145/GBP3/HMGA2/TRMT6/ANXA4/CCDC80/GNG12/FNDC3B/NUP50/B2M/PSAT1/HOXA1/PLAT/PRSS12/GBP1/YBX1/YBX3/ELL2/SPATS2L/KRT17/LAMB3/MBP/BMAL2/ADGRE5/TGFBR2/SNX7/COL4A1/FHL1/CCNA1/CTSC/TLR2/KLF5/MYO1E/PSMB9/FAP/STK17A/TUBB6/STAT3/PKP2/DSC3/PTPRM/ITGB1/ITGA1/CALD1/RBFOX2/LYN/TBPL1/OSMR/ALDH3A2/JAG1/TUBA4A/DNAJB4/CDK6/IGF2BP3/SMAD3/KRT6A/YES1/PLSCR1/CASP1/UBE2E3/RAC2/TAP2/GNAL/MET/HSD17B11/SIRPA/AKT3/ASXL1/PLS3/PTPN2/ZBTB16/TRIM22/FMNL2/FOSL1/GPX8/IRS2/IFI16/SP100/IFI27/LOX/IFI44/SFN/SAMD9/PSMB8/CFB/CBR1/AXL/CAV1/IFIT3/RND3/EGFR"
"WP_TYPE_II_INTERFERON_SIGNALING","WP_TYPE_II_INTERFERON_SIGNALING",36,-0.786250605822093,-1.81896987314179,0.000312816806817249,0.00951684977663247,0.0082905952292608,561,"tags=36%, list=3%, signal=35%","CYBB/PSMB9/IRF2/TAP1/EIF2AK2/IFI6/IRF1/STAT2/IRF4/IFIT2/STAT1/JAK2/ISG15"
"HU_GENOTOXIC_DAMAGE_4HR","HU_GENOTOXIC_DAMAGE_4HR",36,-0.78428044515361,-1.81441195881437,0.000351648656381863,0.0106470463999255,0.00927516501370847,700,"tags=33%, list=4%, signal=32%","MAPRE1/HMGN1/ECT2/KPNA2/NEK2/TRAFD1/BUB1/CDC20/AURKA/PRC1/ANLN/CUL1"
"TSAI_DNAJB4_TARGETS_UP","TSAI_DNAJB4_TARGETS_UP",12,-0.934880045717125,-1.78632017927436,0.000354475793103883,0.010681537232197,0.00930521167160418,261,"tags=50%, list=1%, signal=49%","IFITM1/CDKN1A/STAT1/IFIT1/IFIT3/ISG15"
"SHEPARD_BMYB_TARGETS","SHEPARD_BMYB_TARGETS",75,-0.673579804665343,-1.7311126158219,0.000368907274690213,0.0110637214892875,0.00963815114768095,416,"tags=23%, list=2%, signal=22%","TPX2/ASPM/CCNB1/NUMA1/KIF23/AURKB/MKI67/FOXM1/CTSL/MELK/BIRC5/CDC20/KIF11/PRC1/ANLN/KIF14/CDK1"
"SHEPARD_CRASH_AND_BURN_MUTANT_DN","SHEPARD_CRASH_AND_BURN_MUTANT_DN",188,-0.55048298060621,-1.59879347728881,0.00038582055796214,0.0115163796735114,0.0100324839227792,1787,"tags=23%, list=10%, signal=21%","BUB3/GTSE1/POU3F3/CKS2/KIF2C/CDC14B/TTK/DLGAP5/GOLGB1/ZP2/FZD9/HEY1/CCNB2/RACGAP1/JAG1/SMAD3/OTX2/PTPRO/GUCA1A/PTEN/TPX2/ECT2/ASPM/SLIT3/CCNB1/NUMA1/KIF23/AURKB/MKI67/FOXM1/CTSL/PLK4/KNL1/TUBA8/MELK/BIRC5/CDC20/KIF11/BUB1B/PRC1/ANLN/KIF14/CDK1"
"CHIARADONNA_NEOPLASTIC_TRANSFORMATION_KRAS_DN","CHIARADONNA_NEOPLASTIC_TRANSFORMATION_KRAS_DN",138,-0.600799179045555,-1.66775004944477,0.000394414105958623,0.0117176171948646,0.0102077918107502,2419,"tags=27%, list=14%, signal=23%","WWP2/TIMP3/ITGB5/AKAP12/COL5A2/SAMHD1/SHROOM3/CCDC80/DHRS3/NOTCH1/PLAC8/AMOTL2/CD9/TCF7L1/FHL1/SMAD6/PFKP/VAMP5/JUP/DUSP1/ASAH1/SEC61B/FBN1/HOXA2/IFI30/GUK1/MAP1LC3B/FOXP1/CALML4/LGALS9/FOS/DHRS7/IFI35/COL1A2/NUPR1/ISG15/ATF3"
"SU_TESTIS","SU_TESTIS",75,-0.672299202907899,-1.72782144550652,0.000399109878203614,0.0118017163984695,0.0102810547572667,1222,"tags=21%, list=7%, signal=20%","CCNB2/BRDT/RBMXL2/RFC4/NCAPH/IRGC/CCNB1/MTOR/NEK2/HMMR/CDKN3/BUB1/AURKA/BUB1B/EZH2/CDK1"
"TSAI_RESPONSE_TO_RADIATION_THERAPY","TSAI_RESPONSE_TO_RADIATION_THERAPY",31,-0.795539557362529,-1.79266315591172,0.000419708058815326,0.012244386057407,0.0106666860374344,1798,"tags=48%, list=10%, signal=44%","OAS3/PLAT/TGFBR2/COL4A1/COL6A2/SMAD3/A2M/COL6A3/IFITM1/IFI6/COL6A1/LGALS3BP/CFB/IFIT2/ISG15"
"ZHOU_CELL_CYCLE_GENES_IN_IR_RESPONSE_6HR","ZHOU_CELL_CYCLE_GENES_IN_IR_RESPONSE_6HR",83,-0.66165651522433,-1.71253204713278,0.000416898441805849,0.012244386057407,0.0106666860374344,1996,"tags=42%, list=11%, signal=38%","CEP55/FABP5/MCM5/LBR/BRCA1/POC1A/GINS2/DTL/GMNN/TTK/DLGAP5/F10/DNAJC9/MTFR2/HMGB3/RACGAP1/RFC4/TRIP13/MCM2/LMNB1/TIMELESS/MYBL2/CDCA8/KIFC1/RAD51/MAD2L1/DSN1/NEK2/CCNA2/CENPA/UBE2T/KIF11/KIF20A/EZH2/RAD54L"
"KEGG_OOCYTE_MEIOSIS","KEGG_OOCYTE_MEIOSIS",112,-0.610904184824301,-1.65577355071693,0.000419884920110197,0.012244386057407,0.0106666860374344,1407,"tags=28%, list=8%, signal=26%","STAG3/PPP2R5C/CCNB2/PPP1CC/YWHAE/YWHAH/PPP3CB/PKMYT1/REC8/PRKACG/MAPK1/ESPL1/PPP3R1/CCNB1/MAD2L1/CCNE2/CCNE1/RPS6KA2/YWHAQ/PPP1CB/PPP2CA/YWHAZ/BUB1/CDC20/AURKA/PPP3CA/YWHAB/IGF1R/PLK1/CUL1/CDK1"
"PUJANA_XPRSS_INT_NETWORK","PUJANA_XPRSS_INT_NETWORK",165,-0.568404567194625,-1.62388139926691,0.000425013657171542,0.0123370936815666,0.0107474482018704,1975,"tags=36%, list=11%, signal=32%","RHOH/ZWINT/GINS1/CNTRL/MCM5/SRSF3/LBR/NSD2/BRCA1/BUB3/GTSE1/BLM/HMGN4/FANCI/SNRPB/PPP2R5C/CCNF/PPP1CC/CDC7/DNAJC9/ILF3/DDX46/H2AZ2/SMC4/STAT5A/RFC4/MCM2/BRCA2/HMGN1/UBE2S/LMNB1/ESPL1/PCNA/LARP7/TIMELESS/MAT2A/MYBL2/CDKN2C/KIFC1/TOP1/POLE/MAD2L1/DDX39A/MCM4/AURKB/MKI67/FOXM1/PLK4/HMMR/CCNA2/RBBP8/CENPA/CDC20/AURKA/EZH2/TOP2A/NDC80/RAD54L/CDK1"
"INGA_TP53_TARGETS","INGA_TP53_TARGETS",16,-0.899181209371185,-1.79970629531355,0.000433949502820403,0.0125389609764727,0.0109233047165126,530,"tags=38%, list=3%, signal=36%","FASLG/PCNA/CDKN1A/MDM2/SFN/FOS"
"ANDERSEN_CHOLANGIOCARCINOMA_CLASS2","ANDERSEN_CHOLANGIOCARCINOMA_CLASS2",169,-0.550737454897974,-1.57881863223331,0.000450261191449371,0.0129511491795074,0.0112823821034467,1815,"tags=22%, list=10%, signal=20%","TFCP2L1/BHLHE41/PLAC8/KRT17/LAMB3/HK2/TTK/DLGAP5/ITGB6/SIX4/LGALS3/KLF5/DAPP1/KIF15/KRT19/CCNB2/SCIN/CKMT1B/MYOM3/ANKRD22/CEACAM5/DKK1/TPX2/MYB/HSPA1B/COL6A3/COL11A1/CENPE/COL12A1/SFN/BUB1/CDC20/COL1A2/KIF11/AURKA/TOP2A/ANLN"
"SMIRNOV_RESPONSE_TO_IR_6HR_UP","SMIRNOV_RESPONSE_TO_IR_6HR_UP",165,-0.567068611796547,-1.6200646932684,0.000458677045731505,0.0131335219248369,0.011441255958542,2060,"tags=22%, list=12%, signal=20%","PDE4B/FEZ1/MRPL49/TENT5A/NOTCH1/TP53I3/AEN/KCNN3/SOCS2/XPC/DDIT3/RXRA/PGAP1/LMNA/ABCA12/LIG1/APOBEC3G/MYBL1/GCH1/TIGAR/PIDD1/SDC1/DNAJB4/F2R/RAB1A/LAMP3/PODXL/ZBTB20/PLK2/FOSL1/CDKN1A/MDM2/DLG5/CEACAM1/RAP2B/CDC42/ATF3"
"GREENBAUM_E2A_TARGETS_UP","GREENBAUM_E2A_TARGETS_UP",33,-0.78842276747514,-1.79853475525512,0.000462316940592755,0.0131781153156349,0.0114801034513241,1603,"tags=67%, list=9%, signal=61%","KIF2C/TTK/FGFR2/KIF4A/CCNB2/PFKP/SCIN/KLHDC2/RACGAP1/CIP2A/ECT2/CDKN2C/CCNB1/MAD2L1/MKI67/PLK4/CCNA2/BUB1/KIF11/AURKA/TOP2A/ANLN"
"WP_INTERFERON_SIGNALING_IN_TUBERCULOSIS","WP_INTERFERON_SIGNALING_IN_TUBERCULOSIS",24,-0.830923800516768,-1.80268393716827,0.000465185717456459,0.0132004269958048,0.011499540251685,422,"tags=50%, list=2%, signal=49%","PTPN2/TAP1/IFITM1/IRF1/STAT2/PSMB8/IFI35/MX1/STAT1/JAK2/IFIT1/IFIT3"
"REACTOME_SARS_COV_INFECTIONS","REACTOME_SARS_COV_INFECTIONS",406,0.453763778094509,1.44228782715829,0.000475446237897592,0.013431356220607,0.011700714040741,1535,"tags=24%, list=9%, signal=23%","NFKB1/RPS27A/RPS12/RPS20/RPS18/GSK3B/RPS6/UBB/HDAC1/RBBP7/RPS3A/TUBB/HSP90AB1/NFKBIA/UBA52/HSP90AA1/RPS15A/RANBP2/RPS8/RPS29/RPS7/FKBP4/RPS10/RPS13/RPS27/RPS11/BRD4/IKBKB/ROCK2/TRAF6/CANX/RPS24/VCP/RPS14/EP300/RPSA/UBE2I/G3BP2/EEF1A1/CHMP4B/SEC24B/NUP153/PHF21A/RPS3/PTPN11/ROCK1/REST/PALS1/TRAF3/RPS27L/DDX20/RPS25/RPS16/NUP155/SYK/NUP98/AP2B1/SH3KBP1/SNRPD2/RELA/BECN1/PPIG/RBX1/PSMC6/PPIH/CHD4/TLR9/CREBBP/ATP1A1/RPN1/G3BP1/NLRP3/HDAC2/RPS19/IMPDH2/GEMIN5/SNRPE/MGAT5/NUP214/GATAD2B/SEC23A/NCK1/KDM1A/GANAB/RPS23/PARP8/TAB2/TPR/GPC6/ATP1A3/YWHAG/NUP205/RPS21/SRPK1/POM121/UBE2N/TUSC3/GEMIN2"
"SERVITJA_LIVER_HNF1A_TARGETS_UP","SERVITJA_LIVER_HNF1A_TARGETS_UP",132,-0.577522728071248,-1.58341748319125,0.000485172098937493,0.013616208176586,0.0118617476579914,1603,"tags=23%, list=9%, signal=21%","KIF2C/GSTM1/CDKN1C/CYP2A6/MGST3/CCNB2/CYP7A1/SCD/CCL2/ALDH3A2/RACGAP1/IGF2BP3/MCM2/ESCO2/TPX2/CDCA8/ECT2/CCNB1/MAD2L1/PDK4/AURKB/NEK2/HMMR/CCNA2/BUB1/CDC20/KIF11/KIF20A/CBR1/ANLN"
"FUJII_YBX1_TARGETS_DN","FUJII_YBX1_TARGETS_DN",191,-0.533065195010992,-1.55120302916848,0.000487840133726906,0.013616208176586,0.0118617476579914,1924,"tags=32%, list=11%, signal=29%","ZWINT/FABP5/MCM5/NSD2/BRCA1/DBN1/GINS2/DTL/DEPDC1B/FANCI/RDH10/ZNF367/LIG1/KIF4A/CBX1/CCNF/CENPU/MYBL1/ASF1B/YWHAH/BRIP1/TIPIN/H2AZ2/MCM10/CDK8/PRKAR2B/HMGB3/ODF2/ENAH/RFC4/RAD23B/TRIP13/DKK1/MCM2/DNAJC3/RAD54B/CKS1B/LMNB1/NCAPH/TIMELESS/MYBL2/ASPM/RAD51/MAD2L1/RRM2/KIF23/MCM4/CDC6/UNC119B/PPP2R2C/FOXM1/FEN1/TBL1X/PLK4/CDCA7/CHEK1/MELK/CDKN3/CDC25A/KIF11/BUB1B/TOP2A"
"DURAND_STROMA_S_UP","DURAND_STROMA_S_UP",292,-0.49865707094675,-1.50625028130909,0.000488444888761856,0.013616208176586,0.0118617476579914,2048,"tags=17%, list=11%, signal=16%","ADAMTS12/CCDC80/LHX9/GRIA3/MYO1D/CFAP20DC/PRKAR1B/ELL2/ZNF618/IGF1/ROR2/CDKN1C/TCF7L1/FGFR2/PMVK/NOTCH4/ATP10A/LTBP2/FAT4/COL6A2/TEX15/JUP/TRIM21/OSMR/NIBAN1/DTX3L/PDGFRA/CEP170B/PDGFRB/EIF4E3/RGS4/CD248/CYP26B1/LRIG3/SELENOP/INF2/ARRB1/PODXL/COL4A6/PDK4/IFI27/DHRS7/S100A16/RAC3/CYP2J2/CDK18/COL1A2/NCAM1/STAT1/UBE2L6/OASL"
"LI_WILMS_TUMOR_VS_FETAL_KIDNEY_1_DN","LI_WILMS_TUMOR_VS_FETAL_KIDNEY_1_DN",160,-0.56700623813188,-1.61269211338521,0.000517412301314427,0.0143604607136741,0.012510102594569,1616,"tags=32%, list=9%, signal=30%","FANCI/CKS2/KIF2C/ROR2/TTK/DLGAP5/MTHFD2/LRP4/ELOVL2/CCND2/CCNB2/CENPF/PFKP/DNAJC9/TXNRD1/SMC4/CIT/TRIP13/MCM2/SPAG5/CKS1B/LMNB1/ESPL1/CDH2/PCNA/PCBP2/TIMELESS/TPX2/KIFC1/COL13A1/ZNF423/MAD2L1/KIF23/AURKB/MKI67/KPNA2/SNRPF/FEN1/DLG5/PLK4/MELK/CDKN3/YWHAZ/CDC20/NME1/KIF11/AURKA/BUB1B/EZH2/TOP2A/KIF14/CDK1"
"BLANCO_MELO_BRONCHIAL_EPITHELIAL_CELLS_INFLUENZA_A_INFECTION_UP","BLANCO_MELO_BRONCHIAL_EPITHELIAL_CELLS_INFLUENZA_A_INFECTION_UP",128,-0.592194554265556,-1.61814786911885,0.000521445629122738,0.01440920498292,0.0125525661214239,1818,"tags=20%, list=10%, signal=18%","ID2/PLAT/MAFB/GBP1/HELZ2/DDIT3/ARL5B/NLRC5/HEPHL1/EDIL3/HERC5/TNF/DTX3L/KIF17/BATF2/TRANK1/UBXN7/TAP1/EIF2AK2/USP18/COL6A1/DHX58/ERN1/IFI35/XAF1/EGFR"
"GRAHAM_CML_QUIESCENT_VS_NORMAL_QUIESCENT_UP","GRAHAM_CML_QUIESCENT_VS_NORMAL_QUIESCENT_UP",91,-0.655189501783642,-1.72736327607121,0.000526662904867268,0.0144900994000003,0.0126230372210063,1517,"tags=34%, list=8%, signal=31%","CCL8/BLVRB/HDC/MICAL2/CEP55/ZWINT/GINS1/MCM5/DLGAP5/LMNA/KIF15/CCNB2/CENPF/TUBB6/CENPU/CCL20/TPSAB1/PRKAR2B/RACGAP1/RRM2/CTSL/CHEK1/CASP3/MELK/CDKN3/CDC20/KIF11/EZH2/TOP2A/PRC1/CDK1"
"KIM_MYC_AMPLIFICATION_TARGETS_UP","KIM_MYC_AMPLIFICATION_TARGETS_UP",192,0.513922236594587,1.53204227782389,0.000539914968507874,0.0147747416179339,0.0128710030363165,2016,"tags=27%, list=11%, signal=24%","DDX21/LRRK2/RPL11/RPS15A/ENO1/GOT2/RPL12/NDUFS1/RPSA/SLC25A5/RPL5/RPS27L/PRDX6/ATP5F1B/NOP56/RRP1B/LRPPRC/GPI/MRPS2/PRMT6/LEO1/CHGB/WDR3/SUCLG1/KARS1/RGS10/EGFLAM/NIFK/PDLIM3/DAP3/RHOB/RPS23/SHC3/CHN1/KCNS1/KCNQ3/EEF1E1/UTP4/MCC/MRPS34/NOB1/PRPS1/ITGA4/RPS4X/DAG1/DKC1/NIP7/SACS/SLC6A15/MRPL13/RSL24D1/PARK7"
"REACTOME_CELL_CYCLE_CHECKPOINTS","REACTOME_CELL_CYCLE_CHECKPOINTS",270,-0.508832182680604,-1.52679471265631,0.000541678264121471,0.0147747416179339,0.0128710030363165,1332,"tags=27%, list=7%, signal=25%","PPP2R5C/PSMC3/NUF2/CCNB2/CENPF/RFC2/CENPH/CENPU/PPP1CC/CDC7/NUP37/PSMA4/H4C8/YWHAE/YWHAH/PKMYT1/UBC/BRIP1/MDC1/PSMA3/MCM10/CDKN1B/RFC4/MAPRE1/PSMA6/MCM2/NSL1/UBE2S/DYNLL2/BRCC3/MAPK14/RCC2/ORC1/CDCA8/PSMD14/PSMB5/CDC45/H2BC21/CCNB1/UBE2E1/MAD2L1/CCNE2/TP53BP1/CENPE/CCNE1/DSN1/MCM4/CDC6/AURKB/YWHAQ/CDKN1A/MDM2/SFN/KNL1/CCNA2/RBBP8/CHEK1/CENPA/PSMC2/CDC25A/BIRC5/PPP2CA/YWHAZ/BUB1/UBE2D1/CDC20/BUB1B/YWHAB/NDC80/H4C3/PLK1/CUL1/CDK1"
"JOHNSTONE_PARVB_TARGETS_2_UP","JOHNSTONE_PARVB_TARGETS_2_UP",142,-0.580229992592872,-1.61281306840446,0.000567986486739125,0.0154258304209664,0.0134381984687273,1967,"tags=25%, list=11%, signal=22%","CCRL2/KRT8/MINK1/GRAMD1B/B2M/FASN/HLA-DPA1/CALR/PLAT/UBE2V1/BSG/CD74/FURIN/YWHAE/SNAP29/TXNRD1/HLA-DRB1/SMAD3/MT-ND4/PLAAT4/RAB11B/H1-0/ACTG1/MT-ND5/AIF1L/IFITM1/IFI27/DDX60/IFIT2/UBE2L6/KRT18/IFIT1/IFIT3/ISG15/OASL"
"WEST_ADRENOCORTICAL_TUMOR_MARKERS_UP","WEST_ADRENOCORTICAL_TUMOR_MARKERS_UP",22,-0.842945718492838,-1.80447726119368,0.000584924453540491,0.0157506465617201,0.0137211617612163,564,"tags=36%, list=3%, signal=35%","UBE2S/ASPM/RRM2/NEK2/KIF20A/TOP2A/PRC1/CDK1"
"SALVADOR_MARTIN_PEDIATRIC_TBD_ANTI_TNF_THERAPY_NONRESPONDER_PRE_TREATMENT_UP","SALVADOR_MARTIN_PEDIATRIC_TBD_ANTI_TNF_THERAPY_NONRESPONDER_PRE_TREATMENT_UP",24,-0.827678829946655,-1.79564399401141,0.000582607921051221,0.0157506465617201,0.0137211617612163,1433,"tags=42%, list=8%, signal=38%","GP1BB/KLRD1/MT-ND2/MT-ND1/MT-ND4L/IFITM3/MT-CYB/IFITM1/TUBB1/OASL"
"PULVER_FOREY_CELLCYCLE_ENRICHED_TFS_M","PULVER_FOREY_CELLCYCLE_ENRICHED_TFS_M",68,0.660002711625978,1.71067674923747,0.000599701011046083,0.0160801186351678,0.014008181065336,2229,"tags=40%, list=12%, signal=35%","HNRNPL/IKZF1/HDAC1/SMARCA5/POLR2G/POLR2A/HDGF/PCBP1/CHD4/ZNF436/KLF1/NR2F1/HDAC2/ZFP36/SMARCA4/KDM1A/ZNF740/KDM5B/VEZF1/SP1/BCOR/ZBTB7A/E2F6/SMARCE1/MYNN/ARID1B/GTF2F1"
"WUNDER_INFLAMMATORY_RESPONSE_AND_CHOLESTEROL_UP","WUNDER_INFLAMMATORY_RESPONSE_AND_CHOLESTEROL_UP",58,-0.716110552126552,-1.76741480923433,0.000604484019819206,0.0161399783857213,0.0140603278338582,1860,"tags=45%, list=10%, signal=40%","PSMB10/SOCS1/CCL8/B2M/PLAC8/CMPK2/CTRB1/PSME2/SP110/CTSC/TLR2/PSMB9/CD74/LYN/PDIA4/HLA-DRB1/CASP7/CASP1/TAP2/NFKBIZ/CTSS/HLA-DQB1/UBA7/IFI44/PSMB8/STAT1"
"WP_SARS_CORONAVIRUS_AND_INNATE_IMMUNITY","WP_SARS_CORONAVIRUS_AND_INNATE_IMMUNITY",24,-0.826919363327192,-1.79399633597721,0.000609705433199133,0.0162109915180005,0.0141221908609636,186,"tags=25%, list=1%, signal=25%","JAK1/TBK1/STAT2/IFIH1/STAT1/RIGI"
"WP_22Q112_DISTAL_CNV","WP_22Q112_DISTAL_CNV",138,0.566058488217396,1.64198782565386,0.00061350803561209,0.0162438445579636,0.0141508107575447,1748,"tags=38%, list=10%, signal=34%","RPS27A/RPS12/RPS20/RPS18/RPS6/TP53/RPS15A/RPS8/RPS29/RPS7/RPS10/RPS13/PPIE/UBE2L3/RPS11/CANX/RPS24/RPS14/SF3A1/RPSA/SNRPA1/DHX16/SF3B1/PDIA2/RPS3/SF3B3/RPS16/RBM22/SNRPD2/RACK1/RBX1/DYDC1/AK8/PLRG1/SF3B2/RSPH3/RPS19/UBE3A/UBA6/PPIL1/SNRPE/HSPA5/RPS23/IQUB/CWC15/RPS21/AQR/RPS26/CAMK4/CABP1/UBA1/CUL2"
"REACTOME_SARS_COV_1_INFECTION","REACTOME_SARS_COV_1_INFECTION",141,0.558498367640415,1.6259965544245,0.000641607106486858,0.016846845518045,0.0146761145082842,703,"tags=28%, list=4%, signal=27%","NFKB1/RPS27A/RPS12/RPS20/RPS18/GSK3B/RPS6/UBB/RPS3A/NFKBIA/UBA52/RPS15A/RPS8/RPS29/RPS7/RPS10/RPS13/RPS27/RPS11/TRAF6/CANX/RPS24/VCP/RPS14/EP300/RPSA/UBE2I/EEF1A1/CHMP4B/RPS3/PALS1/TRAF3/RPS27L/RPS25/RPS16/RELA/BECN1/PPIG/PSMC6/PPIH"
"PID_P53_DOWNSTREAM_PATHWAY","PID_P53_DOWNSTREAM_PATHWAY",133,-0.58651305165294,-1.61413981993776,0.000640760155279319,0.016846845518045,0.0146761145082842,1070,"tags=20%, list=6%, signal=19%","TIGAR/PIDD1/BCL2/DUSP1/CASP10/DROSHA/FOXA1/DKK1/IRF5/CASP1/MET/BCL2L14/PML/PCNA/PTEN/KAT2A/CX3CL1/CCNB1/TAP1/HTT/CDKN1A/MDM2/SFN/DUSP5/CAV1/ATF3/EGFR"
"GENTILE_UV_HIGH_DOSE_UP","GENTILE_UV_HIGH_DOSE_UP",20,-0.861357383895292,-1.78289179871035,0.000646987916602635,0.0169179319680226,0.0147380414060374,344,"tags=20%, list=2%, signal=20%","COL13A1/NUPR1/ISG15/ATF3"
"PEDERSEN_METASTASIS_BY_ERBB2_ISOFORM_3","PEDERSEN_METASTASIS_BY_ERBB2_ISOFORM_3",18,-0.86866425128657,-1.76354376744639,0.000657639056326826,0.0169927889471895,0.0148032529969445,2,"tags=11%, list=0%, signal=11%","PKP2/EGFR"
"KEGG_GAP_JUNCTION","KEGG_GAP_JUNCTION",87,-0.644984991105891,-1.68784112711543,0.00065604476175565,0.0169927889471895,0.0148032529969445,1181,"tags=29%, list=7%, signal=27%","TUBB6/GNAI3/MAP2K5/EGF/GRB2/GUCY1A2/TUBA4A/PDGFRA/PDGFRB/PRKACG/HTR2C/MAPK1/TJP1/TUBB4A/NRAS/TUBA1B/TUBA8/TUBB1/TUBA1C/TUBA1A/TUBB3/TUBB2B/SRC/CDK1/EGFR"
"JINESH_BLEBBISHIELD_TO_IMMUNE_CELL_FUSION_PBSHMS_DN","JINESH_BLEBBISHIELD_TO_IMMUNE_CELL_FUSION_PBSHMS_DN",365,-0.47799966883818,-1.46956613184859,0.000657906651716407,0.0169927889471895,0.0148032529969445,2051,"tags=19%, list=11%, signal=18%","MYL6B/IMPA2/MMP7/PDE9A/FEZ1/COP1/DHRS3/HEMK2/CP/ALDOC/OAS3/MAFB/YBEY/SOCS2/IL4I1/MBP/NLRP7/NFIB/APOBEC3F/CTSC/APOBEC3G/BHLHE40/SMAD6/HEY1/TSKU/CD74/TTC3/GRB14/CCL20/MRPS6/THBD/HLA-DRA/BCL2/ISG20/EGFL6/GPNMB/DTX3L/SLC2A1/ANTXR2/IFITM3/LZTS2/CASP1/KIF18B/LAMP3/ANXA5/SELENOP/CYP3A5/ASB9/COL4A6/CYP3A7/CAT/FOXO3/MX2/IFI16/RPS6KA2/IFI27/IFI6/IFI44L/IFI44/RHOV/FOS/RHBDL3/CFB/IFI35/MX1/XAF1/STAT1/UBE2L6/IFIT1/IFIT3/ISG15"
"ROETH_TERT_TARGETS_UP","ROETH_TERT_TARGETS_UP",14,-0.89483789559612,-1.75034712426718,0.000680617808294226,0.0175079247596986,0.0152520131024256,1316,"tags=64%, list=7%, signal=60%","RSAD2/SLC12A8/HERC5/IFI44L/IFI44/MX1/IFIT1/IFIT3/OASL"
"WP_COHESIN_COMPLEX_CORNELIA_DE_LANGE_SYNDROME","WP_COHESIN_COMPLEX_CORNELIA_DE_LANGE_SYNDROME",34,-0.770445098229203,-1.76503439827063,0.000701428079547361,0.0178977293845794,0.0155915910551338,726,"tags=29%, list=4%, signal=28%","STAG3/PPP2R5C/REC8/ESCO2/HDAC8/ESPL1/AURKB/PPP2CA/PLK1/CDK1"
"KIM_RESPONSE_TO_TSA_AND_DECITABINE_UP","KIM_RESPONSE_TO_TSA_AND_DECITABINE_UP",125,-0.592019590997001,-1.62547118208142,0.000700073971285687,0.0178977293845794,0.0155915910551338,2121,"tags=27%, list=12%, signal=24%","DAZL/COLEC11/DNAJB9/H2BC5/SLC27A2/CLU/CYP24A1/KRT17/LAMB3/TSGA10/MAP7/VAMP8/STAG3/PLAAT3/KRT19/ISG20/NEFM/KRT7/CNN1/RND2/ARL14/NDUFA2/CYP3A5/IFI30/IRF7/MAP1LC3B/TGM2/RHOF/HYAL1/IFI27/CDKN1A/SFN/MUC1/ATF3"
"SCHAEFFER_PROSTATE_DEVELOPMENT_6HR_UP","SCHAEFFER_PROSTATE_DEVELOPMENT_6HR_UP",152,-0.549716836804998,-1.54993214982815,0.000753155219725074,0.0191404266281938,0.0166741656550421,2076,"tags=16%, list=12%, signal=14%","GFPT1/COLEC12/OGN/NCL/B2M/DVL1/FGF18/SP110/SDCBP/ASPN/LRRC17/CLEC14A/MBD1/FAP/ZNF318/SLC26A11/TIPIN/VEGFD/PTEN/EIF2AK2/CAV1/UBQLN2/RHOJ/EGFR"
"REACTOME_CHAPERONE_MEDIATED_AUTOPHAGY","REACTOME_CHAPERONE_MEDIATED_AUTOPHAGY",22,0.813254761783298,1.71776173753299,0.000809000396337955,0.0204774180321063,0.0178388845289342,754,"tags=50%, list=4%, signal=48%","RPS27A/UBB/HSP90AB1/CFTR/UBA52/HSPA8/HSP90AA1/EEF1A1/PLIN2/PCNT/GFAP"
"STEIN_ESRRA_TARGETS_RESPONSIVE_TO_ESTROGEN_DN","STEIN_ESRRA_TARGETS_RESPONSIVE_TO_ESTROGEN_DN",41,-0.745085022344568,-1.74593443861944,0.00083791429058748,0.0210065392215864,0.0182998279831406,2281,"tags=44%, list=13%, signal=38%","RAB31/POLE2/MICB/MCM5/SLC27A2/GINS2/DTL/MYOF/CENPU/SMC4/MANEA/MCM10/MCM2/PCNA/CCNE2/CDC6/FEN1/CDC25A"
"ZHANG_GATA6_TARGETS_DN","ZHANG_GATA6_TARGETS_DN",63,-0.688718420002273,-1.72423078929842,0.000835261262433933,0.0210065392215864,0.0182998279831406,1218,"tags=22%, list=7%, signal=21%","FABP5/SLC7A7/THBS3/PCBP3/FDPS/ABCA3/LAMP3/RERG/TEAD4/AIF1L/RHOF/TUBA8/MUC1/EGFR"
"KEGG_MEDICUS_REFERENCE_ORGANIZATION_OF_THE_OUTER_KINETOCHORE","KEGG_MEDICUS_REFERENCE_ORGANIZATION_OF_THE_OUTER_KINETOCHORE",19,-0.838360745967437,-1.72389439011662,0.000843182832219175,0.0210065392215864,0.0182998279831406,1974,"tags=58%, list=11%, signal=52%","CENPX/CENPW/ZWINT/NUF2/NSL1/CDCA8/DSN1/AURKB/KNL1/BIRC5/NDC80"
"DOANE_RESPONSE_TO_ANDROGEN_DN","DOANE_RESPONSE_TO_ANDROGEN_DN",232,-0.521093652290264,-1.54145311328422,0.00084179978047143,0.0210065392215864,0.0182998279831406,2439,"tags=27%, list=14%, signal=24%","ATXN1/EPS8/PDE6D/PRKACA/KIAA0319L/ATP5F1D/HERC6/E2F8/EFNB2/SAMHD1/PTP4A1/LTBP1/PPARD/PDE4B/DHRS3/MCM5/NSD2/SLC27A2/SUPT6H/TNC/PTPN14/RPS2/SP110/RECQL4/SNX7/TRAF2/SOS1/IDH2/SMAD6/SERPINH1/PIDD1/RAB15/DCLK1/BRIP1/PEX5/CASP7/SMAD3/IFITM3/KIF5C/PLSCR1/ZFP36L2/RAD54B/RAD51D/KMO/RRAS/IFI30/ENO2/CDKN2C/RRM2/CCNE2/IFITM1/DSP/MCM4/TMEM123/CDKN1A/DUSP6/PLK4/PSMB8/CDC25A/RAD54L/IRS1/CDC42/CDK1"
"BIOCARTA_PTEN_PATHWAY","BIOCARTA_PTEN_PATHWAY",18,-0.862976482561158,-1.75199657982871,0.000853528633841496,0.0211808988037215,0.018451721178237,1048,"tags=61%, list=6%, signal=58%","SOS1/GRB2/ITGB1/CDKN1B/MAPK1/FASLG/PTEN/FOXO3/AKT1/BCAR1/EGFR"
"ANDERSEN_LIVER_CANCER_KRT19_UP","ANDERSEN_LIVER_CANCER_KRT19_UP",34,0.757509549571748,1.7283983307545,0.000860568045254622,0.0212721663686377,0.0185312288363423,888,"tags=29%, list=5%, signal=28%","RPS12/RPS18/RPS3A/RPL13A/RPL35A/RPS14/RPL27A/RPL10A/RPS25/CCT2"
"REACTOME_CHK1_CHK2_CDS1_MEDIATED_INACTIVATION_OF_CYCLIN_B_CDK1_COMPLEX","REACTOME_CHK1_CHK2_CDS1_MEDIATED_INACTIVATION_OF_CYCLIN_B_CDK1_COMPLEX",15,-0.882714012776342,-1.73193310083226,0.000870827900190868,0.0212739083269714,0.0185327463417974,1038,"tags=73%, list=6%, signal=69%","CCNA1/YWHAE/YWHAH/CCNB1/YWHAQ/SFN/CCNA2/CHEK1/YWHAZ/YWHAB/CDK1"
"KEGG_MEDICUS_REFERENCE_RECRUITMENT_AND_FORMATION_OF_THE_MCC","KEGG_MEDICUS_REFERENCE_RECRUITMENT_AND_FORMATION_OF_THE_MCC",10,-0.934319543569279,-1.71392216333342,0.000876137826411544,0.0212739083269714,0.0185327463417974,308,"tags=90%, list=2%, signal=88%","BUB3/TTK/MAD2L1/AURKB/KNL1/BUB1/CDC20/BUB1B/NDC80"
"HUANG_DASATINIB_SENSITIVITY_UP","HUANG_DASATINIB_SENSITIVITY_UP",78,-0.64120288335242,-1.64681896790157,0.000874135334053396,0.0212739083269714,0.0185327463417974,910,"tags=21%, list=5%, signal=20%","CALD1/LYN/OSMR/JAG1/ANTXR2/UBE2E3/RAC2/MET/IFI16/PSMB8/SAMD9L/NDC80/CAV1/IFIT3/EPHB2/EGFR"
"GRUETZMANN_PANCREATIC_CANCER_UP","GRUETZMANN_PANCREATIC_CANCER_UP",350,-0.47588527689918,-1.45517888557167,0.000877447862411431,0.0212739083269714,0.0185327463417974,1386,"tags=19%, list=8%, signal=18%","CTSC/SNRPB2/KLF5/PRDX1/LAMA4/FAP/CENPF/CDH11/SERPINH1/EIF4G3/NUP93/GRB2/YWHAH/HLA-DRA/MRPS12/SIDT2/CALD1/ISG20/THBS2/TXNRD1/PSMA3/EVPL/SDC1/TNFAIP6/NDUFB7/CNN1/RFC4/SLC2A1/SMAD3/PDGFRB/PXDN/C2/CASP1/FBN1/ANXA5/CKS1B/HNRNPU/DNAJA1/IFI30/PSMD14/TOP1/GEM/H2BC21/TAP1/MX2/EIF2AK2/SUMO1/KLF4/MKI67/RAB2A/IFI44L/DUSP6/SFN/CTSL/CCNA2/MELK/HPGD/YWHAZ/TUBA1A/PHB1/DUSP5/PPP3CA/TOP2A/CBR1/STAT1/CAV1/IRS1/ATF3"
"WANG_RESPONSE_TO_GSK3_INHIBITOR_SB216763_DN","WANG_RESPONSE_TO_GSK3_INHIBITOR_SB216763_DN",351,-0.469522993200358,-1.43707602546953,0.000874319706039198,0.0212739083269714,0.0185327463417974,1934,"tags=25%, list=11%, signal=23%","CCPG1/ZWINT/GINS1/FABP5/F2RL3/MCM5/FASN/PSAT1/LBR/SDF2L1/SLC27A2/NOL6/BRCA1/DBN1/BLM/GINS2/DTL/CLSPN/GMNN/TGFBR1/BYSL/TYMS/PPP1R27/TLR2/DIAPH3/ZNF367/NUF2/SUN2/RFC2/PFKP/CENPH/CENPU/SCD/GNB4/ASF1B/TICRR/MRPS12/PKMYT1/BRIP1/H1-5/KLHDC2/PDK1/TIPIN/LPCAT1/MCM10/HMGB3/TNF/TUBA4A/SLC2A1/CIP2A/TRIP13/MCM2/ESCO2/APBB1/H1-4/CKS1B/ARRB1/CCR1/NCAPG/DNAJA1/MYBL2/HSPA1B/CDC45/DSCC1/RAD51/MAD2L1/RRM2/CCNE2/MATK/KIF23/CCNE1/MCM4/CDC6/LMO2/DUSP6/FEN1/PLK4/FOS/RHBDL3/KNL1/CCNA2/UBE2T/MELK/CDC25A/BUB1/BUB1B/RAD54L/PBK/HSPA4L"
"JOHANSSON_GLIOMAGENESIS_BY_PDGFB_UP","JOHANSSON_GLIOMAGENESIS_BY_PDGFB_UP",56,-0.70112271167847,-1.71029489803684,0.000881593153261011,0.0212928300528079,0.018549229986452,1705,"tags=41%, list=10%, signal=37%","DYNLT1/YBX1/CD9/NIN/CCND1/CCND2/STAT3/TMEM176B/HLA-DRB1/HSPA14/PDGFRA/MCM2/PCNA/RRM2/MKI67/FOS/TAGLN2/CDC20/TOP2A/RNF213/PLK1/PBK/CDK1"
"ICHIBA_GRAFT_VERSUS_HOST_DISEASE_35D_UP","ICHIBA_GRAFT_VERSUS_HOST_DISEASE_35D_UP",137,-0.583194381591919,-1.62621794220615,0.000899347998183933,0.0215570989867725,0.0187794476335297,2027,"tags=30%, list=11%, signal=27%","LITAF/UBD/S100A6/FGL2/NCOA3/PLAC8/C1QC/LGALS3/CTSC/CYBB/PSMB9/CD74/SCD/WARS1/CCL2/LILRB1/HCK/HLA-DRB1/CD5L/RND2/CASP1/SHISA5/RBM3/CCR1/SIRPA/SPTLC2/RRAS/NFKBIZ/CSF1R/C1QB/CTSS/HLA-DQB1/FCGR1A/TAP1/IFI16/MCM4/VCAM1/BIRC5/C1QA/STAT1/PLK1"
"FOSTER_TOLERANT_MACROPHAGE_DN","FOSTER_TOLERANT_MACROPHAGE_DN",162,-0.556548046468295,-1.58540073777726,0.000898339478183132,0.0215570989867725,0.0187794476335297,2437,"tags=25%, list=14%, signal=22%","NAV2/LRRC4/RBPMS/CCL8/ASS1/FPR2/SMG1/CLEC4E/TANK/CYCS/ANKRD66/CP/SLAMF9/ID2/OAS3/FGL2/MARCO/ELL2/MTHFD2/RTN4R/SMAD6/BRDT/PIK3AP1/F10/SMURF1/ISG20/TXNRD1/SMAD7/JAG1/SELL/MET/PHLPP1/IRF7/GEM/CTTN/LOX/IFI44/CFB/NUPR1/XAF1/STAT1"
"TIEN_INTESTINE_PROBIOTICS_2HR_UP","TIEN_INTESTINE_PROBIOTICS_2HR_UP",29,0.787208731685837,1.75557935337149,0.000916903031326553,0.0218126405347159,0.0190020624260275,1253,"tags=38%, list=7%, signal=35%","RPS6/GAPDH/RPS3A/RPL23/HSPA8/RPS11/EEF1A1/RPLP0/EPHB4/EIF5A/PGK1"
"GAUSSMANN_MLL_AF4_FUSION_TARGETS_F_UP","GAUSSMANN_MLL_AF4_FUSION_TARGETS_F_UP",175,-0.548375825552472,-1.57407263806433,0.000916809524289867,0.0218126405347159,0.0190020624260275,2757,"tags=27%, list=15%, signal=23%","GAS6/TLE2/H1-2/PIBF1/NSD1/MATN2/CACNA1G/FBLN7/NR4A3/PSTPIP2/PRICKLE1/SCN3A/IL4R/FEZ1/PLCE1/LHX9/OGN/PLAT/ENY2/PIR/CNP/GSTM1/CLMN/LTBP2/DAB2/DECR1/COL6A2/TMEM176B/TEK/OSMR/TGFB3/CNN1/BMP4/PLSCR1/HNRNPA3/RGS4/SELENOP/NFKBIZ/CX3CL1/LGALS9/LOX/IFI44/COL6A1/S100A16/LGALS3BP/IFIH1/ISG15/EGFR"
"NEMETH_INFLAMMATORY_RESPONSE_LPS_DN","NEMETH_INFLAMMATORY_RESPONSE_LPS_DN",28,-0.797357633478145,-1.76963426147187,0.000949360008732402,0.0223447006298296,0.0194655661052661,1179,"tags=36%, list=7%, signal=33%","MBP/CCNF/SCD/H1-0/MKI67/FEN1/FOS/CHEK1/AURKA/HSPA4L"
"VANTVEER_BREAST_CANCER_METASTASIS_DN","VANTVEER_BREAST_CANCER_METASTASIS_DN",108,-0.610924426017252,-1.65099305972213,0.000944539112926234,0.0223447006298296,0.0194655661052661,1697,"tags=25%, list=9%, signal=23%","DTL/PIR/CKS2/DLGAP5/DIAPH3/CCNB2/PFKP/RAB6B/GNAZ/LPCAT1/SMC4/HMGB3/RFC4/TRIP13/ECT2/ASPM/MAD2L1/CCNE2/CENPA/MELK/BIRC5/BUB1/AURKA/EZH2/PRC1/NDC80/KIF14"
"REACTOME_DENGUE_VIRUS_INFECTION","REACTOME_DENGUE_VIRUS_INFECTION",363,0.450696152132556,1.41137922505858,0.000949861641817976,0.0223447006298296,0.0194655661052661,1570,"tags=27%, list=9%, signal=25%","RPS27A/H3C13/HNRNPL/EIF4A3/SRSF4/CTNNB1/UBB/DNAJC10/HSP90AB1/DHX15/NFKBIA/UBA52/HSPA8/HSP90AA1/EIF4A1/DHX9/PPIE/PABPC1/EIF4G1/CANX/VCP/SF3A1/CSTF2/ELAVL1/H3C4/DNAJA2/RBMX/EIF4G2/RPSA/POLR2G/SNRPA1/UBE2I/DHX16/PAF1/SF3B1/IPO7/H3C12/SF3B3/POLR2A/RBM22/H2BC26/AP2B1/RRBP1/SNRPD2/NFKBIB/MAPKAP1/H3C15/KPNA1/BECN1/H3C14/SRSF5/PEX19/PCBP1/NCBP1/PIK3R1/PRKG2/UFD1/POLR2H/LEO1/SRSF1/PLRG1/ISY1/DDX3X/KPNA5/SF3B2/P4HB/XPO1/RPN1/HSPA1A/PABPN1/SRSF9/DDX23/RBM5/UBA6/PPIL1/SNRPE/POLR2C/HSPA5/POLR2D/H4C16/HNRNPUL1/GPC6/KPNA3/CWC15/POLR2K/PRPF19/ATG7/EXOC1/HDLBP/PDIA3/AQR/TUSC3/DPM1/H2BC4/AUP1/C1S/PRKG1"
"TIEN_INTESTINE_PROBIOTICS_24HR_DN","TIEN_INTESTINE_PROBIOTICS_24HR_DN",209,0.503641921801995,1.51575338738332,0.000959518166806973,0.0224882628131649,0.0195906301737548,1540,"tags=24%, list=9%, signal=23%","RPS18/HSPA9/RPS6/DNAJC10/PRNP/RPS3A/RPL23/HSPA8/RPL13A/RPS7/HSPH1/RPS27/RPS11/PABPC1/RPL39/CANX/RPS24/RPS14/RPL27A/RPL12/EIF4B/EEF1A1/RPL34/RPL5/RPS3/ELF3/HSPA13/HOOK1/RPLP0/GRB10/RACK1/CEBPB/NCOR1/FAF2/ZMYM4/EPHB4/ALDH3B1/AKR1B10/P4HB/GOT1/EIF5A/AGR2/RPS19/HSPA5/RPS23/RPL13/MTDH/RPL37A/TCEA1/PDIA3/SLC7A1"
"REACTOME_MRNA_SPLICING","REACTOME_MRNA_SPLICING",209,0.502430167404822,1.51210650901065,0.000979612606383268,0.0228744965800492,0.0199270973766913,2405,"tags=33%, list=13%, signal=29%","HNRNPL/EIF4A3/SRSF4/DHX15/HSPA8/DDX39B/DHX9/PPIE/C9orf78/SF3A1/RBMX/POLR2G/SNRPA1/DHX16/SF3B1/RBM39/SF3B3/DHX8/POLR2A/MTREX/RBM22/PRPF3/SNRPD2/PPIG/SRSF5/PCBP1/NCBP1/PPIH/SNRNP35/POLR2H/SNU13/SRSF1/PLRG1/ISY1/SF3B2/BUD13/SRSF9/DDX23/RBM5/PPIL1/SNRPE/SART1/POLR2C/POLR2D/PRPF40A/RBM25/CWC15/POLR2K/PRPF19/AQR/PDCD7/POLR2F/LSM8/RBMX2/PRPF6/PRPF8/USP39/POLR2B/SRRM1/U2AF1/SNRPA/BCAS2/SF3B4/GTF2F1/EFTUD2/PRPF31/IK/LSM3/PRPF4"
"REACTOME_STIMULI_SENSING_CHANNELS","REACTOME_STIMULI_SENSING_CHANNELS",106,0.578187211243564,1.59157179247383,0.00101321394645186,0.0235721244601005,0.0205348352847073,1503,"tags=15%, list=8%, signal=14%","RPS27A/UBB/UBA52/NEDD4L/UNC80/CASQ2/WWP1/SGK1/NALCN/CLCA2/WNK1/RAF1/MLKL/FKBP1B/CLCA1/RYR3"
"SARTIPY_BLUNTED_BY_INSULIN_RESISTANCE_DN","SARTIPY_BLUNTED_BY_INSULIN_RESISTANCE_DN",18,-0.856977940499938,-1.73981846676585,0.00102180202604903,0.0236848469627776,0.020633033392785,810,"tags=28%, list=5%, signal=27%","CDKN1B/MPDZ/PDK4/NUPR1/CDK1"
"KEGG_MEDICUS_VARIANT_EGFR_OVEREXPRESSION_TO_PI3K_SIGNALING_PATHWAY","KEGG_MEDICUS_VARIANT_EGFR_OVEREXPRESSION_TO_PI3K_SIGNALING_PATHWAY",10,-0.930352376896497,-1.70664476564554,0.00103420534777978,0.0238848592728119,0.0208072739390039,502,"tags=50%, list=3%, signal=49%","AKT3/AKT2/MTOR/AKT1/EGFR"
"NAKAMURA_TUMOR_ZONE_PERIPHERAL_VS_CENTRAL_UP","NAKAMURA_TUMOR_ZONE_PERIPHERAL_VS_CENTRAL_UP",269,-0.489366920997341,-1.46705780975365,0.00105974869284213,0.0243857808302,0.0212436513087626,2388,"tags=30%, list=13%, signal=27%","ITGB5/STAG1/CENPX/AKAP12/AMY1A/FBLIM1/POLE2/INHBA/FGF13/LTBP1/HMGA2/MRPL42/MYCBP/ANAPC11/CCDC80/STUB1/CEP55/CENPW/DAAM1/MCM5/ACOT9/PSMD12/ATG3/SOX4/GINS2/PIR/TUBB4B/ABCC10/PSME2/ITGB6/COL4A1/LRP4/DIAPH3/SUGT1/LAMA4/KIF4A/NPHP1/CCNB2/STK17A/CDH11/CENPU/SMIM12/PSMA4/TUBG1/TIPIN/CALD1/PSMA3/VCL/KRT7/HLA-DRB1/RACGAP1/TUBA4A/NIBAN1/ANKRD39/RFC4/TRIP13/PSMA6/INF2/PODXL/NCAPG/NDUFS7/PSMD14/RRM2/TUBA1B/MRPL22/KPNA2/UBE2D2/COL12A1/HMMR/PSMC2/TUBA1C/BIRC5/TUBA1A/NME1/COL1A2/NCAM1/PHB1/AXL/CAV1/PBK/RND3/CDK1"
"GARGALOVIC_RESPONSE_TO_OXIDIZED_PHOSPHOLIPIDS_TURQUOISE_DN","GARGALOVIC_RESPONSE_TO_OXIDIZED_PHOSPHOLIPIDS_TURQUOISE_DN",53,-0.700512418524298,-1.6824860959901,0.0010717100884573,0.0244829654864901,0.0213283136357623,652,"tags=32%, list=4%, signal=31%","TREX1/KIF15/CCNF/RRS1/ESPL1/PML/CDKN2C/PPIL2/KIFC1/MKI67/CCNA2/CDC20/AURKA/BUB1B/XAF1/NDC80/PLK1"
"ELVIDGE_HYPOXIA_UP","ELVIDGE_HYPOXIA_UP",167,-0.532283001619605,-1.52400180890906,0.00106820531600204,0.0244829654864901,0.0213283136357623,2474,"tags=23%, list=14%, signal=20%","NDRG1/ATXN1/SAT1/VLDLR/DPYSL4/AKAP12/CYP1B1/CADM1/SORL1/S100A6/ILVBL/DAAM1/ZNF395/ALDOC/PLAC8/HK2/PGAP1/PDGFRL/BHLHE40/HEY1/PFKP/DUSP1/PDK1/ISG20/KRT7/HLA-DRB1/SLC2A1/PXDN/CYB5A/MET/SAMD4A/ENO2/MT-ND5/LOX/FOS/AHNAK2/CAV1/ATF3/EGFR"
"BROWNE_HCMV_INFECTION_6HR_UP","BROWNE_HCMV_INFECTION_6HR_UP",60,-0.68843627280655,-1.70303058494445,0.00108221911621619,0.0246341099547341,0.021459983005014,411,"tags=30%, list=2%, signal=29%","CH25H/OAS1/TNNT2/C4BPB/NF2/CNP/HLF/MAPK8/MSX1/IRF7/CREM/EIF2AK2/IFI6/MX1/RIPK1/EZH2/ISG15/OASL"
"POMEROY_MEDULLOBLASTOMA_PROGNOSIS_DN","POMEROY_MEDULLOBLASTOMA_PROGNOSIS_DN",42,0.732350057890513,1.75567745206015,0.00110129892836737,0.0247802709806896,0.0215873110529429,1286,"tags=45%, list=7%, signal=42%","RPS18/RPL11/RPS8/RPS10/RPL35A/ENO1/RPS14/RPL27A/RPSA/SNRPA1/RPL7A/BARD1/RPL10A/RPS25/SNRPD2/TRAP1/RPS19/IARS1/ATIC"
"BURTON_ADIPOGENESIS_PEAK_AT_24HR","BURTON_ADIPOGENESIS_PEAK_AT_24HR",43,-0.735077903070757,-1.73776386270712,0.00112388397146933,0.0247802709806896,0.0215873110529429,359,"tags=33%, list=2%, signal=32%","KIFC1/CCNB1/AURKB/KPNA2/HMMR/CCNA2/MELK/BUB1/CDC20/KIF20A/TOP2A/PRC1/ANLN/CDK1"
"PID_TCPTP_PATHWAY","PID_TCPTP_PATHWAY",41,-0.737356334059168,-1.72782404498896,0.00110773312288534,0.0247802709806896,0.0215873110529429,1175,"tags=44%, list=7%, signal=41%","STAT3/EGF/GRB2/KPNB1/ITGB1/ITGA1/PIK3R2/STAT5A/PDGFRB/INSR/MET/PTPN2/CSF1R/EIF2AK2/KPNA2/STAT1/SRC/EGFR"
"REACTOME_ER_QUALITY_CONTROL_COMPARTMENT_ERQC","REACTOME_ER_QUALITY_CONTROL_COMPARTMENT_ERQC",21,0.813085582663683,1.70243595862682,0.00111872253878698,0.0247802709806896,0.0215873110529429,71,"tags=14%, list=0%, signal=14%","RPS27A/UBB/UBA52"
"REACTOME_GABA_SYNTHESIS_RELEASE_REUPTAKE_AND_DEGRADATION","REACTOME_GABA_SYNTHESIS_RELEASE_REUPTAKE_AND_DEGRADATION",19,0.818546668520936,1.67596401838302,0.00111210287879416,0.0247802709806896,0.0215873110529429,989,"tags=26%, list=6%, signal=25%","HSPA8/ALDH5A1/GAD1/SNAP25/VAMP2"
"REACTOME_LATE_SARS_COV_2_INFECTION_EVENTS","REACTOME_LATE_SARS_COV_2_INFECTION_EVENTS",73,0.624790046957811,1.64544550535163,0.00112012409656009,0.0247802709806896,0.0215873110529429,1523,"tags=16%, list=9%, signal=15%","RPS27A/GSK3B/UBB/UBA52/CANX/UBE2I/RPN1/MGAT5/GANAB/PARP8/SRPK1/TUSC3"
"REACTOME_PI3K_AKT_SIGNALING_IN_CANCER","REACTOME_PI3K_AKT_SIGNALING_IN_CANCER",110,-0.596577724178036,-1.61093290899976,0.00110889885184974,0.0247802709806896,0.0215873110529429,1104,"tags=25%, list=6%, signal=24%","EGF/PIK3AP1/GRB2/PIK3R2/CDKN1B/NR4A1/PDGFRA/PDGFRB/NRG1/RAC2/MET/CHUK/AKT3/PTEN/FOXO1/FGFR3/AKT2/FOXO3/IRS2/MTOR/CDKN1A/AKT1/MDM2/ERBB2/ESR1/IRS1/SRC/EGFR"
"BROWNE_HCMV_INFECTION_14HR_DN","BROWNE_HCMV_INFECTION_14HR_DN",281,-0.488081356126144,-1.46964200935671,0.00111944971723792,0.0247802709806896,0.0215873110529429,2500,"tags=24%, list=14%, signal=21%","DHFR/WWP2/PSMB10/TMCO6/FGF2/AP4M1/RBPMS/SOCS1/BLVRB/GNG11/CYP1B1/CEP290/FGF13/PLEC/ITGA2/MICAL2/ABCA2/TRAF3IP3/ETFB/GINS1/SMS/TP53I3/MMP16/SPN/PRSS12/ACOX1/CDC14B/LMNA/SMAD6/CCNB2/MAP2K5/ERCC2/CCL2/MTIF2/NDUFB7/CIT/SMAD3/PDGFRA/RAB1A/DKK1/CASP1/ZFP36L2/ERCC6/PRKCE/TJP1/MET/IRF2/NDUFS2/HNRNPU/SIRPA/SKIC2/RRAS/NUMA1/PEX6/CENPE/RHOBTB3/HAS2/TCF7L2/HMMR/ERBB2/AHNAK2/BUB1B/NDC80/AXL/H4C3/IRS1/EGFR"
"PUJANA_BRCA2_PCC_NETWORK","PUJANA_BRCA2_PCC_NETWORK",417,-0.45861986355483,-1.41846322408385,0.00110177419538679,0.0247802709806896,0.0215873110529429,1337,"tags=19%, list=7%, signal=18%","SNRPB/PPP2R5C/LIG1/CBX1/CCNB2/CENPF/HDAC4/CCNF/PPP1CC/WDR77/MYBL1/CDC7/NUP93/DNAJC9/ILF3/DDX46/FANCA/H2AZ2/SMC4/STAT5A/POLD1/RFC4/MAPRE1/ZAP70/MCM2/SNRNP200/EPHB6/SPAG5/BRCA2/HMGN1/STIL/UBE2S/LMNB1/ESPL1/NCAPH/ASXL1/PCNA/LARP7/TIMELESS/MAT2A/TPX2/MYBL2/MYB/CDKN2C/CDC45/KIFC1/TOP1/CCNB1/POLE/MAD2L1/RRM2/DDX39A/CCNE2/KIF23/CENPE/MCM4/CDC6/AURKB/MKI67/MDM2/FOXM1/FEN1/PLK4/HMMR/CCNA2/RBBP8/CHEK1/CENPA/MELK/CDKN3/BUB1/CDC20/KIF11/AURKA/BUB1B/EZH2/TOP2A/NDC80/RAD54L/KIF14/CDK1"
"PUJANA_BRCA_CENTERED_NETWORK","PUJANA_BRCA_CENTERED_NETWORK",116,-0.584458787866718,-1.59685581064307,0.00113517513579947,0.0249423203449273,0.0217284802126529,1337,"tags=28%, list=7%, signal=26%","SNRPB/PPP2R5C/PPP1CC/CDC7/DDX46/H2AZ2/SMC4/STAT5A/RFC4/MCM2/BRCA2/LMNB1/ESPL1/PCNA/TIMELESS/MAT2A/MYBL2/KIFC1/TOP1/POLE/MAD2L1/DDX39A/MCM4/HMMR/CCNA2/RBBP8/CDC20/AURKA/EZH2/TOP2A/NDC80/RAD54L/CDK1"
"KEGG_MEDICUS_REFERENCE_ASSEMBLY_AND_TRAFFICKING_OF_TELOMERASE","KEGG_MEDICUS_REFERENCE_ASSEMBLY_AND_TRAFFICKING_OF_TELOMERASE",18,0.846250130419234,1.71501161650757,0.00118845131732694,0.0260225603323353,0.022669530318125,1217,"tags=50%, list=7%, signal=47%","TCP1/CCT4/RUVBL1/CCT6A/CCT3/CCT7/NHP2/CCT2/TERT"
"MONNIER_POSTRADIATION_TUMOR_ESCAPE_DN","MONNIER_POSTRADIATION_TUMOR_ESCAPE_DN",370,-0.466061999252672,-1.43349509643933,0.00122400426069229,0.0267086171091752,0.0232671880698567,1949,"tags=17%, list=11%, signal=15%","OGN/FRK/TENT5A/FEM1C/IDH1/CP/CLU/HOXA1/PLAC8/SEC62/TARS3/BLVRA/PLAAT3/FBXO6/LRRC17/BHLHE40/TMTC4/MGST3/KLF10/DECR1/PKP2/PPP3CB/TRIM21/BCL2/UBC/PDIA6/PPP1R15A/PDK1/ISG20/PDIA4/SMAD7/STK17B/DNAJC3/NDUFA13/HNRNPA3/ERMARD/TJP1/CLYBL/AKT3/SEPTIN4/RRAS/PRKAG2/H1-0/NFKBIZ/IFI30/LRR1/COL6A3/TGM2/CAT/HSCB/TRIM5/IFI16/DUSP6/COL6A1/FOS/IRAK2/S100A16/UBE2T/UBE2A/BUB1/STAT1/KRT18/RND3"
"REACTOME_NEGATIVE_REGULATION_OF_THE_PI3K_AKT_NETWORK","REACTOME_NEGATIVE_REGULATION_OF_THE_PI3K_AKT_NETWORK",117,-0.590243386801699,-1.61670806319503,0.00124150560100842,0.0269974138940938,0.0235187731325054,1591,"tags=26%, list=9%, signal=24%","RAC1/NTRK3/FGF18/FGFR2/PPP2R5C/EGF/PIK3AP1/GRB2/PIK3R2/PIP5K1A/PDGFRA/PDGFRB/NRG1/RAC2/INSR/MAPK1/MET/MYD88/AKT3/PTEN/PHLPP1/FGFR3/AKT2/IRS2/AKT1/ERBB2/PPP2CA/ESR1/IRS1/SRC/EGFR"
"KIM_GLIS2_TARGETS_UP","KIM_GLIS2_TARGETS_UP",80,-0.637093428085972,-1.63466650926526,0.00127484628494331,0.0276274907230179,0.0240676640023363,1470,"tags=30%, list=8%, signal=28%","PDGFRL/TGFBR2/COL4A1/VIM/TLR2/LTBP2/PSMB9/CD74/HLA-DRA/CCL2/LILRB1/OSMR/HLA-DRB1/PDGFRA/TNFSF13B/IFITM3/FBN1/CX3CL1/HLA-DQB1/VCAM1/IRF1/PSMB8/COL1A2/ISG15"
"KEGG_FOCAL_ADHESION","KEGG_FOCAL_ADHESION",197,-0.521082889949758,-1.51968358506862,0.0013181140063143,0.0284676635902965,0.024799579849355,1591,"tags=29%, list=9%, signal=27%","RAC1/LAMB3/IGF1/LAMC3/RAPGEF1/ITGB6/COL4A1/FLT4/SOS1/CCND1/LAMA4/MYL11/CCND2/MAPK8/ITGA8/PPP1CC/XIAP/EGF/COL6A2/GRB2/ITGB1/BCL2/ITGA1/PIK3R2/THBS2/PAK1/VCL/PDGFRA/RAP1A/PDGFRB/VEGFD/COMP/RAC2/MAPK1/MET/AKT3/TNN/MYLK2/PTEN/ACTG1/AKT2/COL6A3/COL4A6/COL11A1/AKT1/THBS4/COL6A1/ERBB2/RAC3/PPP1CB/COL1A2/IGF1R/CAV1/BCAR1/MYL10/CDC42/SRC/EGFR"
"REACTOME_SARS_COV_2_TARGETS_HOST_INTRACELLULAR_SIGNALLING_AND_REGULATORY_PATHWAYS","REACTOME_SARS_COV_2_TARGETS_HOST_INTRACELLULAR_SIGNALLING_AND_REGULATORY_PATHWAYS",12,-0.912524273862969,-1.74360393287539,0.00134188338337007,0.0286305220776551,0.0249414538759531,1038,"tags=83%, list=6%, signal=79%","YWHAE/YWHAH/AKT3/AKT2/YWHAQ/AKT1/SFN/YWHAZ/YWHAB/CAV1"
"REACTOME_LATE_ENDOSOMAL_MICROAUTOPHAGY","REACTOME_LATE_ENDOSOMAL_MICROAUTOPHAGY",34,0.746071903819025,1.70230122367783,0.00135157723161329,0.0286305220776551,0.0249414538759531,701,"tags=24%, list=4%, signal=23%","RPS27A/UBB/CFTR/UBA52/HSPA8/CHMP4B/PLIN2/PCNT"
"MASSARWEH_RESPONSE_TO_ESTRADIOL","MASSARWEH_RESPONSE_TO_ESTRADIOL",62,-0.670288894197602,-1.6769076411721,0.00135280121700678,0.0286305220776551,0.0249414538759531,1746,"tags=24%, list=10%, signal=22%","SOX4/RXRA/MYOF/ELOVL2/ZHX2/TSKU/KLF10/MYBL1/MYB/RHOBTB3/RBBP8/TOP2A/IGF1R/IRS1/TUBB2B"
"MANNE_COVID19_NONICU_VS_HEALTHY_DONOR_PLATELETS_UP","MANNE_COVID19_NONICU_VS_HEALTHY_DONOR_PLATELETS_UP",140,-0.567631856892436,-1.57535880464256,0.00135135730515738,0.0286305220776551,0.0249414538759531,1747,"tags=19%, list=10%, signal=18%","CISH/CMPK2/DDIT3/P2RX4/RSAD2/APLP1/CDHR1/SERPINH1/TIMM10/SLC2A1/IFITM3/ALKBH3/IRF7/ZNF496/IGLL5/EIF2AK2/IFITM1/IFI27/IFI6/USP18/IFI44/DHX58/LGALS3BP/ANKRD45/XAF1/IFIT5/ISG15"
"CHEMNITZ_RESPONSE_TO_PROSTAGLANDIN_E2_UP","CHEMNITZ_RESPONSE_TO_PROSTAGLANDIN_E2_UP",139,-0.563487907573393,-1.56664544029933,0.00134359088386338,0.0286305220776551,0.0249414538759531,1608,"tags=28%, list=9%, signal=26%","CKS2/TTK/DLGAP5/WDFY2/UAP1/MTHFD2/LARP1/CCNB2/CENPF/CENPU/ASF1B/RAB15/IQGAP3/BRIP1/SMC4/SPAG5/UBE2S/LMNB1/NCAPH/NCAPG/TPX2/ASPM/CDC45/CCNB1/RRM2/RPS9/CENPE/MCM4/CDC6/MKI67/KNL1/CDKN3/BIRC5/BUB1/AURKA/BUB1B/KIF20A/TOP2A/PRC1"
"MANNE_COVID19_COMBINED_COHORT_VS_HEALTHY_DONOR_PLATELETS_UP","MANNE_COVID19_COMBINED_COHORT_VS_HEALTHY_DONOR_PLATELETS_UP",175,-0.540567601231372,-1.55165970211236,0.00133735440895983,0.0286305220776551,0.0249414538759531,2340,"tags=21%, list=13%, signal=18%","CDCA7L/HERC6/PARP12/NTAQ1/METRN/KIFC2/PALM3/WDR53/TP53I3/CISH/CMPK2/DDIT3/P2RX4/RSAD2/APLP1/CDHR1/SERPINH1/JCHAIN/DECR2/SLC2A1/IFITM3/NDUFS8/ALKBH3/HRC/IRF7/ZNF496/IGLL5/IFITM1/IFI27/IFI6/USP18/LGALS3BP/ANKRD45/XAF1/RNF213/ISG15"
"REACTOME_E2F_MEDIATED_REGULATION_OF_DNA_REPLICATION","REACTOME_E2F_MEDIATED_REGULATION_OF_DNA_REPLICATION",22,-0.823438677093171,-1.76271892270683,0.00137611638343619,0.0290268815812808,0.0252867421054574,414,"tags=18%, list=2%, signal=18%","ORC1/CCNB1/PPP2CA/CDK1"
"LU_EZH2_TARGETS_UP","LU_EZH2_TARGETS_UP",268,-0.49003989109192,-1.46889032059319,0.00140729913026958,0.0295860096224116,0.0257738260018247,2037,"tags=16%, list=11%, signal=14%","MICAL2/STUB1/S100A6/ETFB/HYAL2/HSD11B1L/PRDX4/REEP5/DDIT3/APOBEC3F/LMNA/TCF20/PMVK/PSMC3/PSMB9/H2AJ/STYXL1/LPCAT1/PPIL6/NAA38/ODF2/CASP7/CDK9/HNRNPA3/RAD51D/PFDN6/PLAAT4/PPP3R1/TEAD4/IRF7/HSCB/RHOF/MATK/IFI27/PSMB8/AHNAK2/IFI35/CBR1/UBE2L6/IFIT1/IFIT3/ISG15/OASL"
"WP_EGFR_TYROSINE_KINASE_INHIBITOR_RESISTANCE","WP_EGFR_TYROSINE_KINASE_INHIBITOR_RESISTANCE",83,-0.633632391588402,-1.63999862727661,0.00141392975922909,0.0296269785311313,0.025809516030264,1582,"tags=39%, list=9%, signal=35%","ARAF/IGF1/FGFR2/SOS1/CCND1/STAT3/EGF/GRB2/BCL2/PIK3R2/EIF4E/PDGFRA/PDGFRB/NRG1/MAPK1/MET/MRAS/AKT3/RRAS/PTEN/FGFR3/AKT2/FOXO3/NRAS/MTOR/AKT1/ERBB2/IGF1R/AXL/JAK2/SRC/EGFR"
"WHITFIELD_CELL_CYCLE_G2_M","WHITFIELD_CELL_CYCLE_G2_M",197,-0.519283544583331,-1.51443598306524,0.00143565131054973,0.0299828432117449,0.0261195272306721,2190,"tags=30%, list=12%, signal=27%","THRAP3/PTP4A1/CREBRF/CNTROB/MZT1/TOMM34/CEP55/SRSF3/LBR/GTSE1/POC1A/TUBB4B/DEPDC1B/CKS2/KIF2C/TTK/DLGAP5/ARL6IP1/ADGRE5/LMNA/FRZB/KIF5B/ZNF521/CCND1/NUF2/LRRC17/CCNB2/CENPF/TSKU/CTNND1/YWHAH/MDC1/TXNRD1/HMGB3/ODF2/AHI1/TRIP13/SPAG5/CKS1B/ASXL1/DNAJA1/TPX2/ECT2/CCNB1/CENPE/MCM4/MKI67/FOXM1/NEK2/HMMR/CCNA2/CENPA/BIRC5/BUB1/AURKA/BUB1B/ANLN/PLK1/PBK/KIF14"
"BOQUEST_STEM_CELL_DN","BOQUEST_STEM_CELL_DN",214,-0.512106616935936,-1.50728174739794,0.0014454080121217,0.0300873088839017,0.0262105324081764,1402,"tags=16%, list=8%, signal=15%","APOLD1/NOTCH4/PLA1A/SMAD1/CD74/PTPRM/THBD/TEK/HLA-DRA/WARS1/ISG20/HLA-DRB1/GIMAP4/SELE/MET/SPTLC2/PODXL/JAG2/CREM/CX3CL1/TGM2/CD93/HLA-DQB1/CHD7/RPS6KA2/SCUBE2/IFI27/LMO2/IFI44L/DUSP6/IFIH1/XAF1/RND1/CDK1"
"MORI_PRE_BI_LYMPHOCYTE_UP","MORI_PRE_BI_LYMPHOCYTE_UP",77,-0.637143550034919,-1.63976615524251,0.00145734465913616,0.0302363180426676,0.0263403416044731,1862,"tags=47%, list=10%, signal=42%","RAN/PSAT1/PRDX4/DTL/TUBB4B/SOCS2/TTK/GZMA/MTHFD2/LIG1/KIF4A/CCNB2/H2AZ2/SMC4/HMGB3/RACGAP1/MCM2/CKS1B/LMNB1/NCAPH/IGLL5/RAD51/RRM2/TUBA1B/MKI67/KPNA2/CDKN1A/CDCA7/MELK/HMGN2/TUBA1A/CDC20/AURKA/TOP2A/PRC1/CDK1"
"WANG_SMARCE1_TARGETS_DN","WANG_SMARCE1_TARGETS_DN",371,-0.463713993363704,-1.42643381811726,0.00146400195890702,0.030275177764587,0.0263741942167047,1843,"tags=16%, list=10%, signal=15%","LBR/RSPO3/ACOT9/OAS3/GRTP1/DVL1/FANCI/HK2/CD9/DNAJC15/IFT74/IDH3A/EXOSC10/CTSC/LAMA4/AIMP1/PSMB9/VPS4B/MYBL1/DUSP9/EIF4G3/ZFPM2/GUCY1A2/PPA2/RBFOX2/CASP7/IGF2BP3/ATRX/EIF4E/NRG1/RGS4/LAP3/TAP2/SHTN1/NCAPG/UCHL1/PLK2/TACC2/HSPA1B/TGM2/CAT/TAP1/MAD2L1/MX2/CCNE2/CCNE1/MTOR/IFI27/DUSP6/LGALS3BP/PSMB8/CDC25A/MX1/AURKA/NDC80/CAV1/PBK/HSPA4L/CDC42/EGFR"
"REACTOME_TRANSLATION_OF_SARS_COV_2_STRUCTURAL_PROTEINS","REACTOME_TRANSLATION_OF_SARS_COV_2_STRUCTURAL_PROTEINS",60,0.6541147045019,1.65352653869035,0.00147717742950413,0.0304481393286714,0.0265248695296181,1523,"tags=20%, list=9%, signal=18%","RPS27A/GSK3B/UBB/UBA52/CANX/UBE2I/RPN1/MGAT5/GANAB/PARP8/SRPK1/TUSC3"
"TURASHVILI_BREAST_DUCTAL_CARCINOMA_VS_LOBULAR_NORMAL_UP","TURASHVILI_BREAST_DUCTAL_CARCINOMA_VS_LOBULAR_NORMAL_UP",71,-0.646538579249346,-1.64174598363225,0.00149226079782495,0.0306591763916762,0.0267087142795942,822,"tags=27%, list=5%, signal=26%","TIGAR/RACGAP1/RBM34/FBN1/CSTF2T/ASPM/LRR1/COL11A1/CCNE2/UBE2D2/HMMR/MELK/UBE2D1/COL1A2/DDX60/TOP2A/ANLN/MRPL44/IFIT3"
"REACTOME_TRANSLATION_OF_SARS_COV_1_STRUCTURAL_PROTEINS","REACTOME_TRANSLATION_OF_SARS_COV_1_STRUCTURAL_PROTEINS",29,0.774578792130644,1.72741292149015,0.00150948276416111,0.030912643791623,0.0269295221799071,321,"tags=21%, list=2%, signal=20%","RPS27A/GSK3B/UBB/UBA52/CANX/UBE2I"
"REACTOME_MITOTIC_METAPHASE_AND_ANAPHASE","REACTOME_MITOTIC_METAPHASE_AND_ANAPHASE",220,-0.518896278747499,-1.52776318032512,0.00152522385900677,0.0311342470315962,0.0271225716455634,1332,"tags=27%, list=7%, signal=25%","PPP2R5C/PSMC3/NUF2/CCNB2/CENPF/TUBB6/CENPH/CENPU/PPP1CC/NUP37/NUP93/PSMA4/KPNB1/UBC/PSMA3/RCC1/SPAST/TUBA4A/VRK2/MAPRE1/PSMA6/NSL1/HDAC8/UBE2S/TUBB4A/DYNLL2/LMNB1/ESPL1/RCC2/CDCA8/PSMD14/PSMB5/TUBB8B/CCNB1/UBE2E1/MAD2L1/CENPE/DSN1/SUMO1/AURKB/TUBA1B/KNL1/TUBA8/CENPA/PSMC2/TUBB1/TUBA1C/BIRC5/PPP2CA/BUB1/TUBA1A/UBE2D1/CDC20/BUB1B/TUBB3/NDC80/PLK1/TUBB2B/CDK1"
"MATTIOLI_MULTIPLE_MYELOMA_WITH_14Q32_TRANSLOCATIONS","MATTIOLI_MULTIPLE_MYELOMA_WITH_14Q32_TRANSLOCATIONS",36,-0.748312529930881,-1.73120114319731,0.00157738631547667,0.0320955003354867,0.027959966607383,1824,"tags=33%, list=10%, signal=30%","NSD2/MAFB/SORT1/YBX3/CCND1/CYBB/CCND2/PKP2/PXDN/FGFR3/KLF4/SRC"
"STEIN_ESR1_TARGETS","STEIN_ESR1_TARGETS",82,-0.624449757729677,-1.61724113357223,0.00159637603591143,0.0323777806257933,0.028205874831539,2389,"tags=32%, list=13%, signal=28%","ABCG4/RAB31/POLE2/MICB/MCM5/SLC27A2/GINS2/DTL/CYP24A1/ADCY9/RET/MYOF/CENPU/SMC4/MANEA/MCM10/RFC4/MCM2/PCNA/FKBP8/MT-ND5/CCNE2/MCM4/CDC6/FEN1/CDC25A"
"KRIEG_KDM3A_TARGETS_NOT_HYPOXIA","KRIEG_KDM3A_TARGETS_NOT_HYPOXIA",194,-0.523914085487994,-1.52654409332332,0.00161149861449612,0.0325800742253402,0.0283821027210903,2461,"tags=24%, list=14%, signal=21%","METTL1/SEC11C/PSMB10/SDSL/CYP1B1/HIBCH/PGRMC1/OAS1/GBP3/MRPL16/MMP7/SEC13/TUBGCP6/B2M/THRB/GBP1/CDKN1C/PSME2/PKDCC/ITGB6/VAMP8/FURIN/PSMA4/NUDT3/CAPZA1/MRPS18C/NIBAN1/ANKRD39/PFDN6/NDUFA12/PTPN2/EML2/STOML1/PHF11/VCAM1/LGALS9/IRF1/IFI44/CTSL/DHX58/HMGN2/IFI35/NUPR1/STAT1/IFIT3/CDC42"
"TARTE_PLASMA_CELL_VS_PLASMABLAST_DN","TARTE_PLASMA_CELL_VS_PLASMABLAST_DN",300,-0.47099033164139,-1.42750761022987,0.00164408547274304,0.0331330346226686,0.0288638136800378,1857,"tags=29%, list=10%, signal=26%","FASN/SRSF3/LBR/PPP4C/BRD8/MTHFD1/MYO5A/YBX1/UBE2D3/PRPS2/CORO1A/CKS2/KIF2C/GCLM/IGF1/OAT/PSME2/TTK/DLGAP5/BYSL/LILRB4/TYMS/ELOC/SNRPB2/MTHFD2/IDH2/CCND2/PFKP/CCNF/FDPS/YWHAH/ITGB1/WARS1/TUBG1/PSMA3/SELL/TUBA4A/EED/RFC4/AFF1/TRIP13/CASP1/MAPK1/STIL/UBE2S/CKS1B/LMNB1/ESPL1/PCNA/IFI30/ORC1/PSMD14/KIFC1/TOP1/CCNB1/MAD2L1/RRM2/DDX39A/KIF23/CENPE/CCNE1/SUMO1/CDC6/MKI67/KPNA2/CDKN1A/SNRPF/FOXM1/PLK4/NEK2/HMMR/CCNA2/CENPA/SUMO2/PSMB8/CDKN3/GZMB/HPGD/TUBA1A/CDC20/NME1/KIF11/PHB1/EZH2/TOP2A/KIF14/CDK1"
"WP_PSORIASIS_MECHANISM_AND_THERAPIES","WP_PSORIASIS_MECHANISM_AND_THERAPIES",18,-0.845505916435871,-1.71652820645156,0.00165924205325542,0.03333232924762,0.0290374290155343,1175,"tags=28%, list=7%, signal=26%","STAT3/CCL20/TNF/IL12RB1/JAK2"
"WP_EGFEGFR_SIGNALING","WP_EGFEGFR_SIGNALING",162,-0.541454203281479,-1.54240392864977,0.00167072622698778,0.0334568214062615,0.0291458802489506,1202,"tags=21%, list=7%, signal=20%","MAPK8/STAT3/MAP2K5/EGF/PLD2/GRB2/PIK3R2/PAK1/STAT5A/RAB5A/RAP1A/PXDN/PLSCR1/NDUFA13/MAPK1/MAPK14/PCNA/PTEN/FOXO1/MYBL2/RPS6KA2/MTOR/AKT1/FOS/NEDD8/ERBB2/AURKA/STAT1/CAV1/JAK2/BCAR1/CDC42/SRC/EGFR"
"VERNELL_RETINOBLASTOMA_PATHWAY_UP","VERNELL_RETINOBLASTOMA_PATHWAY_UP",69,-0.64191829663999,-1.62060651832156,0.00168228522300963,0.0335820217388169,0.029254948407443,1736,"tags=28%, list=10%, signal=25%","BLM/CLSPN/RECQL4/ZNF367/HUNK/ASF1B/FANCA/EED/RFC4/ESCO2/PCNA/RRM2/CCNE1/MCM4/CDKN1A/FEN1/MELK/CDC25A/EZH2"
"SHAFFER_IRF4_TARGETS_IN_ACTIVATED_DENDRITIC_CELL","SHAFFER_IRF4_TARGETS_IN_ACTIVATED_DENDRITIC_CELL",65,-0.676735937082437,-1.69972475708173,0.00168838309037857,0.0335977616223761,0.0292686601930241,2076,"tags=32%, list=12%, signal=29%","GFPT1/DNAJB9/NSD2/TNFRSF17/ELL2/UAP1/FHL1/BMI1/ISG20/PDIA4/ATRX/MYB/SLAMF7/HMMR/CASP3/IRF4/TXNDC5/AURKA/DUSP5/CAV1/HSP90B1"
"SASAKI_ADULT_T_CELL_LEUKEMIA","SASAKI_ADULT_T_CELL_LEUKEMIA",163,-0.531632597044483,-1.5138294695312,0.00172005984763874,0.0341208110214983,0.0297243142124537,1924,"tags=29%, list=11%, signal=27%","ZWINT/IDH1/MYO1D/DAAM1/ATP5MC3/ETFA/PRDX4/HMGN4/CORO1A/KIF2C/DLGAP5/TYMS/PRDX1/PPIB/POLR2E/CCNB2/CENPF/PPP1CC/VAMP5/PTPRM/MRPS12/CEP164/PTPRN2/ISG20/MSX1/SELL/PCNA/TPX2/MYB/SMARCA2/CCNB1/IFI16/MKI67/FOXM1/TRAFD1/CCNA2/CDKN3/IRF4/NME1/KIF11/BUB1B/TOP2A/STAT1/CAV1/H4C3/PLK1/KIF14/ISG15"
"WP_PHOTODYNAMIC_THERAPYINDUCED_UNFOLDED_PROTEIN_RESPONSE","WP_PHOTODYNAMIC_THERAPYINDUCED_UNFOLDED_PROTEIN_RESPONSE",26,-0.792374733730882,-1.73076227167383,0.00172824388395093,0.0341760228051296,0.0297724119087204,988,"tags=50%, list=6%, signal=47%","EDEM1/DNAJB9/CALR/DDIT3/WARS1/PDIA6/PPP1R15A/DNAJC3/DNAJB11/UBE2E1/ERN1/HSP90B1/ATF3"
"REACTOME_MITOTIC_SPINDLE_CHECKPOINT","REACTOME_MITOTIC_SPINDLE_CHECKPOINT",110,-0.583894567067647,-1.57668470570439,0.00175501799690974,0.0345697110760908,0.0301153730962618,1332,"tags=25%, list=7%, signal=24%","PPP2R5C/NUF2/CENPF/CENPH/CENPU/PPP1CC/NUP37/MAPRE1/NSL1/UBE2S/DYNLL2/RCC2/CDCA8/UBE2E1/MAD2L1/CENPE/DSN1/AURKB/KNL1/CENPA/BIRC5/PPP2CA/BUB1/UBE2D1/CDC20/BUB1B/NDC80/PLK1"
"LANDIS_ERBB2_BREAST_TUMORS_324_UP","LANDIS_ERBB2_BREAST_TUMORS_324_UP",147,-0.558661147139989,-1.56164365524185,0.00175907821847365,0.0345697110760908,0.0301153730962618,2065,"tags=20%, list=12%, signal=18%","SHROOM3/LITAF/PITPNC1/KRT8/ALDOC/ID2/SOX4/CALM2/SOCS2/ELL2/CD9/CTSC/GOLPH3/CCND1/ACSL4/CTNND1/PDIA4/NR4A1/ENAH/CIP2A/PTPN2/RRM2/UNC119B/ANK3/DUSP6/CHEK1/PPP1CB/PPP3CA/CDK1"
"VISALA_RESPONSE_TO_HEAT_SHOCK_AND_AGING_DN","VISALA_RESPONSE_TO_HEAT_SHOCK_AND_AGING_DN",12,0.896357003835807,1.68627349936381,0.0017759529699099,0.0347932829522905,0.0303101375376182,828,"tags=58%, list=5%, signal=56%","CCT4/DNAJB1/HSPA8/TRA2A/SOD1/STIP1/DYNLL1"
"REACTOME_SARS_COV_1_HOST_INTERACTIONS","REACTOME_SARS_COV_1_HOST_INTERACTIONS",96,0.581913132652876,1.58445037087854,0.00178864205214013,0.0349337250183418,0.0304324835187065,703,"tags=36%, list=4%, signal=35%","NFKB1/RPS27A/RPS12/RPS20/RPS18/RPS6/UBB/RPS3A/NFKBIA/UBA52/RPS15A/RPS8/RPS29/RPS7/RPS10/RPS13/RPS27/RPS11/TRAF6/RPS24/RPS14/EP300/RPSA/UBE2I/EEF1A1/RPS3/PALS1/TRAF3/RPS27L/RPS25/RPS16/RELA/PPIG/PSMC6/PPIH"
"SA_PTEN_PATHWAY","SA_PTEN_PATHWAY",17,-0.849470297743722,-1.70333231782368,0.00181293594130814,0.035190977412877,0.030656588713693,1415,"tags=41%, list=8%, signal=38%","SOS1/GRB2/MAPK1/AKT3/PTEN/AKT2/AKT1"
"KAMMINGA_EZH2_TARGETS","KAMMINGA_EZH2_TARGETS",41,-0.72092601770414,-1.68932339834949,0.00181018555673402,0.035190977412877,0.030656588713693,1222,"tags=44%, list=7%, signal=41%","CCNB2/PPP1CC/SMC4/EED/MCM2/SETDB1/PCNA/ECT2/MAD2L1/MCM4/AURKB/MKI67/KPNA2/NEK2/CDCA7/AURKA/TOP2A/PRC1"
"REACTOME_FOLDING_OF_ACTIN_BY_CCT_TRIC","REACTOME_FOLDING_OF_ACTIN_BY_CCT_TRIC",10,0.914876331211392,1.66114421101884,0.00182461250504423,0.0353093208927214,0.030759683531037,888,"tags=70%, list=5%, signal=67%","TCP1/CCT4/CCT6A/ACTB/CCT3/CCT7/CCT2"
"PID_DNA_PK_PATHWAY","PID_DNA_PK_PATHWAY",16,0.848576459487697,1.68324287017599,0.00184986074294238,0.0356887767723761,0.0310902461835341,1134,"tags=38%, list=6%, signal=35%","CSNK2A1/CSNK2A2/XRCC6/XRCC5/CSNK2B/PRKDC"
"PASINI_SUZ12_TARGETS_DN","PASINI_SUZ12_TARGETS_DN",309,-0.465351131662323,-1.4139585663995,0.00186866997889248,0.0359420778918894,0.0313109092287951,2032,"tags=22%, list=11%, signal=20%","GNG12/COLEC12/KRT8/S100A6/SH3PXD2A/B2M/TGFB1I1/TBXT/ID2/DBN1/SOX4/AMOTL2/FOSL2/TAGLN/VIM/RDH10/ELOC/MTPN/BHLHE40/KRT19/ACSL4/TUBB6/RTN3/SERPINH1/SCD/PKP2/ITGB1/PRTG/DUSP1/KLHDC2/CALD1/VCL/SDC1/JAG1/GNG2/CNN1/CDK6/BMP4/KIF5C/PXDN/ANXA5/SAMD4A/CDH2/PLK2/UBE2E1/AIF1L/FOXP1/IRS2/COL11A1/RHOBTB3/DSP/WNT4/TMEM123/FLRT3/CDKN1A/AKT1/DUSP6/SFN/EPHA1/GLI3/TUBA1A/RAP2B/COL1A2/AXL/KRT18/CAV1/IRS1/RND3"
"KEGG_MEDICUS_REFERENCE_TYPE_I_INTERFERON_TO_JAK_STAT_SIGNALING_PATHWAY","KEGG_MEDICUS_REFERENCE_TYPE_I_INTERFERON_TO_JAK_STAT_SIGNALING_PATHWAY",17,-0.848549639352555,-1.70148624127984,0.0018880828860197,0.0362054197052505,0.0315403192155827,155,"tags=18%, list=1%, signal=18%","JAK1/STAT2/STAT1"
"REACTOME_NUCLEAR_EVENTS_MEDIATED_BY_NFE2L2","REACTOME_NUCLEAR_EVENTS_MEDIATED_BY_NFE2L2",86,0.58502138866154,1.58359666179769,0.00189976174923219,0.0363193122330554,0.0316395365900111,902,"tags=24%, list=5%, signal=23%","NFKB1/RPS27A/GSK3B/UBB/UBA52/CDKN2A/TXN/GSR/EP300/PSMD1/PSMC1/PSMD7/PSMA7/RELA/RBX1/PSMC6/ABCF2/PSMC5/BTRC/CREBBP/PSMD2"
"FRASOR_RESPONSE_TO_SERM_OR_FULVESTRANT_DN","FRASOR_RESPONSE_TO_SERM_OR_FULVESTRANT_DN",49,-0.719626766734327,-1.7148797093997,0.0019142348763875,0.0364626956673761,0.0317644449414547,1867,"tags=39%, list=10%, signal=35%","MCM5/MTHFD1/BLM/KIF2C/CENPF/RFC2/CDK8/MCM2/CKS1B/TIMELESS/MYB/CDKN2C/POLE/FOXM1/CCNA2/CDC20/KIF11/AURKA/CDK1"
"LIM_MAMMARY_STEM_CELL_UP","LIM_MAMMARY_STEM_CELL_UP",475,-0.433052689503698,-1.35453354980715,0.00191878597617514,0.0364626956673761,0.0317644449414547,2784,"tags=23%, list=16%, signal=20%","CDH3/EFNB1/PPP1R3C/PCDH7/PLCH2/ITGA9/TENM3/WIPF1/EEPD1/WTIP/RAB34/MATN2/SLC27A3/PKP1/NGFR/FBLN7/C1QTNF4/SPRED1/CD36/TIMP3/DMWD/PKD1/HSPB2/RBPMS/PKNOX2/COL5A2/MSRB3/IRX4/GNG11/PRICKLE1/CADM1/ZNF219/TGFBR3/CLIP3/MICAL2/FEZ1/PXN/FABP5/PPP2R2B/TGFB1I1/FGL2/TSHZ3/RFX2/CNP/LAMB3/RAPGEF1/TAGLN/TCF7L1/COL4A1/LRCH2/FHL1/VIM/TBX2/QRICH2/LRP4/DCHS1/CCND2/TSKU/HDAC4/TUBB6/SERPINH1/ACVR2A/SPHK1/EPHB1/GNB4/PRICKLE2/ITGB1/CLXN/SERPING1/ITGA1/CALD1/MSX1/JAG1/LTBP4/CNN1/AHI1/STAC2/BAG3/NRG1/MPDZ/NLGN2/AKT3/COL16A1/PLEKHA4/PLS3/KCNIP3/MYH11/SLIT3/GEM/ZNF423/FOXP1/SLIT2/HAS2/FLRT2/LAG3/CDKN1A/COL12A1/DUSP6/DLL1/RARB/SBSPON/ALDH1L2/AXL/CAV1/BCAR1/RND3/RHOJ/EGFR"
"SESTO_RESPONSE_TO_UV_C3","SESTO_RESPONSE_TO_UV_C3",21,-0.827950361848865,-1.7325280923787,0.00194257983118178,0.0364766919042087,0.0317766377507387,963,"tags=29%, list=5%, signal=27%","DUSP1/MYD88/HSPA1B/H2BC21/RND3/ATF3"
"KEGG_MEDICUS_VARIANT_ERBB2_OVEREXPRESSION_TO_PI3K_SIGNALING_PATHWAY","KEGG_MEDICUS_VARIANT_ERBB2_OVEREXPRESSION_TO_PI3K_SIGNALING_PATHWAY",12,-0.906392630152731,-1.73188790690832,0.00193679953111898,0.0364766919042087,0.0317766377507387,502,"tags=58%, list=3%, signal=57%","EGF/AKT3/AKT2/MTOR/AKT1/ERBB2/EGFR"
"REACTOME_REGULATION_OF_LOCALIZATION_OF_FOXO_TRANSCRIPTION_FACTORS","REACTOME_REGULATION_OF_LOCALIZATION_OF_FOXO_TRANSCRIPTION_FACTORS",12,-0.904980992772995,-1.72919062360573,0.00193679953111898,0.0364766919042087,0.0317766377507387,502,"tags=75%, list=3%, signal=73%","AKT3/FOXO1/AKT2/FOXO3/YWHAQ/AKT1/SFN/YWHAZ/YWHAB"
"ALTEMEIER_RESPONSE_TO_LPS_WITH_MECHANICAL_VENTILATION","ALTEMEIER_RESPONSE_TO_LPS_WITH_MECHANICAL_VENTILATION",118,-0.580717276015818,-1.59138411058547,0.00194057571480735,0.0364766919042087,0.0317766377507387,2361,"tags=29%, list=13%, signal=25%","AKAP12/MEFV/FPR2/CH25H/CLEC4E/CLEC4D/LITAF/CCRL2/OAS3/FGL2/CMPK2/IL4I1/TREX1/TLR2/CYBB/GCH1/CCL20/CCL2/LILRB1/OSMR/SELL/CCR1/NFKBIZ/IRF7/GEM/FCGR1A/TRIM5/USP18/STAT2/IFIH1/IFIT2/STAT1/ISG15/ATF3"
"REACTOME_CYTOSOLIC_SENSORS_OF_PATHOGEN_ASSOCIATED_DNA","REACTOME_CYTOSOLIC_SENSORS_OF_PATHOGEN_ASSOCIATED_DNA",63,0.644325276439607,1.64281790321526,0.00195905763699486,0.0365690758905707,0.0318571179783949,897,"tags=33%, list=5%, signal=32%","NFKB1/RPS27A/CTNNB1/UBB/NFKBIA/POLR3B/UBA52/DHX9/IKBKB/XRCC6/DHX36/EP300/XRCC5/POLR3C/POLR1C/RELA/NFKBIB/POLR2H/MRE11/CREBBP/TRIM32"
"LIU_VAV3_PROSTATE_CARCINOGENESIS_UP","LIU_VAV3_PROSTATE_CARCINOGENESIS_UP",85,-0.628976834309339,-1.63717976726767,0.0019538077369232,0.0365690758905707,0.0318571179783949,2449,"tags=42%, list=14%, signal=37%","PSMB10/CD36/SAT1/AGTR1/PITX2/MMP7/ABCB4/PLAT/TNC/MBP/IGF1/ITGB6/TGFBR2/LGALS3/TLR2/PLAAT3/CYBB/LTBP2/PSMB9/CCND2/CD74/KRT7/GPNMB/RXRG/TNFSF13B/CASP1/CDKN2C/CTSS/TGM2/TAP1/IRF1/PSMB8/C1QA/STAT1/IFIT3/RNASEL"
"BILANGES_SERUM_SENSITIVE_GENES","BILANGES_SERUM_SENSITIVE_GENES",80,0.597846241293026,1.60392543179695,0.00199157769967589,0.03706677553985,0.0322906885857666,1386,"tags=24%, list=8%, signal=22%","RPS18/TUBB/RPL31/DDX6/JUN/MRPS5/CYP17A1/AQP1/LARS2/RPL10A/SUPT16H/BGN/EIF3E/TUBB2A/ARID5B/AHCY/CDC37/MTDH/KHSRP"
"KEGG_MEDICUS_REFERENCE_COHESIN_DISSOCIATION_IN_PROPHASE","KEGG_MEDICUS_REFERENCE_COHESIN_DISSOCIATION_IN_PROPHASE",16,-0.871416757115724,-1.74413589527702,0.00201601423586823,0.0374049950272261,0.0325853281917598,232,"tags=31%, list=1%, signal=31%","PPP2R5C/AURKB/PPP2CA/PLK1/CDK1"
"GARGALOVIC_RESPONSE_TO_OXIDIZED_PHOSPHOLIPIDS_GREY_DN","GARGALOVIC_RESPONSE_TO_OXIDIZED_PHOSPHOLIPIDS_GREY_DN",73,-0.629150189705712,-1.60308717248938,0.00202157210798219,0.0374049950272261,0.0325853281917598,315,"tags=26%, list=2%, signal=26%","HEY2/HOXA5/DUSP10/EXOSC4/SH2D3C/ZNF395/SOX4/GBP1/PIDD1/SMAD7/FOXP1/RHOBTB3/FLRT2/AURKB/LMO2/STAT1/IFIT5/IFIT1/IFIT3"
"CHANG_IMMORTALIZED_BY_HPV31_DN","CHANG_IMMORTALIZED_BY_HPV31_DN",57,-0.68558364189457,-1.67799970794048,0.00208835883180805,0.0385280894684587,0.0335637109166143,456,"tags=26%, list=3%, signal=26%","PTPRU/PHF7/TRIM22/MX2/IFITM1/DSP/IFI27/CDKN1A/IFI44/FOS/SAMD9/IFI35/MX1/STAT1/IFIT1"
"WP_EPO_RECEPTOR_SIGNALING","WP_EPO_RECEPTOR_SIGNALING",26,-0.787697449458377,-1.72054580866948,0.00213616104441943,0.0392954275845527,0.0342321768348364,1415,"tags=50%, list=8%, signal=46%","SOS1/STAT3/GRB2/PDK1/STAT5A/MAPK1/PTPRU/IRS2/AKT1/STAT1/JAK2/IRS1/SRC"
"BEIER_GLIOMA_STEM_CELL_DN","BEIER_GLIOMA_STEM_CELL_DN",66,-0.642720700355732,-1.61535232950354,0.0021438743310726,0.0393230051218186,0.034256200981929,1461,"tags=26%, list=8%, signal=24%","RNF112/HLA-DPA1/CACNA1A/LRCH2/DUSP3/FBXO6/CCND1/CD74/LNX1/HLA-DRA/GPNMB/HLA-DRB1/EIF4E3/NFKBIZ/HLA-DQB1/YWHAB/IFIT5"
"REACTOME_MAPK_FAMILY_SIGNALING_CASCADES","REACTOME_MAPK_FAMILY_SIGNALING_CASCADES",307,-0.465957221484508,-1.41845897659818,0.00217067833729876,0.0396995737526778,0.0345842484102026,1591,"tags=20%, list=9%, signal=19%","RAC1/ARAF/CDC14B/RET/FGF18/FGFR2/SOS1/LRRC7/PPP2R5C/PSMC3/HSPB1/PPP1CC/DUSP2/DUSP9/EGF/PSMA4/GRB2/TEK/UBC/DUSP1/PIK3R2/SYNGAP1/PSMA3/PAK1/VCL/PDGFRA/RAP1A/PDGFRB/NRG1/PRKACG/DUSP16/DLG2/PSMA6/MAPK1/MET/ARRB1/MRAS/FOXO1/ACTG1/FGFR3/PSMD14/PSMB5/FOXO3/IRS2/NRAS/CUL3/DUSP6/PSMC2/ERBB2/PPP1CB/PPP2CA/MOV10/NCAM1/PHB1/DUSP5/YWHAB/JAK2/IRS1/CDC42/SRC/CDK1/EGFR"
"REACTOME_EPIGENETIC_REGULATION_OF_GENE_EXPRESSION","REACTOME_EPIGENETIC_REGULATION_OF_GENE_EXPRESSION",283,0.455749719038144,1.40801507769646,0.00221535047492037,0.040399820764542,0.0351942679725708,1867,"tags=26%, list=10%, signal=24%","H3C13/GSK3B/DDX21/HDAC1/RBBP7/ACTL6A/CEBPA/MED14/POLR1B/SMARCA5/SIN3A/PAXIP1/KAT2B/EZH1/H3C4/EP300/ACTB/ABL1/WDR5/UBE2I/SMARCB1/SF3B1/H2AX/H3C12/UBTF/PPARG/MTREX/PLIN2/POLR1A/H2BC26/POLR1C/NCOA6/SETD1B/H3C15/H3C14/NCOR1/CHD4/H2BC12L/ATF7IP/POLR2H/RRP8/CREBBP/DPY30/HDAC2/KDM6A/POLR1E/GTF2H5/RBBP5/GATAD2B/MPHOSPH8/SMARCA4/H4C16/SMARCD2/SMARCC1/PLIN4/ARID1A/POLR2K/EHMT1/WDR82/SAP130/PPARGC1A/H2BC4/NCOR2/HDAC3/SIN3B/MED27/GTF2H3/POLR2F/ZZZ3/POLR1G/DNMT3A/PHF20L1/SS18L1/MED23"
"MIYAGAWA_TARGETS_OF_EWSR1_ETS_FUSIONS_UP","MIYAGAWA_TARGETS_OF_EWSR1_ETS_FUSIONS_UP",256,-0.491100399008039,-1.46750237855513,0.00227838447645302,0.0414299338132032,0.0360916500398804,1818,"tags=18%, list=10%, signal=16%","ID2/EPHB3/HMCN1/HIP1R/SOX4/MAFB/BHLHE41/CMPK2/RAPH1/PTPN13/ADCY9/P2RX4/NTNG1/GSTM1/FGF18/WDFY2/GP1BB/FOXL2/KRT19/CDH11/GCH1/FZD4/ISM2/CPPED1/HMGB3/JAG1/TRIM69/ERCC6/LRIG3/RAB11FIP1/KMO/CDK14/SIRPA/SPTLC2/PODXL/DAPK1/TGM2/IFITM1/DUSP6/CEACAM1/CASP3/EZH2/UBE2L6/KRT18/EPHB2/CDK1"
"CHIARADONNA_NEOPLASTIC_TRANSFORMATION_CDC25_UP","CHIARADONNA_NEOPLASTIC_TRANSFORMATION_CDC25_UP",121,-0.570892982038024,-1.57163049410916,0.00230766926475018,0.0418422094766165,0.0364508036178456,2280,"tags=31%, list=13%, signal=27%","PSPC1/CYP1B1/EFNB2/GTF2A2/PGRMC1/HMGA2/SRSF3/TNC/SRSF6/DPEP1/FGFR2/LAMA4/LTBP2/CCNB2/TMEM176B/CCL2/THBS2/OSMR/ENAH/F2R/PLSCR1/RBM3/HNRNPU/PTEN/ENO2/TOP1/IFI16/PDK4/HAS2/VCAM1/UBE2D2/RAB11A/DLK1/ANK3/HMGN2/NCAM1/HSP90B1"
"WP_INTEGRATIVE_ANALYSIS_OF_TREGGLIAL_INTERACTIONS","WP_INTEGRATIVE_ANALYSIS_OF_TREGGLIAL_INTERACTIONS",111,-0.573172492661936,-1.55054417941024,0.00236463628758971,0.0427205163869015,0.0372159399025555,1634,"tags=25%, list=9%, signal=23%","CNP/RAC1/MBP/IGF1/IL4/TGFBR1/TGFBR2/LGALS3/STAT3/CCL20/STAT5A/ROS1/TNF/SMAD3/IL12RB1/PDGFRA/CASP1/MOG/MYD88/SIRPA/MAPK14/FOXO1/TGM2/FOXO3/STAT1/IGF1R/CDC42/EGFR"
"WP_NETWORK_MAP_OF_SARSCOV2_SIGNALING","WP_NETWORK_MAP_OF_SARSCOV2_SIGNALING",249,-0.498653681231878,-1.48765768054789,0.00236961144939988,0.0427205163869015,0.0372159399025555,1531,"tags=20%, list=9%, signal=18%","IL4/SDF2/TGFBR2/TRAF2/CCR5/LARP1/MDN1/SMAD1/CCNB2/MAPK8/CCL20/GABARAPL2/HLA-DRA/DUSP1/CCL2/GP1BA/HLA-DRB1/TNF/EIF4E/ZAP70/IFITM3/HLA-DRB5/MYD88/RRAS/ACTG1/MAP1LC3B/CCNB1/RRM2/IFITM1/MTOR/IFI27/IFI6/IFI44L/AKT1/TBK1/CTSL/FOS/CASP3/LGALS3BP/CFB/BIRC5/MX1/MOV10/IFIH1/STAT1/RIGI/JAK2/IFIT1/CDK1"
"LEI_MYB_TARGETS","LEI_MYB_TARGETS",312,-0.46253083897584,-1.40885357143188,0.00238744864286201,0.0429198153750874,0.0373895590390799,1322,"tags=19%, list=7%, signal=18%","CCND1/BHLHE40/HSPB1/DAB2/KRT19/PPIB/CCND2/FAP/PSMA4/JUP/MRPS12/SERPING1/UBC/TUBG1/CCL2/ISG20/LPCAT1/TXNRD1/TRIM37/ASAH1/VCL/KRT7/TNFAIP6/TUBA4A/SMAD3/KRT6A/MCM2/ZFP36L2/SNRPN/NDUFS8/CYP3A5/PCNA/DNAJA1/PLK2/TPX2/SMARCA2/COL6A3/MAP1LC3B/TGM2/SRGAP3/IFITM1/IFI27/ACTR2/AURKB/CDKN1A/FEN1/SFN/LGALS3BP/RAC3/AHNAK2/NME1/COL1A2/AURKA/NUPR1/MUC1/EZH2/AXL/KRT18/CAV1/ISG15"
"WP_ENTEROHEPATIC_CIRCULATION_OF_BILE_ACIDS","WP_ENTEROHEPATIC_CIRCULATION_OF_BILE_ACIDS",12,0.889761817640187,1.6738662914573,0.00244816648501848,0.0438866785189714,0.0382318410080267,963,"tags=25%, list=5%, signal=24%","ABCC2/ABCB1/ABCC4"
"RIGGI_EWING_SARCOMA_PROGENITOR_DN","RIGGI_EWING_SARCOMA_PROGENITOR_DN",183,-0.517721330587455,-1.49702692925577,0.00246246660205671,0.0440183295418498,0.0383465286796639,2172,"tags=22%, list=12%, signal=19%","PTGFR/TGFBR3/SLC2A12/PDE4B/SLC2A5/CEP55/DHRS3/ITPR3/ZNF395/HLA-DPA1/ECM2/MMP16/CLU/CEP126/BMAL2/DLGAP5/ZNF521/HAS3/LAMA4/TANC2/SLC12A8/COL6A2/SERPING1/PDK1/GNG2/PDGFRA/BMP4/ASPM/SLIT3/RRM2/RPS6KA2/PDK4/HAS2/BIRC5/BUB1B/TOP2A/PRC1/ANLN/PBK/EGFR"
"LI_ESTROGENE_BIDIRECTIONAL_E2_RESPONSE","LI_ESTROGENE_BIDIRECTIONAL_E2_RESPONSE",96,-0.594219495537115,-1.58600458165614,0.00247186485153158,0.0440618613534981,0.0383844513787127,1984,"tags=24%, list=11%, signal=21%","DHRS3/STX11/MAFB/ENTREP1/HK2/ABCA12/BHLHE40/GRB14/FAT4/DUSP2/MSX1/TRANK1/LMNB1/ASPM/FOSL1/PDK4/DUSP6/DLL1/DUSP5/IFIT2/MUC1/IFIT1/ISG15"
"SHEPARD_BMYB_MORPHOLINO_DN","SHEPARD_BMYB_MORPHOLINO_DN",195,-0.511645810144109,-1.49062113510682,0.00248962616016763,0.0442538043301706,0.0385516623323414,2396,"tags=29%, list=13%, signal=25%","FGA/HOGA1/RGS2/CDCA7L/BLVRB/SOX21/SARDH/TTN/GRHPR/SLC2A5/VTN/GINS1/MCM5/PSAT1/GTSE1/POU3F3/GINS2/PYGL/GMNN/KRT17/CDC14B/TTK/DLGAP5/GOLGB1/TCN2/LIG1/HEY1/SCIN/GCH1/IQGAP3/MTHFD1L/MCM2/RGS4/TPX2/ASPM/CCNB1/NUMA1/KIF23/SUMO1/MCM4/CDC6/AURKB/MKI67/FOXM1/CTSL/MELK/CFB/BIRC5/CDC20/COL1A2/KIF11/PRC1/HNRNPA2B1/ANLN/KIF14/CDK1"
"KEGG_MEDICUS_REFERENCE_CENPE_INTERACTION_WITH_NDC80_COMPLEX","KEGG_MEDICUS_REFERENCE_CENPE_INTERACTION_WITH_NDC80_COMPLEX",12,-0.898997165422703,-1.71775703745305,0.00251601437606132,0.0444730138874749,0.038742626543467,1301,"tags=67%, list=7%, signal=62%","NUF2/PPP1CC/SPAG5/CENPE/AURKB/PPP1CB/AURKA/NDC80"
"RODWELL_AGING_KIDNEY_UP","RODWELL_AGING_KIDNEY_UP",459,-0.424040042301168,-1.32372697800879,0.00251271820775286,0.0444730138874749,0.038742626543467,1832,"tags=19%, list=10%, signal=18%","FAU/ITPR3/COL27A1/HLA-DPA1/NUB1/PTPN6/RPLP2/CLEC4A/BHLHE41/TNC/CORO1A/C1QC/IL4I1/JAZF1/PSME2/TAGLN/RPS2/ADGRE5/TESC/VIM/GZMA/TREX1/NLRC5/CLEC10A/TMC6/MYOF/PSMB9/CCND2/CDH11/JCHAIN/GNB4/TPSAB1/ZCCHC7/TBXAS1/HLA-DRA/SERPING1/CCL2/ITGA1/LPCAT1/LYN/ERICH3/PDIA4/DLGAP1/OSMR/GPNMB/HLA-DRB1/VARS1/RPL28/MTHFD1L/GNG2/DTX3L/ANTXR2/PXDN/CASP1/SHISA5/FBN1/COMP/RAC2/SPTLC3/PLAAT4/CCR1/MRAS/A2M/NFKBIZ/CSF1R/C1QB/EML3/HLA-DQB1/TRIM22/TAP1/GPX8/IFITM1/STOML1/VCAM1/SAMD9/TRAFD1/IRAK2/TAGLN2/PSMB8/SAMD9L/CFB/C1QA/TXNDC5/TUBA1A/COL1A2/RIGI/AXL/RNF213/RAD54L"
"GILMORE_CORE_NFKB_PATHWAY","GILMORE_CORE_NFKB_PATHWAY",11,0.89309560311113,1.6462227493023,0.00252950901794584,0.0445870001826219,0.0388419256032322,788,"tags=73%, list=4%, signal=70%","NFKB1/NFKBIA/REL/IKBKB/RELB/RELA/NFKBIB/BCL3"
"PID_PTP1B_PATHWAY","PID_PTP1B_PATHWAY",51,-0.688795231800748,-1.65021664592087,0.00253854328683301,0.0446219497752202,0.0388723719097791,1175,"tags=35%, list=7%, signal=33%","STAT3/EGF/GRB2/STAT5A/LYN/HCK/PDGFRB/YES1/INSR/CDH2/CSF1R/AKT1/CAV1/JAK2/BCAR1/IRS1/SRC/EGFR"
"YAO_TEMPORAL_RESPONSE_TO_PROGESTERONE_CLUSTER_15","YAO_TEMPORAL_RESPONSE_TO_PROGESTERONE_CLUSTER_15",34,-0.737348625745016,-1.68921275629994,0.00254836357034106,0.0446704838590533,0.0389146523337984,1024,"tags=18%, list=6%, signal=17%","PTPRD/ALOX15/AURKB/MKI67/BIRC5/CDK1"
"FARMER_BREAST_CANCER_CLUSTER_1","FARMER_BREAST_CANCER_CLUSTER_1",38,-0.730131550889861,-1.69882377200738,0.00257404681403468,0.0446764483841771,0.0389198483245617,1436,"tags=39%, list=8%, signal=36%","GZMA/CCR5/RSAD2/JCHAIN/HERC5/GIMAP4/IFI6/IFI44L/IFI44/MX1/XAF1/IFIT1/IFIT3/ISG15/OASL"
"FURUKAWA_DUSP6_TARGETS_PCI35_DN","FURUKAWA_DUSP6_TARGETS_PCI35_DN",71,-0.634921558820071,-1.61224705310644,0.00256823385159129,0.0446764483841771,0.0389198483245617,1867,"tags=41%, list=10%, signal=37%","CEP55/MCM5/BLM/DTL/KIF2C/LAMB3/DLGAP5/MAP7/CCNB2/CENPF/ARHGAP11A/CALB2/MTFR2/ACOX2/RACGAP1/RFC4/STIL/NCAPG/TPX2/CCNB1/CCNE2/MCM4/AURKB/CCNA2/CENPA/KIF11/AURKA/PRC1/PBK"
"CASTELLANO_NRAS_TARGETS_UP","CASTELLANO_NRAS_TARGETS_UP",68,-0.633070416941442,-1.59640603923937,0.00257404681403468,0.0446764483841771,0.0389198483245617,812,"tags=15%, list=5%, signal=14%","SDC1/PLSCR1/CX3CL1/TAP1/USP18/PSMB8/IFI35/IFIH1/STAT1/ISG15"
"WP_P53_TRANSCRIPTIONAL_GENE_NETWORK","WP_P53_TRANSCRIPTIONAL_GENE_NETWORK",89,-0.597448730775926,-1.56485399463766,0.00258400444194197,0.0446764483841771,0.0389198483245617,1070,"tags=24%, list=6%, signal=22%","TIGAR/PIDD1/CCL2/ULK2/TNF/SLC2A1/IRF5/FASLG/PML/NANOG/PCNA/PRKAG2/PTEN/CX3CL1/CCNE1/MTOR/CDKN1A/SFN/CDC25A/AURKA/ISG15"
"BLANCO_MELO_COVID19_SARS_COV_2_INFECTION_A594_ACE2_EXPRESSING_CELLS_UP","BLANCO_MELO_COVID19_SARS_COV_2_INFECTION_A594_ACE2_EXPRESSING_CELLS_UP",457,-0.433933891200799,-1.35338776652958,0.00258035641851222,0.0446764483841771,0.0389198483245617,2469,"tags=23%, list=14%, signal=20%","SMCHD1/DUSP10/SALL1/NR4A3/NAV2/ZNF317/DNAH17/SOCS1/FLT3LG/DBP/HERC6/POU2F2/PARP12/INHBA/CLEC4E/COLEC11/PDE4B/H2BC18/ICAM5/CD200R1/TANK/PPM1K/RSF1/AEN/ZNF44/OAS3/DIRAS1/CLEC4A/BHLHE41/CMPK2/MKRN3/DDIT3/PLEKHG2/SIX4/SP110/APOBEC3F/ARL5B/NLRC5/DCHS1/TTC21A/PSMB9/CHD2/SNIP1/ALX3/TSSK3/HERC5/CCL20/FOXC2/SERPING1/TRIM21/DUSP1/CCL2/PPP1R15A/ROS1/TNF/NR4A1/ARID4B/REC8/TNFSF13B/ARL14/IFITM3/PLSCR1/C2/LAMP3/SELE/BATF2/TRIM38/TRANK1/HNRNPU/ZBTB20/PLEKHA4/XRN1/NFKBIZ/UBXN7/DDX60L/IRF7/PNPT1/GEM/TGM2/H2BC21/FOSL1/SCUBE2/IFITM1/SP100/LMO2/KLF4/PHF21B/USP18/LGALS9/IRF1/LOX/IFI44/FOS/DHX58/STAT2/IRAK2/CENPA/DLL1/DDX60/RIGI/IFIT5/RND1/ATF3"
"PEDERSEN_TARGETS_OF_611CTF_ISOFORM_OF_ERBB2","PEDERSEN_TARGETS_OF_611CTF_ISOFORM_OF_ERBB2",73,-0.622735326747743,-1.58674197433247,0.00259403941064854,0.0447277422086757,0.0389645328942103,1553,"tags=16%, list=9%, signal=15%","HK2/ITGB6/SH2D3A/ITGB1/ISG20/SRCAP/ANKRD22/UBE2E3/MET/COL13A1/EPHA1/EGFR"
"REACTOME_ENDOSOMAL_SORTING_COMPLEX_REQUIRED_FOR_TRANSPORT_ESCRT","REACTOME_ENDOSOMAL_SORTING_COMPLEX_REQUIRED_FOR_TRANSPORT_ESCRT",31,0.736910733771495,1.65713364685276,0.00260825115563179,0.044850579654451,0.0390715426259831,343,"tags=13%, list=2%, signal=13%","RPS27A/UBB/UBA52/CHMP4B"
"CHICAS_RB1_TARGETS_LOW_SERUM","CHICAS_RB1_TARGETS_LOW_SERUM",93,-0.60525696078351,-1.6042277874522,0.0026248240337393,0.0450132425081363,0.0392132462264804,1994,"tags=31%, list=11%, signal=28%","ATP5MC2/ATOX1/CDT1/MT2A/ELOB/RNF145/ATP5MF/CENPW/MCM5/NSD2/SOX4/DTL/FMO2/SEC62/NFIB/RPS28/TYMS/SNRPB/ZNF367/NDUFA3/NIBAN1/RAD51D/LMNB1/POLR2L/CCNE2/MCM4/CDCA7/H4C3/EGFR"
"PID_A6B1_A6B4_INTEGRIN_PATHWAY","PID_A6B1_A6B4_INTEGRIN_PATHWAY",46,-0.685484116659844,-1.62658492245684,0.0026452277951781,0.0452405445618569,0.0394112602086706,1591,"tags=48%, list=9%, signal=44%","RAC1/LAMB3/RXRA/LAMC3/CD9/LAMA4/EGF/GRB2/YWHAE/YWHAH/ITGB1/RXRG/CASP7/MST1R/MET/YWHAQ/AKT1/SFN/ERBB2/YWHAZ/YWHAB/EGFR"
"REACTOME_PLASMA_LIPOPROTEIN_CLEARANCE","REACTOME_PLASMA_LIPOPROTEIN_CLEARANCE",36,0.722034017554979,1.6611690190906,0.00272915470472611,0.0464074790250515,0.040427834129715,1432,"tags=25%, list=8%, signal=23%","RPS27A/UBB/UBA52/CLTC/PCSK9/AP2B1/APOE/HDLBP/CLTA"
"QI_PLASMACYTOMA_UP","QI_PLASMACYTOMA_UP",249,-0.494780264767022,-1.4761019295913,0.00273416151098844,0.0464074790250515,0.040427834129715,1818,"tags=23%, list=10%, signal=21%","ID2/CLU/FGL2/PTPN6/CISH/PLAC8/MARCO/PTPN13/CNP/IGF1/CD244/DAPP1/MTPN/CCR5/RSAD2/BHLHE40/PSMB9/KLRD1/SCIN/MOB1A/DUSP2/GNB4/GRB2/ITGB1/TRIM21/BCL2/HCK/TNF/CD5L/STK17B/CASP7/TNFSF13B/ZAP70/PLSCR1/CASP1/RAC2/IRF2/ARRB1/CCR1/XCL1/CSF1R/MYB/LIMK1/TGM2/TRIM5/SP100/ACTR2/LAG3/LGALS9/IRF1/TUBA8/CASP3/PSMB8/IFI35/UBE2D1/TUBB3/AXL"
"YAMAZAKI_TCEB3_TARGETS_DN","YAMAZAKI_TCEB3_TARGETS_DN",193,-0.502054089333951,-1.46150708702098,0.00273545980978891,0.0464074790250515,0.040427834129715,1690,"tags=22%, list=9%, signal=20%","TUBB4B/YBX1/DPYS/RFX2/CKS2/GCLM/CDKN1C/ARL6IP1/SIX4/CACNA1A/ALDH2/LGALS3/STAG3/KRT19/MDN1/ELAVL2/CBX7/ENAH/EED/LTBP4/GNG2/IFITM3/ESCO2/RBM3/CLYBL/UBE2S/UCHL1/MYBL2/ECT2/ASH2L/CCNE1/TUBA1B/KPNA2/DUSP6/NEK2/SOX2/KIF11/AURKA/PHB1/BUB1B/KIF20A/TOP2A/TUBB2B"
"CHNG_MULTIPLE_MYELOMA_HYPERPLOID_UP","CHNG_MULTIPLE_MYELOMA_HYPERPLOID_UP",53,0.64607984620561,1.60569878530025,0.00274717369397807,0.0464815912713723,0.0404923969472647,1432,"tags=42%, list=8%, signal=38%","RPS6/UBA52/RPL13A/RPS13/RPL35A/RPL24/RPS14/RPL27A/RPSA/RPL7A/RPL37/RPS3/RPS16/RPL15/RPL32/RPL35/IMP3/EEF1B2/RPS19/RPL14/RPS23/CLTA"
"SIMBULAN_PARP1_TARGETS_DN","SIMBULAN_PARP1_TARGETS_DN",16,-0.864162346556184,-1.72961623203593,0.00276964546243597,0.0464889031466706,0.0404987666809358,1222,"tags=50%, list=7%, signal=47%","CCNB2/SERPINH1/UBE2S/PCNA/CCNB1/CCNA2/TAGLN2/CDC20"
"REACTOME_FORMATION_OF_TC_NER_PRE_INCISION_COMPLEX","REACTOME_FORMATION_OF_TC_NER_PRE_INCISION_COMPLEX",51,0.661580618189864,1.62401803942535,0.00276590123495652,0.0464889031466706,0.0404987666809358,1670,"tags=41%, list=9%, signal=37%","RPS27A/UBB/COPS6/UBA52/PPIE/DDB1/POLR2G/POLR2A/RBX1/POLR2H/ISY1/GTF2H5/POLR2C/POLR2D/CUL4A/POLR2K/PRPF19/TCEA1/AQR/GTF2H3/POLR2F"
"WP_AFFECTED_PATHWAYS_IN_DUCHENNE_MUSCULAR_DYSTROPHY","WP_AFFECTED_PATHWAYS_IN_DUCHENNE_MUSCULAR_DYSTROPHY",72,0.599624663314327,1.57118060997346,0.00276018656298347,0.0464889031466706,0.0404987666809358,1041,"tags=18%, list=6%, signal=17%","NFKB1/HSPA9/NFKBIA/PPIF/SLC25A5/ATP2A1/NOX4/GP2/DMD/VDAC1/CAPN3/CACNA1S/TGFB1"
"DESERT_STEM_CELL_HEPATOCELLULAR_CARCINOMA_SUBCLASS_UP","DESERT_STEM_CELL_HEPATOCELLULAR_CARCINOMA_SUBCLASS_UP",239,-0.491549171484453,-1.45623491449318,0.00279749121341764,0.0468320751283249,0.0407977206479203,1872,"tags=24%, list=10%, signal=22%","PRMT1/NCL/LBR/RPLP2/SOX4/BLM/SPATS2L/CKS2/KIF2C/P2RX4/HK2/TTK/DLGAP5/COL4A1/LGALS3/CTSC/MTHFD2/KIF15/DAB2/SLC12A8/SERPINH1/PPP1CC/SPHK1/MMS19/CCL20/GNAZ/LPCAT1/RACGAP1/PDGFRA/MAPRE1/TRIP13/DKK1/MCM2/ANXA5/SPAG5/NCAPG/UCHL1/MAT2A/TPX2/CHD7/DDX39A/KIF23/CENPE/DLG5/CENPA/CDC25A/TUBA1C/YWHAZ/BUB1/COL1A2/KIF11/BUB1B/KIF20A/TOP2A/PRC1/H4C3/RND3/CDK1"
"DASU_IL6_SIGNALING_SCAR_UP","DASU_IL6_SIGNALING_SCAR_UP",30,-0.766607834268781,-1.71382698809735,0.00283070129045146,0.0470580536583017,0.0409945816435767,2149,"tags=43%, list=12%, signal=38%","LTBP1/PLEC/DNM1/MYO1D/TNC/ADCY9/LARP1/ZFP36L2/AGRN/UBE2S/TPX2/CCNB1/IRS1"
"REACTOME_PYRUVATE_METABOLISM","REACTOME_PYRUVATE_METABOLISM",48,0.675648279298948,1.64143250321461,0.00283048034978485,0.0470580536583017,0.0409945816435767,893,"tags=23%, list=5%, signal=22%","RPS27A/LDHAL6B/UBB/UBA52/PKM/LDHAL6A/LDHA/PDHA2/VDAC1/PDHB/PDP1"
"REACTOME_CELLULAR_RESPONSE_TO_CHEMICAL_STRESS","REACTOME_CELLULAR_RESPONSE_TO_CHEMICAL_STRESS",192,0.483936086263481,1.44265122449868,0.00283329937481241,0.0470580536583017,0.0409945816435767,968,"tags=20%, list=5%, signal=19%","NFKB1/RPS27A/GSK3B/UBB/CSNK2A1/UBA52/CDKN2A/TXN/CSNK2A2/SIN3A/GSR/VCP/CHD9/EP300/SOD1/PALB2/PSMD1/PSMC1/PSMD7/PRDX6/PSMA7/NOX4/RELA/NCOA6/GPX2/RBX1/PSMC6/NCOR1/CSNK2B/GPX7/ABCF2/UFD1/PSMC5/BTRC/CREBBP/P4HB/PSMD2/NLRP3/GPX3"
"WP_MELATONIN_METABOLISM_AND_EFFECTS","WP_MELATONIN_METABOLISM_AND_EFFECTS",35,0.72953829192982,1.66579406963594,0.0028983527330703,0.0480125028661489,0.0418260492231721,1626,"tags=31%, list=9%, signal=29%","NFKB1/GSK3B/TRAF6/MAP2/CYP2C19/AANAT/MAOA/APOE/BMAL1/PRKCA/CRY1"
"KEGG_MEDICUS_REFERENCE_IFN_RIPK1_3_SIGNALING_PATHWAY","KEGG_MEDICUS_REFERENCE_IFN_RIPK1_3_SIGNALING_PATHWAY",25,-0.80709864216221,-1.75853536970441,0.00299156859676117,0.0489163981403222,0.0426134767883538,1175,"tags=24%, list=7%, signal=22%","STAT3/STAT5A/STAT2/RIPK1/STAT1/JAK2"
"KEGG_MEDICUS_REFERENCE_IGF2_IGF1R_PI3K_SIGNALING_PATHWAY","KEGG_MEDICUS_REFERENCE_IGF2_IGF1R_PI3K_SIGNALING_PATHWAY",11,-0.891328258495439,-1.67940920988489,0.00298562114428252,0.0489163981403222,0.0426134767883538,502,"tags=45%, list=3%, signal=44%","AKT3/AKT2/MTOR/AKT1/IGF1R"
"WP_MRNA_PROCESSING","WP_MRNA_PROCESSING",125,0.540285440248905,1.5372695479452,0.00298861231285268,0.0489163981403222,0.0426134767883538,1194,"tags=27%, list=7%, signal=26%","HNRNPL/SRSF4/HNRNPAB/DHX15/DHX9/DDX1/SF3A1/CSTF2/RBMX/SNRPA1/DHX16/SF3B1/RBM39/SF3B3/DHX8/POLR2A/DDX20/PRPF3/SMC1A/SNRPD2/SRSF5/NCBP1/DICER1/SNU13/SRP54/SRSF1/SF3B2/PABPN1/SRSF9/RBM5/SNRPE/PPM1G/NXF1/PRPF40A"
"MASSARWEH_TAMOXIFEN_RESISTANCE_DN","MASSARWEH_TAMOXIFEN_RESISTANCE_DN",236,-0.489932537360478,-1.45167509356721,0.00297040444718773,0.0489163981403222,0.0426134767883538,1747,"tags=16%, list=10%, signal=14%","CISH/SOX4/KDM1B/NBPF1/ADCY9/RXRA/CCNA1/BLVRA/MYOF/ELOVL2/ZHX2/TSKU/KLF10/TUBB6/TEAD1/CALB2/MYBL1/DUSP2/SCD5/GNB4/BCL2/IRX5/LMNB1/RERG/MYB/CCNB1/FOXO3/RHOBTB3/FRAS1/DLG5/RBBP8/HPGD/ESR1/TOP2A/IGF1R/IRS1/TUBB2B"
"WP_FOCAL_ADHESION_PI3KAKTMTORSIGNALING","WP_FOCAL_ADHESION_PI3KAKTMTORSIGNALING",298,-0.468314153168148,-1.41802515684298,0.00297359998806026,0.0489163981403222,0.0426134767883538,1686,"tags=23%, list=9%, signal=21%","TNC/GYS2/GNGT1/LAMB3/IGF1/LAMC3/FGF18/ITGB6/GNGT2/COL4A1/FLT4/FGFR2/SOS1/PPP2R5C/LAMA4/ITGA8/EGF/COL6A2/GNB4/GRB2/ITGB1/TEK/PIK3R2/THBS2/RAB8A/OSMR/CDKN1B/GNG2/SLC2A1/EIF4E/PDGFRA/F2R/PDGFRB/VEGFD/FOXA1/COMP/INSR/MAPK1/MET/RAB11B/AKT3/TNN/PTEN/FOXO1/PHLPP1/RAB14/FGFR3/CSF1R/AKT2/COL4A6/GNB3/FOXO3/IRS2/COL11A1/NRAS/MTOR/RAB2A/CDKN1A/AKT1/THBS4/MDM2/PPP2R2C/PPP2CA/COL1A2/IGF1R/JAK2/IRS1/HSP90B1/EGFR"
"HOSHIDA_LIVER_CANCER_SUBCLASS_S2","HOSHIDA_LIVER_CANCER_SUBCLASS_S2",112,0.553199258026188,1.53665259326354,0.00300644633030705,0.0490329700468635,0.0427150283011884,1311,"tags=28%, list=7%, signal=26%","CTNNB1/CSNK2A1/RPL31/RPS27/CSNK2A2/COL2A1/DDX1/RPL24/RPS24/RPL27/EP300/EIF4B/NUP153/RBM39/PPARG/TIA1/RPS25/MAPK6/RRP1B/RAB4A/GLUD1/RPS19/AHCY/SNRPE/CSE1L/CUL4A/TPR/SREBF2/TIAL1/SMARCC1/NET1"
"REACTOME_BUDDING_AND_MATURATION_OF_HIV_VIRION","REACTOME_BUDDING_AND_MATURATION_OF_HIV_VIRION",28,0.765109423251014,1.6985773736574,0.00303387360722042,0.0492119548496242,0.0428709507531243,343,"tags=18%, list=2%, signal=18%","RPS27A/UBB/UBA52/NEDD4L/CHMP4B"
"MARZEC_IL2_SIGNALING_DN","MARZEC_IL2_SIGNALING_DN",36,-0.72654165128672,-1.6808347942593,0.0030302267769006,0.0492119548496242,0.0428709507531243,1554,"tags=25%, list=9%, signal=23%","CDKN1C/RGPD4/SOS1/CDKN1B/CASP1/DAPK1/CDKN2C/FOXO3/JAK2"
"REACTOME_CALNEXIN_CALRETICULIN_CYCLE","REACTOME_CALNEXIN_CALRETICULIN_CYCLE",26,0.756607757034584,1.65930256067818,0.00304075131893222,0.0492119548496242,0.0428709507531243,198,"tags=15%, list=1%, signal=15%","RPS27A/UBB/UBA52/CANX"
"REACTOME_REGULATION_OF_TP53_ACTIVITY_THROUGH_METHYLATION","REACTOME_REGULATION_OF_TP53_ACTIVITY_THROUGH_METHYLATION",19,0.792140474711879,1.62189766836489,0.00307109770668129,0.0494501648600663,0.0430784671921231,365,"tags=47%, list=2%, signal=46%","RPS27A/UBB/TP53/UBA52/KMT5A/PRMT5/TTC5/EP300/SMYD2"
"WP_16P112_PROXIMAL_DELETION_SYNDROME","WP_16P112_PROXIMAL_DELETION_SYNDROME",71,0.618128963587921,1.61843478701253,0.0030710990502538,0.0494501648600663,0.0430784671921231,1010,"tags=23%, list=6%, signal=21%","NFKB1/TCP1/CCT4/TP53/CCT6A/SEZ6L2/REL/PAXIP1/TRAF6/PPARG/CCT3/CCT7/CASP8/CCT2/PRRT2/EZR"
