"gene","mean_target","mean_ref","estimate","levene_p","variances_equal","p_val","padj","symbol","description"
"ENSG00000168702",0.708333333333333,8.99625468164794,-8.28792134831461,0.0136800410777134,FALSE,6.0882245564941e-18,1.07779839323615e-13,"LRP1B","LDL receptor related protein 1B"
"ENSG00000269964",0,0.299625468164794,-0.299625468164794,0.00650186591163131,FALSE,1.46296754594547e-17,1.29494572329363e-13,"MEI4","meiotic double-stranded break formation protein 4"
"ENSG00000165072",2.41666666666667,15.9625468164794,-13.5458801498127,0.0133567009745157,FALSE,1.0744718899351e-16,6.34045862250703e-13,"MAMDC2","MAM domain containing 2"
"ENSG00000182774",1.20833333333333,45.7752808988764,-44.5669475655431,0.0092886307034646,FALSE,1.73251668403672e-16,7.6676857143755e-13,"RPS17","ribosomal protein S17"
"ENSG00000183760",0.916666666666667,18.5056179775281,-17.5889513108614,0.0125100705266083,FALSE,2.2656387670938e-16,8.0217206187723e-13,"ACP7","acid phosphatase 7, tartrate resistant (putative)"
"ENSG00000162753",0.166666666666667,3.73408239700375,-3.56741573033708,0.00932484116451684,FALSE,6.03298793714069e-16,1.78003309085336e-12,"SLC9C2","solute carrier family 9 member C2 (putative)"
"ENSG00000169282",3.54166666666667,17.1498127340824,-13.6081460674157,0.0118826711680898,FALSE,1.3545796020874e-15,3.42573181367903e-12,"KCNAB1","potassium voltage-gated channel subfamily A regulatory beta subunit 1"
"ENSG00000167771",0.375,7.62921348314607,-7.25421348314607,0.0123908245369771,FALSE,1.8281950563125e-15,4.04556713523752e-12,"RCOR2","REST corepressor 2"
"ENSG00000082482",0,0.254681647940075,-0.254681647940075,0.012063972297699,FALSE,2.07744347936881e-15,4.08633132391845e-12,"KCNK2","potassium two pore domain channel subfamily K member 2"
"ENSG00000157578",1.41666666666667,12.2172284644195,-10.8005617977528,0.02468144293023,FALSE,2.83980343006844e-15,5.02730401225016e-12,"LCA5L","lebercilin LCA5 like"
"ENSG00000139910",0.0416666666666667,7.29588014981273,-7.25421348314607,0.0136752132515199,FALSE,6.02151203843123e-15,9.69080251057709e-12,"NOVA1","NOVA alternative splicing regulator 1"
"ENSG00000136450",3.5,36.8913857677903,-33.3913857677903,0.0099199790897369,FALSE,9.05811850332976e-15,1.33629893220372e-11,"SRSF1","serine and arginine rich splicing factor 1"
"ENSG00000107518",0,0.760299625468165,-0.760299625468165,0.0148621726775718,FALSE,1.13076495084433e-14,1.53984091729209e-11,"ATRNL1","attractin like 1"
"ENSG00000002933",0,0.344569288389513,-0.344569288389513,0.0150453934206528,FALSE,1.24949660761849e-14,1.57998846033358e-11,"TMEM176A","transmembrane protein 176A"
"ENSG00000100867",1.33333333333333,67.4681647940075,-66.1348314606742,0.0178806503029147,FALSE,1.7627086252501e-14,2.08034871952017e-11,"DHRS2","dehydrogenase/reductase 2"
"ENSG00000165349",1.16666666666667,13.4644194756554,-12.2977528089888,0.0193702333005274,FALSE,2.07111812735206e-14,2.2915627630321e-11,"SLC7A3","solute carrier family 7 member 3"
"ENSG00000144031",2.16666666666667,10.2434456928839,-8.07677902621723,0.00263269067235662,FALSE,2.34862553904105e-14,2.44574811280257e-11,"ANKRD53","ankyrin repeat domain 53"
"ENSG00000075891",0.666666666666667,11.6928838951311,-11.0262172284644,0.0195613287160322,FALSE,2.91108595273629e-14,2.86305303451614e-11,"PAX2","paired box 2"
"ENSG00000167889",7.33333333333333,31.1535580524345,-23.8202247191011,0.0134367343251202,FALSE,1.55875394919088e-13,1.45234848223822e-10,"MGAT5B","alpha-1,6-mannosylglycoprotein 6-beta-N-acetylglucosaminyltransferase B"
"ENSG00000184058",0.333333333333333,5.72284644194757,-5.38951310861423,0.0228243049231518,FALSE,1.90530044147985e-13,1.68647668577589e-10,"TBX1","T-box transcription factor 1"
"ENSG00000163631",2.5,16.7078651685393,-14.2078651685393,0.038133186208779,FALSE,3.55417423437773e-13,2.99616887958043e-10,"ALB","albumin"
"ENSG00000112186",0.333333333333333,16.4456928838951,-16.1123595505618,0.0227027018017802,FALSE,3.85575626984466e-13,3.10265696568454e-10,"CAP2","cyclase associated actin cytoskeleton regulatory protein 2"
"ENSG00000118514",4.45833333333333,38.9812734082397,-34.5229400749064,0.0139065763964955,FALSE,4.30092750531066e-13,3.31040520115281e-10,"ALDH8A1","aldehyde dehydrogenase 8 family member A1"
"ENSG00000149948",2,17.936329588015,-15.936329588015,0.0339351298544907,FALSE,6.12512378870516e-13,4.3974250027723e-10,"HMGA2","high mobility group AT-hook 2"
"ENSG00000138640",0,1.65168539325843,-1.65168539325843,0.0242216113966485,FALSE,6.209999721477e-13,4.3974250027723e-10,"FAM13A","family with sequence similarity 13 member A"
"ENSG00000157703",0,0.468164794007491,-0.468164794007491,0.0249275268505649,FALSE,7.87185960957348e-13,5.35982810262613e-10,"SVOPL","SVOP like"
"ENSG00000227059",0,0.205992509363296,-0.205992509363296,0.0256483962575832,FALSE,9.9619338978802e-13,6.53170799237678e-10,"ANHX","anomalous homeobox"
"ENSG00000138696",5.83333333333333,33.8539325842697,-28.0205992509363,0.0459981983823122,FALSE,1.16113337374164e-12,7.34126575548152e-10,"BMPR1B","bone morphogenetic protein receptor type 1B"
"ENSG00000162944",0,0.359550561797753,-0.359550561797753,0.0274463178503133,FALSE,1.74437074721894e-12,1.06280257224539e-09,"RFTN2","raftlin family member 2"
"ENSG00000102195",0,0.202247191011236,-0.202247191011236,0.0275707969621155,FALSE,1.81092770618542e-12,1.06280257224539e-09,"GPR50","G protein-coupled receptor 50"
"ENSG00000077942",6.20833333333333,33.8689138576779,-27.6605805243446,0.0400478591009415,FALSE,1.86109019598978e-12,1.06280257224539e-09,"FBLN1","fibulin 1"
"ENSG00000119919",0,6.67790262172285,-6.67790262172285,0.0286206395269557,FALSE,2.4675339934026e-12,1.3650860714127e-09,"NKX2-3","NK2 homeobox 3"
"ENSG00000176428",0,0.868913857677903,-0.868913857677903,0.0301752510365337,FALSE,3.82480761645596e-12,2.05183543133697e-09,"VPS37D","VPS37D subunit of ESCRT-I"
"ENSG00000135750",0.75,3.17977528089888,-2.42977528089888,0.00740228976375127,FALSE,5.21094257182e-12,2.71321518673322e-09,"KCNK1","potassium two pore domain channel subfamily K member 1"
"ENSG00000101197",1.66666666666667,22.4644194756554,-20.7977528089888,0.0316477575393266,FALSE,6.03053854589837e-12,3.05024639651539e-09,"BIRC7","baculoviral IAP repeat containing 7"
"ENSG00000106236",1.16666666666667,6.21722846441948,-5.05056179775281,0.0280061251458638,FALSE,7.18348318686212e-12,3.53247785713945e-09,"NPTX2","neuronal pentraxin 2"
"ENSG00000112238",0.5,15.7078651685393,-15.2078651685393,0.0395622061845589,FALSE,7.72548009274203e-12,3.60899909615485e-09,"PRDM13","PR/SET domain 13"
"ENSG00000125498",0.166666666666667,1.8501872659176,-1.68352059925094,0.018773252067174,FALSE,7.74682063231566e-12,3.60899909615485e-09,"KIR2DL1","killer cell immunoglobulin like receptor, two Ig domains and long cytoplasmic tail 1"
"ENSG00000115850",0,1.38951310861423,-1.38951310861423,0.0337941085017043,FALSE,9.79158769514312e-12,4.4446276145415e-09,"LCT","lactase"
"ENSG00000130720",0.208333333333333,2.72659176029963,-2.51825842696629,0.0257695302708107,FALSE,1.17639428669105e-11,5.20642701432291e-09,"FIBCD1","fibrinogen C domain containing 1"
"ENSG00000180209",6.04166666666667,42.3220973782772,-36.2804307116105,0.00397906272322115,FALSE,1.24338126692833e-11,5.36867769961763e-09,"MYL11","myosin light chain 11"
"ENSG00000177182",0.791666666666667,4.34831460674157,-3.55664794007491,0.0366561403708338,FALSE,1.37422000920036e-11,5.79233733877952e-09,"CLVS1","clavesin 1"
"ENSG00000062038",2.875,14.2059925093633,-11.3309925093633,0.0127158588608193,FALSE,2.46253368612522e-11,1.01381939175523e-08,"CDH3","cadherin 3"
"ENSG00000189299",0,0.179775280898876,-0.179775280898876,0.0380645343630024,FALSE,2.63400919070189e-11,1.05976965234081e-08,"FOXR2","forkhead box R2"
"ENSG00000129116",3.95833333333333,30.8426966292135,-26.8843632958801,0.025801723063805,FALSE,3.16393197531854e-11,1.24469083909031e-08,"PALLD","palladin, cytoskeletal associated protein"
"ENSG00000232434",0.166666666666667,2.0374531835206,-1.87078651685393,0.0272565602014777,FALSE,3.26981096841418e-11,1.25837964290948e-08,"AJM1","apical junction component 1 homolog"
"ENSG00000196503",2.75,22.6067415730337,-19.8567415730337,0.0369835750426497,FALSE,5.0135203438129e-11,1.88839043928765e-08,"ARL9","ARF like GTPase 9"
"ENSG00000212807",0,0.966292134831461,-0.966292134831461,0.0417472976204296,FALSE,5.68436637491395e-11,2.09646537364795e-08,"OR2A42","olfactory receptor family 2 subfamily A member 42"
"ENSG00000169604",3.75,34.9625468164794,-31.2125468164794,0.0292856738465554,FALSE,6.32398400549103e-11,2.28232654822078e-08,"ANTXR1","ANTXR cell adhesion molecule 1"
"ENSG00000149503",1.20833333333333,8.30337078651685,-7.09503745318352,0.0193158416045957,FALSE,6.44615756713773e-11,2.28232654822078e-08,"INCENP","inner centromere protein"
"ENSG00000078114",0.25,7.91011235955056,-7.66011235955056,0.0424240412703989,FALSE,7.96649326909094e-11,2.7653103988768e-08,"NEBL","nebulette"
"ENSG00000005889",3.04166666666667,22.3520599250936,-19.310393258427,0.0227801945465239,FALSE,8.31416685228228e-11,2.83049414972987e-08,"ZFX","zinc finger protein X-linked"
"ENSG00000188368",0,0.224719101123595,-0.224719101123595,0.0439809053338211,FALSE,8.77803416941023e-11,2.93202903586923e-08,"PRR19","proline rich 19"
"ENSG00000008256",0.375,3.46441947565543,-3.08941947565543,0.02090749562249,FALSE,1.22120245353124e-10,4.00350871015993e-08,"CYTH3","cytohesin 3"
"ENSG00000075073",0.333333333333333,1.38202247191011,-1.04868913857678,0.00327894732119831,FALSE,1.37577730451507e-10,4.42825193124187e-08,"TACR2","tachykinin receptor 2"
"ENSG00000112183",0.291666666666667,2.96629213483146,-2.67462546816479,0.0240922650692669,FALSE,1.46950357410165e-10,4.64546817362884e-08,"RBM24","RNA binding motif protein 24"
"ENSG00000163817",0.208333333333333,1.37078651685393,-1.1624531835206,0.0023129594161236,FALSE,1.60385396661204e-10,4.92710187868041e-08,"SLC6A20","solute carrier family 6 member 20"
"ENSG00000103479",0.958333333333333,9.16479400749064,-8.2064606741573,0.0325499521982245,FALSE,1.61425695624168e-10,4.92710187868041e-08,"RBL2","RB transcriptional corepressor like 2"
"ENSG00000221970",0,0.546816479400749,-0.546816479400749,0.0474532933033677,FALSE,1.65476492847875e-10,4.96513619133208e-08,"OR2A1","olfactory receptor family 2 subfamily A member 1"
"ENSG00000112562",0,1.47191011235955,-1.47191011235955,0.0497242308486152,FALSE,2.44464772684401e-10,7.21293311805327e-08,"SMOC2","SPARC related modular calcium binding 2"
"ENSG00000057593",2.91666666666667,11.3670411985019,-8.45037453183521,0.0497194287269485,FALSE,3.24012926893162e-10,9.40328007342565e-08,"F7","coagulation factor VII"
"ENSG00000198633",0.25,2.23970037453184,-1.98970037453184,0.0333782762835011,FALSE,3.43099772698074e-10,9.79660528399032e-08,"ZNF534","zinc finger protein 534"
"ENSG00000138379",1.625,14.2359550561798,-12.6109550561798,0.0223813448270765,FALSE,3.93320934882171e-10,1.1052318270189e-07,"MSTN","myostatin"
"ENSG00000168303",0.166666666666667,1.32584269662921,-1.15917602996255,0.0323886563906404,FALSE,4.99562020428872e-10,1.38183538244567e-07,"MPLKIP","M-phase specific PLK1 interacting protein"
"ENSG00000126895",2.08333333333333,7.10112359550562,-5.01779026217228,0.00329786331168393,FALSE,5.55992526254002e-10,1.51426702958071e-07,"AVPR2","arginine vasopressin receptor 2"
"ENSG00000171357",0.125,1.1685393258427,-1.0435393258427,0.034279360165183,FALSE,6.09236721962042e-10,1.63413904377182e-07,"LURAP1","leucine rich adaptor protein 1"
"ENSG00000143450",0.333333333333333,1.47940074906367,-1.14606741573034,0.000139642869035455,FALSE,7.52862789172419e-10,1.97417066270988e-07,"OAZ3","ornithine decarboxylase antizyme 3"
"ENSG00000153993",0.958333333333333,4.25468164794007,-3.29634831460674,0.0191003361738125,FALSE,7.58309919585785e-10,1.97417066270988e-07,"SEMA3D","semaphorin 3D"
"ENSG00000115252",0.208333333333333,1.70037453183521,-1.49204119850187,0.0337691337250036,FALSE,8.50763581206518e-10,2.18276343160855e-07,"PDE1A","phosphodiesterase 1A"
"ENSG00000115596",3.29166666666667,13.6367041198502,-10.3450374531835,0.00399867079128879,FALSE,9.85239816676255e-10,2.49167149637425e-07,"WNT6","Wnt family member 6"
"ENSG00000104879",2.33333333333333,8.54681647940075,-6.21348314606741,0.0381818496459642,FALSE,1.23626415405934e-09,3.08247666469191e-07,"CKM","creatine kinase, M-type"
"ENSG00000162892",0.0416666666666667,0.726591760299625,-0.684925093632959,0.0437787188996642,FALSE,1.49005790593146e-09,3.66367987620897e-07,"IL24","interleukin 24"
"ENSG00000157110",2.125,7.94007490636704,-5.81507490636704,0.0020488890392465,FALSE,1.57160709583328e-09,3.81125485171734e-07,"RBPMS","RNA binding protein, mRNA processing factor"
"ENSG00000162520",1.29166666666667,12.2659176029963,-10.9742509363296,0.0206202846339466,FALSE,1.84816672974177e-09,4.42136427251601e-07,"SYNC","syncoilin, intermediate filament protein"
"ENSG00000068615",0.666666666666667,3.8314606741573,-3.16479400749064,0.00916164665575254,FALSE,1.93038468005727e-09,4.55647999880717e-07,"REEP1","receptor accessory protein 1"
"ENSG00000204740",1.375,7.85767790262172,-6.48267790262172,0.0369221858843056,FALSE,2.67846377654965e-09,6.22130584617263e-07,"MALRD1","MAM and LDL receptor class A domain containing 1"
"ENSG00000197170",2.33333333333333,13.3707865168539,-11.0374531835206,0.0272834114585991,FALSE,2.70598514463815e-09,6.22130584617263e-07,"PSMD12","proteasome 26S subunit, non-ATPase 12"
"ENSG00000183166",13.2083333333333,41.187265917603,-27.9789325842697,0.00283657380659545,FALSE,2.87903026611775e-09,6.53429138475417e-07,"CALN1","calneuron 1"
"ENSG00000106688",2.04166666666667,7.70411985018727,-5.6624531835206,0.00269254746493174,FALSE,3.55065813763926e-09,7.95662038109213e-07,"SLC1A1","solute carrier family 1 member 1"
"ENSG00000111907",0.25,1.39700374531835,-1.14700374531835,0.0199384407149043,FALSE,3.59628131996284e-09,7.95812102591278e-07,"TPD52L1","TPD52 like 1"
"ENSG00000133138",0.0833333333333333,1.21348314606742,-1.13014981273408,0.0417102399829159,FALSE,4.06572477234956e-09,8.88586736356843e-07,"TBC1D8B","TBC1 domain family member 8B"
"ENSG00000141194",0.0833333333333333,0.887640449438202,-0.804307116104869,0.0440463922796957,FALSE,4.37946805541132e-09,9.45484426645691e-07,"OR4D1","olfactory receptor family 4 subfamily D member 1"
"ENSG00000204983",2.91666666666667,14.7827715355805,-11.8661048689139,0.0376670976335632,FALSE,4.59876645248567e-09,9.80867018172937e-07,"PRSS1","serine protease 1"
"ENSG00000156427",2.125,15.7977528089888,-13.6727528089888,0.0208004078091683,FALSE,4.80745778027647e-09,1.01317172719327e-06,"FGF18","fibroblast growth factor 18"
"ENSG00000080573",6.33333333333333,25.749063670412,-19.4157303370787,0.0174855944467254,FALSE,5.04360738970317e-09,1.05043507788136e-06,"COL5A3","collagen type V alpha 3 chain"
"ENSG00000158258",1.04166666666667,5.54307116104869,-4.50140449438202,0.0373074997823193,FALSE,5.76269615986367e-09,1.17418993417373e-06,"CLSTN2","calsyntenin 2"
"ENSG00000164442",0.375,2.55430711610487,-2.17930711610487,0.0185366741023591,FALSE,5.77046400458197e-09,1.17418993417373e-06,"CITED2","Cbp/p300 interacting transactivator with Glu/Asp rich carboxy-terminal domain 2"
"ENSG00000233954",1.625,8.57677902621723,-6.95177902621723,0.0240602256918219,FALSE,6.17224187474713e-09,1.24167270350737e-06,"UQCRHL","ubiquinol-cytochrome c reductase hinge protein like"
"ENSG00000162616",4.95833333333333,24.4232209737828,-19.4648876404494,0.0322847868795708,FALSE,7.5655640859005e-09,1.50486720238985e-06,"DNAJB4","DnaJ heat shock protein family (Hsp40) member B4"
"ENSG00000153404",0.458333333333333,2.02996254681648,-1.57162921348315,0.0114185609595595,FALSE,8.02548041088013e-09,1.57861199682012e-06,"PLEKHG4B","pleckstrin homology and RhoGEF domain containing G4B"
"ENSG00000114251",6.875,35.5056179775281,-28.6306179775281,0.0422499266558643,FALSE,8.87433546142094e-09,1.72639956784104e-06,"WNT5A","Wnt family member 5A"
"ENSG00000198108",0.125,0.98876404494382,-0.86376404494382,0.0437594625147775,FALSE,9.84133086843802e-09,1.89370739526042e-06,"CHSY3","chondroitin sulfate synthase 3"
"ENSG00000066032",4.33333333333333,15.2584269662921,-10.9250936329588,0.0163392340379074,FALSE,1.01463970094013e-08,1.93141576620893e-06,"CTNNA2","catenin alpha 2"
"ENSG00000104897",3.25,15.2397003745318,-11.9897003745318,0.0296705196235286,FALSE,1.37655834867982e-08,2.59246940922115e-06,"SF3A2","splicing factor 3a subunit 2"
"ENSG00000170959",0.0416666666666667,0.550561797752809,-0.508895131086142,0.0461724869873767,FALSE,1.57171935290624e-08,2.92885765310518e-06,"DCDC1","doublecortin domain containing 1"
"ENSG00000113583",0.583333333333333,3.08614232209738,-2.50280898876404,0.0160425445756751,FALSE,1.59414218594279e-08,2.93969782476512e-06,"C5orf15","chromosome 5 open reading frame 15"
"ENSG00000165246",1.20833333333333,11.6479400749064,-10.439606741573,0.0263874178466035,FALSE,1.611196135295e-08,2.94051599826056e-06,"NLGN4Y","neuroligin 4 Y-linked"
"ENSG00000090857",2.125,12.1498127340824,-10.0248127340824,0.0288173566343041,FALSE,1.66515891343481e-08,2.98469554691523e-06,"PDPR","pyruvate dehydrogenase phosphatase regulatory subunit"
"ENSG00000131381",0.583333333333333,3.35955056179775,-2.77621722846442,0.0301935508445889,FALSE,1.66912308165061e-08,2.98469554691523e-06,"RBSN","rabenosyn, RAB effector"
"ENSG00000125409",2.20833333333333,8.31835205992509,-6.11001872659176,0.0473955633538241,FALSE,1.74275462860684e-08,3.08519851902269e-06,"TEKT3","tektin 3"
"ENSG00000145794",0.958333333333333,7.05243445692884,-6.09410112359551,0.0286065793626995,FALSE,2.17187630764744e-08,3.80680458161214e-06,"MEGF10","multiple EGF like domains 10"
"ENSG00000198300",5.45833333333333,17.123595505618,-11.6652621722846,0.01012689731686,FALSE,2.21711522939465e-08,3.81327346009822e-06,"PEG3","paternally expressed 3"
"ENSG00000203499",4.875,15.4232209737828,-10.5482209737828,0.00159354198292601,FALSE,2.21864749697857e-08,3.81327346009822e-06,"IQANK1","IQ motif and ankyrin repeat containing 1"
"ENSG00000198482",0.375,2.37078651685393,-1.99578651685393,0.0482383051716026,FALSE,2.4643782796996e-08,4.19489314283866e-06,"ZNF808","zinc finger protein 808"
"ENSG00000256797",0.125,1.44194756554307,-1.31694756554307,0.0371801456520341,FALSE,2.68188120634589e-08,4.51569779568378e-06,"KLRF2","killer cell lectin like receptor F2"
"ENSG00000168477",1.125,5.69662921348315,-4.57162921348315,0.037204396533597,FALSE,2.70385791302311e-08,4.51569779568378e-06,"TNXB","tenascin XB"
"ENSG00000230667",0.5,5.64419475655431,-5.14419475655431,0.0445943128965521,FALSE,2.85193932217563e-08,4.71849362808179e-06,"SETSIP","SET like protein"
"ENSG00000105339",3,0.741573033707865,2.25842696629213,0.083725643170246,TRUE,3.53753985741862e-08,5.79861741628536e-06,"DENND3","DENN domain containing 3"
"ENSG00000103148",0.458333333333333,3.80524344569288,-3.34691011235955,0.0346102155570248,FALSE,3.88331620518989e-08,6.30700429178684e-06,"NPRL3","NPR3 like, GATOR1 complex subunit"
"ENSG00000267221",0.291666666666667,1.44943820224719,-1.15777153558052,0.00581982365062111,FALSE,4.1679867949353e-08,6.70780638461269e-06,"C17orf113","chromosome 17 open reading frame 113"
"ENSG00000159792",2.91666666666667,12.1348314606742,-9.21816479400749,0.0458171727359826,FALSE,4.53435044866469e-08,7.23167621555955e-06,"PSKH1","protein serine kinase H1"
"ENSG00000178297",1.58333333333333,6.93258426966292,-5.34925093632959,0.0191728023671276,FALSE,5.86364850380618e-08,9.26822941632863e-06,"TMPRSS9","transmembrane serine protease 9"
"ENSG00000233024",1.375,9.34456928838951,-7.96956928838951,0.0446026881720087,FALSE,7.80975211901645e-08,1.22350479436237e-05,"NPIPA9","nuclear pore complex interacting protein family, member A9"
"ENSG00000137968",0.166666666666667,0.970037453183521,-0.803370786516854,0.0109989186559347,FALSE,8.16507975625603e-08,1.2679509379386e-05,"SLC44A5","solute carrier family 44 member 5"
"ENSG00000248746",6.08333333333333,17.3483146067416,-11.2649812734082,0.00322739494488069,FALSE,8.73213381396981e-08,1.34421708616267e-05,"ACTN3","actinin alpha 3"
"ENSG00000112619",0.541666666666667,2.71910112359551,-2.17743445692884,0.0309283230462807,FALSE,9.76279462713208e-08,1.48992028693206e-05,"PRPH2","peripherin 2"
"ENSG00000185666",1.70833333333333,6.49812734082397,-4.78979400749064,0.0135812665164996,FALSE,1.013413836656e-07,1.53337308977104e-05,"SYN3","synapsin III"
"ENSG00000114374",0.708333333333333,5.9625468164794,-5.25421348314607,0.019425951560172,FALSE,1.14839053999793e-07,1.72287777369351e-05,"USP9Y","ubiquitin specific peptidase 9 Y-linked"
"ENSG00000068323",32.4583333333333,6.73782771535581,25.7205056179775,0.00308285227584125,FALSE,1.18518965691765e-07,1.76314390726161e-05,"TFE3","transcription factor binding to IGHM enhancer 3"
"ENSG00000130758",5.125,21.9101123595506,-16.7851123595506,0.041427463553611,FALSE,1.22979789136998e-07,1.81425933924357e-05,"MAP3K10","mitogen-activated protein kinase kinase kinase 10"
"ENSG00000138741",2.58333333333333,8.78651685393258,-6.20318352059925,0.00769071066983911,FALSE,1.37030888884611e-07,2.00484117844981e-05,"TRPC3","transient receptor potential cation channel subfamily C member 3"
"ENSG00000180834",1.45833333333333,7.17228464419476,-5.71395131086142,0.0282647947772903,FALSE,1.39417374680854e-07,2.02303752784849e-05,"MAP6D1","MAP6 domain containing 1"
"ENSG00000120645",1.66666666666667,6.11985018726592,-4.45318352059925,0.0162292377709158,FALSE,1.42916115687649e-07,2.05694633822639e-05,"IQSEC3","IQ motif and Sec7 domain ArfGEF 3"
"ENSG00000182013",2.58333333333333,12.063670411985,-9.48033707865168,0.0401086401751458,FALSE,1.44797389419317e-07,2.06721627813723e-05,"PNMA8A","PNMA family member 8A"
"ENSG00000059728",9.375,2.66292134831461,6.71207865168539,0.141815584452746,TRUE,1.57425513356343e-07,2.22952309035787e-05,"MXD1","MAX dimerization protein 1"
"ENSG00000141934",2.375,10.0224719101124,-7.64747191011236,0.0357573393275381,FALSE,1.66329782099869e-07,2.33693343850315e-05,"PLPP2","phospholipid phosphatase 2"
"ENSG00000180535",1.25,4.70037453183521,-3.45037453183521,0.0346673498031406,FALSE,1.72220293005734e-07,2.400642399276e-05,"BHLHA15","basic helix-loop-helix family member a15"
"ENSG00000165389",0.0416666666666667,0.400749063670412,-0.359082397003745,0.031212221897337,FALSE,1.88976818372158e-07,2.61363798097056e-05,"SPTSSA","serine palmitoyltransferase small subunit A"
"ENSG00000183513",0.166666666666667,0.887640449438202,-0.720973782771536,0.0447298017929989,FALSE,2.00682905809759e-07,2.75402285391485e-05,"COA5","cytochrome c oxidase assembly factor 5"
"ENSG00000197818",22.8333333333333,3.1123595505618,19.7209737827715,2.33271605637404e-08,FALSE,2.07542756080483e-07,2.82625339299446e-05,"SLC9A8","solute carrier family 9 member A8"
"ENSG00000146938",2.54166666666667,15.314606741573,-12.7729400749064,0.0290745110904788,FALSE,2.33674537871927e-07,3.15781705644788e-05,"NLGN4X","neuroligin 4 X-linked"
"ENSG00000241322",1.45833333333333,4.46816479400749,-3.00983146067416,0.026663715920432,FALSE,2.49223814445051e-07,3.32535379352449e-05,"FBXW10B","F-box and WD repeat domain containing 10B"
"ENSG00000132485",1.04166666666667,4.99250936329588,-3.95084269662921,0.0204919725212473,FALSE,2.50551674427855e-07,3.32535379352449e-05,"ZRANB2","zinc finger RANBP2-type containing 2"
"ENSG00000197696",0.791666666666667,3.20973782771536,-2.41807116104869,0.0343029171972054,FALSE,2.51707285958472e-07,3.32535379352449e-05,"NMB","neuromedin B"
"ENSG00000107147",2.54166666666667,8.99625468164794,-6.45458801498127,0.0326974114144543,FALSE,2.73698434424725e-07,3.54983093051019e-05,"KCNT1","potassium sodium-activated channel subfamily T member 1"
"ENSG00000122367",1.29166666666667,4.66666666666667,-3.375,0.0454271113711405,FALSE,2.73751378686962e-07,3.54983093051019e-05,"LDB3","LIM domain binding 3"
"ENSG00000175602",0.791666666666667,3.64044943820225,-2.84878277153558,0.0394262551017883,FALSE,2.75240785441241e-07,3.54983093051019e-05,"CCDC85B","coiled-coil domain containing 85B"
"ENSG00000162104",2.29166666666667,10.0262172284644,-7.73455056179775,0.0497493532041708,FALSE,2.76719577704573e-07,3.54983093051019e-05,"ADCY9","adenylate cyclase 9"
"ENSG00000138400",5.54166666666667,40.7191011235955,-35.1774344569288,0.0282455623027414,FALSE,2.91206111458791e-07,3.70879265550718e-05,"MDH1B","malate dehydrogenase 1B"
"ENSG00000163320",3.66666666666667,11.4269662921348,-7.76029962546817,0.0257247279591068,FALSE,2.9818621054135e-07,3.77056463229537e-05,"CGGBP1","CGG triplet repeat binding protein 1"
"ENSG00000164118",0.625,2.76404494382022,-2.13904494382022,0.0399478280687611,FALSE,3.16783958766895e-07,3.97732370358181e-05,"CEP44","centrosomal protein 44"
"ENSG00000170160",8.04166666666667,26.876404494382,-18.8347378277154,0.0174990495608609,FALSE,3.25540534248127e-07,4.05848174492576e-05,"CCDC144A","coiled-coil domain containing 144A"
"ENSG00000197324",9.95833333333333,3.19850187265918,6.75983146067416,0.0833956273161381,TRUE,3.46165342192729e-07,4.28543010687964e-05,"LRP10","LDL receptor related protein 10"
"ENSG00000231989",0.208333333333333,0.921348314606742,-0.713014981273408,0.0362990319208251,FALSE,3.56771551093749e-07,4.38606025625878e-05,"PPP1R2B","PPP1R2 family member B"
"ENSG00000116001",5.33333333333333,23.6029962546816,-18.2696629213483,0.0268450116810202,FALSE,3.7899755956468e-07,4.62716813584382e-05,"TIA1","TIA1 cytotoxic granule associated RNA binding protein"
"ENSG00000172000",1.125,5.57677902621723,-4.45177902621723,0.0228413153384963,FALSE,4.13149521084898e-07,5.0095794327164e-05,"ZNF556","zinc finger protein 556"
"ENSG00000123219",1.45833333333333,6.61423220973783,-5.15589887640449,0.0122936224155936,FALSE,4.33097908674693e-07,5.21573624303952e-05,"CENPK","centromere protein K"
"ENSG00000110934",62.3333333333333,7.9438202247191,54.3895131086142,9.9036328848533e-10,FALSE,4.49912231875855e-07,5.38161908168801e-05,"BIN2","bridging integrator 2"
"ENSG00000184113",0.75,3.69288389513109,-2.94288389513109,0.0455328478623728,FALSE,5.00234058409228e-07,5.9433849235024e-05,"CLDN5","claudin 5"
"ENSG00000169402",1.29166666666667,4.87265917602996,-3.5809925093633,0.0154638631048408,FALSE,5.1261805646301e-07,6.04991830237644e-05,"RSPH10B2","radial spoke head 10 homolog B2"
"ENSG00000130741",6.83333333333333,31.2284644194757,-24.3951310861423,0.0441322527750298,FALSE,5.16449358469537e-07,6.0547701940306e-05,"EIF2S3","eukaryotic translation initiation factor 2 subunit gamma"
"ENSG00000105784",0.166666666666667,0.955056179775281,-0.788389513108614,0.0332988307790311,FALSE,5.49682637195902e-07,6.40199455676253e-05,"RUNDC3B","RUN domain containing 3B"
"ENSG00000183850",0.5,2.26217228464419,-1.76217228464419,0.0439152760030612,FALSE,5.83799567170034e-07,6.7549044036674e-05,"ZNF730","zinc finger protein 730"
"ENSG00000145439",9.41666666666667,33.4606741573034,-24.0440074906367,0.0396847266872475,FALSE,5.9624406184037e-07,6.85409651088316e-05,"CBR4","carbonyl reductase 4"
"ENSG00000101883",1.45833333333333,4.23595505617978,-2.77762172284644,0.00322937224882331,FALSE,6.13638435772642e-07,7.0085427280536e-05,"RHOXF1","Rhox homeobox family member 1"
"ENSG00000146469",0.333333333333333,1.26591760299625,-0.932584269662921,0.0174013217731964,FALSE,6.22368319535588e-07,7.025463990717e-05,"VIP","vasoactive intestinal peptide"
"ENSG00000129824",8.125,60.9213483146067,-52.7963483146067,0.0185947520721791,FALSE,6.23057022280161e-07,7.025463990717e-05,"RPS4Y1","ribosomal protein S4 Y-linked 1"
"ENSG00000167306",12.2916666666667,56.8464419475655,-44.5547752808989,0.00726902357975131,FALSE,7.72248959559388e-07,8.65260970321509e-05,"MYO5B","myosin VB"
"ENSG00000171533",2.58333333333333,8.68164794007491,-6.09831460674157,0.0496288890301924,FALSE,8.3409683748918e-07,9.28680271325217e-05,"MAP6","microtubule associated protein 6"
"ENSG00000089159",59.7916666666667,12.438202247191,47.3534644194757,0.000826436340178556,FALSE,8.53202558691113e-07,9.44015306031798e-05,"PXN","paxillin"
"ENSG00000117407",0.0416666666666667,0.389513108614232,-0.347846441947566,0.0498135731480031,FALSE,8.5940153948267e-07,9.44968040587683e-05,"ARTN","artemin"
"ENSG00000114268",15.9166666666667,3.0561797752809,12.8604868913858,1.05826963897506e-06,FALSE,8.82323479257205e-07,9.64183490943845e-05,"PFKFB4","6-phosphofructo-2-kinase/fructose-2,6-biphosphatase 4"
"ENSG00000126856",0.208333333333333,1.02621722846442,-0.817883895131086,0.037899468065905,FALSE,8.97512957072822e-07,9.74765145954611e-05,"PRDM7","PR/SET domain 7"
"ENSG00000133961",47.25,10.1610486891386,37.0889513108614,0.00203440790313487,FALSE,9.47226543617652e-07,0.00010224848476624,"NUMB","NUMB endocytic adaptor protein"
"ENSG00000120549",4.25,13.6928838951311,-9.44288389513109,0.00931182233244198,FALSE,9.68599314692794e-07,0.000103636882657818,"KIAA1217","KIAA1217"
"ENSG00000161681",19.75,68.5318352059925,-48.7818352059925,0.02847042107896,FALSE,9.71797013003322e-07,0.000103636882657818,"SHANK1","SH3 and multiple ankyrin repeat domains 1"
"ENSG00000141480",66.2916666666667,13.0898876404494,53.2017790262172,0.000184355189731091,FALSE,9.81173148298453e-07,0.000104010229007949,"ARRB2","arrestin beta 2"
"ENSG00000105472",1.04166666666667,7.05992509363296,-6.01825842696629,0.0424124842880308,FALSE,1.02185582434802e-06,0.000107678057490673,"CLEC11A","C-type lectin domain containing 11A"
"ENSG00000214102",2.83333333333333,22.3707865168539,-19.5374531835206,0.0373694888853312,FALSE,1.07816630196707e-06,0.000112939515051616,"WEE2","WEE2 oocyte meiosis inhibiting kinase"
"ENSG00000162998",1.58333333333333,12.689138576779,-11.1058052434457,0.0407477502980431,FALSE,1.10341182888421e-06,0.000114904115333748,"FRZB","frizzled related protein"
"ENSG00000162989",1.04166666666667,5.812734082397,-4.77106741573034,0.031791718998563,FALSE,1.12319858094656e-06,0.000116280610985362,"KCNJ3","potassium inwardly rectifying channel subfamily J member 3"
"ENSG00000261739",0.375,1.65168539325843,-1.27668539325843,0.0498547658913243,FALSE,1.15325561791061e-06,0.000118698163975997,"GOLGA8S","golgin A8 family member S"
"ENSG00000185046",10.9583333333333,31.1048689138577,-20.1465355805243,0.0361882414477223,FALSE,1.17453586608301e-06,0.000120189644146055,"ANKS1B","ankyrin repeat and sterile alpha motif domain containing 1B"
"ENSG00000168610",145.25,29.3782771535581,115.871722846442,3.11132052677341e-05,FALSE,1.22528794744605e-06,0.000124662485825503,"STAT3","signal transducer and activator of transcription 3"
"ENSG00000168061",1.75,7.07116104868914,-5.32116104868914,0.0265986806596305,FALSE,1.33402545077412e-06,0.00013495001460031,"SAC3D1","SAC3 domain containing 1"
"ENSG00000185100",2.5,8.74906367041199,-6.24906367041199,0.044810392822856,FALSE,1.4326868433157e-06,0.000144101683868942,"ADSS1","adenylosuccinate synthase 1"
"ENSG00000197360",0.75,4.80898876404494,-4.05898876404494,0.0490427392950384,FALSE,1.44077263993689e-06,0.000144101683868942,"ZNF98","zinc finger protein 98"
"ENSG00000110931",42.5416666666667,6.67790262172285,35.8637640449438,1.00179371114659e-07,FALSE,1.56518612682078e-06,0.000155460676363981,"CAMKK2","calcium/calmodulin dependent protein kinase kinase 2"
"ENSG00000101493",21.7083333333333,4.65168539325843,17.0566479400749,0.000209195711051308,FALSE,1.57190651692665e-06,0.000155460676363981,"ZNF516","zinc finger protein 516"
"ENSG00000095627",2.08333333333333,7.21722846441948,-5.13389513108614,0.0154361470711183,FALSE,1.6282220594069e-06,0.000160135639542668,"TDRD1","tudor domain containing 1"
"ENSG00000166900",33.7916666666667,7.94756554307116,25.8441011235955,0.0119577601657549,FALSE,1.70855284588342e-06,0.000167107795749581,"STX3","syntaxin 3"
"ENSG00000105976",26.0416666666667,85.5093632958801,-59.4676966292135,0.0317195985307276,FALSE,1.92711710517545e-06,0.000187449198422643,"MET","MET proto-oncogene, receptor tyrosine kinase"
"ENSG00000067182",31.5416666666667,6.54681647940075,24.9948501872659,0.000286041498208147,FALSE,2.04301336822082e-06,0.000197357169212309,"TNFRSF1A","TNF receptor superfamily member 1A"
"ENSG00000072110",49.0416666666667,12.7602996254682,36.2813670411985,0.0123967947943977,FALSE,2.05297408072761e-06,0.000197357169212309,"ACTN1","actinin alpha 1"
"ENSG00000159314",21.5833333333333,4.83895131086142,16.7443820224719,0.00130349844389142,FALSE,2.06242310931916e-06,0.000197357169212309,"ARHGAP27","Rho GTPase activating protein 27"
"ENSG00000100365",38.4166666666667,9.12734082397004,29.2893258426966,0.00837950212448966,FALSE,2.20090762050316e-06,0.000209476707557889,"NCF4","neutrophil cytosolic factor 4"
"ENSG00000148935",3.70833333333333,10.9737827715356,-7.26544943820225,0.000895245504768819,FALSE,2.32370446277316e-06,0.000219981497884884,"GAS2","growth arrest specific 2"
"ENSG00000119535",52.2916666666667,13.5318352059925,38.7598314606742,0.0431851223844862,FALSE,2.34088910991403e-06,0.000220429574004298,"CSF3R","colony stimulating factor 3 receptor"
"ENSG00000164949",12.5416666666667,36.1498127340824,-23.6081460674157,0.0123934109349561,FALSE,2.40097521345487e-06,0.000224891344993606,"GEM","GTP binding protein overexpressed in skeletal muscle"
"ENSG00000167414",3.375,9.7565543071161,-6.3815543071161,0.00611495448377405,FALSE,2.46894607287023e-06,0.00023004080172643,"GNG8","G protein subunit gamma 8"
"ENSG00000196104",0.5,1.79026217228464,-1.29026217228464,0.00410744367778663,FALSE,2.51743361703854e-06,0.000232189690212928,"SPOCK3","SPARC (osteonectin), cwcv and kazal like domains proteoglycan 3"
"ENSG00000186010",3.125,13.7902621722846,-10.6652621722846,0.0450859111923069,FALSE,2.51824100552913e-06,0.000232189690212928,"NDUFA13","NADH:ubiquinone oxidoreductase subunit A13"
"ENSG00000165730",0.208333333333333,0.962546816479401,-0.754213483146067,0.0391952279895131,FALSE,2.55964334655452e-06,0.00023478428064277,"STOX1","storkhead box 1"
"ENSG00000104915",19.9166666666667,3.59550561797753,16.3211610486891,0.000216734834024668,FALSE,2.70121253894614e-06,0.000246492606066822,"STX10","syntaxin 10"
"ENSG00000067646",3.04166666666667,18.7977528089888,-15.7560861423221,0.026078210734412,FALSE,2.98204693137072e-06,0.000270723983723363,"ZFY","zinc finger protein Y-linked"
"ENSG00000242220",4.08333333333333,14.059925093633,-9.97659176029963,0.000814476655513941,FALSE,3.03483103860721e-06,0.000274110274879916,"TCP10L","t-complex 10 like"
"ENSG00000164675",7.875,19.8239700374532,-11.9489700374532,0.00230323983467263,FALSE,3.09451397429418e-06,0.000278082136481877,"IQUB","IQ motif and ubiquitin domain containing"
"ENSG00000213903",10.0833333333333,1.41573033707865,8.66760299625468,1.35150351890383e-10,FALSE,3.1551484087066e-06,0.000281450997303801,"LTB4R","leukotriene B4 receptor"
"ENSG00000089639",18.5416666666667,3.63295880149813,14.9087078651685,1.31176405057829e-05,FALSE,3.1637998341217e-06,0.000281450997303801,"GMIP","GEM interacting protein"
"ENSG00000167434",12.5833333333333,2.71161048689139,9.87172284644195,6.71739335494461e-05,FALSE,3.19324824115036e-06,0.000282650368065424,"CA4","carbonic anhydrase 4"
"ENSG00000132155",162.875,25.7340823970037,137.140917602996,2.23771956990766e-10,FALSE,3.2891161239942e-06,0.000289687675338653,"RAF1","Raf-1 proto-oncogene, serine/threonine kinase"
"ENSG00000169180",44.625,8.97378277153558,35.6512172284644,2.37651146078133e-05,FALSE,3.66792766145076e-06,0.00032145209599338,"XPO6","exportin 6"
"ENSG00000187987",1.79166666666667,6.22097378277154,-4.42930711610487,0.0300778450565944,FALSE,3.70621352753218e-06,0.0003232073796941,"ZSCAN23","zinc finger and SCAN domain containing 23"
"ENSG00000172554",0.833333333333333,2.55056179775281,-1.71722846441948,0.0073752527554551,FALSE,3.85443721082787e-06,0.000334485793839637,"SNTG2","syntrophin gamma 2"
"ENSG00000111981",0.666666666666667,3.14232209737828,-2.47565543071161,0.0359270646817778,FALSE,4.15065333669418e-06,0.000358434224485352,"ULBP1","UL16 binding protein 1"
"ENSG00000067082",102.041666666667,14.5393258426966,87.50234082397,5.17994537020180e-12,FALSE,4.25087342999813e-06,0.000365306855976975,"KLF6","KLF transcription factor 6"
"ENSG00000122592",5.66666666666667,14.2734082397004,-8.60674157303371,0.014407499602391,FALSE,4.40433268234635e-06,0.000376666190703273,"HOXA7","homeobox A7"
"ENSG00000215045",3,8.46441947565543,-5.46441947565543,0.0370371331717013,FALSE,4.64875124101867e-06,0.000395657900094969,"GRID2IP","Grid2 interacting protein"
"ENSG00000182508",0.25,1.00749063670412,-0.75749063670412,0.00347128749446593,FALSE,5.18275916110756e-06,0.000438997059469317,"LHFPL1","LHFPL tetraspan subfamily member 1"
"ENSG00000168591",8.83333333333333,1.97752808988764,6.85580524344569,0.000622661348444313,FALSE,5.36761877171894e-06,0.000452490262455907,"TMUB2","transmembrane and ubiquitin like domain containing 2"
"ENSG00000036672",4.58333333333333,12.812734082397,-8.22940074906367,0.0436856392725489,FALSE,5.97941210773602e-06,0.000501675509683653,"USP2","ubiquitin specific peptidase 2"
"ENSG00000162374",2.33333333333333,8.28838951310861,-5.95505617977528,0.0247041971039308,FALSE,6.22973642765751e-06,0.000520212377258589,"ELAVL4","ELAV like RNA binding protein 4"
"ENSG00000251380",0.166666666666667,0.685393258426966,-0.5187265917603,0.0367414088744581,FALSE,6.38284195341545e-06,0.000530495075593022,"DCANP1","dendritic cell associated nuclear protein 1"
"ENSG00000145819",21.0833333333333,3.52434456928839,17.5589887640449,7.05501276116656e-07,FALSE,6.84376691230425e-06,0.000566145820787487,"ARHGAP26","Rho GTPase activating protein 26"
"ENSG00000134686",19.5,2.54307116104869,16.9569288389513,1.90694651914088e-15,FALSE,6.94234935972787e-06,0.000571629817280291,"PHC2","polyhomeotic homolog 2"
"ENSG00000156564",7.29166666666667,23.0561797752809,-15.7645131086142,0.0149065823343566,FALSE,7.22632327256438e-06,0.000592257411547256,"LRFN2","leucine rich repeat and fibronectin type III domain containing 2"
"ENSG00000178150",1.375,4.75280898876404,-3.37780898876404,0.0143171811989757,FALSE,7.3847694365884e-06,0.00060245425500426,"ZNF114","zinc finger protein 114"
"ENSG00000261594",3.125,8.84269662921348,-5.71769662921348,0.0190471553379311,FALSE,7.46427556527818e-06,0.000606147111615228,"TPBGL","trophoblast glycoprotein like"
"ENSG00000171823",2.08333333333333,8.41573033707865,-6.33239700374532,0.0475276761342038,FALSE,7.5853309481812e-06,0.000612603913742282,"FBXL14","F-box and leucine rich repeat protein 14"
"ENSG00000012779",37.75,7.78277153558052,29.9672284644195,2.93938330457357e-05,FALSE,7.6129955952834e-06,0.000612603913742282,"ALOX5","arachidonate 5-lipoxygenase"
"ENSG00000112530",11,33.2059925093633,-22.2059925093633,0.000970133212219444,FALSE,7.70074419527897e-06,0.000616860970538568,"PACRG","parkin coregulated"
"ENSG00000120093",3.08333333333333,10.2584269662921,-7.1750936329588,0.0321887615723551,FALSE,7.81066678024768e-06,0.00062284790094921,"HOXB3","homeobox B3"
"ENSG00000197780",1.16666666666667,5.10861423220974,-3.94194756554307,0.0323405927441397,FALSE,7.87567988284631e-06,0.000625215968457526,"TAF13","TATA-box binding protein associated factor 13"
"ENSG00000100330",11.7083333333333,1.62921348314607,10.0791198501873,2.20885726245612e-10,FALSE,8.4914174094006e-06,0.000671087332136691,"MTMR3","myotubularin related protein 3"
"ENSG00000160963",5.33333333333333,15.7303370786517,-10.3970037453184,0.0098226909695364,FALSE,8.53628575531047e-06,0.000671634963227828,"COL26A1","collagen type XXVI alpha 1 chain"
"ENSG00000155926",114.041666666667,11.5430711610487,102.498595505618,1.36178023618667e-19,FALSE,8.62633524212833e-06,0.000675716870758397,"SLA","Src like adaptor"
"ENSG00000107593",1.29166666666667,3.35955056179775,-2.06788389513109,0.00796495516114411,FALSE,8.97390122457077e-06,0.00069984569770298,"PKD2L1","polycystin 2 like 1, transient receptor potential cation channel"
"ENSG00000178965",6.08333333333333,14.438202247191,-8.35486891385768,0.00980171576014322,FALSE,9.53726818327949e-06,0.000740518678283319,"ERICH3","glutamate rich 3"
"ENSG00000103202",18.875,67.1685393258427,-48.2935393258427,0.0488716663029593,FALSE,1.01614792526123e-05,0.000785540031480333,"NME4","NME/NM23 nucleoside diphosphate kinase 4"
"ENSG00000142687",26.125,2.74157303370787,23.3834269662921,5.54765923873984e-25,FALSE,1.02320847586009e-05,0.00078755911513701,"KIAA0319L","KIAA0319 like"
"ENSG00000139178",24.7083333333333,4.89513108614232,19.813202247191,0.000663639621449946,FALSE,1.04226813721539e-05,0.000798756399702337,"C1RL","complement C1r subcomponent like"
"ENSG00000000938",86.5416666666667,22.4719101123596,64.0697565543071,0.0131456394848832,FALSE,1.14362539225014e-05,0.000872655186163973,"FGR","FGR proto-oncogene, Src family tyrosine kinase"
"ENSG00000139436",18.3333333333333,2.73033707865169,15.6029962546816,2.70772853502761e-11,FALSE,1.15324015535047e-05,0.000876215041638173,"GIT2","GIT ArfGAP 2"
"ENSG00000176463",3.54166666666667,0.779026217228464,2.7626404494382,0.00186504848988209,FALSE,1.16006522799438e-05,0.000877633962871131,"SLCO3A1","solute carrier organic anion transporter family member 3A1"
"ENSG00000165030",45.75,8.187265917603,37.562734082397,3.12165802286319e-09,FALSE,1.23344369139829e-05,0.000925556641237532,"NFIL3","nuclear factor, interleukin 3 regulated"
"ENSG00000143409",4.20833333333333,0.940074906367041,3.26825842696629,0.000253424855086229,FALSE,1.23411080851854e-05,0.000925556641237532,"MINDY1","MINDY lysine 48 deubiquitinase 1"
"ENSG00000134830",10.2916666666667,3.28838951310861,7.00327715355805,0.194573892630027,TRUE,1.23909463917582e-05,0.000925556641237532,"C5AR2","complement C5a receptor 2"
"ENSG00000143119",28.6666666666667,3.96629213483146,24.7003745318352,5.38995988042589e-17,FALSE,1.25099854414945e-05,0.000930522152398222,"CD53","CD53 molecule"
"ENSG00000131626",27.75,4.12359550561798,23.626404494382,2.36066001572265e-08,FALSE,1.28560021080093e-05,0.000952258599657277,"PPFIA1","PTPRF interacting protein alpha 1"
"ENSG00000111859",147.458333333333,19.3782771535581,128.080056179775,2.59926571371366e-15,FALSE,1.30375446103952e-05,0.000961681884324275,"NEDD9","neural precursor cell expressed, developmentally down-regulated 9"
"ENSG00000067177",0.916666666666667,2.52059925093633,-1.60393258426966,0.0275744071584686,FALSE,1.33285616253147e-05,0.000979068574493551,"PHKA1","phosphorylase kinase regulatory subunit alpha 1"
"ENSG00000165879",5.95833333333333,0.850187265917603,5.10814606741573,3.12939953535283e-09,FALSE,1.37868783583489e-05,0.00100855003131343,"FRAT1","FRAT regulator of WNT signaling pathway 1"
"ENSG00000173110",125.708333333333,43.3782771535581,82.3300561797753,0.131480946468894,TRUE,1.41019362057258e-05,0.0010273521672838,"HSPA6","heat shock protein family A (Hsp70) member 6"
"ENSG00000160161",0.25,1.03370786516854,-0.783707865168539,0.000210560634045774,FALSE,1.47779220618402e-05,0.00107218669778999,"CILP2","cartilage intermediate layer protein 2"
"ENSG00000074071",12.5416666666667,48.8352059925094,-36.2935393258427,0.0480867438354584,FALSE,1.51834634720489e-05,0.00109711368916605,"MRPS34","mitochondrial ribosomal protein S34"
"ENSG00000171475",26.2083333333333,4.02621722846442,22.1821161048689,3.67869691339442e-09,FALSE,1.54210933914693e-05,0.0011097545378422,"WIPF2","WAS/WASL interacting protein family member 2"
"ENSG00000112818",0.458333333333333,1.55430711610487,-1.09597378277154,0.0185457672458976,FALSE,1.63794626895481e-05,0.00116944103489769,"MEP1A","meprin A subunit alpha"
"ENSG00000035664",50.2083333333333,11.6966292134831,38.5117041198502,0.000436064356033456,FALSE,1.63983422904851e-05,0.00116944103489769,"DAPK2","death associated protein kinase 2"
"ENSG00000114316",61.75,10.7116104868914,51.0383895131086,1.97367982064174e-08,FALSE,1.64486707162359e-05,0.00116944103489769,"USP4","ubiquitin specific peptidase 4"
"ENSG00000144118",114.666666666667,22.8014981273408,91.8651685393259,4.75085600312452e-07,FALSE,1.69326440304266e-05,0.00119903438908257,"RALB","RAS like proto-oncogene B"
"ENSG00000120149",6.16666666666667,19.4307116104869,-13.2640449438202,0.00832617869788424,FALSE,1.74035518153424e-05,0.00122747042943031,"MSX2","msh homeobox 2"
"ENSG00000118900",7.33333333333333,1.21722846441948,6.11610486891386,4.51628153108891e-07,FALSE,1.77076285745958e-05,0.00124081221717747,"UBN1","ubinuclein 1"
"ENSG00000179361",26.5833333333333,5.55056179775281,21.0327715355805,1.24522372680278e-06,FALSE,1.77328978673615e-05,0.00124081221717747,"ARID3B","AT-rich interaction domain 3B"
"ENSG00000183283",10.0833333333333,1.68539325842697,8.39794007490637,3.70736168780116e-07,FALSE,1.79640386052476e-05,0.00125203691113661,"DAZAP2","DAZ associated protein 2"
"ENSG00000160767",1.54166666666667,6.04868913857678,-4.50702247191011,0.0462955510715426,FALSE,1.80623039838554e-05,0.00125285886175092,"ENTREP3","endosomal transmembrane epsin interactor 3"
"ENSG00000141551",58.9583333333333,9.59176029962547,49.3665730337079,6.05261974627674e-08,FALSE,1.81173738128134e-05,0.00125285886175092,"CSNK1D","casein kinase 1 delta"
"ENSG00000135506",22.1666666666667,5.36329588014981,16.8033707865169,3.76466201607854e-05,FALSE,1.92212813896926e-05,0.00132114019676477,"OS9","OS9 endoplasmic reticulum lectin"
"ENSG00000160345",11.75,28.5131086142322,-16.7631086142322,0.017925573430348,FALSE,1.9254034387692e-05,0.00132114019676477,"PIERCE1","piercer of microtubule wall 1"
"ENSG00000163219",5.16666666666667,1.03370786516854,4.13295880149813,1.29315412646545e-05,FALSE,1.99010755064887e-05,0.00136026540421378,"ARHGAP25","Rho GTPase activating protein 25"
"ENSG00000135365",119.541666666667,18.6329588014981,100.908707865169,8.42157309466917e-12,FALSE,2.12467827295317e-05,0.00144666074869577,"PHF21A","PHD finger protein 21A"
"ENSG00000148841",5.95833333333333,1.51310861423221,4.44522471910112,0.00342688576553808,FALSE,2.15272205764758e-05,0.00146013940944579,"ITPRIP","inositol 1,4,5-trisphosphate receptor interacting protein"
"ENSG00000087116",33.8333333333333,0.951310861423221,32.8820224719101,1.75632541463646e-61,FALSE,2.1747063093204e-05,0.00146942083182821,"ADAMTS2","ADAM metallopeptidase with thrombospondin type 1 motif 2"
"ENSG00000111261",36.7083333333333,9.1685393258427,27.5397940074906,0.000735304643752259,FALSE,2.20149268823205e-05,0.00147613618315148,"MANSC1","MANSC domain containing 1"
"ENSG00000185518",4.04166666666667,12.561797752809,-8.52013108614232,0.0185196415982461,FALSE,2.20434244047311e-05,0.00147613618315148,"SV2B","synaptic vesicle glycoprotein 2B"
"ENSG00000204514",1.41666666666667,4.78651685393258,-3.36985018726592,0.0409183597805712,FALSE,2.20965987987991e-05,0.00147613618315148,"ZNF814","zinc finger protein 814"
"ENSG00000173757",65.4583333333333,13.1535580524345,52.3047752808989,3.28132647573132e-06,FALSE,2.23707428046269e-05,0.00148883180402372,"STAT5B","signal transducer and activator of transcription 5B"
"ENSG00000006453",2.58333333333333,9.8314606741573,-7.24812734082397,0.0408420999630853,FALSE,2.32557672835166e-05,0.00154193576112395,"BAIAP2L1","BAR/IMD domain containing adaptor protein 2 like 1"
"ENSG00000163431",0.666666666666667,2.67415730337079,-2.00749063670412,0.0354089408805619,FALSE,2.34177446614241e-05,0.00154688184231787,"LMOD1","leiomodin 1"
"ENSG00000081051",0.0416666666666667,0.280898876404494,-0.239232209737828,0.02030999541491,FALSE,2.37667034818038e-05,0.00156141380865598,"AFP","alpha fetoprotein"
"ENSG00000180353",213.708333333333,41.4456928838951,172.262640449438,8.41212364868644e-07,FALSE,2.38503567221473e-05,0.00156141380865598,"HCLS1","hematopoietic cell-specific Lyn substrate 1"
"ENSG00000166579",20.875,3.64419475655431,17.2308052434457,6.3763637627348e-07,FALSE,2.39023409673937e-05,0.00156141380865598,"NDEL1","nudE neurodevelopment protein 1 like 1"
"ENSG00000150551",0.416666666666667,1.55805243445693,-1.14138576779026,0.0436760339655303,FALSE,2.57835679604075e-05,0.00167811214559961,"LYPD1","LY6/PLAUR domain containing 1"
"ENSG00000180891",3.125,0.677902621722846,2.44709737827715,0.0012054479320417,FALSE,2.69208572339111e-05,0.00174571404986054,"CUEDC1","CUE domain containing 1"
"ENSG00000180801",2.875,9.31460674157303,-6.43960674157303,0.0189931241440664,FALSE,2.74620639530611e-05,0.00177430992029577,"ARSJ","arylsulfatase family member J"
"ENSG00000198909",112.958333333333,21.8876404494382,91.0706928838951,1.63897053267854e-07,FALSE,2.78974496193264e-05,0.00179588563858522,"MAP3K3","mitogen-activated protein kinase kinase kinase 3"
"ENSG00000113916",100.958333333333,23.1535580524345,77.8047752808989,0.000672340107301493,FALSE,2.80009557447692e-05,0.00179601782445525,"BCL6","BCL6 transcription repressor"
"ENSG00000121060",56.875,11.0074906367041,45.8675093632959,1.97061277222089e-08,FALSE,2.82236741649086e-05,0.00180061657686497,"TRIM25","tripartite motif containing 25"
"ENSG00000171777",24.1666666666667,5.70411985018727,18.4625468164794,0.00108495449342577,FALSE,2.82760779737029e-05,0.00180061657686497,"RASGRP4","RAS guanyl releasing protein 4"
"ENSG00000162878",9.375,29.7191011235955,-20.3441011235955,0.0140509074820762,FALSE,2.85222110487601e-05,0.00180978029461003,"PKDCC","protein kinase domain containing, cytoplasmic"
"ENSG00000135838",18.0416666666667,4.61797752808989,13.4236891385768,0.0150308911891541,FALSE,2.89120383652983e-05,0.00182796362564598,"NPL","N-acetylneuraminate pyruvate lyase"
"ENSG00000184014",5.33333333333333,1.30337078651685,4.02996254681648,0.00133320974386984,FALSE,2.9218792896588e-05,0.00184078395248505,"DENND5A","DENN domain containing 5A"
"ENSG00000187017",7.79166666666667,28.2696629213483,-20.4779962546816,0.0447492270291412,FALSE,2.9400425400104e-05,0.00184565862006398,"ESPN","espin"
"ENSG00000106829",25.625,5.39325842696629,20.2317415730337,7.42467145358345e-09,FALSE,2.97878581150372e-05,0.00186337262265196,"TLE4","TLE family member 4, transcriptional corepressor"
"ENSG00000003402",44.3333333333333,7.04119850187266,37.2921348314607,2.21048424146565e-10,FALSE,2.9986237270929e-05,0.00186917731833541,"CFLAR","CASP8 and FADD like apoptosis regulator"
"ENSG00000146122",138.958333333333,14.0112359550562,124.947097378277,1.29653302648851e-25,FALSE,3.06596363147574e-05,0.00190444751466719,"DAAM2","dishevelled associated activator of morphogenesis 2"
"ENSG00000103742",3.125,10,-6.875,0.0237196763674279,FALSE,3.38304723583806e-05,0.0020940589236378,"IGDCC4","immunoglobulin superfamily DCC subclass member 4"
"ENSG00000123329",30.0416666666667,5.42322097378277,24.6184456928839,7.68467769422498e-09,FALSE,3.45429917084962e-05,0.00213071283001919,"ARHGAP9","Rho GTPase activating protein 9"
"ENSG00000163932",71.3333333333333,14.9662921348315,56.3670411985019,3.9703196953968e-08,FALSE,3.68398378710744e-05,0.00225841471278221,"PRKCD","protein kinase C delta"
"ENSG00000161638",27.2083333333333,7.77153558052434,19.436797752809,0.00527490427545858,FALSE,3.68684320168366e-05,0.00225841471278221,"ITGA5","integrin subunit alpha 5"
"ENSG00000197321",19.125,3.96629213483146,15.1587078651685,0.000383016800911495,FALSE,3.7481753714811e-05,0.00228806719314931,"SVIL","supervillin"
"ENSG00000132334",48.8333333333333,9.61048689138577,39.2228464419476,5.21119514434194e-07,FALSE,3.8347203794874e-05,0.00233285411952115,"PTPRE","protein tyrosine phosphatase receptor type E"
"ENSG00000133958",2.29166666666667,6.44943820224719,-4.15777153558052,0.0473772520521829,FALSE,3.89969404842296e-05,0.00236425629243944,"UNC79","unc-79 homolog, NALCN channel complex subunit"
"ENSG00000185591",116.541666666667,21.7565543071161,94.7851123595506,4.22263359189014e-10,FALSE,4.06809733425881e-05,0.00245793607878443,"SP1","Sp1 transcription factor"
"ENSG00000112242",54.3333333333333,6.62172284644195,47.7116104868914,1.40561246411163e-16,FALSE,4.20067819441793e-05,0.00252940836992451,"E2F3","E2F transcription factor 3"
"ENSG00000015285",46.8333333333333,10.7340823970037,36.0992509363296,3.00639854483907e-06,FALSE,4.23627054709275e-05,0.00254219313542993,"WAS","WASP actin nucleation promoting factor"
"ENSG00000101150",12.125,1.84644194756554,10.2785580524345,2.38455189754318e-09,FALSE,4.3432072762318e-05,0.00259756075713282,"TPD52L2","TPD52 like 2"
"ENSG00000197496",14.25,37.5131086142322,-23.2631086142322,0.0233742479090214,FALSE,4.37099049039395e-05,0.00260537524078937,"SLC2A10","solute carrier family 2 member 10"
"ENSG00000116701",16.1666666666667,3.32209737827715,12.8445692883895,9.67331901661643e-05,FALSE,4.38852997782845e-05,0.00260705188582205,"NCF2","neutrophil cytosolic factor 2"
"ENSG00000076685",5,0.962546816479401,4.0374531835206,1.68483851159273e-08,FALSE,4.44830003539919e-05,0.00263372092062448,"NT5C2","5'-nucleotidase, cytosolic II"
"ENSG00000205352",28.375,6.57303370786517,21.8019662921348,9.27180763021439e-06,FALSE,4.46846322891693e-05,0.00263684015138388,"PRR13","proline rich 13"
"ENSG00000172197",35.75,8.08988764044944,27.6601123595506,8.04340435665147e-05,FALSE,4.52304433703816e-05,0.00266018119264407,"MBOAT1","membrane bound glycerophospholipid O-acyltransferase 1"
"ENSG00000142599",21.5833333333333,4.8501872659176,16.7331460674157,6.73445308543337e-05,FALSE,4.57223974820506e-05,0.00268021060471769,"RERE","arginine-glutamic acid dipeptide repeats"
"ENSG00000188559",7.70833333333333,1,6.70833333333333,3.07300591016552e-11,FALSE,4.59016918099703e-05,0.00268184042941223,"RALGAPA2","Ral GTPase activating protein catalytic subunit alpha 2"
"ENSG00000184368",9.75,31.5093632958801,-21.7593632958801,0.0310713853068997,FALSE,4.62902963872097e-05,0.00269564841099596,"MAP7D2","MAP7 domain containing 2"
"ENSG00000188315",3.33333333333333,0.348314606741573,2.98501872659176,6.82908173051627e-21,FALSE,4.78338407841699e-05,0.00277640158492511,"C3orf62","chromosome 3 open reading frame 62"
"ENSG00000147100",1.875,4.58801498127341,-2.71301498127341,0.031416929260017,FALSE,4.8360228938388e-05,0.00279157383430154,"SLC16A2","solute carrier family 16 member 2"
"ENSG00000127084",4.91666666666667,0.951310861423221,3.96535580524345,3.78899663706341e-07,FALSE,4.84106178122676e-05,0.00279157383430154,"FGD3","FYVE, RhoGEF and PH domain containing 3"
"ENSG00000053900",5.45833333333333,15.4082397003745,-9.9499063670412,0.0492987332168731,FALSE,4.90536026092861e-05,0.00281946729542919,"ANAPC4","anaphase promoting complex subunit 4"
"ENSG00000149506",6.45833333333333,18.9588014981273,-12.500468164794,0.0298626144211095,FALSE,4.94440764885715e-05,0.00283271354717534,"ZP1","zona pellucida glycoprotein 1"
"ENSG00000197405",12,3.71910112359551,8.28089887640449,0.0410643004890898,FALSE,5.26386575290661e-05,0.0030060069491518,"C5AR1","complement C5a receptor 1"
"ENSG00000033327",7.375,1.10112359550562,6.27387640449438,2.18555799166658e-07,FALSE,5.77758825246282e-05,0.00328876671489869,"GAB2","GRB2 associated binding protein 2"
"ENSG00000144711",12.3333333333333,2.57677902621723,9.7565543071161,2.83597438506485e-07,FALSE,5.80331915511813e-05,0.00329282560907231,"IQSEC1","IQ motif and Sec7 domain ArfGEF 1"
"ENSG00000072518",28.2916666666667,5.45692883895131,22.8347378277154,5.40907243540628e-07,FALSE,5.93465203391123e-05,0.00335658610084123,"MARK2","microtubule affinity regulating kinase 2"
"ENSG00000075785",107.416666666667,13.3707865168539,94.0458801498127,6.09059626595276e-18,FALSE,6.08985293713748e-05,0.00343339702376257,"RAB7A","RAB7A, member RAS oncogene family"
"ENSG00000002834",22.3333333333333,4.16479400749064,18.1685393258427,6.08519465058833e-09,FALSE,6.17817905721538e-05,0.00347213663015504,"LASP1","LIM and SH3 protein 1"
"ENSG00000012817",10.9583333333333,56.314606741573,-45.3562734082397,0.0283189109937376,FALSE,6.23083646969879e-05,0.00349064867161638,"KDM5D","lysine demethylase 5D"
"ENSG00000165006",2.04166666666667,0.288389513108614,1.75327715355805,1.3356238224906e-07,FALSE,6.37179301135673e-05,0.00355008796210933,"UBAP1","ubiquitin associated protein 1"
"ENSG00000132938",8.75,26.0112359550562,-17.2612359550562,0.0147580376754652,FALSE,6.38091868020681e-05,0.00355008796210933,"MTUS2","microtubule associated scaffold protein 2"
"ENSG00000181274",4.25,0.955056179775281,3.29494382022472,0.000589318598504056,FALSE,6.39709687574352e-05,0.00355008796210933,"FRAT2","FRAT regulator of WNT signaling pathway 2"
"ENSG00000132589",19.8333333333333,4.17228464419476,15.6610486891386,0.000130872821649179,FALSE,6.44288780699963e-05,0.00356432633897858,"FLOT2","flotillin 2"
"ENSG00000196739",6.95833333333333,21.7865168539326,-14.8281835205993,0.034830529775401,FALSE,6.48904487220116e-05,0.00357867792437935,"COL27A1","collagen type XXVII alpha 1 chain"
"ENSG00000184922",22.25,5.23970037453183,17.0102996254682,3.0843891501428e-06,FALSE,6.64114501409491e-05,0.00365118603057522,"FMNL1","formin like 1"
"ENSG00000173334",70.3333333333333,18.1797752808989,52.1535580524344,0.000428393707153023,FALSE,6.83245098934946e-05,0.0037447331227385,"TRIB1","tribbles pseudokinase 1"
"ENSG00000084070",32.5833333333333,3.40074906367041,29.1825842696629,3.12164548027536e-27,FALSE,6.92409031528558e-05,0.00378324601393521,"SMAP2","small ArfGAP2"
"ENSG00000140455",41.7916666666667,8.91011235955056,32.8815543071161,8.38318889812945e-06,FALSE,7.05986841136606e-05,0.00384556463035118,"USP3","ubiquitin specific peptidase 3"
"ENSG00000168952",2.625,8.1498127340824,-5.5248127340824,0.00632615007064746,FALSE,7.11968877443743e-05,0.00386625307895294,"STXBP6","syntaxin binding protein 6"
"ENSG00000143384",38.0833333333333,7.50561797752809,30.5777153558052,4.11994940544098e-09,FALSE,7.17148048558965e-05,0.00387589094969372,"MCL1","MCL1 apoptosis regulator, BCL2 family member"
"ENSG00000103569",71.875,28.4756554307116,43.3993445692884,0.244260097911704,TRUE,7.18122482912241e-05,0.00387589094969372,"AQP9","aquaporin 9"
"ENSG00000163191",75.0833333333333,21.4082397003745,53.6750936329588,0.0040659980872231,FALSE,7.37475934945847e-05,0.00396824816910223,"S100A11","S100 calcium binding protein A11"
"ENSG00000132825",4.75,0.861423220973783,3.88857677902622,0.000115384013927002,FALSE,7.45591733195644e-05,0.00399976074326136,"PPP1R3D","protein phosphatase 1 regulatory subunit 3D"
"ENSG00000213654",15.0833333333333,3.48314606741573,11.6001872659176,3.50221234474688e-05,FALSE,7.69049891546573e-05,0.0041047205070281,"GPSM3","G protein signaling modulator 3"
"ENSG00000204304",17.5833333333333,4.63670411985019,12.9466292134831,0.000258882116519162,FALSE,7.69794502814964e-05,0.0041047205070281,"PBX2","PBX homeobox 2"
"ENSG00000100605",27.8333333333333,5.84644194756554,21.9868913857678,6.46142992798948e-08,FALSE,7.9645388054177e-05,0.00423412103520449,"ITPK1","inositol-tetrakisphosphate 1-kinase"
"ENSG00000096063",100.375,14.6516853932584,85.7233146067416,4.04334989750425e-15,FALSE,8.03977075308992e-05,0.00426131921083685,"SRPK1","SRSF protein kinase 1"
"ENSG00000205209",0.75,2.13857677902622,-1.38857677902622,0.0286330714379061,FALSE,8.06809234562608e-05,0.00426356533715279,"SCGB2B2","secretoglobin family 2B member 2"
"ENSG00000088833",36.5,4.62921348314607,31.8707865168539,1.95321842225701e-14,FALSE,8.1021992637695e-05,0.00426884623709855,"NSFL1C","NSFL1 cofactor"
"ENSG00000111913",60.2083333333333,8.83895131086142,51.3693820224719,3.41817209451327e-16,FALSE,8.15533375180521e-05,0.00428409119905661,"RIPOR2","RHO family interacting cell polarization regulator 2"
"ENSG00000165801",6.83333333333333,1.52434456928839,5.30898876404494,3.45174656955018e-06,FALSE,8.23797294485192e-05,0.00431469926161874,"ARHGEF40","Rho guanine nucleotide exchange factor 40"
"ENSG00000175137",13.25,2.43445692883895,10.815543071161,1.5928763456014e-06,FALSE,8.33676799928515e-05,0.00435356353661785,"SH3BP5L","SH3 binding domain protein 5 like"
"ENSG00000135334",286.791666666667,47.2696629213483,239.522003745318,7.91655987381995e-12,FALSE,8.41003005692529e-05,0.00437645285849203,"AKIRIN2","akirin 2"
"ENSG00000066136",25.5416666666667,4.13483146067416,21.4068352059925,1.18186486438702e-12,FALSE,8.43004250548372e-05,0.00437645285849203,"NFYC","nuclear transcription factor Y subunit gamma"
"ENSG00000018280",15.75,3.54681647940075,12.2031835205993,1.86029013055301e-05,FALSE,8.51433087856165e-05,0.0044072865363502,"SLC11A1","solute carrier family 11 member 1"
"ENSG00000142347",31.25,8.60674157303371,22.6432584269663,0.000545779386745397,FALSE,8.68447081969761e-05,0.00448225034755413,"MYO1F","myosin IF"
"ENSG00000127527",43.7916666666667,9.65917602996255,34.1324906367041,1.30956003758935e-05,FALSE,8.75288137985018e-05,0.00450113309133921,"EPS15L1","epidermal growth factor receptor pathway substrate 15 like 1"
"ENSG00000159588",61.0833333333333,10.2996254681648,50.7837078651685,9.03234028799219e-09,FALSE,8.7719082444333e-05,0.00450113309133921,"CCDC17","coiled-coil domain containing 17"
"ENSG00000127334",47.6666666666667,8.00749063670412,39.6591760299625,3.98871071489193e-15,FALSE,8.9533344375925e-05,0.00458095027597399,"DYRK2","dual specificity tyrosine phosphorylation regulated kinase 2"
"ENSG00000158470",4.16666666666667,0.940074906367041,3.22659176029963,2.30775360793728e-08,FALSE,9.02948351522895e-05,0.00460659788674634,"B4GALT5","beta-1,4-galactosyltransferase 5"
"ENSG00000113719",36.9166666666667,4.37453183520599,32.5421348314607,5.49258986974894e-22,FALSE,9.11897954546568e-05,0.0046388877842925,"ERGIC1","endoplasmic reticulum-golgi intermediate compartment 1"
"ENSG00000141506",1.29166666666667,0.101123595505618,1.19054307116105,5.63001957233506e-19,FALSE,9.19099377534406e-05,0.00466212500873685,"PIK3R5","phosphoinositide-3-kinase regulatory subunit 5"
"ENSG00000102010",71.7916666666667,13.9063670411985,57.8852996254682,8.49894338602333e-11,FALSE,9.45988667908112e-05,0.00478481068227923,"BMX","BMX non-receptor tyrosine kinase"
"ENSG00000156711",179.75,38.3295880149813,141.420411985019,8.27506464269873e-07,FALSE,9.8221052764669e-05,0.00495386694328471,"MAPK13","mitogen-activated protein kinase 13"
"ENSG00000047578",46.4166666666667,10.2846441947566,36.1320224719101,7.65170872393598e-06,FALSE,9.96654485467458e-05,0.00501243589665636,"KATNIP","katanin interacting protein"
"ENSG00000120899",48.75,7.88389513108614,40.8661048689139,1.36712604663536e-13,FALSE,0.000101494627154863,0.00507615511411075,"PTK2B","protein tyrosine kinase 2 beta"
"ENSG00000148660",71.5,15.7228464419476,55.7771535580524,4.36637770283101e-07,FALSE,0.000101528061933058,0.00507615511411075,"CAMK2G","calcium/calmodulin dependent protein kinase II gamma"
"ENSG00000084110",8.75,1.9063670411985,6.8436329588015,1.57226501205008e-06,FALSE,0.000101792637717297,0.00507615511411075,"HAL","histidine ammonia-lyase"
"ENSG00000166888",47.0416666666667,10.5393258426966,36.50234082397,3.58642511824909e-05,FALSE,0.000103733140369304,0.00515839265156685,"STAT6","signal transducer and activator of transcription 6"
"ENSG00000011198",32.7083333333333,7.62546816479401,25.0828651685393,9.16848653184759e-06,FALSE,0.000104475699597108,0.00518076557413893,"ABHD5","abhydrolase domain containing 5, lysophosphatidic acid acyltransferase"
"ENSG00000146197",10.5,24.8052434456929,-14.3052434456929,0.00791268164487847,FALSE,0.000105865869454752,0.00523503767306558,"SCUBE3","signal peptide, CUB domain and EGF like domain containing 3"
"ENSG00000035681",25.4583333333333,2.94756554307116,22.5107677902622,4.29671410916294e-22,FALSE,0.000108615490887402,0.00534264989803445,"NSMAF","neutral sphingomyelinase activation associated factor"
"ENSG00000204160",6.83333333333333,1.72659176029963,5.10674157303371,0.00902580698361717,FALSE,0.000108798466716525,0.00534264989803445,"ZDHHC18","zinc finger DHHC-type palmitoyltransferase 18"
"ENSG00000183878",40,185.022471910112,-145.022471910112,0.032566796548755,FALSE,0.000108977140092426,0.00534264989803445,"UTY","ubiquitously transcribed tetratricopeptide repeat containing, Y-linked"
"ENSG00000197208",24.9166666666667,7.62921348314607,17.2874531835206,0.00129332082832027,FALSE,0.000109380259083747,0.00534264989803445,"SLC22A4","solute carrier family 22 member 4"
"ENSG00000163694",27.0833333333333,7.58052434456929,19.502808988764,0.0103369571232696,FALSE,0.000109551031632294,0.00534264989803445,"RBM47","RNA binding motif protein 47"
"ENSG00000007944",57.75,11.7228464419476,46.0271535580524,2.36983375985869e-06,FALSE,0.000110337450637054,0.00536621947425209,"MYLIP","myosin regulatory light chain interacting protein"
"ENSG00000188037",1.125,3.30711610486891,-2.18211610486891,0.0477262086799252,FALSE,0.000113471719332591,0.00550353382834209,"CLCN1","chloride voltage-gated channel 1"
"ENSG00000198515",1.45833333333333,5.97378277153558,-4.51544943820225,0.0453731542364546,FALSE,0.000115757663935197,0.00559906536788197,"CNGA1","cyclic nucleotide gated channel subunit alpha 1"
"ENSG00000114656",84.9166666666667,14.689138576779,70.2275280898876,5.98074367855745e-11,FALSE,0.00011629373114261,0.00560966736353575,"CFAP92","cilia and flagella associated protein 92 (putative)"
"ENSG00000102271",1.54166666666667,4.55805243445693,-3.01638576779026,0.0289751213080668,FALSE,0.000118597850173736,0.0057052656022436,"KLHL4","kelch like family member 4"
"ENSG00000169902",99.9583333333333,14.8052434456929,85.1530898876404,9.23757753671638e-20,FALSE,0.000119940190346559,0.00575420376613859,"TPST1","tyrosylprotein sulfotransferase 1"
"ENSG00000160712",8.08333333333333,1.88014981273408,6.20318352059925,9.4484739903888e-05,FALSE,0.00012096527432108,0.00577322803658273,"IL6R","interleukin 6 receptor"
"ENSG00000164946",2.75,6.91385767790262,-4.16385767790262,0.0158970193857588,FALSE,0.00012098896241158,0.00577322803658273,"FREM1","FRAS1 related extracellular matrix 1"
"ENSG00000123405",11.7916666666667,2.93632958801498,8.85533707865168,0.000874284058167569,FALSE,0.000122779165444454,0.00584290205877197,"NFE2","nuclear factor, erythroid 2"
"ENSG00000181218",6.91666666666667,22.6142322097378,-15.6975655430712,0.0150580415388897,FALSE,0.000125388808072827,0.00594925086911421,"H2AC25","H2A clustered histone 25"
"ENSG00000109854",54.375,10.310861423221,44.064138576779,5.93612065298899e-10,FALSE,0.000125686032031221,0.00594925086911421,"HTATIP2","HIV-1 Tat interactive protein 2"
"ENSG00000177156",20.1666666666667,7.86516853932584,12.3014981273408,0.0583726905540725,TRUE,0.00012753321079867,0.00600719001403665,"TALDO1","transaldolase 1"
"ENSG00000143376",50.625,10.3220973782772,40.3029026217229,1.6886188350431e-07,FALSE,0.000127588738929999,0.00600719001403665,"SNX27","sorting nexin 27"
"ENSG00000138185",5.83333333333333,1.12359550561798,4.70973782771536,2.06739873261244e-08,FALSE,0.000129210409010456,0.00606740549260507,"ENTPD1","ectonucleoside triphosphate diphosphohydrolase 1"
"ENSG00000176177",3.45833333333333,8,-4.54166666666667,0.0206053387506145,FALSE,0.000130023450113019,0.00607054187660405,"ENTHD1","ENTH domain containing 1"
"ENSG00000117676",24.6666666666667,5.2247191011236,19.4419475655431,1.81521623103753e-06,FALSE,0.000130189818073457,0.00607054187660405,"RPS6KA1","ribosomal protein S6 kinase A1"
"ENSG00000109118",40.7916666666667,7.11985018726592,33.6718164794007,1.16851563380599e-10,FALSE,0.000130305931938629,0.00607054187660405,"PHF12","PHD finger protein 12"
"ENSG00000100991",6.625,1.30337078651685,5.32162921348315,4.21616290584052e-07,FALSE,0.000131208098046371,0.00609652745331997,"TRPC4AP","transient receptor potential cation channel subfamily C member 4 associated protein"
"ENSG00000138964",15.625,4.1310861423221,11.4939138576779,0.000682914185282197,FALSE,0.000132831315849999,0.00614723034644874,"PARVG","parvin gamma"
"ENSG00000169885",31.0416666666667,95.4719101123596,-64.4302434456929,0.0426923151402278,FALSE,0.00013299379894311,0.00614723034644874,"CALML6","calmodulin like 6"
"ENSG00000188895",55.0833333333333,10.3333333333333,44.75,2.62015697296484e-08,FALSE,0.000136093611162011,0.00627412812083614,"MSL1","MSL complex subunit 1"
"ENSG00000140044",54.9166666666667,8.1123595505618,46.8043071161049,9.74034374255084e-17,FALSE,0.000136876847384447,0.006278831936297,"JDP2","Jun dimerization protein 2"
"ENSG00000105352",49.9583333333333,11.2322097378277,38.7261235955056,0.000197052473861053,FALSE,0.000136904995052287,0.006278831936297,"CEACAM4","CEA cell adhesion molecule 4"
"ENSG00000106780",7.625,1.78277153558052,5.84222846441948,3.57017307672141e-05,FALSE,0.000137573935631365,0.00629320770667198,"MEGF9","multiple EGF like domains 9"
"ENSG00000109255",0.583333333333333,2.01498127340824,-1.43164794007491,0.0472256003260154,FALSE,0.000139036791566275,0.00634373278633446,"NMU","neuromedin U"
"ENSG00000197442",24.5,4.65917602996255,19.8408239700375,1.56570233031703e-09,FALSE,0.000139750319807236,0.00635989694485217,"MAP3K5","mitogen-activated protein kinase kinase kinase 5"
"ENSG00000167193",57.0833333333333,10.4307116104869,46.6526217228464,1.20148801418293e-10,FALSE,0.000140212780855394,0.00636458169098217,"CRK","CRK proto-oncogene, adaptor protein"
"ENSG00000184227",1.04166666666667,3.92134831460674,-2.87968164794007,0.0465422748031966,FALSE,0.000141160011069176,0.0063911909871039,"ACOT1","acyl-CoA thioesterase 1"
"ENSG00000100938",42.3333333333333,8.70037453183521,33.6329588014981,3.18729799623926e-09,FALSE,0.00014184387389342,0.00640577066207965,"GMPR2","guanosine monophosphate reductase 2"
"ENSG00000118520",42.4166666666667,7.14232209737828,35.2743445692884,8.66201054599249e-14,FALSE,0.00014256861141187,0.0064221173735988,"ARG1","arginase 1"
"ENSG00000173120",78.5,17.3707865168539,61.1292134831461,1.04368172785188e-05,FALSE,0.000143106032819091,0.00642996471826491,"KDM2A","lysine demethylase 2A"
"ENSG00000158796",3.29166666666667,0.449438202247191,2.84222846441948,2.15871645458105e-13,FALSE,0.000143777626585694,0.00644378562897859,"DEDD","death effector domain containing"
"ENSG00000006007",10.6666666666667,2.58426966292135,8.08239700374532,3.58059584125478e-06,FALSE,0.000145405430296116,0.00649096710140875,"GDE1","glycerophosphodiester phosphodiesterase 1"
"ENSG00000035862",11.0833333333333,3.54681647940075,7.53651685393258,0.0145780505348465,FALSE,0.000145780386592644,0.00649096710140875,"TIMP2","TIMP metallopeptidase inhibitor 2"
"ENSG00000102921",2.79166666666667,0.786516853932584,2.00514981273408,0.00492712254353004,FALSE,0.000146220981557686,0.00649096710140875,"N4BP1","NEDD4 binding protein 1"
"ENSG00000168461",37.75,8.48314606741573,29.2668539325843,2.82568154483545e-06,FALSE,0.000146297004658086,0.00649096710140875,"RAB31","RAB31, member RAS oncogene family"
"ENSG00000115935",23.7083333333333,5.05992509363296,18.6484082397004,6.39983952693627e-06,FALSE,0.000146744076031471,0.00649452594496283,"WIPF1","WAS/WASL interacting protein family member 1"
"ENSG00000100266",16.625,3.12734082397004,13.49765917603,5.34138233136408e-08,FALSE,0.000149711477655923,0.00660933239137856,"PACSIN2","protein kinase C and casein kinase substrate in neurons 2"
"ENSG00000215114",15.75,2.53183520599251,13.2181647940075,1.21108365964407e-14,FALSE,0.000150142732702978,0.00661188257970353,"UBXN2B","UBX domain protein 2B"
"ENSG00000100228",33.9166666666667,5.50187265917603,28.4147940074906,1.29113968961957e-11,FALSE,0.000153770233202583,0.00675482490914472,"RAB36","RAB36, member RAS oncogene family"
"ENSG00000092036",12.6666666666667,3.03370786516854,9.63295880149813,1.18438821071949e-05,FALSE,0.000156005900132776,0.00683607042091716,"HAUS4","HAUS augmin like complex subunit 4"
"ENSG00000096060",226.583333333333,25.9513108614232,200.63202247191,9.73451625872614e-31,FALSE,0.000157463064291373,0.00688288549913622,"FKBP5","FKBP prolyl isomerase 5"
"ENSG00000100461",21.8333333333333,4.28089887640449,17.5524344569288,3.06840682861192e-07,FALSE,0.000158634831874179,0.00691702568637583,"RBM23","RNA binding motif protein 23"
"ENSG00000071054",47.25,8.40449438202247,38.8455056179775,3.46770907394153e-11,FALSE,0.000160075023893893,0.00696267358229381,"MAP4K4","mitogen-activated protein kinase kinase kinase kinase 4"
"ENSG00000177663",16.75,2.84269662921348,13.9073033707865,1.05589979977273e-09,FALSE,0.000162130508635443,0.00702649382390628,"IL17RA","interleukin 17 receptor A"
"ENSG00000022277",4.83333333333333,1.08614232209738,3.74719101123595,1.55271184462337e-05,FALSE,0.000162336099755842,0.00702649382390628,"RTF2","replication termination factor 2"
"ENSG00000159128",14.3333333333333,3.2247191011236,11.1086142322097,2.95649101884493e-06,FALSE,0.00016391317553231,0.00707745108889875,"IFNGR2","interferon gamma receptor 2"
"ENSG00000078618",22.5,3.82397003745318,18.6760299625468,1.10533099393212e-10,FALSE,0.000167972491248181,0.00723507788945631,"NRDC","nardilysin convertase"
"ENSG00000079277",13.2916666666667,2.10861423220974,11.1830524344569,1.67021043223286e-10,FALSE,0.000170113965931703,0.00730138145092266,"MKNK1","MAPK interacting serine/threonine kinase 1"
"ENSG00000257335",39.9583333333333,15.2771535580524,24.6811797752809,0.136458999149576,TRUE,0.00017033669656166,0.00730138145092266,"MGAM","maltase-glucoamylase"
"ENSG00000176095",10.1666666666667,2.35205992509363,7.81460674157303,6.07933141201824e-05,FALSE,0.000171288775407624,0.00732445698319121,"IP6K1","inositol hexakisphosphate kinase 1"
"ENSG00000180509",3.875,0.445692883895131,3.42930711610487,3.98750336477345e-19,FALSE,0.000176148420439734,0.00751410960733641,"KCNE1","potassium voltage-gated channel subfamily E regulatory subunit 1"
"ENSG00000213390",31,4.25468164794007,26.7453183520599,2.75419573670151e-20,FALSE,0.000178823354798238,0.00760987944709908,"ARHGAP19","Rho GTPase activating protein 19"
"ENSG00000109466",23.7083333333333,4.13483146067416,19.5735018726592,1.61278360481659e-10,FALSE,0.000184024880606054,0.00781245194572896,"KLHL2","kelch like family member 2"
"ENSG00000146592",48.8333333333333,16.0112359550562,32.8220973782772,0.0314138210642046,FALSE,0.000187028942202403,0.00792098890863431,"CREB5","cAMP responsive element binding protein 5"
"ENSG00000092871",9.41666666666667,1.73408239700375,7.68258426966292,6.17035731387183e-10,FALSE,0.000188581703172125,0.00796768947793827,"RFFL","ring finger and FYVE like domain containing E3 ubiquitin protein ligase"
"ENSG00000064666",61.3333333333333,25.7378277153558,35.5955056179775,0.0885003340046662,TRUE,0.000189412708717535,0.00798374567244411,"CNN2","calponin 2"
"ENSG00000172775",12.4166666666667,2.04494382022472,10.3717228464419,6.76750224630177e-16,FALSE,0.000190660415672946,0.00801724783529256,"PSME3IP1","proteasome activator subunit 3 interacting protein 1"
"ENSG00000080815",51,10.6441947565543,40.3558052434457,3.52072306801708e-08,FALSE,0.00019442023201197,0.00815597480404717,"PSEN1","presenilin 1"
"ENSG00000197943",18.7083333333333,4.06367041198502,14.6446629213483,1.99278097729769e-05,FALSE,0.00019707021798806,0.00824759827196838,"PLCG2","phospholipase C gamma 2"
"ENSG00000239998",27.4583333333333,7.31835205992509,20.1399812734082,0.000134140940080011,FALSE,0.000199517598191913,0.00832388761286317,"LILRA2","leukocyte immunoglobulin like receptor A2"
"ENSG00000121005",0.541666666666667,1.92883895131086,-1.38717228464419,0.0330006672455977,FALSE,0.00020005597152183,0.00832388761286317,"CRISPLD1","cysteine rich secretory protein LCCL domain containing 1"
"ENSG00000152213",72.7916666666667,17.6666666666667,55.125,6.79747543988274e-05,FALSE,0.000200303684295301,0.00832388761286317,"ARL11","ARF like GTPase 11"
"ENSG00000112062",257.041666666667,46.9775280898876,210.064138576779,1.23284778484131e-11,FALSE,0.000200810937421241,0.00832542394652982,"MAPK14","mitogen-activated protein kinase 14"
"ENSG00000129467",22.3333333333333,6.02247191011236,16.310861423221,1.08378326208749e-05,FALSE,0.000202752513606343,0.00838627978591843,"ADCY4","adenylate cyclase 4"
"ENSG00000139890",66.125,13.9250936329588,52.1999063670412,7.88195299921072e-11,FALSE,0.000208466797510626,0.00860253546930212,"REM2","RRAD and GEM like GTPase 2"
"ENSG00000151726",50.375,13.9588014981273,36.4161985018727,0.00149410735015646,FALSE,0.000210961885802382,0.0086852517775804,"ACSL1","acyl-CoA synthetase long chain family member 1"
"ENSG00000108424",94.875,17.3333333333333,77.5416666666667,5.19706536626124e-13,FALSE,0.000214297733199637,0.00880211779775679,"KPNB1","karyopherin subunit beta 1"
"ENSG00000167995",2.58333333333333,0.98876404494382,1.59456928838951,0.307458486665095,TRUE,0.000219120373357821,0.00897937029989237,"BEST1","bestrophin 1"
"ENSG00000076513",10.25,1.59550561797753,8.65449438202247,1.52288299952347e-12,FALSE,0.000224871586630754,0.00919376835594511,"ANKRD13A","ankyrin repeat domain 13A"
"ENSG00000116793",71.1666666666667,10.7865168539326,60.3801498127341,3.15520421164007e-19,FALSE,0.000227170890266391,0.00926637389489844,"PHTF1","putative homeodomain transcription factor 1"
"ENSG00000087074",45.875,11.12734082397,34.74765917603,0.000429957040450428,FALSE,0.000229094911480132,0.00932337291478801,"PPP1R15A","protein phosphatase 1 regulatory subunit 15A"
"ENSG00000119682",33.125,6.22097378277154,26.9040262172285,1.63311764384467e-09,FALSE,0.0002315129017175,0.00939850588928756,"AREL1","apoptosis resistant E3 ubiquitin protein ligase 1"
"ENSG00000182022",15.4166666666667,4.30337078651685,11.1132958801498,0.00108783352191241,FALSE,0.000232002885026191,0.00939850588928756,"CHST15","carbohydrate sulfotransferase 15"
"ENSG00000105520",11.875,3,8.875,6.39908827525678e-05,FALSE,0.000234007633244307,0.00945807564229214,"PLPPR2","phospholipid phosphatase related 2"
"ENSG00000141968",28.1666666666667,6.25842696629214,21.9082397003745,1.687419235306e-08,FALSE,0.000240632034237637,0.00970366492507719,"VAV1","vav guanine nucleotide exchange factor 1"
"ENSG00000172936",190.333333333333,44.6404494382022,145.692883895131,3.52210069593245e-09,FALSE,0.000241369197046773,0.00971127021663412,"MYD88","MYD88 innate immune signal transduction adaptor"
"ENSG00000012232",4.20833333333333,0.943820224719101,3.26451310861423,1.89346462257162e-06,FALSE,0.000243496505549153,0.00976596079987184,"EXTL3","exostosin like glycosyltransferase 3"
"ENSG00000131759",63.375,17.9850187265918,45.3899812734082,8.4836708798646e-05,FALSE,0.000243831817971155,0.00976596079987184,"RARA","retinoic acid receptor alpha"
"ENSG00000204577",5.16666666666667,1.29588014981273,3.87078651685393,0.0045746060880303,FALSE,0.000246937594711034,0.00986802762792197,"LILRB3","leukocyte immunoglobulin like receptor B3"
"ENSG00000005302",68.5833333333333,12.1498127340824,56.4335205992509,1.2078788628258e-13,FALSE,0.000248576804197696,0.00991116028088246,"MSL3","MSL complex subunit 3"
"ENSG00000139083",28.25,8.0187265917603,20.2312734082397,0.00117907794201198,FALSE,0.000253760414421948,0.0100951025090152,"ETV6","ETS variant transcription factor 6"
"ENSG00000179335",23.3333333333333,3.9625468164794,19.3707865168539,6.6701364297724e-10,FALSE,0.000255595777474384,0.0101206365891543,"CLK3","CDC like kinase 3"
"ENSG00000163220",98.5416666666667,28.2696629213483,70.2720037453184,7.39235008508462e-05,FALSE,0.000256019703259064,0.0101206365891543,"S100A9","S100 calcium binding protein A9"
"ENSG00000115008",0.708333333333333,3.53183520599251,-2.82350187265918,0.0452384458929342,FALSE,0.000256117335589512,0.0101206365891543,"IL1A","interleukin 1 alpha"
"ENSG00000129657",9.66666666666667,3.65543071161049,6.01123595505618,0.0925606048951578,TRUE,0.00025997876694359,0.0102503432320766,"SEC14L1","SEC14 like lipid binding 1"
"ENSG00000100462",104.333333333333,14.1722846441948,90.1610486891386,3.73805310712312e-18,FALSE,0.000261299310705268,0.0102795148831452,"PRMT5","protein arginine methyltransferase 5"
"ENSG00000140678",21.9583333333333,6.89887640449438,15.0594569288389,0.0272801918522726,FALSE,0.000262450160382715,0.0102925053071221,"ITGAX","integrin subunit alpha X"
"ENSG00000163464",10.7916666666667,4.00374531835206,6.78792134831461,0.100808371895549,TRUE,0.000262792317619566,0.0102925053071221,"CXCR1","C-X-C motif chemokine receptor 1"
"ENSG00000173171",13.6666666666667,2.70411985018727,10.9625468164794,9.31948846635302e-10,FALSE,0.00026733152264299,0.0104471742722933,"MTX1","metaxin 1"
"ENSG00000131389",4.95833333333333,1.41573033707865,3.54260299625468,0.00839273899316818,FALSE,0.000269505494844003,0.0105089334256022,"SLC6A6","solute carrier family 6 member 6"
"ENSG00000103313",27.7083333333333,8.36704119850187,19.3412921348315,0.0069263915232932,FALSE,0.000271873122299889,0.0105634470211743,"MEFV","MEFV innate immunity regulator, pyrin"
"ENSG00000182405",12.9166666666667,46.9550561797753,-34.0383895131086,0.0375900697480897,FALSE,0.000272096923778766,0.0105634470211743,"PGBD4","piggyBac transposable element derived 4"
"ENSG00000182541",66.75,21.3632958801498,45.3867041198502,0.0335315334819708,FALSE,0.000274072371618187,0.0106168560060323,"LIMK2","LIM domain kinase 2"
"ENSG00000161533",53.4166666666667,14.2134831460674,39.2031835205992,9.29483830239871e-05,FALSE,0.000275926566819782,0.0106653450052633,"ACOX1","acyl-CoA oxidase 1"
"ENSG00000198373",95.0416666666667,21.5243445692884,73.5173220973783,8.04691186552391e-06,FALSE,0.000283094388094801,0.0108711964151338,"WWP2","WW domain containing E3 ubiquitin protein ligase 2"
"ENSG00000129028",1.5,4.34082397003745,-2.84082397003745,0.0342650896194954,FALSE,0.000283432851362308,0.0108711964151338,"THAP10","THAP domain containing 10"
"ENSG00000125618",3,9.84269662921348,-6.84269662921348,0.0323011632525493,FALSE,0.000283651240118558,0.0108711964151338,"PAX8","paired box 8"
"ENSG00000124126",42.6666666666667,7.19850187265918,35.4681647940075,9.17754987042312e-11,FALSE,0.000283982171738668,0.0108711964151338,"PREX1","phosphatidylinositol-3,4,5-trisphosphate dependent Rac exchange factor 1"
"ENSG00000134698",37.0833333333333,8.42322097378277,28.6601123595506,5.8993236604035e-06,FALSE,0.000284322653799185,0.0108711964151338,"AGO4","argonaute RISC component 4"
"ENSG00000152463",96.2916666666667,8.7940074906367,87.49765917603,1.947691591217e-32,FALSE,0.000288932770979813,0.011006047536031,"OLAH","oleoyl-ACP hydrolase"
"ENSG00000113648",104.666666666667,15.3782771535581,89.2883895131086,5.77343241674852e-20,FALSE,0.000289092927992681,0.011006047536031,"MACROH2A1","macroH2A.1 histone"
"ENSG00000196547",6.625,1.16479400749064,5.46020599250936,9.77246935804195e-11,FALSE,0.000290146878899651,0.01102246823425,"MAN2A2","mannosidase alpha class 2A member 2"
"ENSG00000135828",336.666666666667,67.7265917602996,268.940074906367,2.30934277103009e-12,FALSE,0.000294916879977785,0.011179686351706,"RNASEL","ribonuclease L"
"ENSG00000169826",10.75,1.2059925093633,9.5440074906367,2.72713507063143e-23,FALSE,0.000297804640779587,0.0112650332387201,"CSGALNACT2","chondroitin sulfate N-acetylgalactosaminyltransferase 2"
"ENSG00000166523",31.9583333333333,5.10112359550562,26.8572097378277,4.02254398852056e-15,FALSE,0.000308505105936118,0.0116449166106335,"CLEC4E","C-type lectin domain family 4 member E"
"ENSG00000168310",70.0416666666667,11.6067415730337,58.434925093633,8.94746158760476e-15,FALSE,0.000310058225909174,0.0116786399431279,"IRF2","interferon regulatory factor 2"
"ENSG00000137462",134.833333333333,28.7565543071161,106.076779026217,2.32515665622542e-09,FALSE,0.000311676203895654,0.0117146578292245,"TLR2","toll like receptor 2"
"ENSG00000129465",87.2083333333333,26.8876404494382,60.3206928838951,0.0108489978581482,FALSE,0.000313037912354389,0.0117409113610376,"RIPK3","receptor interacting serine/threonine kinase 3"
"ENSG00000141279",47.125,10.1647940074906,36.9602059925094,5.06694967855161e-07,FALSE,0.000314226477603661,0.0117605736427434,"NPEPPS","aminopeptidase puromycin sensitive"
"ENSG00000100296",15.4583333333333,3.1310861423221,12.3272471910112,2.32529221324665e-09,FALSE,0.000317810226092252,0.0118696085074075,"THOC5","THO complex subunit 5"
"ENSG00000163393",13.9166666666667,3.76029962546816,10.1563670411985,0.000155091007561791,FALSE,0.000320903233492598,0.0119356059401897,"SLC22A15","solute carrier family 22 member 15"
"ENSG00000165802",0.208333333333333,0.891385767790262,-0.683052434456929,0.0350179614509071,FALSE,0.000320925742954882,0.0119356059401897,"NSMF","NMDA receptor synaptonuclear signaling and neuronal migration factor"
"ENSG00000065882",9.66666666666667,1.58801498127341,8.07865168539326,7.37057293387779e-14,FALSE,0.000322819425766221,0.0119808643487199,"TBC1D1","TBC1 domain family member 1"
"ENSG00000169891",5.66666666666667,1.12359550561798,4.54307116104869,1.50510135944645e-07,FALSE,0.000324485860018757,0.0120175171127867,"REPS2","RALBP1 associated Eps domain containing 2"
"ENSG00000197555",18.0416666666667,4.09737827715356,13.9442883895131,2.35374170434685e-08,FALSE,0.000325353941204212,0.0120245111088479,"SIPA1L1","signal induced proliferation associated 1 like 1"
"ENSG00000189077",2.66666666666667,0.569288389513109,2.09737827715356,5.92297253470953e-05,FALSE,0.000327842471181035,0.0120912401402455,"TMEM120A","transmembrane protein 120A"
"ENSG00000064547",8.83333333333333,1.8501872659176,6.98314606741573,6.74040160592193e-08,FALSE,0.000329361955909309,0.012122026414683,"LPAR2","lysophosphatidic acid receptor 2"
"ENSG00000027697",15.0833333333333,2.25093632958801,12.8323970037453,2.83130311953375e-19,FALSE,0.000338174103113026,0.0123755524145651,"IFNGR1","interferon gamma receptor 1"
"ENSG00000181192",17.9166666666667,4.15730337078652,13.7593632958802,4.10399157446678e-07,FALSE,0.000338266427088946,0.0123755524145651,"DHTKD1","dehydrogenase E1 and transketolase domain containing 1"
"ENSG00000087206",81.7083333333333,17.6779026217228,64.0304307116105,7.44790366029308e-10,FALSE,0.000338347589032905,0.0123755524145651,"UIMC1","ubiquitin interaction motif containing 1"
"ENSG00000089351",6.33333333333333,2.29213483146067,4.04119850187266,0.0850878676644119,TRUE,0.000340038099418871,0.0123925621049723,"GRAMD1A","GRAM domain containing 1A"
"ENSG00000101916",76.4583333333333,19.310861423221,57.1474719101124,1.22295726092913e-05,FALSE,0.000341216426232147,0.0123925621049723,"TLR8","toll like receptor 8"
"ENSG00000102054",112.875,28.2659176029963,84.6090823970037,0.000125259083165003,FALSE,0.000342625836343097,0.0123925621049723,"RBBP7","RB binding protein 7, chromatin remodeling factor"
"ENSG00000105287",8.04166666666667,1.48689138576779,6.55477528089888,1.20376288616639e-08,FALSE,0.000343026730327344,0.0123925621049723,"PRKD2","protein kinase D2"
"ENSG00000143226",5.58333333333333,1.70411985018727,3.87921348314607,0.0275062812539762,FALSE,0.000343144053829608,0.0123925621049723,"FCGR2A","Fc gamma receptor IIa"
"ENSG00000141337",28.1666666666667,5.27340823970037,22.8932584269663,7.86420482307843e-15,FALSE,0.000343639538203232,0.0123925621049723,"ARSG","arylsulfatase G"
"ENSG00000130775",1.54166666666667,0.400749063670412,1.14091760299625,0.00403189909901187,FALSE,0.000343712816671831,0.0123925621049723,"THEMIS2","thymocyte selection associated family member 2"
"ENSG00000097033",16.2083333333333,2.22097378277154,13.9873595505618,3.94747392149861e-13,FALSE,0.000344774535798029,0.0123989479452215,"SH3GLB1","SH3 domain containing GRB2 like, endophilin B1"
"ENSG00000108788",6.875,1.0374531835206,5.8375468164794,1.19170029478438e-17,FALSE,0.000345290704230594,0.0123989479452215,"MLX","MAX dimerization protein MLX"
"ENSG00000151702",16.9583333333333,3.07116104868914,13.8871722846442,5.64886046848196e-09,FALSE,0.000348838188549728,0.0125009766232709,"FLI1","Fli-1 proto-oncogene, ETS transcription factor"
"ENSG00000169896",45.7083333333333,9.19101123595506,36.5173220973783,1.1186274588161e-09,FALSE,0.00035041884530809,0.0125322521585639,"ITGAM","integrin subunit alpha M"
"ENSG00000132694",23.5416666666667,6.11985018726592,17.4218164794007,2.92038898012986e-05,FALSE,0.000365963701173451,0.0130463601946155,"ARHGEF11","Rho guanine nucleotide exchange factor 11"
"ENSG00000168918",18.6666666666667,2.97378277153558,15.6928838951311,2.07241667541643e-14,FALSE,0.000367975408117889,0.0130463601946155,"INPP5D","inositol polyphosphate-5-phosphatase D"
"ENSG00000115590",98.9166666666667,8.57677902621723,90.3398876404494,1.50341005851229e-24,FALSE,0.000368214000366673,0.0130463601946155,"IL1R2","interleukin 1 receptor type 2"
"ENSG00000198604",35.0833333333333,7.52059925093633,27.562734082397,1.35225290218131e-08,FALSE,0.000368318494454564,0.0130463601946155,"BAZ1A","bromodomain adjacent to zinc finger domain 1A"
"ENSG00000106070",87.0833333333333,8.11610486891386,78.9672284644195,7.7073720299808e-32,FALSE,0.000368478794402516,0.0130463601946155,"GRB10","growth factor receptor bound protein 10"
"ENSG00000254402",2.70833333333333,10.2172284644195,-7.50889513108614,0.0310170844597623,FALSE,0.000371768706693597,0.0131365696898139,"LRRC24","leucine rich repeat containing 24"
"ENSG00000070010",39.125,6.61797752808989,32.5070224719101,1.31761992432459e-14,FALSE,0.000374645349416611,0.0132118458580125,"UFD1","ubiquitin recognition factor in ER associated degradation 1"
"ENSG00000077420",48.5,10.752808988764,37.747191011236,1.15652548537379e-06,FALSE,0.000379781751917433,0.0133663545809032,"APBB1IP","amyloid beta precursor protein binding family B member 1 interacting protein"
"ENSG00000115604",1.125,0.0823970037453183,1.04260299625468,2.62500833622755e-20,FALSE,0.000380591443132109,0.0133682744400153,"IL18R1","interleukin 18 receptor 1"
"ENSG00000074696",34.7916666666667,9.61423220973783,25.1774344569288,0.000110033695152935,FALSE,0.000381488535706384,0.013373250589327,"HACD3","3-hydroxyacyl-CoA dehydratase 3"
"ENSG00000136040",16.6666666666667,5.63670411985019,11.0299625468165,0.00611903761884482,FALSE,0.000383195098430993,0.0134065273271223,"PLXNC1","plexin C1"
"ENSG00000108984",16.8333333333333,2.2059925093633,14.62734082397,3.66212722295632e-20,FALSE,0.000385637356889968,0.0134357782852257,"MAP2K6","mitogen-activated protein kinase kinase 6"
"ENSG00000123836",33.5,2.54681647940075,30.9531835205993,7.79688607253918e-33,FALSE,0.000385986544435753,0.0134357782852257,"PFKFB2","6-phosphofructo-2-kinase/fructose-2,6-biphosphatase 2"
"ENSG00000125834",33.4166666666667,7.08239700374532,26.3342696629213,2.11251980552221e-11,FALSE,0.000386308035201936,0.0134357782852257,"STK35","serine/threonine kinase 35"
"ENSG00000013810",58.75,18.0823970037453,40.6676029962547,0.000719354828967272,FALSE,0.000388787762579635,0.0134955093351907,"TACC3","transforming acidic coiled-coil containing protein 3"
"ENSG00000213523",5.29166666666667,1.0561797752809,4.23548689138577,3.20254868515748e-09,FALSE,0.000392706562775433,0.0135799849435775,"SRA1","steroid receptor RNA activator 1"
"ENSG00000075426",64.9583333333333,21.0149812734082,43.9433520599251,0.0108832278800528,FALSE,0.000392755594594797,0.0135799849435775,"FOSL2","FOS like 2, AP-1 transcription factor subunit"
"ENSG00000136630",16.3333333333333,4.76029962546817,11.5730337078652,6.21259102510709e-05,FALSE,0.000397745703543415,0.0137257157696473,"HLX","H2.0 like homeobox"
"ENSG00000225190",3.70833333333333,0.910112359550562,2.79822097378277,7.40381985688814e-05,FALSE,0.000398529140929037,0.0137259949063555,"PLEKHM1","pleckstrin homology and RUN domain containing M1"
"ENSG00000166987",29.8333333333333,7.29962546816479,22.5337078651685,3.04535673954109e-07,FALSE,0.00041214453184352,0.0141673682470405,"MBD6","methyl-CpG binding domain protein 6"
"ENSG00000120129",107.166666666667,21.5318352059925,85.6348314606742,8.1073179420978e-10,FALSE,0.000420782335508789,0.0144362590804498,"DUSP1","dual specificity phosphatase 1"
"ENSG00000157514",19.2916666666667,3.53932584269663,15.75234082397,6.58032015261287e-13,FALSE,0.000424604262816013,0.014539205540874,"TSC22D3","TSC22 domain family member 3"
"ENSG00000051620",2.25,0.464419475655431,1.78558052434457,0.000431558904344929,FALSE,0.000428221106473547,0.0146135412349251,"HEBP2","heme binding protein 2"
"ENSG00000105397",76.9166666666667,21.3932584269663,55.5234082397004,5.95317559370335e-06,FALSE,0.000428426136865285,0.0146135412349251,"TYK2","tyrosine kinase 2"
"ENSG00000254087",132.125,40.0749063670412,92.0500936329588,0.00637208234124351,FALSE,0.00043250421223557,0.0147242732100121,"LYN","LYN proto-oncogene, Src family tyrosine kinase"
"ENSG00000160796",9.875,2.7940074906367,7.0809925093633,0.0157594036238307,FALSE,0.000435673038660334,0.0147960109719716,"NBEAL2","neurobeachin like 2"
"ENSG00000175538",7.20833333333333,1.99625468164794,5.21207865168539,0.000111853694839301,FALSE,0.000436521547857971,0.0147960109719716,"KCNE3","potassium voltage-gated channel subfamily E regulatory subunit 3"
"ENSG00000120051",10.875,2.25468164794008,8.62031835205993,5.43434887873568e-08,FALSE,0.000437118778644362,0.0147960109719716,"CFAP58","cilia and flagella associated protein 58"
"ENSG00000155761",9.20833333333333,24.5168539325843,-15.3085205992509,0.0423850023493617,FALSE,0.000438217601220557,0.0148048973175716,"SPAG17","sperm associated antigen 17"
"ENSG00000180596",65.5416666666667,21.0337078651685,44.5079588014981,0.00530994394365539,FALSE,0.000450800975020606,0.0151903831437809,"H2BC4","H2B clustered histone 4"
"ENSG00000161217",22,4.31086142322097,17.689138576779,4.4299859862741e-12,FALSE,0.000451343926658122,0.0151903831437809,"PCYT1A","phosphate cytidylyltransferase 1A, choline"
"ENSG00000154845",25,6.41573033707865,18.5842696629213,1.0756328605688e-05,FALSE,0.000453833058654746,0.015245173884943,"PPP4R1","protein phosphatase 4 regulatory subunit 1"
"ENSG00000160593",2.95833333333333,0.925093632958802,2.03323970037453,0.0378173489806093,FALSE,0.000457414975765899,0.015302950055243,"JAML","junction adhesion molecule like"
"ENSG00000129355",36.7083333333333,9.59176029962547,27.1165730337079,1.50734427315691e-05,FALSE,0.000458035915645282,0.015302950055243,"CDKN2D","cyclin dependent kinase inhibitor 2D"
"ENSG00000111530",21.5833333333333,3.43445692883895,18.1488764044944,5.44760482613062e-13,FALSE,0.000458146276296605,0.015302950055243,"CAND1","cullin associated and neddylation dissociated 1"
"ENSG00000187764",17.625,3.05992509363296,14.565074906367,1.98993034173488e-14,FALSE,0.000466191292227728,0.0155423435900329,"SEMA4D","semaphorin 4D"
"ENSG00000102882",185.708333333333,56.0861423220974,129.622191011236,0.0137386245452157,FALSE,0.000470126134161413,0.0156283375943643,"MAPK3","mitogen-activated protein kinase 3"
"ENSG00000062716",7.625,2.10112359550562,5.52387640449438,0.00101854692545071,FALSE,0.000471145016688771,0.0156283375943643,"VMP1","vacuole membrane protein 1"
"ENSG00000147459",19.75,5.84269662921348,13.9073033707865,0.00383637692595018,FALSE,0.000472202924108305,0.0156283375943643,"DOCK5","dedicator of cytokinesis 5"
"ENSG00000166986",119.958333333333,36.1685393258427,83.7897940074906,0.000960034545187736,FALSE,0.000472907706321867,0.0156283375943643,"MARS1","methionyl-tRNA synthetase 1"
"ENSG00000028528",76.7083333333333,12.7453183520599,63.9630149812734,1.23715725019215e-15,FALSE,0.000473184711663518,0.0156283375943643,"SNX1","sorting nexin 1"
"ENSG00000163162",14.0833333333333,3.82022471910112,10.2631086142322,7.23764439067566e-05,FALSE,0.000475381784737088,0.0156716643113607,"RNF149","ring finger protein 149"
"ENSG00000062282",5.33333333333333,2.08988764044944,3.24344569288389,0.0523270779419614,TRUE,0.00048021623359687,0.0158016133519803,"DGAT2","diacylglycerol O-acyltransferase 2"
"ENSG00000196954",31.4583333333333,6.50936329588015,24.9489700374532,7.1264026584603e-08,FALSE,0.000486880742067187,0.0159625889249296,"CASP4","caspase 4"
"ENSG00000103194",80.5416666666667,14.3445692883895,66.1970973782772,5.77675948600462e-10,FALSE,0.000486911710979041,0.0159625889249296,"USP10","ubiquitin specific peptidase 10"
"ENSG00000135636",7.875,2.65543071161049,5.21956928838951,0.00640565370392716,FALSE,0.000493748097014841,0.0161567884684912,"DYSF","dysferlin"
"ENSG00000147434",1.08333333333333,2.37827715355805,-1.29494382022472,0.0401623272484826,FALSE,0.000495319821518202,0.0161776266235474,"CHRNA6","cholinergic receptor nicotinic alpha 6 subunit"
"ENSG00000140057",8.41666666666667,21.7715355805243,-13.3548689138577,0.0254345750233316,FALSE,0.000496212577336396,0.0161776266235474,"AK7","adenylate kinase 7"
"ENSG00000143147",2.75,6.24719101123596,-3.49719101123596,0.0209924459918658,FALSE,0.00050002902331452,0.0162720841906929,"GPR161","G protein-coupled receptor 161"
"ENSG00000115594",15.125,2.23220973782772,12.8927902621723,2.94789051999689e-14,FALSE,0.000501115182832185,0.0162775084067489,"IL1R1","interleukin 1 receptor type 1"
"ENSG00000168297",5.33333333333333,0.674157303370786,4.65917602996255,1.27000743053425e-14,FALSE,0.000502108314355949,0.0162798965000794,"PXK","PX domain containing serine/threonine kinase like"
"ENSG00000156639",8.33333333333333,2.187265917603,6.14606741573034,0.00117985360198259,FALSE,0.000503645429092965,0.0162997943721205,"ZFAND3","zinc finger AN1-type containing 3"
"ENSG00000157551",6.20833333333333,1.7565543071161,4.45177902621723,0.000718348884544537,FALSE,0.000504563481665371,0.0162997943721205,"KCNJ15","potassium inwardly rectifying channel subfamily J member 15"
"ENSG00000059377",45.9583333333333,11.7752808988764,34.1830524344569,2.70362781551863e-07,FALSE,0.00050941695782096,0.0164266091153086,"TBXAS1","thromboxane A synthase 1"
"ENSG00000171051",11.3333333333333,3.60299625468165,7.73033707865169,0.027056540180689,FALSE,0.000510883840724927,0.0164439575133698,"FPR1","formyl peptide receptor 1"
"ENSG00000067048",23.3333333333333,97.434456928839,-74.1011235955056,0.0407437954403705,FALSE,0.000513981567343463,0.0165136400847211,"DDX3Y","DEAD-box helicase 3 Y-linked"
"ENSG00000196923",26.125,9.23970037453184,16.8852996254682,0.0186808097932746,FALSE,0.00051785767033714,0.0166080332209753,"PDLIM7","PDZ and LIM domain 7"
"ENSG00000082014",69.1666666666667,11.7116104868914,57.4550561797753,2.24748970687588e-13,FALSE,0.000525960025624271,0.01683737854182,"SMARCD3","SWI/SNF related BAF chromatin remodeling complex subunit D3"
"ENSG00000188997",4.91666666666667,1.15355805243446,3.76310861423221,2.8032610976704e-05,FALSE,0.000529260676084201,0.0169050576893315,"KCTD21","potassium channel tetramerization domain containing 21"
"ENSG00000103154",56.5,17.0711610486891,39.4288389513109,0.00120427653045197,FALSE,0.00053051048065844,0.0169050576893315,"NECAB2","N-terminal EF-hand calcium binding protein 2"
"ENSG00000103196",7.45833333333333,2.20973782771536,5.24859550561798,0.00726157579533853,FALSE,0.000531557299173201,0.0169050576893315,"CRISPLD2","cysteine rich secretory protein LCCL domain containing 2"
"ENSG00000112195",12.3333333333333,3.37453183520599,8.95880149812734,0.000452290308946579,FALSE,0.000531893867308233,0.0169050576893315,"TREML2","triggering receptor expressed on myeloid cells like 2"
"ENSG00000182149",15.125,3.27715355805243,11.8478464419476,3.89030065864865e-10,FALSE,0.000533448987501461,0.0169150060689291,"IST1","IST1 factor associated with ESCRT-III"
"ENSG00000172236",5.58333333333333,12.565543071161,-6.98220973782772,0.0402942572609579,FALSE,0.000534117855308781,0.0169150060689291,"TPSAB1","tryptase alpha/beta 1"
"ENSG00000047644",5.875,1.32584269662921,4.54915730337079,9.70477812448092e-09,FALSE,0.000539348522577854,0.0170501551699924,"WWC3","WWC family member 3"
"ENSG00000137312",22.875,4.92883895131086,17.9461610486891,1.2424979404473e-09,FALSE,0.000544114495769745,0.0171701585001993,"FLOT1","flotillin 1"
"ENSG00000166501",42.875,10.0374531835206,32.8375468164794,6.02712962321861e-06,FALSE,0.000546984346062592,0.0172300069009717,"PRKCB","protein kinase C beta"
"ENSG00000158517",46.5416666666667,12.9737827715356,33.5678838951311,0.000189796709680057,FALSE,0.000550840731843522,0.0173206633673639,"NCF1","neutrophil cytosolic factor 1"
"ENSG00000222009",26.3333333333333,4.59176029962547,21.7415730337079,2.98847826215255e-12,FALSE,0.000556075730575802,0.0174542706708926,"BTBD19","BTB domain containing 19"
"ENSG00000117410",22,6.97003745318352,15.0299625468165,0.000357254294242953,FALSE,0.000563594685638417,0.0176347737912832,"ATP6V0B","ATPase H+ transporting V0 subunit b"
"ENSG00000004660",19.0416666666667,5.06367041198502,13.9779962546816,2.44718249985921e-05,FALSE,0.000563818672872751,0.0176347737912832,"CAMKK1","calcium/calmodulin dependent protein kinase kinase 1"
"ENSG00000173726",22.8333333333333,6.42696629213483,16.4063670411985,0.000789570212489214,FALSE,0.000566275740403863,0.0176803870059428,"TOMM20","translocase of outer mitochondrial membrane 20"
"ENSG00000172575",43.6666666666667,8.49438202247191,35.1722846441948,2.20962299789141e-12,FALSE,0.00056997271943678,0.0177465339899112,"RASGRP1","RAS guanyl releasing protein 1"
"ENSG00000175197",54.2916666666667,9.26591760299626,45.0257490636704,4.630140679287e-17,FALSE,0.000571459618080295,0.0177465339899112,"DDIT3","DNA damage inducible transcript 3"
"ENSG00000162877",2.66666666666667,8.85767790262172,-6.19101123595506,0.0383018382256952,FALSE,0.000572003559710958,0.0177465339899112,"PM20D1","peptidase M20 domain containing 1"
"ENSG00000100030",228.208333333333,41.561797752809,186.646535580524,2.22357977533067e-13,FALSE,0.00057240416360161,0.0177465339899112,"MAPK1","mitogen-activated protein kinase 1"
"ENSG00000170876",11.3333333333333,2.11985018726592,9.21348314606742,3.50997184251722e-10,FALSE,0.000574448507817793,0.0177736990091087,"TMEM43","transmembrane protein 43"
"ENSG00000198081",27.5,7.41947565543071,20.0805243445693,8.81172581498886e-05,FALSE,0.000575288342779151,0.0177736990091087,"ZBTB14","zinc finger and BTB domain containing 14"
"ENSG00000188042",96.125,23.3483146067416,72.7766853932584,7.19572095867381e-07,FALSE,0.000580522904559238,0.0178812060714793,"ARL4C","ARF like GTPase 4C"
"ENSG00000185000",9,2.98876404494382,6.01123595505618,0.00577582134101248,FALSE,0.000580788199237451,0.0178812060714793,"DGAT1","diacylglycerol O-acyltransferase 1"
"ENSG00000033627",27.625,7.61797752808989,20.0070224719101,1.85930260795196e-05,FALSE,0.000592531573938098,0.0182110875927537,"ATP6V0A1","ATPase H+ transporting V0 subunit a1"
"ENSG00000189067",27.9583333333333,7.9625468164794,19.9957865168539,0.00369611443174406,FALSE,0.000597812279161544,0.0183415438093532,"LITAF","lipopolysaccharide induced TNF factor"
"ENSG00000111052",7.70833333333333,2.46816479400749,5.24016853932584,0.00390167222249316,FALSE,0.00060335056344496,0.0184794377589379,"LIN7A","lin-7 homolog A, crumbs cell polarity complex component"
"ENSG00000188404",65.375,13.0973782771536,52.2776217228464,2.1201545975389e-11,FALSE,0.000604454654883498,0.018481279370298,"SELL","selectin L"
"ENSG00000122359",9.79166666666667,1.96629213483146,7.82537453183521,3.4236817264529e-09,FALSE,0.000605653401789694,0.0184860037446258,"ANXA11","annexin A11"
"ENSG00000173281",4.5,1.34831460674157,3.15168539325843,0.00436312084126556,FALSE,0.000615850362612187,0.0187648863499545,"PPP1R3B","protein phosphatase 1 regulatory subunit 3B"
"ENSG00000107566",21.375,1.812734082397,19.562265917603,1.67427902716382e-26,FALSE,0.000620945232961008,0.0188876176273346,"ERLIN1","ER lipid raft associated 1"
"ENSG00000116991",11.625,2.812734082397,8.812265917603,1.02645858735553e-08,FALSE,0.000622630257492904,0.0189063867039398,"SIPA1L2","signal induced proliferation associated 1 like 2"
"ENSG00000186205",5,1.19850187265918,3.80149812734082,2.89362384672071e-05,FALSE,0.000625864870801983,0.0189720647393964,"MTARC1","mitochondrial amidoxime reducing component 1"
"ENSG00000144821",10.9583333333333,23.2397003745318,-12.2813670411985,0.0414850757655682,FALSE,0.000632872639045297,0.0191516997077246,"MYH15","myosin heavy chain 15"
"ENSG00000168010",6,1.60299625468165,4.39700374531835,0.000346214430460557,FALSE,0.000636472256231537,0.0192277616929469,"ATG16L2","autophagy related 16 like 2"
"ENSG00000188938",1.58333333333333,0.262172284644195,1.32116104868914,4.43305231747428e-10,FALSE,0.000664622939350567,0.0200439861930547,"FAM120AOS","family with sequence similarity 120 member A opposite strand"
"ENSG00000099308",8.91666666666667,1.78651685393258,7.13014981273408,4.31783378950375e-10,FALSE,0.000670195742931945,0.0201648164430516,"MAST3","microtubule associated serine/threonine kinase 3"
"ENSG00000174718",1.70833333333333,0.333333333333333,1.375,1.0217913757348e-06,FALSE,0.000670907579786331,0.0201648164430516,"RESF1","retroelement silencing factor 1"
"ENSG00000107341",94.125,25.0786516853933,69.0463483146067,0.00135332020499965,FALSE,0.000681292104240446,0.0204422273243536,"UBE2R2","ubiquitin conjugating enzyme E2 R2"
"ENSG00000163625",16.7083333333333,5.17228464419476,11.5360486891386,0.00162671316805555,FALSE,0.000685329249685815,0.020528568032467,"WDFY3","WD repeat and FYVE domain containing 3"
"ENSG00000064012",79.4166666666667,13.501872659176,65.9147940074906,8.88141184776182e-16,FALSE,0.000696684918612422,0.0208310817646904,"CASP8","caspase 8"
"ENSG00000136026",38.9166666666667,8.04494382022472,30.8717228464419,5.38696116575706e-10,FALSE,0.000697781815876484,0.0208310817646904,"CKAP4","cytoskeleton associated protein 4"
"ENSG00000116584",22.7083333333333,6.02247191011236,16.685861423221,0.000171800231822989,FALSE,0.000703824360057195,0.0209760987307955,"ARHGEF2","Rho/Rac guanine nucleotide exchange factor 2"
"ENSG00000127824",167.375,31.6441947565543,135.730805243446,1.59847645905087e-13,FALSE,0.000708436009202866,0.0210780549091064,"TUBA4A","tubulin alpha 4a"
"ENSG00000141298",42.625,9.35955056179775,33.2654494382022,4.70004536164401e-06,FALSE,0.000711283546247213,0.0211272694953262,"SSH2","slingshot protein phosphatase 2"
"ENSG00000087266",3.79166666666667,0.98876404494382,2.80290262172285,0.000137132062626758,FALSE,0.00071437122540981,0.0211834402067502,"SH3BP2","SH3 domain binding protein 2"
"ENSG00000197329",6.20833333333333,1.62546816479401,4.58286516853933,0.000765596592595046,FALSE,0.000720392823780406,0.0212547638476366,"PELI1","pellino E3 ubiquitin protein ligase 1"
"ENSG00000175029",56.25,22.250936329588,33.999063670412,0.0555825254699159,TRUE,0.000720645548479983,0.0212547638476366,"CTBP2","C-terminal binding protein 2"
"ENSG00000105053",26.25,6.40074906367041,19.8492509363296,1.2248248796342e-06,FALSE,0.0007206583628328,0.0212547638476366,"VRK3","VRK serine/threonine kinase 3"
"ENSG00000168040",173.583333333333,26.7565543071161,146.826779026217,1.72140347052012e-15,FALSE,0.000721579002001331,0.0212547638476366,"FADD","Fas associated via death domain"
"ENSG00000197249",18.5416666666667,8.38576779026217,10.1558988764045,0.199660853008079,TRUE,0.000723225032198013,0.0212678617026602,"SERPINA1","serpin family A member 1"
"ENSG00000146094",7.41666666666667,1.7752808988764,5.64138576779026,8.52990330754539e-05,FALSE,0.000725092422991456,0.0212874148660328,"DOK3","docking protein 3"
"ENSG00000241878",18.5833333333333,5.46067415730337,13.12265917603,0.00176651927302615,FALSE,0.000729699088754079,0.0213871903447243,"PISD","phosphatidylserine decarboxylase"
"ENSG00000160208",70.4166666666667,16.689138576779,53.7275280898876,1.21858911587283e-06,FALSE,0.000738246611432055,0.021601950020135,"RRP1B","ribosomal RNA processing 1B"
"ENSG00000138942",23.1666666666667,3.60674157303371,19.559925093633,2.99256823441534e-18,FALSE,0.000744279606288662,0.0217425443401455,"RNF185","ring finger protein 185"
"ENSG00000136827",9,1.62921348314607,7.37078651685393,7.99666688508921e-14,FALSE,0.000749318393617164,0.0218536796082449,"TOR1A","torsin family 1 member A"
"ENSG00000154174",19.9583333333333,4.30711610486891,15.6512172284644,5.9870254229067e-11,FALSE,0.000751984635282132,0.0218604336822733,"TOMM70","translocase of outer mitochondrial membrane 70"
"ENSG00000157800",18.5,3.74531835205992,14.7546816479401,7.89025518763373e-08,FALSE,0.000752019664040242,0.0218604336822733,"SLC37A3","solute carrier family 37 member 3"
"ENSG00000196352",42.7083333333333,12.87265917603,29.8356741573034,0.000185464545396252,FALSE,0.000758204070740014,0.0220040764988696,"CD55","CD55 molecule (Cromer blood group)"
"ENSG00000148358",3.875,0.853932584269663,3.02106741573034,1.30300014564221e-06,FALSE,0.000770312866008415,0.0223189012552324,"GPR107","G protein-coupled receptor 107"
"ENSG00000123146",20.2083333333333,4.47191011235955,15.7364232209738,6.36419703538617e-06,FALSE,0.000773631733494294,0.0223602773128338,"ADGRE5","adhesion G protein-coupled receptor E5"
"ENSG00000175003",24,7.7752808988764,16.2247191011236,0.00150088429975342,FALSE,0.000774267072968825,0.0223602773128338,"SLC22A1","solute carrier family 22 member 1"
"ENSG00000132471",10.125,2.40449438202247,7.72050561797753,5.08581411840081e-08,FALSE,0.000779770936290423,0.0224805062850606,"WBP2","WW domain binding protein 2"
"ENSG00000116017",36.7083333333333,8.16479400749064,28.5435393258427,1.60867764533199e-07,FALSE,0.000782189383761727,0.0224805062850606,"ARID3A","AT-rich interaction domain 3A"
"ENSG00000145868",14.9583333333333,2.37078651685393,12.5875468164794,4.05024121454605e-15,FALSE,0.000782239839100565,0.0224805062850606,"FBXO38","F-box protein 38"
"ENSG00000142875",79.125,19.9213483146067,59.2036516853933,3.61554753579134e-11,FALSE,0.000790289575396149,0.0226541221520395,"PRKACB","protein kinase cAMP-activated catalytic subunit beta"
"ENSG00000067992",91.4166666666667,21.2808988764045,70.1357677902622,2.3153415199696e-08,FALSE,0.000790840393716341,0.0226541221520395,"PDK3","pyruvate dehydrogenase kinase 3"
"ENSG00000134815",57.7083333333333,12.1685393258427,45.5397940074906,1.63270823285854e-06,FALSE,0.000794381845551929,0.0227188074504132,"DHX34","DExH-box helicase 34"
"ENSG00000167676",53.5,16.6329588014981,36.8670411985019,0.000892727938784217,FALSE,0.000797447477964605,0.0227696979071087,"PLIN4","perilipin 4"
"ENSG00000143373",23.4583333333333,6.17977528089888,17.2785580524345,5.53105994662395e-05,FALSE,0.000801750744138708,0.0228557059959542,"ZNF687","zinc finger protein 687"
"ENSG00000170345",152.791666666667,46.9700374531835,105.821629213483,0.000546964220892759,FALSE,0.000806718264133485,0.022960343134976,"FOS","Fos proto-oncogene, AP-1 transcription factor subunit"
"ENSG00000181220",38,8.74531835205993,29.2546816479401,8.44150323811793e-06,FALSE,0.00081136090459378,0.0230384451044383,"ZNF746","zinc finger protein 746"
"ENSG00000008130",11.0416666666667,3.58801498127341,7.45365168539326,0.00152969970323415,FALSE,0.000812065172296757,0.0230384451044383,"NADK","NAD kinase"
"ENSG00000147439",24.125,4.92134831460674,19.2036516853933,8.5547324872574e-11,FALSE,0.000816242371382688,0.0231199019209404,"BIN3","bridging integrator 3"
"ENSG00000112303",15.8333333333333,4.93632958801498,10.8970037453184,0.000393076153736311,FALSE,0.000818716625651985,0.0231529399743085,"VNN2","vanin 2"
"ENSG00000140563",2.29166666666667,0.569288389513109,1.72237827715356,0.000103048812923572,FALSE,0.000820213445523028,0.0231582753207243,"MCTP2","multiple C2 and transmembrane domain containing 2"
"ENSG00000163083",24.7083333333333,4.60674157303371,20.1015917602996,2.82285050875879e-12,FALSE,0.000823339895401775,0.0232069192349322,"INHBB","inhibin subunit beta B"
"ENSG00000106348",28.0416666666667,8.39700374531835,19.6446629213483,0.00472947889633075,FALSE,0.000824558108725772,0.0232069192349322,"IMPDH1","inosine monophosphate dehydrogenase 1"
"ENSG00000156860",11.3333333333333,3.72659176029963,7.60674157303371,6.73575802106158e-05,FALSE,0.000829907655411378,0.0233204051170597,"FBRS","fibrosin"
"ENSG00000115165",57.875,11.8089887640449,46.0660112359551,5.60941744771099e-10,FALSE,0.000833835044132466,0.0233936319909303,"CYTIP","cytohesin 1 interacting protein"
"ENSG00000183695",0.0833333333333333,0.434456928838951,-0.351123595505618,0.0427501646367143,FALSE,0.000838090308448282,0.0234758112823733,"MRGPRX2","MAS related GPR family member X2"
"ENSG00000130703",1.79166666666667,0.273408239700375,1.51825842696629,5.85246061162791e-11,FALSE,0.000842543275987534,0.0235560287563258,"OSBPL2","oxysterol binding protein like 2"
"ENSG00000012660",23.75,5.97378277153558,17.7762172284644,1.09343134880132e-10,FALSE,0.000843615332514861,0.0235560287563258,"ELOVL5","ELOVL fatty acid elongase 5"
"ENSG00000197971",17.5416666666667,4.02996254681648,13.5117041198502,3.61899080486866e-08,FALSE,0.000851732373743907,0.0237452255313203,"MBP","myelin basic protein"
"ENSG00000147416",43.1666666666667,11.6629213483146,31.5037453183521,0.000739397457624162,FALSE,0.000857215155902621,0.0238080308188903,"ATP6V1B2","ATPase H+ transporting V1 subunit B2"
"ENSG00000185947",7.66666666666667,3.01498127340824,4.65168539325843,0.125372734892837,TRUE,0.000857264752417156,0.0238080308188903,"ZNF267","zinc finger protein 267"
"ENSG00000065150",61.5,14.8951310861423,46.6048689138577,2.01008633373321e-07,FALSE,0.000858186201782594,0.0238080308188903,"IPO5","importin 5"
"ENSG00000115561",14.25,3.57303370786517,10.6769662921348,1.5660743665374e-07,FALSE,0.000859364610137881,0.0238080308188903,"CHMP3","charged multivesicular body protein 3"
"ENSG00000130821",1.16666666666667,3.62921348314607,-2.4625468164794,0.0413266467136724,FALSE,0.00086252459911142,0.0238582390282335,"SLC6A8","solute carrier family 6 member 8"
"ENSG00000100596",33.2083333333333,5.28464419475655,27.9236891385768,1.38008362419693e-16,FALSE,0.00087254630664817,0.0240977960477263,"SPTLC2","serine palmitoyltransferase long chain base subunit 2"
"ENSG00000175274",1.33333333333333,0.187265917602996,1.14606741573034,8.02884391618452e-10,FALSE,0.00087769077198093,0.0242021179694368,"TP53I11","tumor protein p53 inducible protein 11"
"ENSG00000170921",63.375,13.1835205992509,50.1914794007491,2.03190913344957e-09,FALSE,0.000882010891108535,0.0242834196038793,"TANC2","tetratricopeptide repeat, ankyrin repeat and coiled-coil containing 2"
"ENSG00000132405",4.79166666666667,0.823970037453184,3.96769662921348,4.67708376742655e-11,FALSE,0.000908327288639588,0.0249210603894744,"TBC1D14","TBC1 domain family member 14"
"ENSG00000111679",49.9583333333333,14.0898876404494,35.8684456928839,0.000104315253776119,FALSE,0.000909320225720104,0.0249210603894744,"PTPN6","protein tyrosine phosphatase non-receptor type 6"
"ENSG00000132357",13.375,2.38202247191011,10.9929775280899,2.66753914477981e-15,FALSE,0.000909394171134864,0.0249210603894744,"CARD6","caspase recruitment domain family member 6"
"ENSG00000136383",3.45833333333333,0.917602996254682,2.54073033707865,1.23417962625379e-05,FALSE,0.000918530691764944,0.0251325329773026,"ALPK3","alpha kinase 3"
"ENSG00000196209",23.5,7.48689138576779,16.0131086142322,0.0296236475979391,FALSE,0.000927105401488799,0.0253280045101176,"SIRPB2","signal regulatory protein beta 2"
"ENSG00000074695",23.2083333333333,5.54681647940075,17.6615168539326,6.98277743719831e-07,FALSE,0.000929779548291708,0.0253619219466997,"LMAN1","lectin, mannose binding 1"
"ENSG00000113303",11.25,2.82022471910112,8.42977528089888,1.92059737770533e-07,FALSE,0.000932460189334832,0.0253959118950685,"BTNL8","butyrophilin like 8"
"ENSG00000133392",24.6666666666667,57.0411985018727,-32.374531835206,0.0180822985456227,FALSE,0.0009387332865435,0.025527489050199,"MYH11","myosin heavy chain 11"
"ENSG00000102796",113.208333333333,22.3707865168539,90.8375468164794,2.5030957682561e-09,FALSE,0.000964010880092758,0.0261519035153346,"DHRS12","dehydrogenase/reductase 12"
"ENSG00000119669",7.25,1.58052434456929,5.66947565543071,2.54682032261669e-07,FALSE,0.000964649663645343,0.0261519035153346,"IRF2BPL","interferon regulatory factor 2 binding protein like"
"ENSG00000109323",7.66666666666667,1.91385767790262,5.75280898876404,2.51837619442789e-06,FALSE,0.000979338297742696,0.0265095197017415,"MANBA","mannosidase beta"
"ENSG00000159592",6.875,1.25468164794007,5.62031835205993,1.18066589283192e-11,FALSE,0.000992067127982945,0.0267974169857415,"GPBP1L1","GC-rich promoter binding protein 1 like 1"
"ENSG00000108799",100.333333333333,22.2696629213483,78.063670411985,1.23983121471194e-09,FALSE,0.000993001499330419,0.0267974169857415,"EZH1","enhancer of zeste 1 polycomb repressive complex 2 subunit"
"ENSG00000243646",7.95833333333333,2.15730337078652,5.80102996254682,0.000256671267425004,FALSE,0.000995158890993436,0.0268147608025218,"IL10RB","interleukin 10 receptor subunit beta"
"ENSG00000116783",13.25,27.2921348314607,-14.0421348314607,0.00248466419668895,FALSE,0.00100155393422324,0.0269460627622402,"TNNI3K","TNNI3 interacting kinase"
"ENSG00000169220",12.2916666666667,4.80524344569288,7.48642322097378,0.199876918454409,TRUE,0.00100519913036134,0.0270030959101469,"RGS14","regulator of G protein signaling 14"
"ENSG00000162889",18.2083333333333,2.45318352059925,15.7551498127341,1.44890550081394e-14,FALSE,0.00100887486133312,0.0270330504191579,"MAPKAPK2","MAPK activated protein kinase 2"
"ENSG00000164104",125.041666666667,24.3295880149813,100.712078651685,2.25568204626795e-08,FALSE,0.00100936826114576,0.0270330504191579,"HMGB2","high mobility group box 2"
"ENSG00000163221",95.5,24.7153558052434,70.7846441947566,1.21158876763626e-05,FALSE,0.00101233665600833,0.0270715948962468,"S100A12","S100 calcium binding protein A12"
"ENSG00000189337",7.29166666666667,2.2434456928839,5.04822097378277,0.00027714178941082,FALSE,0.00102973559942783,0.0274953383358536,"KAZN","kazrin, periplakin interacting protein"
"ENSG00000177885",129.333333333333,36.2621722846442,93.0711610486891,0.000134815095631105,FALSE,0.0010336288408583,0.0275577279664374,"GRB2","growth factor receptor bound protein 2"
"ENSG00000149923",75.9583333333333,32.3782771535581,43.5800561797753,0.0975490923690326,TRUE,0.00104375784872825,0.0277859326256184,"PPP4C","protein phosphatase 4 catalytic subunit"
"ENSG00000180316",5.41666666666667,1.18352059925094,4.23314606741573,8.14253854370096e-08,FALSE,0.00104561828244056,0.0277936643454133,"PNPLA1","patatin like domain 1, omega-hydroxyceramide transacylase"
"ENSG00000165929",3.875,0.97752808988764,2.89747191011236,1.42880300660728e-06,FALSE,0.0010589344267239,0.0281054215236779,"TC2N","tandem C2 domains, nuclear"
"ENSG00000068400",18.2083333333333,4.56928838951311,13.6390449438202,1.58553363832029e-06,FALSE,0.00106200905479241,0.0281448297859132,"GRIPAP1","GRIP1 associated protein 1"
"ENSG00000166439",12.9583333333333,3.38202247191011,9.57631086142322,9.41805210167476e-06,FALSE,0.00106539660611386,0.0281924007743403,"RNF169","ring finger protein 169"
"ENSG00000110876",67.375,15.7003745318352,51.6746254681648,2.9746587863293e-07,FALSE,0.001080749052954,0.0285559708723053,"SELPLG","selectin P ligand"
"ENSG00000083444",18.0833333333333,6.1685393258427,11.9147940074906,0.00146084124911251,FALSE,0.00108273851881217,0.0285659016371563,"PLOD1","procollagen-lysine,2-oxoglutarate 5-dioxygenase 1"
"ENSG00000079805",72.5416666666667,16.7977528089888,55.7439138576779,8.58759761493926e-07,FALSE,0.00108698163409428,0.0286026374636472,"DNM2","dynamin 2"
"ENSG00000253953",1.91666666666667,4.31835205992509,-2.40168539325843,0.0182210168978698,FALSE,0.00108894532761749,0.0286026374636472,"PCDHGB4","protocadherin gamma subfamily B, 4"
"ENSG00000171310",2.375,0.666666666666667,1.70833333333333,0.00522800194334504,FALSE,0.00108897800658071,0.0286026374636472,"CHST11","carbohydrate sulfotransferase 11"
"ENSG00000254901",2.29166666666667,0.535580524344569,1.7560861423221,3.12333689650986e-07,FALSE,0.00109237833800141,0.0286494425446503,"BORCS8","BLOC-1 related complex subunit 8"
"ENSG00000105609",24.6666666666667,6.89887640449438,17.7677902621723,0.000113756606010334,FALSE,0.0010967502319887,0.0287215523031006,"LILRB5","leukocyte immunoglobulin like receptor B5"
"ENSG00000140350",16.0416666666667,3.72659176029963,12.315074906367,6.76217711987909e-06,FALSE,0.00110079624814518,0.0287849275936693,"ANP32A","acidic nuclear phosphoprotein 32 family member A"
"ENSG00000005001",4.25,9.60299625468165,-5.35299625468165,0.0323777994381225,FALSE,0.00110547965117337,0.0288647585025401,"PRSS22","serine protease 22"
"ENSG00000135821",26.2083333333333,8.60674157303371,17.6015917602996,0.0119660143570248,FALSE,0.00111049658027014,0.0289530500154966,"GLUL","glutamate-ammonia ligase"
"ENSG00000137857",5.875,13.314606741573,-7.43960674157303,0.0208055771176396,FALSE,0.00111407031198942,0.02897888513526,"DUOX1","dual oxidase 1"
"ENSG00000118564",2.95833333333333,0.685393258426966,2.27294007490637,5.34748088413497e-05,FALSE,0.00111476138378309,0.02897888513526,"FBXL5","F-box and leucine rich repeat protein 5"
"ENSG00000164742",4.95833333333333,12.5692883895131,-7.61095505617978,0.0335964627844441,FALSE,0.00112525403560777,0.0292087568802996,"ADCY1","adenylate cyclase 1"
"ENSG00000185950",125.041666666667,16.7003745318352,108.341292134831,2.56489245519081e-17,FALSE,0.00112904423096354,0.0292546629754466,"IRS2","insulin receptor substrate 2"
"ENSG00000118922",30.1666666666667,6.36704119850187,23.7996254681648,3.33075618795891e-12,FALSE,0.00113128942720926,0.0292546629754466,"KLF12","KLF transcription factor 12"
"ENSG00000204592",14.6666666666667,2.84269662921348,11.8239700374532,6.08483346629855e-12,FALSE,0.00113198012416997,0.0292546629754466,"HLA-E","major histocompatibility complex, class I, E"
"ENSG00000131061",12.7083333333333,4.13857677902622,8.56975655430712,0.00506695986513685,FALSE,0.00113505700635919,0.0292914200926776,"ZNF341","zinc finger protein 341"
"ENSG00000112763",16,2.94007490636704,13.059925093633,8.29591783477854e-11,FALSE,0.00114047212933509,0.0293873721880779,"BTN2A1","butyrophilin subfamily 2 member A1"
"ENSG00000150403",13.25,2.78651685393258,10.4634831460674,1.7817846534985e-09,FALSE,0.00114361099880505,0.0293873721880779,"TMCO3","transmembrane and coiled-coil domains 3"
"ENSG00000044446",5.66666666666667,1.04119850187266,4.62546816479401,4.89441102432432e-12,FALSE,0.00114375526394316,0.0293873721880779,"PHKA2","phosphorylase kinase regulatory subunit alpha 2"
"ENSG00000101236",9.375,3.23970037453184,6.13529962546816,0.0344961717360009,FALSE,0.00114933137586586,0.029459859715227,"RNF24","ring finger protein 24"
"ENSG00000168234",1.91666666666667,0.348314606741573,1.56835205992509,1.6848297022502e-10,FALSE,0.00114990470898841,0.029459859715227,"TTC39C","tetratricopeptide repeat domain 39C"
"ENSG00000214456",43.625,12.1423220973783,31.4826779026217,8.11905406631805e-05,FALSE,0.00115413245446121,0.0294895613695597,"PLIN5","perilipin 5"
"ENSG00000166197",39.625,8.70037453183521,30.9246254681648,2.45963697916642e-08,FALSE,0.00115769861957091,0.0294895613695597,"NOLC1","nucleolar and coiled-body phosphoprotein 1"
"ENSG00000122694",7.45833333333333,1.40449438202247,6.05383895131086,1.98180579901877e-10,FALSE,0.00115844584453469,0.0294895613695597,"GLIPR2","GLI pathogenesis related 2"
"ENSG00000196132",0.458333333333333,1.36329588014981,-0.904962546816479,0.0327916761283965,FALSE,0.00115849714055993,0.0294895613695597,"MYT1","myelin transcription factor 1"
"ENSG00000118308",31.4166666666667,8.53183520599251,22.8848314606742,1.38488797926936e-05,FALSE,0.00116084815800455,0.0294895613695597,"IRAG2","inositol 1,4,5-triphosphate receptor associated 2"
"ENSG00000160211",20.75,6.02621722846442,14.7237827715356,0.000159433605565181,FALSE,0.00116105881910315,0.0294895613695597,"G6PD","glucose-6-phosphate dehydrogenase"
"ENSG00000112576",19.5,3.93258426966292,15.5674157303371,2.21994918610928e-13,FALSE,0.0011690680201754,0.0296504457896348,"CCND3","cyclin D3"
"ENSG00000213347",7.25,1.8314606741573,5.4185393258427,5.52103853631816e-08,FALSE,0.00117366759021663,0.0297245169522246,"MXD3","MAX dimerization protein 3"
"ENSG00000133318",28.7083333333333,6.1498127340824,22.5585205992509,1.34757041272831e-07,FALSE,0.00119325635109982,0.0301774531193145,"RTN3","reticulon 3"
"ENSG00000128594",28.5416666666667,10.2659176029963,18.2757490636704,0.022744410419274,FALSE,0.00119861250173671,0.0302696677863695,"LRRC4","leucine rich repeat containing 4"
"ENSG00000069275",11.9166666666667,2.97752808988764,8.93913857677903,2.33526088021019e-06,FALSE,0.00120297775129641,0.0303054608229166,"NUCKS1","nuclear casein kinase and cyclin dependent kinase substrate 1"
"ENSG00000235568",1.04166666666667,0.280898876404494,0.760767790262172,0.00437120409262514,FALSE,0.00120345359309215,0.0303054608229166,"NFAM1","NFAT activating protein with ITAM motif 1"
"ENSG00000114626",26.1666666666667,8.59176029962547,17.5749063670412,0.00165560224660999,FALSE,0.00120822357185209,0.0303823606427523,"ABTB1","ankyrin repeat and BTB domain containing 1"
"ENSG00000183281",1.54166666666667,4.92883895131086,-3.38717228464419,0.0313462025293789,FALSE,0.001221922242971,0.0306816610384112,"PLGLB1","plasminogen like B1"
"ENSG00000104324",7.41666666666667,1.85393258426966,5.562734082397,1.59692716703963e-06,FALSE,0.00122359219867358,0.0306816610384112,"CPQ","carboxypeptidase Q"
"ENSG00000100813",33.8333333333333,9.04868913857678,24.7846441947566,9.02989362097296e-07,FALSE,0.00123746511986818,0.0309856365163032,"ACIN1","apoptotic chromatin condensation inducer 1"
"ENSG00000131236",31.5,6.04868913857678,25.4513108614232,2.21704182337874e-11,FALSE,0.00124275768365281,0.0310629819999941,"CAP1","cyclase associated actin cytoskeleton regulatory protein 1"
"ENSG00000048740",15.9166666666667,2.37078651685393,13.5458801498127,8.57420657964373e-15,FALSE,0.0012440633925321,0.0310629819999941,"CELF2","CUGBP Elav-like family member 2"
"ENSG00000171316",199.083333333333,41.6441947565543,157.439138576779,2.39299903950089e-09,FALSE,0.00124675204228068,0.0310862695837957,"CHD7","chromodomain helicase DNA binding protein 7"
"ENSG00000147324",31.0416666666667,8.00749063670412,23.0341760299625,4.38923731783911e-07,FALSE,0.00125168925047339,0.0311654779200146,"MFHAS1","multifunctional ROCO family signaling regulator 1"
"ENSG00000179299",30.5416666666667,5.52434456928839,25.0173220973783,2.77051912127517e-09,FALSE,0.00125652612179604,0.031241969008645,"NSUN7","NOP2/Sun RNA methyltransferase family member 7"
"ENSG00000198692",8.04166666666667,29.9475655430712,-21.9058988764045,0.0485133157791559,FALSE,0.00126266419363951,0.0313505529032262,"EIF1AY","eukaryotic translation initiation factor 1A Y-linked"
"ENSG00000163563",2.91666666666667,0.715355805243446,2.20131086142322,3.74695007606579e-06,FALSE,0.00127099518640777,0.0315132041806398,"MNDA","myeloid cell nuclear differentiation antigen"
"ENSG00000113048",33.4583333333333,6.49063670411985,26.9676966292135,7.68361803792923e-10,FALSE,0.00127340357747236,0.031528760184606,"MRPS27","mitochondrial ribosomal protein S27"
"ENSG00000169403",9.16666666666667,2.88389513108614,6.28277153558052,0.00652199553144455,FALSE,0.00127831304935249,0.0316061116098981,"PTAFR","platelet activating factor receptor"
"ENSG00000203879",33.4166666666667,7.43445692883895,25.9822097378277,9.09004208400922e-08,FALSE,0.00128417894645162,0.0316928189515667,"GDI1","GDP dissociation inhibitor 1"
"ENSG00000123643",13.5416666666667,3.7565543071161,9.78511235955056,2.77658009518603e-05,FALSE,0.00128686903911186,0.0316928189515667,"SLC36A1","solute carrier family 36 member 1"
"ENSG00000077157",52.625,15.063670411985,37.561329588015,0.000476872528514441,FALSE,0.00128719069232201,0.0316928189515667,"PPP1R12B","protein phosphatase 1 regulatory subunit 12B"
"ENSG00000117298",5,1.40449438202247,3.59550561797753,9.73890506257976e-06,FALSE,0.00129558546979071,0.0318106392206269,"ECE1","endothelin converting enzyme 1"
"ENSG00000198053",49.0833333333333,16.6142322097378,32.4691011235955,0.0209403946082863,FALSE,0.00129600521536466,0.0318106392206269,"SIRPA","signal regulatory protein alpha"
"ENSG00000198879",14.75,3.33333333333333,11.4166666666667,1.10641355693024e-06,FALSE,0.00129749515511671,0.0318106392206269,"SFMBT2","Scm like with four mbt domains 2"
"ENSG00000165795",15.9583333333333,2.91760299625468,13.0407303370787,7.31270908941956e-16,FALSE,0.00129916354044587,0.0318106392206269,"NDRG2","NDRG family member 2"
"ENSG00000117500",0.5,1.49438202247191,-0.99438202247191,0.0457173774600349,FALSE,0.00130492407673199,0.0319075565336829,"TMED5","transmembrane p24 trafficking protein 5"
"ENSG00000187531",33.9583333333333,10.0449438202247,23.9133895131086,0.000265268877507511,FALSE,0.00131506395306072,0.0321111409117709,"SIRT7","sirtuin 7"
"ENSG00000132475",235.791666666667,75.4307116104869,160.36095505618,0.000566871502286145,FALSE,0.00131783135749209,0.032134391903144,"H3-3B","H3.3 histone B"
"ENSG00000084764",89.875,22.0823970037453,67.7926029962547,1.8534483150448e-09,FALSE,0.00132044686650712,0.032153880162002,"MAPRE3","microtubule associated protein RP/EB family member 3"
"ENSG00000162413",10.4166666666667,2.38576779026217,8.03089887640449,2.23574230683529e-05,FALSE,0.00132370621628203,0.0321889713555506,"KLHL21","kelch like family member 21"
"ENSG00000137814",6.95833333333333,1.86142322097378,5.09691011235955,2.34048307519893e-06,FALSE,0.00132827065862663,0.0322556590804763,"HAUS2","HAUS augmin like complex subunit 2"
"ENSG00000135108",8.125,1.56179775280899,6.56320224719101,9.14329204833382e-11,FALSE,0.00133020709257144,0.0322584330956058,"FBXO21","F-box protein 21"
"ENSG00000146826",1.625,0.47565543071161,1.14934456928839,0.0013150934380915,FALSE,0.00133512088442089,0.0323333037166936,"TRAPPC14","trafficking protein particle complex subunit 14"
"ENSG00000147316",10.7916666666667,3.21348314606742,7.57818352059925,0.00564917386257697,FALSE,0.00134348319729789,0.0324913702756347,"MCPH1","microcephalin 1"
"ENSG00000101346",4.83333333333333,1.46816479400749,3.36516853932584,0.00163863073901472,FALSE,0.00134858645688334,0.0325643259464974,"POFUT1","protein O-fucosyltransferase 1"
"ENSG00000159842",10.8333333333333,3.29213483146067,7.54119850187266,0.00172111023784525,FALSE,0.00135017879708123,0.0325643259464974,"ABR","ABR activator of RhoGEF and GTPase"
"ENSG00000142657",30.1666666666667,7.65543071161049,22.5112359550562,1.08918591448821e-05,FALSE,0.00135939681536879,0.0327420432958825,"PGD","phosphogluconate dehydrogenase"
"ENSG00000138614",58.75,16.7415730337079,42.0084269662921,9.75419123902877e-06,FALSE,0.00136408527999463,0.0327942456752483,"INTS14","integrator complex subunit 14"
"ENSG00000103005",4.54166666666667,0.9812734082397,3.56039325842697,4.07271004638003e-07,FALSE,0.00136526911047043,0.0327942456752483,"USB1","U6 snRNA biogenesis phosphodiesterase 1"
"ENSG00000089094",76.375,19.1348314606742,57.2401685393258,3.79561299128736e-05,FALSE,0.00136799221152479,0.0328151302447471,"KDM2B","lysine demethylase 2B"
"ENSG00000134954",42.1666666666667,9.31460674157303,32.8520599250936,9.7072410549463e-10,FALSE,0.00137275296748417,0.0328494523247224,"ETS1","ETS proto-oncogene 1, transcription factor"
"ENSG00000170837",2.5,0.625468164794007,1.87453183520599,0.000280432223070244,FALSE,0.00137368318431005,0.0328494523247224,"GPR27","G protein-coupled receptor 27"
"ENSG00000187554",99.7083333333333,23.9962546816479,75.7120786516854,2.08084173021164e-09,FALSE,0.00137498978549507,0.0328494523247224,"TLR5","toll like receptor 5"
"ENSG00000135596",10.5416666666667,3.65543071161049,6.88623595505618,0.000669323733306914,FALSE,0.00137914190047816,0.0329042440217854,"MICAL1","microtubule associated monooxygenase, calponin and LIM domain containing 1"
"ENSG00000100906",275.916666666667,41.7265917602996,234.190074906367,4.05637454479645e-17,FALSE,0.0013938512870113,0.0332104297899879,"NFKBIA","NFKB inhibitor alpha"
"ENSG00000113368",88.5416666666667,23.3445692883895,65.1970973782772,2.4973829133842e-06,FALSE,0.00140142522863111,0.0333460091699685,"LMNB1","lamin B1"
"ENSG00000124731",1.375,0.539325842696629,0.835674157303371,0.188637599888218,TRUE,0.0014159248766553,0.033492731893358,"TREM1","triggering receptor expressed on myeloid cells 1"
"ENSG00000100504",21.9583333333333,5.91385767790262,16.0444756554307,0.000704157897425648,FALSE,0.00141891591686178,0.033492731893358,"PYGL","glycogen phosphorylase L"
"ENSG00000092203",66.7916666666667,15.565543071161,51.2261235955056,6.20677916366347e-09,FALSE,0.00141985441951437,0.033492731893358,"TOX4","TOX high mobility group box family member 4"
"ENSG00000169228",25.5,7.04119850187266,18.4588014981273,1.23899003523534e-06,FALSE,0.00142090851189942,0.033492731893358,"RAB24","RAB24, member RAS oncogene family"
"ENSG00000183621",15.125,3.16479400749064,11.9602059925094,4.89221033295662e-08,FALSE,0.00142113314925575,0.033492731893358,"ZNF438","zinc finger protein 438"
"ENSG00000138095",32.4583333333333,7.05243445692884,25.4058988764045,1.36910834138114e-10,FALSE,0.0014230305149517,0.033492731893358,"LRPPRC","leucine rich pentatricopeptide repeat containing"
"ENSG00000155530",57.625,135.25468164794,-77.6296816479401,0.0408682520074311,FALSE,0.00142581791588266,0.033492731893358,"LRGUK","leucine rich repeats and guanylate kinase domain containing"
"ENSG00000163466",28,5.68164794007491,22.3183520599251,4.13088768212341e-09,FALSE,0.00142589955234932,0.033492731893358,"ARPC2","actin related protein 2/3 complex subunit 2"
"ENSG00000166946",39.2083333333333,9.65917602996255,29.5491573033708,2.28408690798358e-07,FALSE,0.00142654638880977,0.033492731893358,"CCNDBP1","cyclin D1 binding protein 1"
"ENSG00000113389",2.91666666666667,7.20224719101124,-4.28558052434457,0.0450798130118359,FALSE,0.0014270168063454,0.033492731893358,"NPR3","natriuretic peptide receptor 3"
"ENSG00000070476",24.8333333333333,5.19850187265918,19.6348314606742,8.15660025126062e-14,FALSE,0.00142840267635346,0.033492731893358,"ZXDC","ZXD family zinc finger C"
"ENSG00000083720",14.2916666666667,3.44194756554307,10.8497191011236,1.93064745139927e-07,FALSE,0.00143378887622069,0.0335347679181133,"OXCT1","3-oxoacid CoA-transferase 1"
"ENSG00000162444",3.25,0.970037453183521,2.27996254681648,0.000311668461743198,FALSE,0.0014339840317467,0.0335347679181133,"RBP7","retinol binding protein 7"
"ENSG00000125966",2.16666666666667,4.9438202247191,-2.77715355805243,0.0219084701412243,FALSE,0.00143595622280334,0.0335365870874507,"MMP24","matrix metallopeptidase 24"
"ENSG00000139112",86.4166666666667,19.3370786516854,67.0795880149813,5.08491759297831e-08,FALSE,0.00144945186360492,0.0338071756803663,"GABARAPL1","GABA type A receptor associated protein like 1"
"ENSG00000135074",6.79166666666667,2.00749063670412,4.78417602996255,0.00060611488722617,FALSE,0.0014558508758347,0.0338699146999066,"ADAM19","ADAM metallopeptidase domain 19"
"ENSG00000008516",6.79166666666667,1.8314606741573,4.96020599250936,0.00551993914963954,FALSE,0.00145596820237411,0.0338699146999066,"MMP25","matrix metallopeptidase 25"
"ENSG00000068976",24.5416666666667,6.40449438202247,18.1371722846442,4.29801930258834e-07,FALSE,0.00146551132333847,0.0340471744843319,"PYGM","glycogen phosphorylase, muscle associated"
"ENSG00000131724",1.33333333333333,0.314606741573034,1.0187265917603,1.07808911406399e-05,FALSE,0.0014750215410817,0.0342232062146388,"IL13RA1","interleukin 13 receptor subunit alpha 1"
"ENSG00000049089",47.6666666666667,6.88389513108614,40.7827715355805,1.65118527457292e-19,FALSE,0.00148325607647478,0.0343692176987343,"COL9A2","collagen type IX alpha 2 chain"
"ENSG00000064999",83.375,19.6516853932584,63.7233146067416,1.69060609705725e-07,FALSE,0.00148588471065309,0.0343851203041721,"ANKS1A","ankyrin repeat and sterile alpha motif domain containing 1A"
"ENSG00000196935",45,6.17977528089888,38.8202247191011,5.85145508300288e-17,FALSE,0.00148946997305531,0.0344230899908593,"SRGAP1","SLIT-ROBO Rho GTPase activating protein 1"
"ENSG00000101457",4.66666666666667,1.40823970037453,3.25842696629214,9.49556171330917e-05,FALSE,0.00149536493391648,0.0345142704369275,"DNTTIP1","deoxynucleotidyltransferase terminal interacting protein 1"
"ENSG00000051009",24.3333333333333,4.28838951310861,20.0449438202247,3.89176308595107e-10,FALSE,0.00150050319062149,0.0345877708119429,"FHIP1B","FHF complex subunit HOOK interacting protein 1B"
"ENSG00000111737",18.7916666666667,4.57303370786517,14.2186329588015,4.52408868065382e-07,FALSE,0.00152353168836476,0.0350729278011981,"RAB35","RAB35, member RAS oncogene family"
"ENSG00000196182",26.2916666666667,9.19850187265918,17.0931647940075,0.0131921870880043,FALSE,0.00154149980989865,0.0354404819930335,"STK40","serine/threonine kinase 40"
"ENSG00000197622",1.04166666666667,0.161048689138577,0.88061797752809,2.75872639560237e-13,FALSE,0.00154863166797285,0.0355582703218202,"CDC42SE1","CDC42 small effector 1"
"ENSG00000140941",115.5,23.3670411985019,92.1329588014981,2.79522459586568e-09,FALSE,0.00155230099067905,0.0355963528989524,"MAP1LC3B","microtubule associated protein 1 light chain 3 beta"
"ENSG00000151779",6.875,1.17602996254682,5.69897003745318,6.92496927349157e-13,FALSE,0.00155679857238953,0.0356533054683206,"NBAS","NBAS subunit of NRZ tethering complex"
"ENSG00000185359",27,7.59550561797753,19.4044943820225,0.000238291071085933,FALSE,0.00155945690173451,0.0356680433222301,"HGS","hepatocyte growth factor-regulated tyrosine kinase substrate"
"ENSG00000188026",5.625,1.13857677902622,4.48642322097378,1.07026016270316e-08,FALSE,0.00157082600298416,0.035881719652682,"RILPL1","Rab interacting lysosomal protein like 1"
"ENSG00000101336",77.2916666666667,24.0074906367041,53.2841760299626,0.0083473305139815,FALSE,0.00157392977095767,0.035906287029979,"HCK","HCK proto-oncogene, Src family tyrosine kinase"
"ENSG00000171791",39.9166666666667,9.73033707865168,30.186329588015,7.09441580550826e-07,FALSE,0.0015816411674395,0.036035770382473,"BCL2","BCL2 apoptosis regulator"
"ENSG00000142784",9.20833333333333,3.76779026217228,5.44054307116105,0.0956895072911725,TRUE,0.00159224048400643,0.036215327564689,"WDTC1","WD and tetratricopeptide repeats 1"
"ENSG00000260916",30.375,7.95131086142322,22.4236891385768,5.35349463672429e-07,FALSE,0.00159361352160045,0.036215327564689,"CCPG1","cell cycle progression 1"
"ENSG00000185215",10.0416666666667,3.27340823970037,6.76825842696629,0.0075833121146534,FALSE,0.00160597033286963,0.0364493497471681,"TNFAIP2","TNF alpha induced protein 2"
"ENSG00000148229",26.625,7.44943820224719,19.1755617977528,3.25786493535918e-06,FALSE,0.0016103554587473,0.0365020777032054,"POLE3","DNA polymerase epsilon 3, accessory subunit"
"ENSG00000125753",29.5833333333333,7.64794007490637,21.935393258427,8.08166277222033e-06,FALSE,0.00161280317924521,0.0365024414541035,"VASP","vasodilator stimulated phosphoprotein"
"ENSG00000089902",28.7083333333333,8.37078651685393,20.3375468164794,2.11659736429032e-06,FALSE,0.00161449537697356,0.0365024414541035,"RCOR1","REST corepressor 1"
"ENSG00000142405",14.2916666666667,3.80524344569288,10.4864232209738,5.43632792752618e-06,FALSE,0.0016222189871674,0.0366028666299295,"NLRP12","NLR family pyrin domain containing 12"
"ENSG00000146221",8.20833333333333,15.5243445692884,-7.31601123595506,0.0233086487178352,FALSE,0.00162307237781702,0.0366028666299295,"TCTE1","t-complex-associated-testis-expressed 1"
"ENSG00000171236",18.0833333333333,7.88389513108614,10.1994382022472,0.17245914347107,TRUE,0.00162988324370537,0.0367096985538374,"LRG1","leucine rich alpha-2-glycoprotein 1"
"ENSG00000067606",122.333333333333,24.8988764044944,97.434456928839,3.14937420531562e-14,FALSE,0.00163241800775665,0.0367200711452553,"PRKCZ","protein kinase C zeta"
"ENSG00000100985",34.0416666666667,9.69662921348315,24.3450374531835,3.2794100974252e-06,FALSE,0.00163481288187044,0.0367272746798888,"MMP9","matrix metallopeptidase 9"
"ENSG00000149532",30.4166666666667,6.2434456928839,24.1732209737828,6.08010150624564e-08,FALSE,0.00163717394705871,0.03673370137488,"CPSF7","cleavage and polyadenylation specific factor 7"
"ENSG00000163600",2.83333333333333,0.543071161048689,2.29026217228464,3.70427709893608e-08,FALSE,0.0016396637669171,0.0367429970452323,"ICOS","inducible T cell costimulator"
"ENSG00000165609",31.25,7.22846441947566,24.0215355805243,8.81060879859137e-09,FALSE,0.00164200741550288,0.036748997821299,"NUDT5","nudix hydrolase 5"
"ENSG00000151883",49.5,9.94756554307116,39.5524344569288,1.25210161441358e-12,FALSE,0.00165242795438087,0.0369355202984906,"PARP8","poly(ADP-ribose) polymerase family member 8"
"ENSG00000146112",4.125,1.07116104868914,3.05383895131086,3.9562125561731e-05,FALSE,0.00167774511651058,0.0374541258481549,"PPP1R18","protein phosphatase 1 regulatory subunit 18"
"ENSG00000178562",7.875,1.2434456928839,6.6315543071161,1.56351320705019e-11,FALSE,0.00168522105881347,0.0375443933330313,"CD28","CD28 molecule"
"ENSG00000156931",9.08333333333333,2.24719101123596,6.83614232209738,0.000318349605785234,FALSE,0.00168775528419506,0.0375443933330313,"VPS8","VPS8 subunit of CORVET complex"
"ENSG00000170989",24.625,6.47191011235955,18.1530898876404,1.02313421648007e-05,FALSE,0.00168815099661599,0.0375443933330313,"S1PR1","sphingosine-1-phosphate receptor 1"
"ENSG00000049245",44.1666666666667,10.2022471910112,33.9644194756554,5.12112540992898e-08,FALSE,0.00170865155709508,0.0379320893994639,"VAMP3","vesicle associated membrane protein 3"
"ENSG00000012822",27.4166666666667,6.18352059925094,21.2331460674157,1.47523862666589e-08,FALSE,0.00170986879855234,0.0379320893994639,"CALCOCO1","calcium binding and coiled-coil domain 1"
"ENSG00000136810",174.041666666667,45.8464419475655,128.195224719101,5.64352498837487e-05,FALSE,0.00172345610665924,0.0381457132455772,"TXN","thioredoxin"
"ENSG00000147257",5.125,13.2621722846442,-8.13717228464419,0.0384005986606284,FALSE,0.00172422761355938,0.0381457132455772,"GPC3","glypican 3"
"ENSG00000110619",12.7916666666667,2.42696629213483,10.3647003745318,2.31730657719558e-12,FALSE,0.00172605849734552,0.0381457132455772,"CARS1","cysteinyl-tRNA synthetase 1"
"ENSG00000196562",20.7916666666667,7.14232209737828,13.6493445692884,8.86874750081964e-05,FALSE,0.00172926826560473,0.0381457132455772,"SULF2","sulfatase 2"
"ENSG00000122642",79.875,23.6591760299625,56.2158239700374,0.000136965842611844,FALSE,0.00173027214235997,0.0381457132455772,"FKBP9","FKBP prolyl isomerase 9"
"ENSG00000130638",8.20833333333333,2.30337078651685,5.90496254681648,2.98243854108789e-05,FALSE,0.0017380704835466,0.0382227886008671,"ATXN10","ataxin 10"
"ENSG00000135655",46.4166666666667,11.5505617977528,34.8661048689139,1.33425354180733e-07,FALSE,0.00173808647255821,0.0382227886008671,"USP15","ubiquitin specific peptidase 15"
"ENSG00000166716",36.2916666666667,12.1647940074906,24.126872659176,0.00895909290625852,FALSE,0.00174641280006977,0.0383582454089766,"ZNF592","zinc finger protein 592"
"ENSG00000073921",25.5416666666667,8.25093632958801,17.2907303370787,0.000627861931609789,FALSE,0.00174946861393102,0.0383777482929627,"PICALM","phosphatidylinositol binding clathrin assembly protein"
"ENSG00000146223",89.2083333333333,20.0074906367041,69.2008426966292,8.19391607987967e-12,FALSE,0.00175530341544052,0.0384580895588409,"RPL7L1","ribosomal protein L7 like 1"
"ENSG00000090316",14.8333333333333,4.08988764044944,10.7434456928839,1.2936130771464e-05,FALSE,0.00176760143750481,0.0386796640891812,"MAEA","macrophage erythroblast attacher, E3 ubiquitin ligase"
"ENSG00000013364",7.20833333333333,1.61423220973783,5.59410112359551,1.51380806385769e-07,FALSE,0.00177043368733402,0.0386938118109557,"MVP","major vault protein"
"ENSG00000166887",39.7083333333333,10.0224719101124,29.685861423221,7.65204748131452e-07,FALSE,0.00177559870100131,0.0387588456274059,"VPS39","VPS39 subunit of HOPS complex"
"ENSG00000177125",11.5416666666667,3.48689138576779,8.05477528089888,0.00230845407204048,FALSE,0.0017789884601771,0.0387850156533439,"ZBTB34","zinc finger and BTB domain containing 34"
"ENSG00000158793",16.7083333333333,5.08988764044944,11.6184456928839,0.00430721349492948,FALSE,0.00179199148014521,0.0390204491672947,"NIT1","nitrilase 1"
"ENSG00000130066",19.625,5.68539325842697,13.939606741573,7.22556779975849e-05,FALSE,0.00181486303713568,0.0394699267154949,"SAT1","spermidine/spermine N1-acetyltransferase 1"
"ENSG00000120306",17.5416666666667,7.12359550561798,10.4180711610487,0.0868716321119002,TRUE,0.00183580559061208,0.0398764004547309,"CYSTM1","cysteine rich transmembrane module containing 1"
"ENSG00000205758",3.66666666666667,11.6329588014981,-7.96629213483146,0.0496343820606942,FALSE,0.00184206431640975,0.0399633144526984,"CRYZL1","crystallin zeta like 1"
"ENSG00000057704",2.25,0.617977528089888,1.63202247191011,0.000416414933934976,FALSE,0.00184504630962324,0.0399790144666589,"TMCC3","transmembrane and coiled-coil domain family 3"
"ENSG00000043462",108.958333333333,23.374531835206,85.5838014981273,1.91085904250625e-09,FALSE,0.00184882590625972,0.0400119376754473,"LCP2","lymphocyte cytosolic protein 2"
"ENSG00000159882",3.625,0.906367041198502,2.7186329588015,1.79245474666555e-06,FALSE,0.00185315672064018,0.0400566952692225,"ZNF230","zinc finger protein 230"
"ENSG00000198363",22.0416666666667,2.80524344569288,19.2364232209738,5.48969265485521e-18,FALSE,0.00186116476675703,0.0401191901076251,"ASPH","aspartate beta-hydroxylase"
"ENSG00000108405",18.2916666666667,6.7565543071161,11.5351123595506,0.0175716342040509,FALSE,0.00186127426931617,0.0401191901076251,"P2RX1","purinergic receptor P2X 1"
"ENSG00000161921",2.25,0.662921348314607,1.58707865168539,0.00109039615814518,FALSE,0.00186284665132847,0.0401191901076251,"CXCL16","C-X-C motif chemokine ligand 16"
"ENSG00000087157",14.0416666666667,3.65543071161049,10.3862359550562,5.61866404555493e-06,FALSE,0.00188690886759675,0.0405685440469062,"PGS1","phosphatidylglycerophosphate synthase 1"
"ENSG00000141562",5.875,1.25842696629213,4.61657303370787,1.11842748925617e-08,FALSE,0.00188829465597078,0.0405685440469062,"NARF","nuclear prelamin A recognition factor"
"ENSG00000136044",16.5833333333333,3.30711610486891,13.2762172284644,2.80822543447625e-11,FALSE,0.00189239381193846,0.0406073304881777,"APPL2","adaptor protein, phosphotyrosine interacting with PH domain and leucine zipper 2"
"ENSG00000118960",2.25,0.629213483146067,1.62078651685393,0.0010665568492913,FALSE,0.00192713672886878,0.0412636489864327,"HS1BP3","HCLS1 binding protein 3"
"ENSG00000204569",54.125,15.5280898876404,38.5969101123596,2.20231544750355e-05,FALSE,0.00192764151340337,0.0412636489864327,"PPP1R10","protein phosphatase 1 regulatory subunit 10"
"ENSG00000155307",10.6666666666667,0.973782771535581,9.69288389513109,4.76880390219921e-19,FALSE,0.00193441368040483,0.0413586055364816,"SAMSN1","SAM domain, SH3 domain and nuclear localization signals 1"
"ENSG00000177628",13.5833333333333,2.98501872659176,10.5983146067416,8.4782912679419e-09,FALSE,0.00195179447296216,0.041655915455338,"GBA1","glucosylceramidase beta 1"
"ENSG00000170892",1.45833333333333,0.318352059925094,1.13998127340824,3.61761550883309e-06,FALSE,0.00195302546618825,0.041655915455338,"TSEN34","tRNA splicing endonuclease subunit 34"
"ENSG00000170500",1.875,4.03370786516854,-2.15870786516854,0.0228425184503076,FALSE,0.00196209836077685,0.0417990701333726,"LONRF2","LON peptidase N-terminal domain and ring finger 2"
"ENSG00000170776",28.9583333333333,6.56554307116105,22.3927902621723,1.14866577214549e-07,FALSE,0.00197233691051881,0.0419666830852338,"AKAP13","A-kinase anchoring protein 13"
"ENSG00000103510",64.9166666666667,13.3483146067416,51.5683520599251,7.14177137319744e-10,FALSE,0.00197756111396486,0.0420273282119086,"KAT8","lysine acetyltransferase 8"
"ENSG00000166889",38.4166666666667,6.95131086142322,31.4653558052434,7.27239411162148e-14,FALSE,0.00198609086612203,0.042113461659567,"PATL1","PAT1 homolog 1, processing body mRNA decay factor"
"ENSG00000113013",192.541666666667,54.2434456928839,138.298220973783,0.00143369667152337,FALSE,0.00198859408386814,0.042113461659567,"HSPA9","heat shock protein family A (Hsp70) member 9"
"ENSG00000084676",26.6666666666667,7.70037453183521,18.9662921348315,4.83369028351631e-05,FALSE,0.00199060683094692,0.042113461659567,"NCOA1","nuclear receptor coactivator 1"
"ENSG00000135083",11.2083333333333,3.84269662921348,7.36563670411985,0.0212725827921754,FALSE,0.00199112960566331,0.042113461659567,"CCNJL","cyclin J like"
"ENSG00000254470",19.625,7.14606741573034,12.4789325842697,0.00377486181207153,FALSE,0.0020018968215068,0.0422495571601424,"AP5B1","adaptor related protein complex 5 subunit beta 1"
"ENSG00000102710",32.2916666666667,6.50187265917603,25.7897940074906,5.85984331704022e-10,FALSE,0.00200233736978814,0.0422495571601424,"SUPT20H","SPT20 homolog, SAGA complex component"
"ENSG00000205517",6.95833333333333,1.47191011235955,5.48642322097378,3.41558968310145e-08,FALSE,0.00202638492597085,0.0427060623148357,"RGL3","ral guanine nucleotide dissociation stimulator like 3"
"ENSG00000137207",9.16666666666667,2.16104868913858,7.00561797752809,5.34354794160753e-07,FALSE,0.00203391090090294,0.0427737334718282,"YIPF3","Yip1 domain family member 3"
"ENSG00000093000",20.7083333333333,6.15355805243446,14.5547752808989,0.000137749513214815,FALSE,0.00203442826545102,0.0427737334718282,"NUP50","nucleoporin 50"
"ENSG00000135472",1.16666666666667,3.37453183520599,-2.20786516853933,0.0405883135798863,FALSE,0.00203882673168277,0.0428153613653381,"FAIM2","Fas apoptotic inhibitory molecule 2"
"ENSG00000132109",48.5416666666667,9.52059925093633,39.0210674157303,4.1060970540203e-14,FALSE,0.00204248223055708,0.0428413067861991,"TRIM21","tripartite motif containing 21"
"ENSG00000135709",7.45833333333333,3.42322097378277,4.03511235955056,0.173459623889318,TRUE,0.00206546601080551,0.0431966118114068,"KIAA0513","KIAA0513"
"ENSG00000165973",1.29166666666667,2.29962546816479,-1.00795880149813,0.588407220212607,TRUE,0.00206555029454843,0.0431966118114068,"NELL1","neural EGFL like 1"
"ENSG00000174238",17.7083333333333,4.58801498127341,13.1203183520599,8.30220125378265e-06,FALSE,0.00206894672587193,0.0431966118114068,"PITPNA","phosphatidylinositol transfer protein alpha"
"ENSG00000136867",15.7916666666667,4.12359550561798,11.6680711610487,1.93481418398222e-06,FALSE,0.00206918187968553,0.0431966118114068,"SLC31A2","solute carrier family 31 member 2"
"ENSG00000146463",54.6666666666667,9.8876404494382,44.7790262172285,4.19068181726173e-16,FALSE,0.00208174282020348,0.0434076479930062,"ZMYM4","zinc finger MYM-type containing 4"
"ENSG00000090376",103.083333333333,15.9288389513109,87.1544943820225,1.94507911635144e-13,FALSE,0.00209170729744964,0.0435563023828281,"IRAK3","interleukin 1 receptor associated kinase 3"
"ENSG00000104368",12.0833333333333,28.0149812734082,-15.9316479400749,0.0103053374771518,FALSE,0.00209379276550792,0.0435563023828281,"PLAT","plasminogen activator, tissue type"
"ENSG00000118707",21,4.70037453183521,16.2996254681648,2.87749246790358e-15,FALSE,0.00209639976852126,0.0435593487114225,"TGIF2","TGFB induced factor homeobox 2"
"ENSG00000100485",51.1666666666667,12.0823970037453,39.0842696629213,4.45506320532506e-08,FALSE,0.00210417715884411,0.0436696931336662,"SOS2","SOS Ras/Rho guanine nucleotide exchange factor 2"
"ENSG00000069248",40.2916666666667,12.6329588014981,27.6587078651685,5.35825495870044e-05,FALSE,0.00210671799186704,0.0436712278805881,"NUP133","nucleoporin 133"
"ENSG00000042088",12.9583333333333,3.34831460674157,9.61001872659176,1.57857107052871e-05,FALSE,0.00211159097480743,0.0437032046699407,"TDP1","tyrosyl-DNA phosphodiesterase 1"
"ENSG00000003756",24.0833333333333,6.34082397003745,17.7425093632959,2.13292936938149e-05,FALSE,0.00211319794370837,0.0437032046699407,"RBM5","RNA binding motif protein 5"
"ENSG00000015171",7.66666666666667,2.08988764044944,5.57677902621723,1.2574414209236e-05,FALSE,0.00212704600146666,0.0438983615555879,"ZMYND11","zinc finger MYND-type containing 11"
"ENSG00000111371",11.125,3.25468164794008,7.87031835205993,9.79754943324314e-06,FALSE,0.00212759386627659,0.0438983615555879,"SLC38A1","solute carrier family 38 member 1"
"ENSG00000078369",120.666666666667,33.7827715355805,86.8838951310861,1.85095947207444e-06,FALSE,0.00213143317521668,0.043926381258278,"GNB1","G protein subunit beta 1"
"ENSG00000132510",181.166666666667,63.5243445692884,117.642322097378,0.00302206146793249,FALSE,0.00214700708170299,0.0441958911248699,"KDM6B","lysine demethylase 6B"
"ENSG00000058804",7.16666666666667,1.46816479400749,5.69850187265918,6.65026500361567e-11,FALSE,0.00215937274131831,0.0443326152291681,"NDC1","NDC1 transmembrane nucleoporin"
"ENSG00000116044",33.7083333333333,7.83520599250936,25.873127340824,1.53324534296703e-08,FALSE,0.00216256060644455,0.0443326152291681,"NFE2L2","NFE2 like bZIP transcription factor 2"
"ENSG00000160055",1.29166666666667,0.299625468164794,0.992041198501873,9.83108187473657e-05,FALSE,0.00216270334467331,0.0443326152291681,"TMEM234","transmembrane protein 234"
"ENSG00000054523",21.75,5.52059925093633,16.2294007490637,8.58450228317727e-07,FALSE,0.00216366602033561,0.0443326152291681,"KIF1B","kinesin family member 1B"
"ENSG00000117868",13.8333333333333,3.27715355805243,10.5561797752809,3.06959937903016e-06,FALSE,0.00216921153747851,0.0443948576277249,"ESYT2","extended synaptotagmin 2"
"ENSG00000115507",16.75,4.7752808988764,11.9747191011236,5.31709775974321e-07,FALSE,0.00217784911281946,0.0445201649471626,"OTX1","orthodenticle homeobox 1"
"ENSG00000183696",7.625,1.2434456928839,6.3815543071161,2.3373241796894e-13,FALSE,0.00218474552953979,0.0446096310374198,"UPP1","uridine phosphorylase 1"
"ENSG00000137752",57.25,15.8389513108614,41.4110486891386,1.14280657174103e-05,FALSE,0.00218867226789701,0.0446383239154155,"CASP1","caspase 1"
"ENSG00000126216",47.625,11.2022471910112,36.4227528089888,9.55580608220788e-08,FALSE,0.00221482810291732,0.0451197950586252,"TUBGCP3","tubulin gamma complex component 3"
"ENSG00000103111",13.9166666666667,3.25093632958801,10.6657303370787,5.17519687087966e-07,FALSE,0.00222076470079226,0.0451887327564659,"MON1B","MON1 homolog B, secretory trafficking associated"
"ENSG00000066084",67.9166666666667,17.2134831460674,50.7031835205993,1.06716049650212e-07,FALSE,0.00222464624786717,0.0452157434282347,"DIP2B","disco interacting protein 2 homolog B"
"ENSG00000239474",3.29166666666667,7.13483146067416,-3.84316479400749,0.0421887802355517,FALSE,0.00225204107785037,0.0457200495426435,"KLHL41","kelch like family member 41"
"ENSG00000158769",12.1666666666667,5.05992509363296,7.10674157303371,0.0806392203890399,TRUE,0.00226269344598612,0.0458334045635065,"F11R","F11 receptor"
"ENSG00000243710",7.625,14.3558052434457,-6.73080524344569,0.021282429705689,FALSE,0.00226334199888736,0.0458334045635065,"CFAP57","cilia and flagella associated protein 57"
"ENSG00000117834",4.08333333333333,1.0187265917603,3.06460674157303,1.21363383286405e-10,FALSE,0.00226539168463358,0.0458334045635065,"SLC5A9","solute carrier family 5 member 9"
"ENSG00000120709",2.125,0.307116104868914,1.81788389513109,5.24225815265715e-13,FALSE,0.00230202909848999,0.0465214853088678,"FAM53C","family with sequence similarity 53 member C"
"ENSG00000076356",23.5833333333333,7.05992509363296,16.5234082397004,6.11475409536554e-05,FALSE,0.00233147892615239,0.0470629092698698,"PLXNA2","plexin A2"
"ENSG00000076662",25.5833333333333,9.28089887640449,16.3024344569288,0.0377933603847481,FALSE,0.00235164359485039,0.0474158844642785,"ICAM3","intercellular adhesion molecule 3"
"ENSG00000253537",0.583333333333333,1.84269662921348,-1.25936329588015,0.0175916777640585,FALSE,0.00235482780656583,0.0474260712851364,"PCDHGA7","protocadherin gamma subfamily A, 7"
"ENSG00000105948",26.6666666666667,6.07116104868914,20.5955056179775,2.91138157246203e-11,FALSE,0.0023576046006254,0.0474280389146266,"IFT56","intraflagellar transport 56"
"ENSG00000186517",3.29166666666667,0.764044943820225,2.52762172284644,4.32616474889639e-09,FALSE,0.00236526324080603,0.0475280989239377,"ARHGAP30","Rho GTPase activating protein 30"
"ENSG00000150991",224.125,71.5468164794007,152.578183520599,0.000607819294845932,FALSE,0.00237541978780016,0.0476421418750996,"UBC","ubiquitin C"
"ENSG00000159496",1.83333333333333,0.602996254681648,1.23033707865169,0.0078434825692047,FALSE,0.00237632103461068,0.0476421418750996,"RGL4","ral guanine nucleotide dissociation stimulator like 4"
"ENSG00000178935",9.79166666666667,2.29213483146067,7.49953183520599,1.99099692895042e-08,FALSE,0.0023914253586691,0.0477982147255527,"ZNF552","zinc finger protein 552"
"ENSG00000105877",8.20833333333333,17.1910112359551,-8.98267790262172,0.0295550709663113,FALSE,0.00239419720064243,0.0477982147255527,"DNAH11","dynein axonemal heavy chain 11"
"ENSG00000086589",60.2083333333333,15.250936329588,44.9573970037453,2.13223669226885e-07,FALSE,0.00239480701746228,0.0477982147255527,"RBM22","RNA binding motif protein 22"
"ENSG00000104870",9.41666666666667,3.22846441947566,6.18820224719101,0.00117978888013536,FALSE,0.00239490574826669,0.0477982147255527,"FCGRT","Fc gamma receptor and transporter"
"ENSG00000136167",36.9166666666667,9.00749063670412,27.9091760299625,4.33065304567754e-08,FALSE,0.0024136494393899,0.0481180585872967,"LCP1","lymphocyte cytosolic protein 1"
"ENSG00000172985",32.4583333333333,8.62921348314607,23.8291198501873,6.75623363626039e-07,FALSE,0.00241735385061849,0.0481376999071981,"SH3RF3","SH3 domain containing ring finger 3"
"ENSG00000038219",7.91666666666667,2.36329588014981,5.55337078651685,0.0029138601123934,FALSE,0.00242562510777217,0.0482481362729109,"BOD1L1","biorientation of chromosomes in cell division 1 like 1"
"ENSG00000024048",30.4583333333333,8.72659176029963,21.7317415730337,4.37673968779653e-06,FALSE,0.00243472327772374,0.048374754416996,"UBR2","ubiquitin protein ligase E3 component n-recognin 2"
"ENSG00000100503",47.1666666666667,12.3782771535581,34.7883895131086,2.12480613328934e-06,FALSE,0.00244227654060131,0.0484704278007455,"NIN","ninein"
"ENSG00000133794",35,7.30337078651685,27.6966292134831,3.36255210041411e-08,FALSE,0.00244632742873723,0.0484741196412066,"BMAL1","basic helix-loop-helix ARNT like 1"
"ENSG00000131069",14.4583333333333,5.08988764044944,9.3684456928839,0.00707127663892181,FALSE,0.0024488912242642,0.0484741196412066,"ACSS2","acyl-CoA synthetase short chain family member 2"
"ENSG00000091592",11.625,3.59176029962547,8.03323970037453,0.000514741263679348,FALSE,0.00245317685799189,0.0484741196412066,"NLRP1","NLR family pyrin domain containing 1"
"ENSG00000119537",9.75,2.84644194756554,6.90355805243446,2.51197018038477e-05,FALSE,0.00245341530805632,0.0484741196412066,"KDSR","3-ketodihydrosphingosine reductase"
"ENSG00000117139",96.5,23.2322097378277,73.2677902621723,3.5219368437962e-08,FALSE,0.00245790994102165,0.0485079583311244,"KDM5B","lysine demethylase 5B"
"ENSG00000164088",1.95833333333333,0.49063670411985,1.46769662921348,0.000994514473910028,FALSE,0.00246060817835111,0.0485079583311244,"PPM1M","protein phosphatase, Mg2+/Mn2+ dependent 1M"
"ENSG00000156675",55.2916666666667,18.9737827715356,36.3178838951311,0.00765660428114203,FALSE,0.0024739143965003,0.0486277914148086,"RAB11FIP1","RAB11 family interacting protein 1"
"ENSG00000127663",18.8333333333333,6.08239700374532,12.750936329588,0.000213992012584553,FALSE,0.00247421301499298,0.0486277914148086,"KDM4B","lysine demethylase 4B"
"ENSG00000166750",0.916666666666667,0.202247191011236,0.714419475655431,0.000413588365777302,FALSE,0.0024749274170899,0.0486277914148086,"SLFN5","schlafen family member 5"
"ENSG00000134376",7.41666666666667,17.5318352059925,-10.1151685393258,0.0295406954524182,FALSE,0.00249168375622217,0.0488190982519959,"CRB1","crumbs cell polarity complex component 1"
"ENSG00000196358",18.4583333333333,6.32958801498127,12.1287453183521,9.20513276143969e-05,FALSE,0.00249355409336663,0.0488190982519959,"NTNG2","netrin G2"
"ENSG00000108774",37.7916666666667,11.7378277153558,26.0538389513109,0.00116530685428639,FALSE,0.00249531120469916,0.0488190982519959,"RAB5C","RAB5C, member RAS oncogene family"
"ENSG00000103381",27.2916666666667,9.66666666666667,17.625,0.00178116461339602,FALSE,0.00249569473637554,0.0488190982519959,"CPPED1","calcineurin like phosphoesterase domain containing 1"
"ENSG00000151532",23.6666666666667,6.06367041198502,17.6029962546816,1.61153556086734e-06,FALSE,0.00250725673509623,0.0489911324298107,"VTI1A","vesicle transport through interaction with t-SNAREs 1A"
"ENSG00000174738",16.4583333333333,4.28838951310861,12.1699438202247,1.02019850347084e-09,FALSE,0.00251009565016292,0.0489925284397289,"NR1D2","nuclear receptor subfamily 1 group D member 2"
"ENSG00000089006",10.2916666666667,2.54307116104869,7.74859550561798,6.62157131671433e-07,FALSE,0.00251399549180911,0.0490146059377716,"SNX5","sorting nexin 5"
"ENSG00000112561",20.2916666666667,6.2059925093633,14.0856741573034,0.00100145620077997,FALSE,0.00252125782995053,0.0491021203120068,"TFEB","transcription factor EB"
"ENSG00000122862",1.41666666666667,0.352059925093633,1.06460674157303,5.0047560816631e-05,FALSE,0.00253707752857227,0.0493559159212251,"SRGN","serglycin"
"ENSG00000073849",2.33333333333333,0.49438202247191,1.83895131086142,3.25220117960806e-07,FALSE,0.002541065956001,0.0493792432701271,"ST6GAL1","ST6 beta-galactoside alpha-2,6-sialyltransferase 1"
