"gene","mean_target","mean_ref","estimate","levene_p","variances_equal","p_val","padj","symbol","description"
"ENSG00000134321",11.3411764705882,2.05243445692884,9.2887420136594,4.64300654431042e-21,FALSE,2.63563137573605e-19,4.67112948721701e-15,"RSAD2","radical S-adenosyl methionine domain containing 2"
"ENSG00000134326",8.71764705882353,1.25468164794007,7.46296541088345,1.67964308919176e-27,FALSE,1.40711088360516e-18,1.24691130950671e-14,"CMPK2","cytidine/uridine monophosphate kinase 2"
"ENSG00000185745",89.9882352941176,19.936329588015,70.0519057061027,3.75977493121821e-12,FALSE,5.1873064095224e-18,3.06448771653219e-14,"IFIT1","interferon induced protein with tetratricopeptide repeats 1"
"ENSG00000126709",40.4352941176471,7.62546816479401,32.8098259528531,7.99175905033758e-22,FALSE,8.80352371636084e-18,3.46786412539792e-14,"IFI6","interferon alpha inducible protein 6"
"ENSG00000157601",66.8705882352941,13.876404494382,52.9941837409121,7.55178742195762e-19,FALSE,9.78351330304665e-18,3.46786412539792e-14,"MX1","MX dynamin like GTPase 1"
"ENSG00000137965",36.2823529411765,5.7940074906367,30.4883454505398,5.81021337600865e-34,FALSE,1.43503265281898e-17,4.23884728431847e-14,"IFI44","interferon induced protein 44"
"ENSG00000137959",32.9411764705882,4.75280898876404,28.1883674818242,6.9545918621698e-46,FALSE,3.35098189486102e-17,8.48420744608884e-14,"IFI44L","interferon induced protein 44 like"
"ENSG00000119917",85.8823529411765,20.0674157303371,65.8149372108394,2.23624141661579e-12,FALSE,7.24141248351403e-17,1.60424441806649e-13,"IFIT3","interferon induced protein with tetratricopeptide repeats 3"
"ENSG00000132530",58.3176470588235,9.62921348314607,48.6884335756775,8.21417840894789e-38,FALSE,3.27797104288748e-16,6.45505342145497e-13,"XAF1","XIAP associated factor 1"
"ENSG00000111331",7.11764705882353,0.955056179775281,6.16259087904825,1.69535627850247e-32,FALSE,7.20015076776248e-16,1.27608272057054e-12,"OAS3","2'-5'-oligoadenylate synthetase 3"
"ENSG00000089127",5.45882352941176,0.722846441947566,4.7359770874642,4.0389979192856e-41,FALSE,9.83751259999907e-16,1.5850021437253e-12,"OAS1","2'-5'-oligoadenylate synthetase 1"
"ENSG00000141664",40.2235294117647,5.44569288389513,34.7778365278696,2.55764084756516e-34,FALSE,1.67172645716919e-15,2.46900066670079e-12,"ZCCHC2","zinc finger CCHC-type containing 2"
"ENSG00000138646",15.8588235294118,2.35205992509363,13.5067636043181,7.8530685438698e-19,FALSE,5.55823764117447e-15,7.57758813188732e-12,"HERC5","HECT and RLD domain containing E3 ubiquitin protein ligase 5"
"ENSG00000088827",51.1529411764706,7.65168539325843,43.5012557832122,2.66891277306485e-44,FALSE,8.60895200405241e-15,1.07079452364827e-11,"SIGLEC1","sialic acid binding Ig like lectin 1"
"ENSG00000152778",75.3411764705882,11.250936329588,64.0902401410002,4.01514351938092e-31,FALSE,9.23245309094866e-15,1.07079452364827e-11,"IFIT5","interferon induced protein with tetratricopeptide repeats 5"
"ENSG00000187608",212.670588235294,36.1310861423221,176.539502092972,6.39584001523482e-24,FALSE,9.66693696234965e-15,1.07079452364827e-11,"ISG15","ISG15 ubiquitin like modifier"
"ENSG00000135114",175.858823529412,34.7602996254682,141.098523903944,1.55666563037944e-24,FALSE,1.41411805380349e-14,1.4742596627976e-11,"OASL","2'-5'-oligoadenylate synthetase like"
"ENSG00000115267",52.4470588235294,6.50561797752809,45.9414408460013,5.28907114102443e-36,FALSE,1.78677889232068e-14,1.75928235047774e-11,"IFIH1","interferon induced with helicase C domain 1"
"ENSG00000184979",28.0117647058824,1.8501872659176,26.1615774399647,1.21398567510607e-59,FALSE,3.24293496701512e-14,3.02497560107416e-11,"USP18","ubiquitin specific peptidase 18"
"ENSG00000119922",77.3294117647059,18.4007490636704,58.9286627010355,5.4632868712927e-12,FALSE,6.32503359690715e-14,5.60492852189927e-11,"IFIT2","interferon induced protein with tetratricopeptide repeats 2"
"ENSG00000111335",4.68235294117647,0.359550561797753,4.32280237937872,7.28905501503613e-44,FALSE,1.55626655355735e-13,1.31341486327128e-10,"OAS2","2'-5'-oligoadenylate synthetase 2"
"ENSG00000165949",47.1764705882353,2.78277153558052,44.3936990526548,1.06472938216167e-69,FALSE,2.25212857278943e-13,1.81429430434305e-10,"IFI27","interferon alpha inducible protein 27"
"ENSG00000146938",2.48235294117647,15.314606741573,-12.8322538003966,2.52494469436637e-05,FALSE,4.49925419982265e-13,3.46696879058508e-10,"NLGN4X","neuroligin 4 X-linked"
"ENSG00000137628",51.5294117647059,6.94756554307116,44.5818462216347,3.28997699405389e-36,FALSE,5.04598501856995e-13,3.72624968683814e-10,"DDX60","DExD/H-box helicase 60"
"ENSG00000059378",6.67058823529412,0.782771535580524,5.88781669971359,5.3300985914433e-33,FALSE,2.31350467024021e-12,1.64008973082669e-09,"PARP12","poly(ADP-ribose) polymerase family member 12"
"ENSG00000055332",25.8588235294118,5.28838951310861,20.5704340163032,2.14704306902649e-19,FALSE,5.27175804733626e-12,3.59351414895925e-09,"EIF2AK2","eukaryotic translation initiation factor 2 alpha kinase 2"
"ENSG00000124256",3.64705882352941,0.49812734082397,3.14893148270544,1.49863653313652e-27,FALSE,6.85223202261174e-12,4.49785585691659e-09,"ZBP1","Z-DNA binding protein 1"
"ENSG00000188157",48.5058823529412,10.6966292134831,37.809253139458,3.8296170753313e-24,FALSE,1.8877569995683e-11,1.19488276083389e-08,"AGRN","agrin"
"ENSG00000138642",4.51764705882353,0.318352059925094,4.19929499889844,1.01909607331605e-45,FALSE,2.06017919086544e-11,1.2590536482658e-08,"HERC6","HECT and RLD domain containing E3 ubiquitin protein ligase family member 6"
"ENSG00000108771",42.0705882352941,7.17602996254682,34.8945582727473,2.19356533853382e-26,FALSE,2.21567537518533e-11,1.30894715581366e-08,"DHX58","DExH-box helicase 58"
"ENSG00000196116",18.5176470588235,3.36704119850187,15.1506058603217,1.34587966112355e-24,FALSE,3.58400032262103e-11,2.04900766831653e-08,"TDRD7","tudor domain containing 7"
"ENSG00000196141",6.51764705882353,0.573033707865168,5.94461335095836,1.24617067497099e-40,FALSE,3.90725997997602e-11,2.16401151953484e-08,"SPATS2L","spermatogenesis associated serine rich 2 like"
"ENSG00000068079",62.9647058823529,15.2097378277154,47.7549680546376,8.35407985748048e-19,FALSE,6.46927418823611e-11,3.47439231630632e-08,"IFI35","interferon induced protein 35"
"ENSG00000078081",13.5647058823529,1.38576779026217,12.1789380920908,8.52376609302104e-35,FALSE,6.75798848067317e-11,3.52270087773443e-08,"LAMP3","lysosomal associated membrane protein 3"
"ENSG00000165246",1.21176470588235,11.6479400749064,-10.436175369024,3.85040886985822e-05,FALSE,7.78236231237784e-11,3.94076592177922e-08,"NLGN4Y","neuroligin 4 Y-linked"
"ENSG00000136514",2.32941176470588,0.322097378277154,2.00731438642873,2.14325803642929e-27,FALSE,1.98093064301802e-10,9.75223160728012e-08,"RTP4","receptor transporter protein 4"
"ENSG00000115155",5.27058823529412,0.415730337078652,4.85485789821547,2.70900155480683e-38,FALSE,2.47406368971989e-10,1.18507650737583e-07,"OTOF","otoferlin"
"ENSG00000188313",16.2705882352941,4.16104868913858,12.1095395461555,1.21073498911629e-13,FALSE,2.89342497989627e-10,1.3494781820711e-07,"PLSCR1","phospholipid scramblase 1"
"ENSG00000173193",4.23529411764706,0.98501872659176,3.2502753910553,1.21647854090991e-14,FALSE,6.07403189187454e-10,2.76025813383827e-07,"PARP14","poly(ADP-ribose) polymerase family member 14"
"ENSG00000185507",58.5411764705882,14.2434456928839,44.2977307777043,3.74596135014773e-13,FALSE,7.33515066043989e-10,3.2500218788744e-07,"IRF7","interferon regulatory factor 7"
"ENSG00000165185",3.21176470588235,0.460674157303371,2.75109054857898,4.0299043714693e-29,FALSE,9.77226878343595e-10,4.22424194265452e-07,"KIAA1958","KIAA1958"
"ENSG00000132274",20.9411764705882,3.88014981273408,17.0610266578542,8.70698536468132e-20,FALSE,1.04025833031351e-09,4.38964247336817e-07,"TRIM22","tripartite motif containing 22"
"ENSG00000183486",39.3058823529412,9.90262172284644,29.4032606300947,3.42049670317869e-17,FALSE,1.32740606126696e-09,5.471073866008e-07,"MX2","MX dynamin like GTPase 2"
"ENSG00000168702",2.94117647058824,8.99625468164794,-6.0550782110597,0.000352305645010239,FALSE,1.49206748306103e-09,6.00998000052058e-07,"LRP1B","LDL receptor related protein 1B"
"ENSG00000155363",47.0470588235294,8.73408239700374,38.3129764265257,2.91401082014402e-22,FALSE,1.55860253089539e-09,6.138469478902e-07,"MOV10","Mov10 RNA helicase"
"ENSG00000177409",44.0823529411765,11.8501872659176,32.2321656752589,1.60860219681954e-13,FALSE,1.70304569882714e-09,6.56153889572031e-07,"SAMD9L","sterile alpha motif domain containing 9 like"
"ENSG00000067066",39.2470588235294,8.75280898876404,30.4942498347654,1.53717847014173e-17,FALSE,2.098178662693e-09,7.72140363987149e-07,"SP100","SP100 nuclear antigen"
"ENSG00000129824",10.7294117647059,60.9213483146067,-50.1919365499009,4.14024689556286e-05,FALSE,2.11838903080647e-09,7.72140363987149e-07,"RPS4Y1","ribosomal protein S4 Y-linked 1"
"ENSG00000107201",67.5058823529412,13.374531835206,54.1313505177352,6.91317174553163e-21,FALSE,2.13478969899962e-09,7.72140363987149e-07,"RIGI","RNA sensor RIG-I"
"ENSG00000140464",38.8352941176471,9.26591760299626,29.5693765146508,1.07773567474466e-13,FALSE,2.57980791486392e-09,9.14438713502664e-07,"PML","PML nuclear body scaffold"
"ENSG00000163565",53.1176470588235,10.565543071161,42.5521039876625,2.25070370665723e-19,FALSE,2.89446430803553e-09,1.00585472414341e-06,"IFI16","interferon gamma inducible protein 16"
"ENSG00000147050",38.6117647058824,165.573033707865,-126.961269001983,0.000100633267157767,FALSE,3.62299340096420e-09,1.23481369317862e-06,"KDM6A","lysine demethylase 6A"
"ENSG00000012817",9.95294117647059,56.314606741573,-46.3616655651024,4.08786670225799e-05,FALSE,4.3914454885086e-09,1.46848279986487e-06,"KDM5D","lysine demethylase 5D"
"ENSG00000132256",21.1529411764706,3.94756554307116,17.2053756333994,4.57385103725758e-22,FALSE,5.33891819728539e-09,1.75225272612017e-06,"TRIM5","tripartite motif containing 5"
"ENSG00000183760",5.08235294117647,18.5056179775281,-13.4232650363516,0.000452033361537708,FALSE,6.93743321615496e-09,2.2354932525439e-06,"ACP7","acid phosphatase 7, tartrate resistant (putative)"
"ENSG00000177294",13.5176470588235,3.36704119850187,10.1506058603217,5.16849866513176e-21,FALSE,7.25380462659293e-09,2.29569963209119e-06,"FBXO39","F-box protein 39"
"ENSG00000136147",50.5764705882353,11.3445692883895,39.2319012998458,2.58271640301809e-23,FALSE,8.25305075783069e-09,2.56611962422865e-06,"PHF11","PHD finger protein 11"
"ENSG00000130813",6,1.0936329588015,4.9063670411985,3.69025033785447e-22,FALSE,9.54323944812373e-09,2.9161178058465e-06,"SHFL","shiftless antiviral inhibitor of ribosomal frameshifting"
"ENSG00000067646",3.15294117647059,18.7977528089888,-15.6448116325182,5.59361692652293e-05,FALSE,9.96901525599610e-09,2.99459080308506e-06,"ZFY","zinc finger protein Y-linked"
"ENSG00000173821",65.5058823529412,18.4644194756554,47.0414628772857,1.53680235928165e-15,FALSE,1.28706925574891e-08,3.80178806993965e-06,"RNF213","ring finger protein 213"
"ENSG00000137200",16.9176470588235,3.812734082397,13.1049129764265,2.88408440153481e-15,FALSE,1.65760710184459e-08,4.741847706966e-06,"CMTR1","cap methyltransferase 1"
"ENSG00000168026",22.8588235294118,5.99625468164794,16.8625688477638,5.20210481192523e-16,FALSE,1.67916290033802e-08,4.741847706966e-06,"TTC21A","tetratricopeptide repeat domain 21A"
"ENSG00000138496",4.25882352941176,1.23220973782772,3.02661379158405,7.51899939080182e-10,FALSE,1.685585992997e-08,4.741847706966e-06,"PARP9","poly(ADP-ribose) polymerase family member 9"
"ENSG00000164054",23.1882352941176,6.67415730337079,16.5140779907469,1.60854830505424e-08,FALSE,2.01434850585546e-08,5.45444045103818e-06,"SHISA5","shisa family member 5"
"ENSG00000149131",12.3411764705882,3.94007490636704,8.40110156422119,8.71138068630855e-12,FALSE,2.02056790219105e-08,5.45444045103818e-06,"SERPING1","serpin family G member 1"
"ENSG00000163823",24.6941176470588,8.10112359550562,16.5929940515532,6.58815431343558e-10,FALSE,2.03121971318919e-08,5.45444045103818e-06,"CCR1","C-C motif chemokine receptor 1"
"ENSG00000183943",5.85882352941176,22.5730337078652,-16.7142101784534,0.000149126405875959,FALSE,2.09416011727677e-08,5.53952235201437e-06,"PRKX","protein kinase cAMP-dependent X-linked catalytic subunit"
"ENSG00000135899",17.6588235294118,5.15355805243446,12.5052654769773,7.98681995217801e-11,FALSE,2.13039670282181e-08,5.55250305354572e-06,"SP110","SP110 nuclear body protein"
"ENSG00000115598",0.494117647058824,2.47940074906367,-1.98528310200485,0.000347154441191245,FALSE,2.16719927299893e-08,5.56656126309566e-06,"IL1RL2","interleukin 1 receptor like 2"
"ENSG00000183878",36.1176470588235,185.022471910112,-148.904824851289,6.01931866266701e-05,FALSE,2.22646198728747e-08,5.63708368581369e-06,"UTY","ubiquitously transcribed tetratricopeptide repeat containing, Y-linked"
"ENSG00000100034",3.82352941176471,14.0973782771536,-10.2738488653889,0.00037979854396825,FALSE,2.45750827401349e-08,6.13442523103396e-06,"PPM1F","protein phosphatase, Mg2+/Mn2+ dependent 1F"
"ENSG00000114626",2,8.59176029962547,-6.59176029962547,0.000677084374763142,FALSE,2.77553095355161e-08,6.83204654024934e-06,"ABTB1","ankyrin repeat and BTB domain containing 1"
"ENSG00000170581",35.6470588235294,10.3895131086142,25.2575457149152,5.86128083254836e-13,FALSE,2.88291116280581e-08,6.99915541622019e-06,"STAT2","signal transducer and activator of transcription 2"
"ENSG00000154620",0.658823529411765,2.94007490636704,-2.28125137695528,9.72720839085991e-05,FALSE,3.0131737420613e-08,7.21655111223682e-06,"TMSB4Y","thymosin beta 4 Y-linked"
"ENSG00000108679",40.0470588235294,7.28089887640449,32.7661599471249,5.25474452567233e-19,FALSE,3.64477430432252e-08,8.61284466606774e-06,"LGALS3BP","galectin 3 binding protein"
"ENSG00000142347",2.48235294117647,8.60674157303371,-6.12438863185724,0.000579698822713545,FALSE,4.34686514849005e-08,1.01367751350907e-05,"MYO1F","myosin IF"
"ENSG00000133106",0.894117647058824,0.191011235955056,0.703106411103767,2.69816390452088e-20,FALSE,4.74271893595787e-08,1.07835762456332e-05,"EPSTI1","epithelial stromal interaction 1"
"ENSG00000162714",24.2470588235294,5.68913857677903,18.5579202467504,2.95647351165841e-17,FALSE,4.74591743587083e-08,1.07835762456332e-05,"ZNF496","zinc finger protein 496"
"ENSG00000121236",14.9882352941176,2.98501872659176,12.0032165675259,3.27249513119467e-15,FALSE,4.88729371057224e-08,1.09642413205661e-05,"TRIM6","tripartite motif containing 6"
"ENSG00000136816",4.01176470588235,0.726591760299625,3.28517294558273,2.12361125652135e-19,FALSE,6.00908471293606e-08,1.33123760459207e-05,"TOR1B","torsin family 1 member B"
"ENSG00000181220",1.75294117647059,8.74531835205993,-6.99237717558934,0.00130124141794044,FALSE,6.95065575069819e-08,1.52082064036573e-05,"ZNF746","zinc finger protein 746"
"ENSG00000188290",13.8352941176471,3.32958801498127,10.5057061026658,2.15868402316605e-15,FALSE,7.70168488026792e-08,1.66459708698766e-05,"HES4","hes family bHLH transcription factor 4"
"ENSG00000138035",21.0705882352941,3.9625468164794,17.1080414188147,1.17578054071537e-15,FALSE,9.06222846293429e-08,1.93505873552511e-05,"PNPT1","polyribonucleotide nucleotidyltransferase 1"
"ENSG00000013374",8.32941176470588,1.70037453183521,6.62903723287068,3.66117340502053e-18,FALSE,1.01608794762848e-07,2.1438246066452e-05,"NUB1","negative regulator of ubiquitin like proteins 1"
"ENSG00000185885",32.4588235294118,7.13483146067416,25.3239920687376,1.76869728703262e-16,FALSE,1.08100068953514e-07,2.25395002595662e-05,"IFITM1","interferon induced transmembrane protein 1"
"ENSG00000156587",63.9058823529412,18.6029962546816,45.3028860982595,8.86197163714709e-12,FALSE,1.11362195418926e-07,2.28514377242926e-05,"UBE2L6","ubiquitin conjugating enzyme E2 L6"
"ENSG00000160410",0.294117647058824,1.25842696629213,-0.964309319233311,0.000770713060959773,FALSE,1.12174862157279e-07,2.28514377242926e-05,"SHKBP1","SH3KBP1 binding protein 1"
"ENSG00000106348",2.03529411764706,8.39700374531835,-6.36170962767129,0.00105637085740847,FALSE,1.2328399428112e-07,2.48291162573214e-05,"IMPDH1","inosine monophosphate dehydrogenase 1"
"ENSG00000114374",1.12941176470588,5.9625468164794,-4.83313505177352,0.000103411168892315,FALSE,1.56806247099657e-07,3.12255855881711e-05,"USP9Y","ubiquitin specific peptidase 9 Y-linked"
"ENSG00000133216",91.3058823529412,21.5543071161049,69.7515752368363,6.53210779329083e-17,FALSE,1.81312082886761e-07,3.57043782778007e-05,"EPHB2","EPH receptor B2"
"ENSG00000177156",2.32941176470588,7.86516853932584,-5.53575677461996,0.000668812258462489,FALSE,2.01968203864162e-07,3.91053807917045e-05,"TALDO1","transaldolase 1"
"ENSG00000002549",21.1294117647059,5.37827715355805,15.7511346111478,1.17291976410862e-14,FALSE,2.02995826487435e-07,3.91053807917045e-05,"LAP3","leucine aminopeptidase 3"
"ENSG00000116663",11.0117647058824,2.70411985018727,8.30764485569509,9.84374808163872e-14,FALSE,2.07377372263238e-07,3.92250776427157e-05,"FBXO6","F-box protein 6"
"ENSG00000067048",20.5176470588235,97.434456928839,-76.9168098700154,0.000115564833565218,FALSE,2.08043632478433e-07,3.92250776427157e-05,"DDX3Y","DEAD-box helicase 3 Y-linked"
"ENSG00000113100",1.25882352941176,7.55056179775281,-6.29173826834104,0.000517289391254305,FALSE,2.22766651843456e-07,4.15588775854902e-05,"CDH9","cadherin 9"
"ENSG00000163840",12.6705882352941,3.47940074906367,9.19118748623045,3.10871957463253e-11,FALSE,2.37326418826531e-07,4.38139179256522e-05,"DTX3L","deltex E3 ubiquitin ligase 3L"
"ENSG00000140332",2.49411764705882,7.0187265917603,-4.52460894470148,0.000750866305309747,FALSE,2.57208319179179e-07,4.69948767094081e-05,"TLE3","TLE family member 3, transcriptional corepressor"
"ENSG00000198300",8.04705882352941,17.123595505618,-9.07653668208857,0.000309930973681007,FALSE,2.72238744957769e-07,4.92335436416993e-05,"PEG3","paternally expressed 3"
"ENSG00000205413",31.7294117647059,7.71910112359551,24.0103106411104,3.72096615747363e-14,FALSE,3.38532605416566e-07,6.0604175412099e-05,"SAMD9","sterile alpha motif domain containing 9"
"ENSG00000196182",2.72941176470588,9.19850187265918,-6.46909010795329,0.00138187986865115,FALSE,4.09347088228143e-07,7.14426154599033e-05,"STK40","serine/threonine kinase 40"
"ENSG00000086065",14.6705882352941,3.73408239700375,10.9365058382904,3.49538689890705e-07,FALSE,4.10758152911777e-07,7.14426154599033e-05,"CHMP5","charged multivesicular body protein 5"
"ENSG00000154556",4.25882352941176,13,-8.74117647058824,0.000322594510137088,FALSE,4.11168920437292e-07,7.14426154599033e-05,"SORBS2","sorbin and SH3 domain containing 2"
"ENSG00000104973",1.4,5.63295880149813,-4.23295880149813,0.00170728373276198,FALSE,4.20228082380694e-07,7.21028931901984e-05,"MED25","mediator complex subunit 25"
"ENSG00000179044",11.0823529411765,3.59550561797753,7.48684732319894,7.2793995906381e-10,FALSE,4.2310561935229e-07,7.21028931901984e-05,"EXOC3L1","exocyst complex component 3 like 1"
"ENSG00000168062",23.5647058823529,6.7565543071161,16.8081515752368,2.23300830338345e-12,FALSE,4.6859414837172e-07,7.83685499103973e-05,"BATF2","basic leucine zipper ATF-like transcription factor 2"
"ENSG00000100918",51.1411764705882,17.2958801498127,33.8452963207755,3.20633371435183e-10,FALSE,4.68716712210241e-07,7.83685499103973e-05,"REC8","REC8 meiotic recombination protein"
"ENSG00000125148",6.10588235294118,1.52808988764045,4.57779246530073,3.00425170790102e-15,FALSE,4.89006397054425e-07,8.09968259345381e-05,"MT2A","metallothionein 2A"
"ENSG00000139910",1.82352941176471,7.29588014981273,-5.47235073804803,0.000649831458428268,FALSE,4.98324313461009e-07,8.17759426617542e-05,"NOVA1","NOVA alternative splicing regulator 1"
"ENSG00000112343",15.4352941176471,4.19475655430712,11.2405375633399,1.16313832086389e-12,FALSE,5.90164060178671e-07,9.59585104453816e-05,"TRIM38","tripartite motif containing 38"
"ENSG00000177169",3.49411764705882,10.310861423221,-6.81674377616215,0.000776699087760955,FALSE,6.26141863808094e-07,0.000100882838657008,"ULK1","unc-51 like autophagy activating kinase 1"
"ENSG00000160710",15.0117647058824,4.63670411985019,10.3750605860322,2.15208014548131e-11,FALSE,6.40696498528666e-07,0.000102297874265077,"ADAR","adenosine deaminase RNA specific"
"ENSG00000145451",0.235294117647059,0.902621722846442,-0.667327605199383,0.00105296050968834,FALSE,6.90320807625923e-07,0.000109237104228163,"GLRA3","glycine receptor alpha 3"
"ENSG00000172432",4.71764705882353,1.28838951310861,3.42925754571492,3.25463223161425e-13,FALSE,7.2152342948381e-07,0.000113164245493288,"GTPBP2","GTP binding protein 2"
"ENSG00000010030",12.1529411764706,3.91760299625468,8.23533818021591,1.68840408027554e-12,FALSE,7.32623385915492e-07,0.000113897230426143,"ETV7","ETS variant transcription factor 7"
"ENSG00000165349",4.42352941176471,13.4644194756554,-9.04089006389072,0.00109223708250693,FALSE,7.94008054396086e-07,0.000122366997809233,"SLC7A3","solute carrier family 7 member 3"
"ENSG00000198692",6.70588235294118,29.9475655430712,-23.24168319013,0.000158420017142555,FALSE,8.5547501625049e-07,0.000130703307870754,"EIF1AY","eukaryotic translation initiation factor 1A Y-linked"
"ENSG00000173198",8.52941176470588,2.20973782771536,6.31967393699053,2.69581720863458e-13,FALSE,9.67651535298597e-07,0.000146578531282881,"CYSLTR1","cysteinyl leukotriene receptor 1"
"ENSG00000108691",10.7764705882353,1.87265917602996,8.90381141220533,2.44248329917469e-17,FALSE,1.05756875107516e-06,0.000158331468728386,"CCL2","C-C motif chemokine ligand 2"
"ENSG00000189325",7.11764705882353,1.29588014981273,5.82176690901079,6.54799681581159e-15,FALSE,1.06310696714315e-06,0.000158331468728386,"BNIP5","BCL2 interacting protein 5"
"ENSG00000178573",4.83529411764706,13.1835205992509,-8.34822648160388,0.000478355415117925,FALSE,1.28798405638637e-06,0.000190224511927798,"MAF","MAF bZIP transcription factor"
"ENSG00000105402",13.4235294117647,4.80898876404494,8.61454064771976,5.57686317533079e-06,FALSE,1.54491027404774e-06,0.000226284667660727,"NAPA","NSF attachment protein alpha"
"ENSG00000171608",1.51764705882353,5.06741573033708,-3.54976867151355,0.0027646893289681,FALSE,1.62998964961149e-06,0.000236789398033315,"PIK3CD","phosphatidylinositol-4,5-bisphosphate 3-kinase catalytic subunit delta"
"ENSG00000175550",6.89411764705882,2.1685393258427,4.72557832121613,1.34870759368447e-08,FALSE,1.72628568337295e-06,0.000248739521678202,"DRAP1","DR1 associated protein 1"
"ENSG00000168394",30.4470588235294,9.65917602996255,20.7878827935669,8.75841451466663e-11,FALSE,1.85044681827128e-06,0.000264479588388886,"TAP1","transporter 1, ATP binding cassette subfamily B member"
"ENSG00000146828",1.51764705882353,4.76779026217228,-3.25014320334876,0.000947588843633398,FALSE,1.88456408551224e-06,0.000267201034300267,"SLC12A9","solute carrier family 12 member 9"
"ENSG00000160963",7.42352941176471,15.7303370786517,-8.30680766688698,0.000264632923827626,FALSE,2.04425977141835e-06,0.000286831549236215,"COL26A1","collagen type XXVI alpha 1 chain"
"ENSG00000130487",1.43529411764706,0.191011235955056,1.244282881692,1.52326890550095e-15,FALSE,2.05538603808607e-06,0.000286831549236215,"KLHDC7B","kelch domain containing 7B"
"ENSG00000154485",0.623529411764706,1.49438202247191,-0.870852610707204,0.000496569316283359,FALSE,2.08538855559825e-06,0.000287067373770731,"MMP21","matrix metallopeptidase 21"
"ENSG00000130589",53.4117647058824,19.5280898876404,33.8836748182419,3.90721724013435e-07,FALSE,2.08947081286601e-06,0.000287067373770731,"HELZ2","helicase with zinc finger 2"
"ENSG00000104870",1.15294117647059,3.22846441947566,-2.07552324300507,0.000362031677411971,FALSE,2.1172676843336e-06,0.000288648732072649,"FCGRT","Fc gamma receptor and transporter"
"ENSG00000117410",2.55294117647059,6.97003745318352,-4.41709627671293,0.00185532499739864,FALSE,2.14488416300501e-06,0.000290181542144563,"ATP6V0B","ATPase H+ transporting V0 subunit b"
"ENSG00000171302",0.2,0.790262172284644,-0.590262172284644,0.00235884287524628,FALSE,2.18497334990673e-06,0.000293365777881795,"CANT1","calcium activated nucleotidase 1"
"ENSG00000123609",5.11764705882353,1.25093632958801,3.86671072923551,1.37614312556484e-13,FALSE,2.44788534079526e-06,0.000326194525525672,"NMI","N-myc and STAT interactor"
"ENSG00000106785",34.6470588235294,8.17602996254682,26.4710288609826,2.400667247458e-13,FALSE,2.62307780992488e-06,0.000346931403173871,"TRIM14","tripartite motif containing 14"
"ENSG00000145362",33.5529411764706,96.4007490636704,-62.8478078871998,0.00431244332633077,FALSE,2.67051511237063e-06,0.000350589180270702,"ANK2","ankyrin 2"
"ENSG00000007541",0.247058823529412,0.861423220973783,-0.614364397444371,0.00196685535974848,FALSE,2.72079429159046e-06,0.000354563509043072,"PIGQ","phosphatidylinositol glycan anchor biosynthesis class Q"
"ENSG00000005889",6.62352941176471,22.3520599250936,-15.7285305133289,0.000804362740998207,FALSE,2.79782624152021e-06,0.000361940689623815,"ZFX","zinc finger protein X-linked"
"ENSG00000135636",1.07058823529412,2.65543071161049,-1.58484247631637,0.000315796681428576,FALSE,2.94847448169043e-06,0.000378665313326083,"DYSF","dysferlin"
"ENSG00000163666",16.6,4.9063670411985,11.6936329588015,1.28401680903669e-11,FALSE,3.05977094276358e-06,0.000390131801572654,"HESX1","HESX homeobox 1"
"ENSG00000125505",0.458823529411765,1.42322097378277,-0.964397444371007,0.00244208322561466,FALSE,3.14174188947345e-06,0.000397722082193843,"MBOAT7","membrane bound acylglycerophosphatidylinositol O-acyltransferase MBOAT7"
"ENSG00000145920",0.858823529411765,2.11610486891386,-1.25728133950209,0.00148433185292524,FALSE,3.282701663136e-06,0.00041261930195574,"CPLX2","complexin 2"
"ENSG00000166889",29.3176470588235,6.95131086142322,22.3663361974003,1.21231702306651e-13,FALSE,3.62433510844505e-06,0.000452352754415293,"PATL1","PAT1 homolog 1, processing body mRNA decay factor"
"ENSG00000185722",74.5294117647059,20.8164794007491,53.7129323639568,7.99557996053381e-11,FALSE,4.01100778920906e-06,0.000497112524812252,"ANKFY1","ankyrin repeat and FYVE domain containing 1"
"ENSG00000149488",9.54117647058824,20.87265917603,-11.3314827054417,0.00367154787030501,FALSE,4.34549537479015e-06,0.00053482787866254,"TMC2","transmembrane channel like 2"
"ENSG00000123130",10.9647058823529,3.98501872659176,6.97968715576118,7.53877460572791e-10,FALSE,4.84504862601693e-06,0.00059219859861309,"ACOT9","acyl-CoA thioesterase 9"
"ENSG00000171853",0.458823529411765,1.58052434456929,-1.12170081515752,0.00355614234738161,FALSE,5.1149321928185e-06,0.00061961223277103,"TRAPPC12","trafficking protein particle complex subunit 12"
"ENSG00000102882",19.7882352941176,56.0861423220974,-36.2979070279797,0.00388269859412394,FALSE,5.13925397603912e-06,0.00061961223277103,"MAPK3","mitogen-activated protein kinase 3"
"ENSG00000167601",116.305882352941,20.3782771535581,95.9276051993831,4.10038305570138e-13,FALSE,5.25168150015238e-06,0.000628888859643248,"AXL","AXL receptor tyrosine kinase"
"ENSG00000213689",10.2705882352941,3.71910112359551,6.55148711169861,0.000107602164988441,FALSE,5.3993096430806e-06,0.000642227951706829,"TREX1","three prime repair exonuclease 1"
"ENSG00000153993",1.87058823529412,4.25468164794007,-2.38409341264596,0.00142151249167334,FALSE,5.8106407652644e-06,0.000686546575218539,"SEMA3D","semaphorin 3D"
"ENSG00000134809",12.3058823529412,2.68539325842697,9.62048909451421,1.24950065489025e-12,FALSE,5.85126264855834e-06,0.000686767734572182,"TIMM10","translocase of inner mitochondrial membrane 10"
"ENSG00000130303",2.48235294117647,0.677902621722846,1.80445031945362,2.18441465981508e-10,FALSE,6.23394462800508e-06,0.000726869741066671,"BST2","bone marrow stromal cell antigen 2"
"ENSG00000079385",51.9294117647059,19.6816479400749,32.247763824631,2.56663906033923e-08,FALSE,6.92225917188076e-06,0.000801850975838188,"CEACAM1","CEA cell adhesion molecule 1"
"ENSG00000157734",1.63529411764706,0.363295880149813,1.27199823749725,1.77171479129706e-11,FALSE,8.23238029601466e-06,0.000947418675235506,"SNX22","sorting nexin 22"
"ENSG00000173786",13.8352941176471,4.54681647940075,9.28847763824631,1.61342033627137e-08,FALSE,9.54010952157324e-06,0.00109083458742479,"CNP","2',3'-cyclic nucleotide 3' phosphodiesterase"
"ENSG00000102385",2.29411764705882,4.77902621722846,-2.48490857016964,0.000265723058414956,FALSE,9.64541339189088e-06,0.00109580552272104,"DRP2","dystrophin related protein 2"
"ENSG00000106328",0.211764705882353,0.584269662921348,-0.372504957038995,0.00206630709427548,FALSE,9.7420608454779e-06,0.00109973595136564,"FSCN3","fascin actin-bundling protein 3"
"ENSG00000135436",6.65882352941177,13.4044943820225,-6.74567085261071,0.00400243427221731,FALSE,1.14637588121263e-05,0.00128589998371718,"FAM186B","family with sequence similarity 186 member B"
"ENSG00000162772",78.7176470588235,22.561797752809,56.1558493060145,4.54389401317686e-11,FALSE,1.23080835374209e-05,0.00137086119721846,"ATF3","activating transcription factor 3"
"ENSG00000162595",16.6,50.0262172284644,-33.4262172284644,0.00329981406831466,FALSE,1.23758839674408e-05,0.00137086119721846,"DIRAS3","DIRAS family GTPase 3"
"ENSG00000122643",3.12941176470588,0.883895131086142,2.24551663361974,3.19793400627909e-11,FALSE,1.33082846143354e-05,0.00146498588956439,"NT5C3A","5'-nucleotidase, cytosolic IIIA"
"ENSG00000235098",4.75294117647059,9.52808988764045,-4.77514871116986,0.00435764103254337,FALSE,1.34580229356854e-05,0.00146609834562077,"ANKRD65","ankyrin repeat domain 65"
"ENSG00000089101",2.63529411764706,7.01498127340824,-4.37968715576118,0.00179730608265252,FALSE,1.34838362769388e-05,0.00146609834562077,"CFAP61","cilia and flagella associated protein 61"
"ENSG00000104213",17.9529411764706,5.06741573033708,12.8855254461335,9.61809417588949e-13,FALSE,1.38119320002254e-05,0.00149261506609753,"PDGFRL","platelet derived growth factor receptor like"
"ENSG00000089159",4.8,12.438202247191,-7.63820224719101,0.00556965923811836,FALSE,1.48027466324015e-05,0.0015821255416036,"PXN","paxillin"
"ENSG00000172000",2.31764705882353,5.57677902621723,-3.2591319673937,0.00148017800697286,FALSE,1.48875585147206e-05,0.0015821255416036,"ZNF556","zinc finger protein 556"
"ENSG00000155629",11.6,3.67415730337079,7.92584269662921,2.01846968579662e-10,FALSE,1.49517501060819e-05,0.0015821255416036,"PIK3AP1","phosphoinositide-3-kinase adaptor protein 1"
"ENSG00000130741",9.67058823529412,31.2284644194757,-21.5578761841815,0.00134444496608611,FALSE,1.49972967888847e-05,0.0015821255416036,"EIF2S3","eukaryotic translation initiation factor 2 subunit gamma"
"ENSG00000206384",2.15294117647059,15.9662921348315,-13.8133509583609,0.0047944608519771,FALSE,1.53529370680635e-05,0.00161005978495438,"COL6A6","collagen type VI alpha 6 chain"
"ENSG00000147041",1.17647058823529,3.68539325842697,-2.50892267019167,0.00432826802392673,FALSE,1.61498296317204e-05,0.00168366723860577,"SYTL5","synaptotagmin like 5"
"ENSG00000172458",0,0.0674157303370786,-0.0674157303370786,0.0139195453596125,FALSE,1.67162304365325e-05,0.00173252486565302,"IL17D","interleukin 17D"
"ENSG00000181381",31.9176470588235,11.8651685393258,20.0524785194977,7.70058325310378e-08,FALSE,1.70235059738006e-05,0.00175411393240504,"DDX60L","DExD/H-box 60 like"
"ENSG00000173535",0.223529411764706,0.779026217228464,-0.555496805463759,0.00256452260023122,FALSE,1.79832895962911e-05,0.00182874750805529,"TNFRSF10C","TNF receptor superfamily member 10c"
"ENSG00000105397",7.81176470588235,21.3932584269663,-13.5814937210839,0.00363213034402788,FALSE,1.8015636047252e-05,0.00182874750805529,"TYK2","tyrosine kinase 2"
"ENSG00000156234",0.788235294117647,0.0936329588014981,0.694602335316149,6.24648811536684e-13,FALSE,1.80573725616248e-05,0.00182874750805529,"CXCL13","C-X-C motif chemokine ligand 13"
"ENSG00000079263",16.4117647058824,5.10861423220974,11.3031504736726,1.36914301076058e-09,FALSE,1.944700741018e-05,0.00195829154733307,"SP140","SP140 nuclear body protein"
"ENSG00000174473",0.505882352941176,1.11985018726592,-0.613967834324741,0.00200010972201644,FALSE,2.01510286335142e-05,0.00201772135859758,"GALNTL6","polypeptide N-acetylgalactosaminyltransferase like 6"
"ENSG00000135148",35.2117647058824,12.0561797752809,23.1555849306015,2.56956352154153e-08,FALSE,2.10752336437366e-05,0.00209140425274866,"TRAFD1","TRAF-type zinc finger domain containing 1"
"ENSG00000204956",0.458823529411765,1.38202247191011,-0.923198942498348,0.00478880322118703,FALSE,2.11229115410489e-05,0.00209140425274866,"PCDHGA1","protocadherin gamma subfamily A, 1"
"ENSG00000054967",3.04705882352941,7.29962546816479,-4.25256664463538,0.00335177708758773,FALSE,2.18450047443899e-05,0.00215088343936013,"RELT","RELT TNF receptor"
"ENSG00000173846",8.8,22.5393258426966,-13.7393258426966,0.00254926467901486,FALSE,2.30991647523902e-05,0.00226180385031277,"PLK3","polo like kinase 3"
"ENSG00000186141",7.97647058823529,23.689138576779,-15.7126679885437,0.0024268896762532,FALSE,2.3883268587515e-05,0.00232573169877213,"POLR3C","RNA polymerase III subunit C"
"ENSG00000078098",13.0705882352941,4.58426966292135,8.48631857237277,5.944279540292e-15,FALSE,2.48518890841108e-05,0.00240683076632621,"FAP","fibroblast activation protein alpha"
"ENSG00000172426",20.6352941176471,7.46441947565543,13.1708746419916,1.08346844585742e-05,FALSE,2.55727156868417e-05,0.00246318065281465,"RSPH9","radial spoke head component 9"
"ENSG00000140983",9.08235294117647,22.6367041198502,-13.5543511786737,0.00436265179649435,FALSE,2.59908260424252e-05,0.00248992113486433,"RHOT2","ras homolog family member T2"
"ENSG00000196358",12.8588235294118,6.32958801498127,6.52923551443049,6.7757045240923e-05,FALSE,2.69446463658644e-05,0.00256741918033448,"NTNG2","netrin G2"
"ENSG00000185880",13.0823529411765,4.91011235955056,8.17224058162591,2.77255779131796e-06,FALSE,2.89092336376502e-05,0.00273988421262072,"TRIM69","tripartite motif containing 69"
"ENSG00000112773",4.30588235294118,1.40823970037453,2.89764265256664,1.8484306468234e-09,FALSE,3.1910971212223e-05,0.00299912076674091,"TENT5A","terminal nucleotidyltransferase 5A"
"ENSG00000186350",7.76470588235294,19.247191011236,-11.482485128883,0.00185512108903432,FALSE,3.19829501164607e-05,0.00299912076674091,"RXRA","retinoid X receptor alpha"
"ENSG00000143891",4.18823529411765,1.16104868913858,3.02718660497907,1.21815729389696e-10,FALSE,3.2346133118626e-05,0.00301721324874426,"GALM","galactose mutarotase"
"ENSG00000160991",0.0470588235294118,0.258426966292135,-0.211368142762723,0.00873675683669935,FALSE,3.26392866733809e-05,0.00302861820791796,"ORAI2","ORAI calcium release-activated calcium modulator 2"
"ENSG00000152102",1.29411764705882,0.382022471910112,0.912095175148711,2.10412586657708e-08,FALSE,3.28501674361281e-05,0.00303230998682552,"FAM168B","family with sequence similarity 168 member B"
"ENSG00000129194",8.54117647058824,18.123595505618,-9.58241903502974,0.000435429314348123,FALSE,3.38247825769478e-05,0.0030986917134351,"SOX15","SRY-box transcription factor 15"
"ENSG00000165443",0.0117647058823529,0.104868913857678,-0.093104207975325,0.00645554252710806,FALSE,3.39189861990864e-05,0.0030986917134351,"PHYHIPL","phytanoyl-CoA 2-hydroxylase interacting protein like"
"ENSG00000020577",13.2117647058824,3.77153558052434,9.44022912535801,4.60089508788194e-11,FALSE,3.60805910227135e-05,0.00326339353381731,"SAMD4A","sterile alpha motif domain containing 4A"
"ENSG00000130475",3.37647058823529,7.54307116104869,-4.1666005728134,0.00370131599455407,FALSE,3.60901163814361e-05,0.00326339353381731,"FCHO1","FCH and mu domain containing endocytic adaptor 1"
"ENSG00000183695",0.141176470588235,0.434456928838951,-0.293280458250716,0.00208858496036523,FALSE,3.75390628812405e-05,0.00337718178398084,"MRGPRX2","MAS related GPR family member X2"
"ENSG00000147535",11.3176470588235,3.37827715355805,7.93936990526548,1.01265314272931e-09,FALSE,3.95996277906759e-05,0.0035445666835058,"PLPP5","phospholipid phosphatase 5"
"ENSG00000124508",11.1764705882353,4.01123595505618,7.16523463317911,1.47499284021462e-07,FALSE,3.98295818026914e-05,0.00354723456426684,"BTN2A2","butyrophilin subfamily 2 member A2"
"ENSG00000162753",1.42352941176471,3.73408239700375,-2.31055298523904,0.00234101189476195,FALSE,4.02228284127845e-05,0.00356434593979889,"SLC9C2","solute carrier family 9 member C2 (putative)"
"ENSG00000182022",1.62352941176471,4.30337078651685,-2.67984137475215,0.00461062393316398,FALSE,4.05377142311353e-05,0.00357437765830055,"CHST15","carbohydrate sulfotransferase 15"
"ENSG00000213928",5,2.19850187265918,2.80149812734082,0.00044424978275809,FALSE,4.2349178648875e-05,0.00371561630294065,"IRF9","interferon regulatory factor 9"
"ENSG00000130021",5.27058823529412,15.2359550561798,-9.96536682088566,0.00190752586666833,FALSE,4.26892616712766e-05,0.0037270038650248,"PUDP","pseudouridine 5'-phosphatase"
"ENSG00000214078",0.517647058823529,2.01123595505618,-1.49358889623265,0.00995803863635601,FALSE,4.3571324611178e-05,0.00378536561805837,"CPNE1","copine 1"
"ENSG00000090372",1.04705882352941,3.10112359550562,-2.05406477197621,0.00246667937265683,FALSE,4.45375724547448e-05,0.00385043608105094,"STRN4","striatin 4"
"ENSG00000128218",25.3764705882353,6.39700374531835,18.9794668429169,9.36445974793828e-11,FALSE,4.51039908624477e-05,0.00388047587405418,"VPREB3","V-set pre-B cell surrogate light chain 3"
"ENSG00000106605",9.70588235294118,2.98501872659176,6.72086362634942,1.51286655301174e-09,FALSE,4.54220165613826e-05,0.0038889584517748,"BLVRA","biliverdin reductase A"
"ENSG00000052749",5.4,14.0861423220974,-8.68614232209738,0.00364891140316392,FALSE,5.00933191067702e-05,0.00426828795446773,"RRP12","ribosomal RNA processing 12 homolog"
"ENSG00000100299",2.16470588235294,5.0561797752809,-2.89147389292796,0.00491988512391105,FALSE,5.0423009444683e-05,0.00427582294922544,"ARSA","arylsulfatase A"
"ENSG00000169180",3.51764705882353,8.97378277153558,-5.45613571271205,0.00645910944878343,FALSE,5.19644410188112e-05,0.00437351339809391,"XPO6","exportin 6"
"ENSG00000167858",0.4,9.07116104868914,-8.67116104868914,0.0209367376540199,FALSE,5.20685734355253e-05,0.00437351339809391,"TEKT1","tektin 1"
"ENSG00000136848",7.65882352941177,18.7003745318352,-11.0415510024234,0.00469378588020276,FALSE,5.24927307342032e-05,0.0043883427679353,"DAB2IP","DAB2 interacting protein"
"ENSG00000135324",1.08235294117647,3.07116104868914,-1.98880810751267,0.00533227581080078,FALSE,5.50923133873314e-05,0.00458404258292805,"MRAP2","melanocortin 2 receptor accessory protein 2"
"ENSG00000171777",2.21176470588235,5.70411985018727,-3.49235514430491,0.00496279055869203,FALSE,5.65919370570842e-05,0.00468681729188179,"RASGRP4","RAS guanyl releasing protein 4"
"ENSG00000197405",1.45882352941176,3.71910112359551,-2.26027759418374,0.00386252033578825,FALSE,5.69241887832206e-05,0.00469240650141869,"C5AR1","complement C5a receptor 1"
"ENSG00000128594",4.24705882352941,10.2659176029963,-6.01885877946684,0.00747581242192836,FALSE,5.71945096556645e-05,0.00469286247512659,"LRRC4","leucine rich repeat containing 4"
"ENSG00000178685",3.49411764705882,1.23970037453184,2.25441727252699,6.95245459661977e-07,FALSE,5.84624477054582e-05,0.00477479244554763,"PARP10","poly(ADP-ribose) polymerase family member 10"
"ENSG00000137135",2.29411764705882,6.17602996254682,-3.88191231548799,0.003870531363076,FALSE,6.13908941955648e-05,0.00499096705425686,"ARHGEF39","Rho guanine nucleotide exchange factor 39"
"ENSG00000124688",2.57647058823529,0.726591760299625,1.84987882793567,2.94920978913691e-08,FALSE,6.24071639398692e-05,0.00503126185502853,"MAD2L1BP","MAD2L1 binding protein"
"ENSG00000135472",1.62352941176471,3.37453183520599,-1.75100242344129,0.0029025278794825,FALSE,6.24543027764079e-05,0.00503126185502853,"FAIM2","Fas apoptotic inhibitory molecule 2"
"ENSG00000100647",0.552941176470588,1.74906367041199,-1.1961224939414,0.00773800354285237,FALSE,6.30075425256229e-05,0.0050528627881521,"SUSD6","sushi domain containing 6"
"ENSG00000158816",1.14117647058824,3.05243445692884,-1.9112579863406,0.0031876158545723,FALSE,6.55274525840042e-05,0.005231274964623,"VWA5B1","von Willebrand factor A domain containing 5B1"
"ENSG00000170638",0.929411764705882,2.41573033707865,-1.48631857237277,0.0047471100510843,FALSE,6.60055286240373e-05,0.00524581158656418,"TRABD","TraB domain containing"
"ENSG00000170876",0.705882352941177,2.11985018726592,-1.41396783432474,0.00724743204132263,FALSE,6.76175717961689e-05,0.00533001128774181,"TMEM43","transmembrane protein 43"
"ENSG00000213512",2.68235294117647,0.966292134831461,1.71606080634501,7.48427772632442e-09,FALSE,6.76664526176103e-05,0.00533001128774181,"GBP7","guanylate binding protein 7"
"ENSG00000132109",25.3294117647059,9.52059925093633,15.8088125137696,2.56395961989634e-07,FALSE,6.8242436448995e-05,0.00535159602294486,"TRIM21","tripartite motif containing 21"
"ENSG00000188282",6.92941176470588,1.96629213483146,4.96311962987442,1.03876279268429e-09,FALSE,6.86265193229669e-05,0.00535800793815393,"RUFY4","RUN and FYVE domain containing 4"
"ENSG00000160932",0.2,0.00374531835205993,0.19625468164794,2.92980685855516e-12,FALSE,6.90867938893696e-05,0.00537028617588288,"LY6E","lymphocyte antigen 6 family member E"
"ENSG00000127527",3.4,9.65917602996255,-6.25917602996255,0.00465152801248332,FALSE,7.18545884741747e-05,0.00556104310710829,"EPS15L1","epidermal growth factor receptor pathway substrate 15 like 1"
"ENSG00000110060",3.72941176470588,10.1498127340824,-6.42040096937651,0.00588197299488447,FALSE,7.23903246762597e-05,0.00557814662711891,"PUS3","pseudouridine synthase 3"
"ENSG00000156675",8.12941176470588,18.9737827715356,-10.8443710068297,0.00625722575233916,FALSE,7.58306243103984e-05,0.0058055579342961,"RAB11FIP1","RAB11 family interacting protein 1"
"ENSG00000158825",1.29411764705882,3.38951310861423,-2.09539546155541,0.00310554489293671,FALSE,7.60290222450985e-05,0.0058055579342961,"CDA","cytidine deaminase"
"ENSG00000101150",0.541176470588235,1.84644194756554,-1.30526547697731,0.00909588599681399,FALSE,7.6324267826609e-05,0.0058055579342961,"TPD52L2","TPD52 like 2"
"ENSG00000106617",39.2470588235294,13.4269662921348,25.8200925313946,3.27476832546264e-08,FALSE,7.69290625552231e-05,0.00582655459686418,"PRKAG2","protein kinase AMP-activated non-catalytic subunit gamma 2"
"ENSG00000186496",2.68235294117647,6.52059925093633,-3.83824630975986,0.00221961134309788,FALSE,7.73266172426691e-05,0.00583174313783755,"ZNF396","zinc finger protein 396"
"ENSG00000198736",0.835294117647059,2.72659176029963,-1.89129764265257,0.00916906604254357,FALSE,7.7895260840832e-05,0.00584973605034774,"MSRB1","methionine sulfoxide reductase B1"
"ENSG00000170345",19.3764705882353,46.9700374531835,-27.5935668649482,0.00339506736411629,FALSE,7.84270967070037e-05,0.00586249795636978,"FOS","Fos proto-oncogene, AP-1 transcription factor subunit"
"ENSG00000067182",2.50588235294118,6.54681647940075,-4.04093412645957,0.00486984687844509,FALSE,7.87267682455571e-05,0.00586249795636978,"TNFRSF1A","TNF receptor superfamily member 1A"
"ENSG00000169245",1.43529411764706,0.378277153558052,1.05701696408901,6.76832902190982e-10,FALSE,7.92223015345744e-05,0.00587471485396344,"CXCL10","C-X-C motif chemokine ligand 10"
"ENSG00000182087",0.505882352941176,1.29213483146067,-0.786252478519498,0.00356616020060318,FALSE,8.48930173590703e-05,0.0062519121992588,"TMEM259","transmembrane protein 259"
"ENSG00000086712",0.717647058823529,1.7565543071161,-1.03890724829258,0.00483472216734181,FALSE,8.50144354805265e-05,0.0062519121992588,"TXLNG","taxilin gamma"
"ENSG00000112787",2.24705882352941,5.17228464419476,-2.92522582066534,0.00301545012839743,FALSE,8.69206944295416e-05,0.0063656837494825,"FBRSL1","fibrosin like 1"
"ENSG00000135709",1.30588235294118,3.42322097378277,-2.1173386208416,0.00145278090670798,FALSE,8.75324617065047e-05,0.0063841062503061,"KIAA0513","KIAA0513"
"ENSG00000175518",107.164705882353,35.625468164794,71.5392377175589,1.13706998939166e-07,FALSE,8.83333652913891e-05,0.00641611570925939,"UBQLNL","ubiquilin like"
"ENSG00000173281",0.482352941176471,1.34831460674157,-0.865961665565102,0.00725285286554285,FALSE,8.98853044841045e-05,0.00650219286274198,"PPP1R3B","protein phosphatase 1 regulatory subunit 3B"
"ENSG00000134627",28.0117647058824,10.3333333333333,17.678431372549,9.38703891231779e-08,FALSE,9.08383727465936e-05,0.00654442471621089,"PIWIL4","piwi like RNA-mediated gene silencing 4"
"ENSG00000153531",0.976470588235294,2.46067415730337,-1.48420356906808,0.0065027155161881,FALSE,9.12244309957098e-05,0.00654562992120229,"ADPRHL1","ADP-ribosylhydrolase like 1"
"ENSG00000077454",4.03529411764706,9.70411985018727,-5.66882573254021,0.00477590439457449,FALSE,9.19481973611682e-05,0.00657095928158058,"LRCH4","leucine rich repeats and calponin homology domain containing 4"
"ENSG00000204252",7.18823529411765,1.89887640449438,5.28935888962327,1.04140901127653e-09,FALSE,9.74278207908203e-05,0.00689822284944086,"HLA-DOA","major histocompatibility complex, class II, DO alpha"
"ENSG00000130234",0.988235294117647,4.39700374531835,-3.4087684512007,0.0095138964155323,FALSE,9.74839717667472e-05,0.00689822284944086,"ACE2","angiotensin converting enzyme 2"
"ENSG00000112186",4.91764705882353,16.4456928838951,-11.5280458250716,0.00335627566917061,FALSE,9.76953075218448e-05,0.00689822284944086,"CAP2","cyclase associated actin cytoskeleton regulatory protein 2"
"ENSG00000127663",2.45882352941176,6.08239700374532,-3.62357347433355,0.00608933713595682,FALSE,0.000100815784522542,0.00709031011544845,"KDM4B","lysine demethylase 4B"
"ENSG00000023171",8.16470588235294,3.18352059925094,4.981185283102,7.61146248434528e-07,FALSE,0.000103359956980376,0.00724050797455812,"GRAMD1B","GRAM domain containing 1B"
"ENSG00000117010",6.6,1.87265917602996,4.72734082397004,1.01785223003567e-08,FALSE,0.000108255612724587,0.00755157679124347,"ZNF684","zinc finger protein 684"
"ENSG00000105514",0.776470588235294,1.97378277153558,-1.19731218330029,0.00466574104492066,FALSE,0.000108652715779895,0.00755157679124347,"RAB3D","RAB3D, member RAS oncogene family"
"ENSG00000179314",5.96470588235294,10.3857677902622,-4.42106190790923,0.000553759225808398,FALSE,0.000109662684451142,0.00758275002766694,"WSCD1","WSC domain containing 1"
"ENSG00000125144",2.89411764705882,0.689138576779026,2.2049790702798,7.63182860246659e-09,FALSE,0.0001099569348931,0.00758275002766694,"MT1G","metallothionein 1G"
"ENSG00000123815",0.8,2.25093632958801,-1.45093632958801,0.0123113479668281,FALSE,0.000113432840275284,0.00779213266743743,"COQ8B","coenzyme Q8B"
"ENSG00000184368",13.2470588235294,31.5093632958801,-18.2623044723507,0.00163173601108462,FALSE,0.000113917424675347,0.00779520663135588,"MAP7D2","MAP7 domain containing 2"
"ENSG00000160505",1.55294117647059,3.76029962546816,-2.20735844899758,0.0123235906623746,FALSE,0.000114379383239262,0.0077967146505748,"NLRP4","NLR family pyrin domain containing 4"
"ENSG00000196961",4.34117647058823,10.2434456928839,-5.90226922229566,0.00814207806981905,FALSE,0.000117571194412651,0.00795399721633647,"AP2A1","adaptor related protein complex 2 subunit alpha 1"
"ENSG00000172183",17.2823529411765,6.02247191011236,11.2598810310641,2.57117451616916e-07,FALSE,0.00011758434072562,0.00795399721633647,"ISG20","interferon stimulated exonuclease gene 20"
"ENSG00000232629",13.0352941176471,31.0674157303371,-18.03212161269,0.00256157619271766,FALSE,0.000118131210789894,0.00796060626931293,"HLA-DQB2","major histocompatibility complex, class II, DQ beta 2"
"ENSG00000151690",0.141176470588235,0.445692883895131,-0.304516413306896,0.00933834596494596,FALSE,0.000118827652934591,0.00797720641272634,"MFSD6","major facilitator superfamily domain containing 6"
"ENSG00000174136",3,0.876404494382023,2.12359550561798,4.87234165557103e-09,FALSE,0.000120544883737401,0.00806195084708663,"RGMB","repulsive guidance molecule BMP co-receptor b"
"ENSG00000186326",0.2,0.52059925093633,-0.32059925093633,0.00623014624921099,FALSE,0.000121551873962402,0.00807383313505042,"RGS9BP","regulator of G protein signaling 9 binding protein"
"ENSG00000176532",0.0941176470588235,0.288389513108614,-0.194271866049791,0.00613780342413884,FALSE,0.000121872277057901,0.00807383313505042,"PRR15","proline rich 15"
"ENSG00000186487",0.717647058823529,1.8501872659176,-1.13254020709407,0.00622801151225192,FALSE,0.000122407964078195,0.00807383313505042,"MYT1L","myelin transcription factor 1 like"
"ENSG00000182667",11,24.1722846441948,-13.1722846441948,0.00763880180017232,FALSE,0.000122544778724176,0.00807383313505042,"NTM","neurotrimin"
"ENSG00000197213",1.16470588235294,3.1685393258427,-2.00383344348976,0.00582161255542861,FALSE,0.000123052954252064,0.00807728706744194,"ZSCAN5B","zinc finger and SCAN domain containing 5B"
"ENSG00000122025",40.1764705882353,13.0898876404494,27.0865829477859,2.00966042906827e-08,FALSE,0.00012519409869948,0.00818750926660842,"FLT3","fms related receptor tyrosine kinase 3"
"ENSG00000012779",3.10588235294118,7.78277153558052,-4.67688918263935,0.00731483924219229,FALSE,0.000126174431026059,0.00822128470983395,"ALOX5","arachidonate 5-lipoxygenase"
"ENSG00000110446",2.16470588235294,5,-2.83529411764706,0.00680492213981663,FALSE,0.000129399877821989,0.0084005642294473,"SLC15A3","solute carrier family 15 member 3"
"ENSG00000169220",1.77647058823529,4.80524344569288,-3.02877285745759,0.010539346164977,FALSE,0.000131126276329744,0.00848157297588339,"RGS14","regulator of G protein signaling 14"
"ENSG00000187954",0.623529411764706,1.56928838951311,-0.945758977748403,0.0101271542363237,FALSE,0.000133498999749951,0.00860364644570318,"ZFTRAF1","zinc finger TRAF-type containing 1"
"ENSG00000100266",1.12941176470588,3.12734082397004,-1.99792905926415,0.00465902465236918,FALSE,0.000134352464201822,0.0086272779820612,"PACSIN2","protein kinase C and casein kinase substrate in neurons 2"
"ENSG00000173200",4.78823529411765,1.37453183520599,3.41370345891165,1.39406022008558e-07,FALSE,0.000135100514595804,0.00864399429668385,"PARP15","poly(ADP-ribose) polymerase family member 15"
"ENSG00000100726",2.4,5.51310861423221,-3.11310861423221,0.0053790921627116,FALSE,0.000136181391716767,0.00868180865250452,"TELO2","telomere maintenance 2"
"ENSG00000120913",1.98823529411765,4.34456928838951,-2.35633399427187,0.00776942442865647,FALSE,0.000137018138690302,0.00870384398569257,"PDLIM2","PDZ and LIM domain 2"
"ENSG00000186479",0.376470588235294,1.30711610486891,-0.93064551663362,0.00667810257578058,FALSE,0.000138210834106577,0.00874825218882449,"RGS7BP","regulator of G protein signaling 7 binding protein"
"ENSG00000197324",1.23529411764706,3.19850187265918,-1.96320775501212,0.00441793859833286,FALSE,0.000139673911052459,0.00878312652403624,"LRP10","LDL receptor related protein 10"
"ENSG00000162614",5.42352941176471,1.52059925093633,3.90293016082838,2.56437101638376e-09,FALSE,0.000139752958290257,0.00878312652403624,"NEXN","nexilin F-actin binding protein"
"ENSG00000171016",4.88235294117647,13.6704119850187,-8.78805904384225,0.00581220205289903,FALSE,0.000141348069624572,0.00883477835415529,"PYGO1","pygopus family PHD finger 1"
"ENSG00000169181",0.223529411764706,0.0262172284644195,0.197312183300286,1.05940983276686e-08,FALSE,0.00014157180232354,0.00883477835415529,"GSG1L","GSG1 like"
"ENSG00000141526",1.67058823529412,3.74157303370787,-2.07098479841375,0.00733070612487349,FALSE,0.000145766176612847,0.00906461034424383,"SLC16A3","solute carrier family 16 member 3"
"ENSG00000135821",3.69411764705882,8.60674157303371,-4.91262392597488,0.00337496931264502,FALSE,0.000147419070109766,0.0091353432851587,"GLUL","glutamate-ammonia ligase"
"ENSG00000089692",43.7294117647059,15.6441947565543,28.0852170081516,5.45640735712247e-08,FALSE,0.000152046985903377,0.00938929871486255,"LAG3","lymphocyte activating 3"
"ENSG00000123219",2.97647058823529,6.61423220973783,-3.63776162150253,0.00202123767775786,FALSE,0.000153609076288461,0.00941308507886715,"CENPK","centromere protein K"
"ENSG00000137218",1,2.46816479400749,-1.46816479400749,0.00370234972602238,FALSE,0.000153628040270482,0.00941308507886715,"FRS3","fibroblast growth factor receptor substrate 3"
"ENSG00000087074",4.78823529411765,11.12734082397,-6.33910552985239,0.00848040292937129,FALSE,0.000154025541548918,0.00941308507886715,"PPP1R15A","protein phosphatase 1 regulatory subunit 15A"
"ENSG00000135903",62.8117647058824,8.36704119850187,54.4447235073805,6.95556196298419e-09,FALSE,0.000157606467160448,0.00959882961334923,"PAX3","paired box 3"
"ENSG00000117475",2.49411764705882,0.891385767790262,1.60273187926856,8.03106590425603e-07,FALSE,0.000159737931288769,0.0096953265624344,"BLZF1","basic leucine zipper nuclear factor 1"
"ENSG00000180090",0.458823529411765,1.28838951310861,-0.82956598369685,0.00529154159736008,FALSE,0.000161791589821218,0.00978645852014145,"OR3A1","olfactory receptor family 3 subfamily A member 1"
"ENSG00000189077",0.164705882352941,0.569288389513109,-0.404582507160167,0.00662910096850789,FALSE,0.000162457502366382,0.00979331399469177,"TMEM120A","transmembrane protein 120A"
"ENSG00000101542",3.16470588235294,6.1685393258427,-3.00383344348976,0.00979061180009284,FALSE,0.000166024152016919,0.00997439337693512,"CDH20","cadherin 20"
"ENSG00000135835",48.6705882352941,18.3183520599251,30.352236175369,1.16781214521269e-07,FALSE,0.000167860547195317,0.0100506502633196,"KIAA1614","KIAA1614"
"ENSG00000113248",0.988235294117647,3.37827715355805,-2.39004185944041,0.00498001945477321,FALSE,0.000170673109601766,0.0101547974950226,"PCDHB15","protocadherin beta 15"
"ENSG00000099860",1.78823529411765,0.543071161048689,1.24516413306896,3.53632174118008e-08,FALSE,0.000170745903826481,0.0101547974950226,"GADD45B","growth arrest and DNA damage inducible beta"
"ENSG00000143839",0.188235294117647,17.5992509363296,-17.4110156422119,0.0328332760756988,FALSE,0.000178749987483661,0.0105952709972339,"REN","renin"
"ENSG00000064666",11.7764705882353,25.7378277153558,-13.9613571271205,0.00711376861230791,FALSE,0.000180110289761309,0.0106403155514656,"CNN2","calponin 2"
"ENSG00000196923",3.77647058823529,9.23970037453184,-5.46322978629654,0.0064370223285188,FALSE,0.000182409921708026,0.010740368911732,"PDLIM7","PDZ and LIM domain 7"
"ENSG00000151967",0.870588235294118,1.85393258426966,-0.983344348975545,0.00212917768340527,FALSE,0.000184258467435723,0.0107927219939758,"SCHIP1","schwannomin interacting protein 1"
"ENSG00000197070",0.823529411764706,2.06741573033708,-1.24388631857237,0.00789734975503576,FALSE,0.000184521545419263,0.0107927219939758,"ARRDC1","arrestin domain containing 1"
"ENSG00000149451",1.18823529411765,3.02621722846442,-1.83798193434677,0.0118945400365286,FALSE,0.000185125965478115,0.0107927219939758,"ADAM33","ADAM metallopeptidase domain 33"
"ENSG00000100129",21.3764705882353,8.72659176029963,12.6498788279357,2.13729316438373e-05,FALSE,0.000187191168052712,0.0108558892797534,"EIF3L","eukaryotic translation initiation factor 3 subunit L"
"ENSG00000136827",5.56470588235294,1.62921348314607,3.93549239920687,1.96650014735203e-09,FALSE,0.000187434526863655,0.0108558892797534,"TOR1A","torsin family 1 member A"
"ENSG00000080986",46.9647058823529,16.4419475655431,30.5227583168099,8.08712905413016e-08,FALSE,0.000188860277462078,0.0109028361480795,"NDC80","NDC80 kinetochore complex component"
"ENSG00000167434",1.11764705882353,2.71161048689139,-1.59396342806786,0.00271160934837564,FALSE,0.000191969632148763,0.0110320156037704,"CA4","carbonic anhydrase 4"
"ENSG00000269955",2.32941176470588,5.71910112359551,-3.38968935888962,0.0166667153549199,FALSE,0.000192342877704963,0.0110320156037704,"FMC1-LUC7L2","FMC1-LUC7L2 readthrough"
"ENSG00000169239",1.23529411764706,2.63670411985019,-1.40141000220313,0.0070992465299285,FALSE,0.000197136677637406,0.0112704946379605,"CA5B","carbonic anhydrase 5B"
"ENSG00000181409",2.48235294117647,5.18352059925094,-2.70116765807447,0.00456442912249437,FALSE,0.000197902127192055,0.0112778758849672,"AATK","apoptosis associated tyrosine kinase"
"ENSG00000122852",2.85882352941176,7.61797752808989,-4.75915399867812,0.00478054227311134,FALSE,0.000200508744204578,0.0113661779352611,"SFTPA1","surfactant protein A1"
"ENSG00000145016",4.02352941176471,1.43445692883895,2.58907248292575,1.67352544777093e-06,FALSE,0.000200734282781512,0.0113661779352611,"RUBCN","rubicon autophagy regulator"
"ENSG00000062282",0.8,2.08988764044944,-1.28988764044944,0.00694457099973315,FALSE,0.000203030712068885,0.0114595965286524,"DGAT2","diacylglycerol O-acyltransferase 2"
"ENSG00000053747",15.9411764705882,28.1797752808989,-12.2385988103106,0.0151128522777264,FALSE,0.000203695859283565,0.011460640362167,"LAMA3","laminin subunit alpha 3"
"ENSG00000187848",0.658823529411765,2.31086142322097,-1.65203789380921,0.00532042742102505,FALSE,0.000206541029887648,0.0115839451667683,"P2RX2","purinergic receptor P2X 2"
"ENSG00000160447",7.88235294117647,17.5243445692884,-9.64199162811192,0.00496784519523122,FALSE,0.000208511323751333,0.0116575589616557,"PKN3","protein kinase N3"
"ENSG00000185303",0.211764705882353,5.34831460674157,-5.13654990085922,0.0347106109121034,FALSE,0.000209687508726096,0.0116864519407315,"SFTPA2","surfactant protein A2"
"ENSG00000187912",5.98823529411765,1.74906367041199,4.23917162370566,3.03870136236275e-08,FALSE,0.000212386584462691,0.0117997725280009,"CLEC17A","C-type lectin domain containing 17A"
"ENSG00000068383",0.270588235294118,0.719101123595506,-0.448512888301388,0.0108888427964516,FALSE,0.000217947252457829,0.0120708723603441,"INPP5A","inositol polyphosphate-5-phosphatase A"
"ENSG00000139618",13.6941176470588,4.812734082397,8.88138356466182,6.72866370976821e-07,FALSE,0.000222252597711188,0.012270974421294,"BRCA2","BRCA2 DNA repair associated"
"ENSG00000143297",25.3647058823529,7.91385767790262,17.4508482044503,6.43273682084433e-08,FALSE,0.000224202959211317,0.0123402144288887,"FCRL5","Fc receptor like 5"
"ENSG00000136689",1.23529411764706,0.411985018726592,0.823309098920467,4.09899926723974e-07,FALSE,0.000226971690800185,0.0124054237095198,"IL1RN","interleukin 1 receptor antagonist"
"ENSG00000186952",12.3647058823529,24.5917602996255,-12.2270544172725,0.00419445803577597,FALSE,0.000227056862423308,0.0124054237095198,"TMEM232","transmembrane protein 232"
"ENSG00000010319",7.51764705882353,2.7565543071161,4.76109275170742,9.82570527676646e-07,FALSE,0.000228051225628777,0.0124054237095198,"SEMA3G","semaphorin 3G"
"ENSG00000108387",17.4,5.27715355805243,12.1228464419476,2.50120730441421e-08,FALSE,0.000228187560193164,0.0124054237095198,"SEPTIN4","septin 4"
"ENSG00000128045",14.6823529411765,33.2584269662921,-18.5760740251157,0.00885511887337755,FALSE,0.00022957044476422,0.0124424372861048,"RASL11B","RAS like family 11 member B"
"ENSG00000120645",2.90588235294118,6.11985018726592,-3.21396783432474,0.00198151279155926,FALSE,0.000238151348560759,0.012868159605312,"IQSEC3","IQ motif and Sec7 domain ArfGEF 3"
"ENSG00000164897",1.38823529411765,2.94007490636704,-1.55183961224939,0.011168377211314,FALSE,0.000239908646211252,0.0129237110541095,"TMUB1","transmembrane and ubiquitin like domain containing 1"
"ENSG00000136279",1.84705882352941,4.73033707865169,-2.88327825512227,0.0074614695793185,FALSE,0.000241146272901594,0.0129264591278395,"DBNL","drebrin like"
"ENSG00000168014",2.31764705882353,0.97752808988764,1.34011896893589,3.78559601937497e-05,FALSE,0.000241418381273762,0.0129264591278395,"C2CD3","C2 domain containing 3 centriole elongation regulator"
"ENSG00000215440",1.87058823529412,4.30711610486891,-2.4365278695748,0.00572962504961091,FALSE,0.000253711649106409,0.01354376975034,"NPEPL1","aminopeptidase like 1"
"ENSG00000181374",5.4,0.876404494382023,4.52359550561798,3.57106058190093e-08,FALSE,0.000255685493362801,0.013592327776812,"CCL13","C-C motif chemokine ligand 13"
"ENSG00000144230",1.78823529411765,3.04119850187266,-1.25296320775501,0.0123640432551391,FALSE,0.000256155136120025,0.013592327776812,"GPR17","G protein-coupled receptor 17"
"ENSG00000121578",0.270588235294118,0.704119850187266,-0.433531614893148,0.00597774295150493,FALSE,0.000257832223029386,0.0136349079449264,"B4GALT4","beta-1,4-galactosyltransferase 4"
"ENSG00000089351",0.917647058823529,2.29213483146067,-1.37448777263714,0.0174973289968825,FALSE,0.000258496251734766,0.0136349079449264,"GRAMD1A","GRAM domain containing 1A"
"ENSG00000164825",0.788235294117647,0.127340823970037,0.66089447014761,1.82758362084083e-07,FALSE,0.000260127868451043,0.0136802558236137,"DEFB1","defensin beta 1"
"ENSG00000139187",18.0235294117647,7.04868913857678,10.9748402731879,1.01992548027608e-06,FALSE,0.000267578328757156,0.0140304459188257,"KLRG1","killer cell lectin like receptor G1"
"ENSG00000251322",37.1411764705882,62.0823970037453,-24.9412205331571,0.00599812026496873,FALSE,0.000268682048875913,0.014046760921026,"SHANK3","SH3 and multiple ankyrin repeat domains 3"
"ENSG00000018280",1.32941176470588,3.54681647940075,-2.21740471469487,0.0115431199570106,FALSE,0.000272273606702541,0.0141811330946662,"SLC11A1","solute carrier family 11 member 1"
"ENSG00000143409",0.329411764705882,0.940074906367041,-0.610663141661159,0.00398905950547802,FALSE,0.000272852586203305,0.0141811330946662,"MINDY1","MINDY lysine 48 deubiquitinase 1"
"ENSG00000188613",3.18823529411765,6.17602996254682,-2.98779466842917,0.0300897568003959,FALSE,0.000274651393021088,0.014232884907932,"NANOS1","nanos C2HC-type zinc finger 1"
"ENSG00000106100",13.6941176470588,5.25093632958801,8.44318131747081,3.04331380238567e-05,FALSE,0.000278674057947141,0.0143992429416827,"NOD1","nucleotide binding oligomerization domain containing 1"
"ENSG00000117262",1.88235294117647,4.30337078651685,-2.42101784534038,0.00705101281638806,FALSE,0.000284634633499246,0.0146606626186593,"GPR89B","G protein-coupled receptor 89B"
"ENSG00000180801",5.16470588235294,9.31460674157303,-4.14990085922009,0.00404543741870338,FALSE,0.0002853878352106,0.0146606626186593,"ARSJ","arylsulfatase family member J"
"ENSG00000160703",1.09411764705882,2.88389513108614,-1.78977748402732,0.00689967151859312,FALSE,0.000293037773377095,0.0149654994893201,"NLRX1","NLR family member X1"
"ENSG00000114745",13.9411764705882,5.71535580524345,8.22582066534479,1.59641083774358e-05,FALSE,0.000293783819581218,0.0149654994893201,"GORASP1","golgi reassembly stacking protein 1"
"ENSG00000137693",29.7647058823529,54.8052434456929,-25.0405375633399,0.0183927211700686,FALSE,0.00029385509351032,0.0149654994893201,"YAP1","Yes1 associated transcriptional regulator"
"ENSG00000168961",42.3411764705882,19.8988764044944,22.4423000660939,0.000349675987843133,FALSE,0.000308540332362046,0.0156371347075433,"LGALS9","galectin 9"
"ENSG00000160191",11.9647058823529,4.38951310861423,7.57519277373871,6.60982533106693e-07,FALSE,0.000308807602981445,0.0156371347075433,"PDE9A","phosphodiesterase 9A"
"ENSG00000117228",5.62352941176471,2.07116104868914,3.55236836307557,1.20495249567759e-06,FALSE,0.000311152113516772,0.0156497351053746,"GBP1","guanylate binding protein 1"
"ENSG00000198053",7.54117647058824,16.6142322097378,-9.07305573914959,0.0133623485885565,FALSE,0.000311503658657222,0.0156497351053746,"SIRPA","signal regulatory protein alpha"
"ENSG00000026950",8.50588235294118,3.48689138576779,5.01899096717339,1.13866570346797e-05,FALSE,0.000311705495243314,0.0156497351053746,"BTN3A1","butyrophilin subfamily 3 member A1"
"ENSG00000050628",4.56470588235294,10.8089887640449,-6.244282881692,0.00741542832727136,FALSE,0.000312694977024048,0.0156550651915175,"PTGER3","prostaglandin E receptor 3"
"ENSG00000118162",3.36470588235294,1.26591760299625,2.09878827935669,9.31589500537946e-07,FALSE,0.000314030685136247,0.0156776502328724,"KPTN","kaptin, actin binding protein"
"ENSG00000076662",3.82352941176471,9.28089887640449,-5.45736946463979,0.00515912370311873,FALSE,0.000316898835806945,0.015776399064625,"ICAM3","intercellular adhesion molecule 3"
"ENSG00000100365",3.51764705882353,9.12734082397004,-5.60969376514651,0.00779541702714356,FALSE,0.000324218992422509,0.0160956112120564,"NCF4","neutrophil cytosolic factor 4"
"ENSG00000132704",11.9764705882353,3.16479400749064,8.81167658074466,9.95230486559658e-08,FALSE,0.000326507811510868,0.0161639607357741,"FCRL2","Fc receptor like 2"
"ENSG00000133961",4.68235294117647,10.1610486891386,-5.47869574796211,0.00938704817735435,FALSE,0.000330137139947372,0.016298107329491,"NUMB","NUMB endocytic adaptor protein"
"ENSG00000121858",1.94117647058824,0.666666666666667,1.27450980392157,2.36119285812708e-07,FALSE,0.000334370043491655,0.0164612230022294,"TNFSF10","TNF superfamily member 10"
"ENSG00000183840",1.6,3.02996254681648,-1.42996254681648,0.0236953073205721,FALSE,0.000336691126530038,0.0165181951658207,"GPR39","G protein-coupled receptor 39"
"ENSG00000168765",2.30588235294118,4.72659176029963,-2.42070940735845,0.00453219095015998,FALSE,0.000338066335515686,0.0165181951658207,"GSTM4","glutathione S-transferase mu 4"
"ENSG00000167543",3.23529411764706,7.07865168539326,-3.8433575677462,0.00978191326343261,FALSE,0.00033832335638396,0.0165181951658207,"TP53I13","tumor protein p53 inducible protein 13"
"ENSG00000250510",12.6823529411765,29.310861423221,-16.6285084820445,0.00614865420818145,FALSE,0.000342510805053166,0.016669526948112,"GPR162","G protein-coupled receptor 162"
"ENSG00000197483",1.45882352941176,3.37827715355805,-1.91945362414629,0.0159460000172507,FALSE,0.000343451878492267,0.016669526948112,"ZNF628","zinc finger protein 628"
"ENSG00000132313",2.22352941176471,5.73033707865169,-3.50680766688698,0.0153162970005829,FALSE,0.000344244589686227,0.016669526948112,"MRPL35","mitochondrial ribosomal protein L35"
"ENSG00000171236",3.43529411764706,7.88389513108614,-4.44860101343908,0.0111334791754939,FALSE,0.000346310307850561,0.0167238626322493,"LRG1","leucine rich alpha-2-glycoprotein 1"
"ENSG00000073169",0.447058823529412,1.06741573033708,-0.620356906807667,0.0069478181298859,FALSE,0.000348263188666602,0.0167379279572375,"SELENOO","selenoprotein O"
"ENSG00000138166",43.9529411764706,16.5917602996255,27.3611808768451,1.03367850250367e-06,FALSE,0.000348490403217324,0.0167379279572375,"DUSP5","dual specificity phosphatase 5"
"ENSG00000184304",3.35294117647059,7.40449438202247,-4.05155320555188,0.0056659768981251,FALSE,0.000351503937697152,0.0168370386156936,"PRKD1","protein kinase D1"
"ENSG00000173757",5.31764705882353,13.1535580524345,-7.83591099361093,0.00880866024283979,FALSE,0.000356360865159218,0.017023675507323,"STAT5B","signal transducer and activator of transcription 5B"
"ENSG00000152689",25.7764705882353,7.89887640449438,17.8775941837409,1.41258205957156e-07,FALSE,0.00036675191235229,0.0174729681253216,"RASGRP3","RAS guanyl releasing protein 3"
"ENSG00000142961",0.988235294117647,0.348314606741573,0.639920687376074,1.17274676348892e-06,FALSE,0.00036977286347296,0.0175236327030781,"MOB3C","MOB kinase activator 3C"
"ENSG00000158104",0.976470588235294,2.0187265917603,-1.04225600352501,0.00482719100829851,FALSE,0.000369792847201444,0.0175236327030781,"HPD","4-hydroxyphenylpyruvate dioxygenase"
"ENSG00000012124",30.5176470588235,6.47565543071161,24.0419916281119,8.01403349024543e-09,FALSE,0.000375140445169461,0.0177040126597468,"CD22","CD22 molecule"
"ENSG00000204334",0.0352941176470588,0.205992509363296,-0.170698391716237,0.0180845211116731,FALSE,0.000375597176553902,0.0177040126597468,"ERICH2","glutamate rich 2"
"ENSG00000141748",13.1058823529412,29.7078651685393,-16.6019828155981,0.00932364289903698,FALSE,0.00038198170332273,0.017957192912437,"ARL5C","ARF like GTPase 5C"
"ENSG00000141012",2.37647058823529,5.50187265917603,-3.12540207094074,0.0059656746677692,FALSE,0.00038681471219599,0.0181362887414009,"GALNS","galactosamine (N-acetyl)-6-sulfatase"
"ENSG00000165633",4.8,9.9063670411985,-5.1063670411985,0.0293914539176653,FALSE,0.000395104258969795,0.0184760759412182,"VSTM4","V-set and transmembrane domain containing 4"
"ENSG00000084628",2,0.453183520599251,1.54681647940075,2.2300758049571e-06,FALSE,0.00039619880415932,0.0184785037003043,"NKAIN1","sodium/potassium transporting ATPase interacting 1"
"ENSG00000158258",2.52941176470588,5.54307116104869,-3.01365939634281,0.0113181076940561,FALSE,0.000400515448521088,0.0186308012969534,"CLSTN2","calsyntenin 2"
"ENSG00000177465",0.470588235294118,1.14232209737828,-0.671733862084159,0.0101410297982277,FALSE,0.000402792037209162,0.0186876525535549,"ACOT4","acyl-CoA thioesterase 4"
"ENSG00000130598",2.74117647058824,5.80898876404494,-3.06781229345671,0.00408192107699211,FALSE,0.000405909951880728,0.018783138582721,"TNNI2","troponin I2, fast skeletal type"
"ENSG00000162032",0.364705882352941,0.906367041198502,-0.541661158845561,0.00696093432405001,FALSE,0.000416637933792284,0.0192293596369808,"SPSB3","splA/ryanodine receptor domain and SOCS box containing 3"
"ENSG00000116337",1.71764705882353,4.28464419475655,-2.56699713593302,0.00658401186098333,FALSE,0.000420599987958034,0.019361801523585,"AMPD2","adenosine monophosphate deaminase 2"
"ENSG00000166173",0.0705882352941176,0.434456928838951,-0.363868693544834,0.022315220016458,FALSE,0.000423598894671057,0.0194299203021102,"LARP6","La ribonucleoprotein 6, translational regulator"
"ENSG00000182179",33.8705882352941,13.1086142322097,20.7619740030844,5.97043197387577e-06,FALSE,0.000424272366806786,0.0194299203021102,"UBA7","ubiquitin like modifier activating enzyme 7"
"ENSG00000253598",0.505882352941176,0.99250936329588,-0.486627010354704,0.00743742454459407,FALSE,0.000427987301520673,0.0195495333630178,"SLC10A5","solute carrier family 10 member 5"
"ENSG00000113522",4.02352941176471,8.97003745318352,-4.94650804141881,0.0177341064926334,FALSE,0.000429985138011189,0.0195902997454301,"RAD50","RAD50 double strand break repair protein"
"ENSG00000103569",13.7058823529412,28.4756554307116,-14.7697730777704,0.00883717057132495,FALSE,0.000438620572191987,0.0199324933357912,"AQP9","aquaporin 9"
"ENSG00000013810",8.07058823529412,18.0823970037453,-10.0118087684512,0.00662622274831849,FALSE,0.000440673532141084,0.0199745703584052,"TACC3","transforming acidic coiled-coil containing protein 3"
"ENSG00000153707",16.8470588235294,33.1647940074906,-16.3177351839612,0.0326894327920405,FALSE,0.000444614863072211,0.0200218629872782,"PTPRD","protein tyrosine phosphatase receptor type D"
"ENSG00000163534",12.1411764705882,2.812734082397,9.32844238819123,1.71571427274316e-08,FALSE,0.000444843326419599,0.0200218629872782,"FCRL1","Fc receptor like 1"
"ENSG00000111261",3.85882352941176,9.1685393258427,-5.30971579643093,0.00770168411797723,FALSE,0.000445106021383943,0.0200218629872782,"MANSC1","MANSC domain containing 1"
"ENSG00000121797",12.8352941176471,4.48689138576779,8.34840273187927,4.11114055496731e-07,FALSE,0.000456791173610909,0.0204497825791507,"CCRL2","C-C motif chemokine receptor like 2"
"ENSG00000174460",7.24705882352941,13.8277153558052,-6.58065653227583,0.0196240356700445,FALSE,0.00045692681269219,0.0204497825791507,"ZCCHC12","zinc finger CCHC-type containing 12"
"ENSG00000120217",7.03529411764706,2.69662921348315,4.33866490416391,8.44891475584257e-07,FALSE,0.000465139654668862,0.020764912089915,"CD274","CD274 molecule"
"ENSG00000214652",1.41176470588235,2.70037453183521,-1.28860982595285,0.00966220084117061,FALSE,0.000467065016667261,0.0207859538128062,"ZNF727","zinc finger protein 727"
"ENSG00000165209",6.45882352941176,2.08239700374532,4.37642652566645,2.76869805728924e-07,FALSE,0.000467956642290225,0.0207859538128062,"STRBP","spermatid perinuclear RNA binding protein"
"ENSG00000135363",33.7647058823529,17.1647940074906,16.5999118748623,0.000943730663126756,FALSE,0.000473120518068809,0.0208620371470154,"LMO2","LIM domain only 2"
"ENSG00000105695",10.0470588235294,19.2734082397004,-9.22634941617096,0.0158166837415894,FALSE,0.000473788078679951,0.0208620371470154,"MAG","myelin associated glycoprotein"
"ENSG00000104327",7.82352941176471,45.7003745318352,-37.8768451200705,0.0250649339614193,FALSE,0.00047552469749535,0.0208620371470154,"CALB1","calbindin 1"
"ENSG00000053438",0,0.0449438202247191,-0.0449438202247191,0.046893546885759,FALSE,0.000475555098312601,0.0208620371470154,"NNAT","neuronatin"
"ENSG00000273045",0,0.0449438202247191,-0.0449438202247191,0.0468935468857579,FALSE,0.000475555098312601,0.0208620371470154,"C2orf15","chromosome 2 open reading frame 15"
"ENSG00000163803",1.10588235294118,2.47565543071161,-1.36977307777043,0.00835781400773811,FALSE,0.00047844344688191,0.0209369215039212,"PLB1","phospholipase B1"
"ENSG00000103507",8.03529411764706,15.9213483146067,-7.88605419695968,0.0166690556093003,FALSE,0.000483547596736171,0.02110816270186,"BCKDK","branched chain keto acid dehydrogenase kinase"
"ENSG00000137101",13.6941176470588,4.38576779026217,9.30834985679665,1.82068713642892e-06,FALSE,0.000500704134083537,0.0217601195715532,"CD72","CD72 molecule"
"ENSG00000257446",1.03529411764706,2.16479400749064,-1.12949988984358,0.0171087214730385,FALSE,0.00050093826018133,0.0217601195715532,"ZNF878","zinc finger protein 878"
"ENSG00000108700",3.90588235294118,1.2059925093633,2.69988984357788,2.47125205291403e-08,FALSE,0.000503744094698851,0.0218062531388015,"CCL8","C-C motif chemokine ligand 8"
"ENSG00000157600",0.317647058823529,0.794007490636704,-0.476360431813175,0.00653741725360101,FALSE,0.000504461083727845,0.0218062531388015,"TMEM164","transmembrane protein 164"
"ENSG00000162413",0.988235294117647,2.38576779026217,-1.39753249614453,0.0115820946413524,FALSE,0.000507161268856258,0.0218696330120182,"KLHL21","kelch like family member 21"
"ENSG00000130054",2.67058823529412,0.880149812734082,1.79043842256003,1.10221097648373e-07,FALSE,0.000519449618342677,0.0223451591890468,"NALF2","NALCN channel auxiliary factor 2"
"ENSG00000055130",64.6470588235294,17.5318352059925,47.1152236175369,1.30887287651547e-07,FALSE,0.000524292224749948,0.0224988646470783,"CUL1","cullin 1"
"ENSG00000130066",12.6588235294118,5.68539325842697,6.9734302709848,3.84513010908773e-05,FALSE,0.000529465215920793,0.0226659710670633,"SAT1","spermidine/spermine N1-acetyltransferase 1"
"ENSG00000006756",3.49411764705882,8.06741573033708,-4.57329808327825,0.00617679092752034,FALSE,0.000531490788496159,0.0226978584205239,"ARSD","arylsulfatase D"
"ENSG00000171049",2.78823529411765,6.71910112359551,-3.93086582947786,0.0120344482948315,FALSE,0.000535035319552496,0.0227431820999063,"FPR2","formyl peptide receptor 2"
"ENSG00000103326",6.61176470588235,13.0074906367041,-6.39572593082177,0.00724891312674253,FALSE,0.000535118599315066,0.0227431820999063,"CAPN15","calpain 15"
"ENSG00000179071",0.270588235294118,0.737827715355805,-0.467239480061688,0.0166080206968612,FALSE,0.000539481338782525,0.0228737506393366,"CCDC89","coiled-coil domain containing 89"
"ENSG00000124459",2,4.75280898876404,-2.75280898876404,0.0187358887617266,FALSE,0.000541118102914211,0.0228883917373474,"ZNF45","zinc finger protein 45"
"ENSG00000155313",15.1647058823529,5.59550561797753,9.56920026437541,2.32915278597214e-06,FALSE,0.000549200455764391,0.0231749516131245,"USP25","ubiquitin specific peptidase 25"
"ENSG00000204264",41.3764705882353,15.2659176029963,26.110552985239,5.54502981891055e-06,FALSE,0.000551184290783647,0.0232034184930132,"PSMB8","proteasome 20S subunit beta 8"
"ENSG00000157703",0.176470588235294,0.468164794007491,-0.291694205772197,0.0114103393675591,FALSE,0.000564915119797264,0.0237250963700638,"SVOPL","SVOP like"
"ENSG00000075426",9.91764705882353,21.0149812734082,-11.0973342145847,0.0132123468312562,FALSE,0.000574024225661768,0.0240506651333416,"FOSL2","FOS like 2, AP-1 transcription factor subunit"
"ENSG00000136931",6.05882352941176,10.4194756554307,-4.36065212601895,0.00751032903410921,FALSE,0.000575954832353868,0.024074640315584,"NR5A1","nuclear receptor subfamily 5 group A member 1"
"ENSG00000177300",0.0117647058823529,0.0973782771535581,-0.0856135712712051,0.0291131770548478,FALSE,0.000591048625669778,0.0246474230417541,"CLDN22","claudin 22"
"ENSG00000128383",9.90588235294118,4.72659176029963,5.17929059264155,0.00294942643673911,FALSE,0.000599657880333433,0.0249477385285198,"APOBEC3A","apolipoprotein B mRNA editing enzyme catalytic subunit 3A"
"ENSG00000169403",1.22352941176471,2.88389513108614,-1.66036571932144,0.0199031769629864,FALSE,0.000601907748107476,0.0249826955965077,"PTAFR","platelet activating factor receptor"
"ENSG00000072609",2.18823529411765,4.8501872659176,-2.66195197179996,0.00952756215002621,FALSE,0.000603402724973708,0.0249862301278248,"CHFR","checkpoint with forkhead and ring finger domains"
"ENSG00000103245",0.776470588235294,1.71161048689139,-0.935139898656092,0.0144751097369775,FALSE,0.000605515419291648,0.0250152675433703,"CIAO3","cytosolic iron-sulfur assembly component 3"
"ENSG00000157693",1.18823529411765,0.456928838951311,0.731306455166336,1.82694692904491e-05,FALSE,0.000608885586013202,0.025095998234679,"TMEM268","transmembrane protein 268"
"ENSG00000169136",4.71764705882353,1.65917602996255,3.05847102886098,3.9365130469698e-06,FALSE,0.000612715650172269,0.0251952655870142,"ATF5","activating transcription factor 5"
"ENSG00000090006",11.1647058823529,21.6479400749064,-10.4832341925534,0.00518333958326652,FALSE,0.000617050706749343,0.0253147909160153,"LTBP4","latent transforming growth factor beta binding protein 4"
"ENSG00000112246",0.670588235294118,2.1498127340824,-1.47922449878828,0.0129355894980148,FALSE,0.000621555372349206,0.0254407063837066,"SIM1","SIM bHLH transcription factor 1"
"ENSG00000170423",1.98823529411765,13.6292134831461,-11.6409781890284,0.029505452228138,FALSE,0.000625752057790211,0.0255433002406636,"KRT78","keratin 78"
"ENSG00000167700",1.12941176470588,2.59176029962547,-1.46234853491959,0.0112673946813469,FALSE,0.000626944400196843,0.0255433002406636,"MFSD3","major facilitator superfamily domain containing 3"
"ENSG00000064932",0.329411764705882,0.782771535580524,-0.453359770874642,0.0101461794768758,FALSE,0.000631107299552202,0.0256116337882106,"SBNO2","strawberry notch homolog 2"
"ENSG00000168569",0.505882352941176,1.1310861423221,-0.625203789380921,0.00520420447480736,FALSE,0.000631511818848278,0.0256116337882106,"TMEM223","transmembrane protein 223"
"ENSG00000105792",0.0588235294117647,0.220973782771536,-0.162150253359771,0.013704323043216,FALSE,0.000637025250683618,0.0257762523238944,"CFAP69","cilia and flagella associated protein 69"
"ENSG00000182256",0.0470588235294118,0.164794007490637,-0.117735183961225,0.0115819220403312,FALSE,0.000645598274918747,0.0260636406067994,"GABRG3","gamma-aminobutyric acid type A receptor subunit gamma3"
"ENSG00000111602",28.6705882352941,10.1348314606742,18.53575677462,2.08383450252422e-06,FALSE,0.000649259800397692,0.0261518896419279,"TIMELESS","timeless circadian regulator"
"ENSG00000169248",1.95294117647059,0.640449438202247,1.31249173826834,1.68566890359113e-08,FALSE,0.00065624359849113,0.0263523332406776,"CXCL11","C-X-C motif chemokine ligand 11"
"ENSG00000126251",7.38823529411765,3.14232209737828,4.24591319673937,5.87327540397511e-06,FALSE,0.000657209913241521,0.0263523332406776,"GPR42","G protein-coupled receptor 42"
"ENSG00000132589",1.75294117647059,4.17228464419476,-2.41934346772417,0.0132598100889689,FALSE,0.000663011901732936,0.0265249659919025,"FLOT2","flotillin 2"
"ENSG00000186431",0.0470588235294118,0.187265917602996,-0.140207094073585,0.022502683742542,FALSE,0.000674151478307914,0.0269098798424576,"FCAR","Fc alpha receptor"
"ENSG00000196132",0.682352941176471,1.36329588014981,-0.680942938973342,0.00399531985281853,FALSE,0.000679308092878639,0.027054780517052,"MYT1","myelin transcription factor 1"
"ENSG00000103381",4.82352941176471,9.66666666666667,-4.84313725490196,0.015457556117782,FALSE,0.000683554247073534,0.0271628518405476,"CPPED1","calcineurin like phosphoesterase domain containing 1"
"ENSG00000144031",6.14117647058824,10.2434456928839,-4.10226922229566,0.0202809107014467,FALSE,0.000686752758088888,0.027194590445413,"ANKRD53","ankyrin repeat domain 53"
"ENSG00000106236",3.12941176470588,6.21722846441948,-3.08781669971359,0.0110904392543493,FALSE,0.00068742179763838,0.027194590445413,"NPTX2","neuronal pentraxin 2"
"ENSG00000015532",0.435294117647059,0.98501872659176,-0.549724608944701,0.0173294654616642,FALSE,0.000690911267971683,0.0272717603613856,"XYLT2","xylosyltransferase 2"
"ENSG00000100321",0.482352941176471,1.17602996254682,-0.693677021370346,0.0200578202124732,FALSE,0.000693331783798607,0.0273064871205838,"SYNGR1","synaptogyrin 1"
"ENSG00000145864",5.78823529411765,13.7865168539326,-7.99828155981494,0.00781814079684567,FALSE,0.000696386424665396,0.0273191658757646,"GABRB2","gamma-aminobutyric acid type A receptor subunit beta2"
"ENSG00000035720",1.97647058823529,0.535580524344569,1.44089006389072,4.35417058703436e-07,FALSE,0.000696736612077278,0.0273191658757646,"STAP1","signal transducing adaptor family member 1"
"ENSG00000103647",32.6470588235294,14.7153558052434,17.931703018286,1.82597575469699e-05,FALSE,0.00071015680091315,0.0277839050388163,"CORO2B","coronin 2B"
"ENSG00000107518",0.305882352941176,0.760299625468165,-0.454417272526988,0.00906798578694242,FALSE,0.000716755724014136,0.0279803121072743,"ATRNL1","attractin like 1"
"ENSG00000150471",2.08235294117647,11.1086142322097,-9.02626129103327,0.0347865303321392,FALSE,0.000718373991118352,0.0279818510870122,"ADGRL3","adhesion G protein-coupled receptor L3"
"ENSG00000136573",61.6588235294118,18.2921348314607,43.3666886979511,9.11554411491719e-07,FALSE,0.000723879355374454,0.0281344601212751,"BLK","BLK proto-oncogene, Src family tyrosine kinase"
"ENSG00000118156",0.376470588235294,0.943820224719101,-0.567349636483807,0.0171360476488791,FALSE,0.000730325633853481,0.0283228910476701,"ZNF541","zinc finger protein 541"
"ENSG00000204160",0.682352941176471,1.72659176029963,-1.04423881912315,0.0174236307716772,FALSE,0.000734938796247304,0.0284395639429934,"ZDHHC18","zinc finger DHHC-type palmitoyltransferase 18"
"ENSG00000116005",1.84705882352941,0.767790262172285,1.07926856135713,8.47475706344866e-06,FALSE,0.000744610911323907,0.0287029249156409,"PCYOX1","prenylcysteine oxidase 1"
"ENSG00000158966",1.75294117647059,3.35205992509363,-1.59911874862304,0.0139885442802459,FALSE,0.00074599192927279,0.0287029249156409,"CACHD1","cache domain containing 1"
"ENSG00000198502",42.6470588235294,22.9026217228464,19.744437100683,0.000172459503453879,FALSE,0.000746603192806549,0.0287029249156409,"HLA-DRB5","major histocompatibility complex, class II, DR beta 5"
"ENSG00000162576",0.694117647058824,1.49063670411985,-0.796519057061027,0.0241256699411085,FALSE,0.0007574244798773,0.029055917872003,"MXRA8","matrix remodeling associated 8"
"ENSG00000148400",32.0705882352941,61.3445692883895,-29.2739810530954,0.0105571988375978,FALSE,0.00075949112214307,0.0290722703190964,"NOTCH1","notch receptor 1"
"ENSG00000173674",7.38823529411765,13.8389513108614,-6.45071601674378,0.00549273278180075,FALSE,0.000775607260748682,0.0296251885393295,"EIF1AX","eukaryotic translation initiation factor 1A X-linked"
"ENSG00000197705",6.94117647058824,1.89138576779026,5.04979070279797,1.27507548083961e-07,FALSE,0.000780039404218769,0.0297304050773532,"KLHL14","kelch like family member 14"
"ENSG00000124074",0.8,1.86516853932584,-1.06516853932584,0.0181591459517905,FALSE,0.000788192631590065,0.0299706691076453,"ENKD1","enkurin domain containing 1"
"ENSG00000143554",13.9176470588235,6.19850187265918,7.71914518616435,6.6991749825072e-06,FALSE,0.000789725355372699,0.0299706691076453,"SLC27A3","solute carrier family 27 member 3"
"ENSG00000146038",2.27058823529412,4.51685393258427,-2.24626569729015,0.014981611115155,FALSE,0.000798704518637277,0.0302466670594198,"DCDC2","doublecortin domain containing 2"
"ENSG00000105520",1.37647058823529,3,-1.62352941176471,0.00850507069109872,FALSE,0.00080463272998482,0.0304061958923688,"PLPPR2","phospholipid phosphatase related 2"
"ENSG00000130703",0.0823529411764706,0.273408239700375,-0.191055298523904,0.0202666683433698,FALSE,0.000812452111082314,0.0306023274298107,"OSBPL2","oxysterol binding protein like 2"
"ENSG00000166526",3.82352941176471,8.52059925093633,-4.69706983917162,0.00923741194509616,FALSE,0.000814860860850102,0.0306023274298107,"ZNF3","zinc finger protein 3"
"ENSG00000081138",1.32941176470588,7.03370786516854,-5.70429610046266,0.0313368667181769,FALSE,0.000816930700169441,0.0306023274298107,"CDH7","cadherin 7"
"ENSG00000177302",5.36470588235294,11.4868913857678,-6.12218550341485,0.011295570278378,FALSE,0.000817581999607468,0.0306023274298107,"TOP3A","DNA topoisomerase III alpha"
"ENSG00000101940",2.76470588235294,6.31460674157303,-3.54990085922009,0.0153217226568423,FALSE,0.000818456423953634,0.0306023274298107,"WDR13","WD repeat domain 13"
"ENSG00000102978",26.1764705882353,56.8164794007491,-30.6400088125138,0.0209047021535353,FALSE,0.000824441776051042,0.0307612244146371,"POLR2C","RNA polymerase II subunit C"
"ENSG00000136040",2.68235294117647,5.63670411985019,-2.95435117867372,0.012517967499235,FALSE,0.000827228668753557,0.0307989143142929,"PLXNC1","plexin C1"
"ENSG00000165521",27.6705882352941,10.6629213483146,17.0076668869795,3.29378203213702e-07,FALSE,0.000830174049414073,0.0307989143142929,"EML5","EMAP like 5"
"ENSG00000105825",5.68235294117647,10.9962546816479,-5.31390174047147,0.0132172775995698,FALSE,0.000830665296069062,0.0307989143142929,"TFPI2","tissue factor pathway inhibitor 2"
"ENSG00000123810",0.376470588235294,0.820224719101124,-0.443754130865829,0.0232496318778818,FALSE,0.000837067827922513,0.030971509633133,"B9D2","B9 domain containing 2"
"ENSG00000185236",12.6705882352941,25.7790262172285,-13.1084379819343,0.00619039800478329,FALSE,0.000859845424080186,0.0317480009395274,"RAB11B","RAB11B, member RAS oncogene family"
"ENSG00000110492",5.61176470588235,2.2434456928839,3.36831901299846,3.14840320891361e-05,FALSE,0.00086904485186579,0.0320209603110549,"MDK","midkine"
"ENSG00000158023",8.91764705882353,19.498127340824,-10.5804802820004,0.0165477076143422,FALSE,0.000895815352054588,0.0329388702997167,"CFAP251","cilia and flagella associated protein 251"
"ENSG00000100596",16.5647058823529,5.28464419475655,11.2800616875964,6.34999343298043e-07,FALSE,0.000901271955377155,0.033006568761331,"SPTLC2","serine palmitoyltransferase long chain base subunit 2"
"ENSG00000177455",1.43529411764706,0.348314606741573,1.08697951090549,5.20697409941138e-07,FALSE,0.000901381215397179,0.033006568761331,"CD19","CD19 molecule"
"ENSG00000181322",12.3176470588235,21.0898876404494,-8.77224058162591,0.0107316648995492,FALSE,0.000904398102104331,0.0330487578630826,"NME9","NME/NM23 family member 9"
"ENSG00000196189",1.23529411764706,2.63295880149813,-1.39766468385107,0.0142766261136492,FALSE,0.000920176440829637,0.0335285125623338,"SEMA4A","semaphorin 4A"
"ENSG00000183347",2.70588235294118,0.827715355805243,1.87816699713593,4.0415888776075e-07,FALSE,0.000921310478917598,0.0335285125623338,"GBP6","guanylate binding protein family member 6"
"ENSG00000241106",30.5411764705882,9.73782771535581,20.8033487552324,8.32420647840955e-07,FALSE,0.000927578032609332,0.0336874292457688,"HLA-DOB","major histocompatibility complex, class II, DO beta"
"ENSG00000198373",9.50588235294118,21.5243445692884,-12.0184622163472,0.0179657602808024,FALSE,0.000931438615622343,0.0337584592733636,"WWP2","WW domain containing E3 ubiquitin protein ligase 2"
"ENSG00000158246",0.576470588235294,1.14232209737828,-0.565851509142983,0.0111319246541963,FALSE,0.000937564260141789,0.0339111252703937,"TENT5B","terminal nucleotidyltransferase 5B"
"ENSG00000018625",15.4705882352941,27.5318352059925,-12.0612469706984,0.0258887508249162,FALSE,0.000947915525111208,0.0341933844701551,"ATP1A2","ATPase Na+/K+ transporting subunit alpha 2"
"ENSG00000183570",6.89411764705882,15.4307116104869,-8.53659396342807,0.0164039789162013,FALSE,0.000949226720042674,0.0341933844701551,"PCBP3","poly(rC) binding protein 3"
"ENSG00000101017",9.88235294117647,3.32584269662921,6.55651024454726,3.88094359685872e-06,FALSE,0.000957710342511412,0.0344290068972206,"CD40","CD40 molecule"
"ENSG00000130309",0.6,1.35580524344569,-0.755805243445693,0.0194670621711743,FALSE,0.000960119370188998,0.0344457400766389,"COLGALT1","collagen beta(1-O)galactosyltransferase 1"
"ENSG00000153015",11.1176470588235,24.2359550561798,-13.1183079973562,0.018389987224583,FALSE,0.000965104179869026,0.0345546290501389,"CWC27","CWC27 spliceosome associated cyclophilin"
"ENSG00000197774",4.84705882352941,10.5131086142322,-5.6660497907028,0.0194447286571109,FALSE,0.000974135423158077,0.0347132118374011,"EME2","essential meiotic structure-specific endonuclease subunit 2"
"ENSG00000172830",3.97647058823529,8.32584269662921,-4.34937210839392,0.0196957217973007,FALSE,0.000975157407837113,0.0347132118374011,"SSH3","slingshot protein phosphatase 3"
"ENSG00000157510",0.564705882352941,1.23220973782772,-0.667503855474774,0.00798504126251217,FALSE,0.000975409326582733,0.0347132118374011,"AFAP1L1","actin filament associated protein 1 like 1"
"ENSG00000140543",1.2,2.60674157303371,-1.40674157303371,0.0144817156003947,FALSE,0.00099354465262993,0.0352877592756718,"DET1","DET1 partner of COP1 E3 ubiquitin ligase"
"ENSG00000151651",0.411764705882353,1.02247191011236,-0.610707204230007,0.0269137525322791,FALSE,0.00100941668393044,0.0357797837785983,"ADAM8","ADAM metallopeptidase domain 8"
"ENSG00000153563",10.9764705882353,4.37078651685393,6.60568407138136,2.14553119880669e-05,FALSE,0.00102331580890723,0.0361915100604791,"CD8A","CD8 subunit alpha"
"ENSG00000101199",2.43529411764706,5.18352059925094,-2.74822648160388,0.0129731963809993,FALSE,0.00102570462639502,0.0361915100604791,"ARFGAP1","ARF GTPase activating protein 1"
"ENSG00000133275",2.31764705882353,4.49812734082397,-2.18048028200044,0.0102828091300407,FALSE,0.00102715846980878,0.0361915100604791,"CSNK1G2","casein kinase 1 gamma 2"
"ENSG00000121380",10.7176470588235,4.55430711610487,6.16333994271866,2.83058645258682e-05,FALSE,0.00103735862754464,0.0364703690057278,"BCL2L14","BCL2 like 14"
"ENSG00000171877",0.670588235294118,1.77153558052434,-1.10094734523023,0.0183327191142019,FALSE,0.00104065803701967,0.0364703690057278,"FRMD5","FERM domain containing 5"
"ENSG00000105722",1.75294117647059,3.59925093632959,-1.846309759859,0.00895215600511014,FALSE,0.00104154515781397,0.0364703690057278,"ERF","ETS2 repressor factor"
"ENSG00000196071",1.12941176470588,1.9625468164794,-0.833135051773518,0.0114725493091161,FALSE,0.0010433040165832,0.0364703690057278,"OR2L13","olfactory receptor family 2 subfamily L member 13"
"ENSG00000164611",4.16470588235294,1.31460674157303,2.85009914077991,3.22728848932611e-06,FALSE,0.0010577484048927,0.0369025098029789,"PTTG1","PTTG1 regulator of sister chromatid separation, securin"
"ENSG00000128833",22.7176470588235,52.7865168539326,-30.0688697951091,0.0213788364438162,FALSE,0.00106451640878279,0.0370656666264387,"MYO5C","myosin VC"
"ENSG00000253873",1.16470588235294,2.17228464419476,-1.00757876184182,0.0132434266424652,FALSE,0.00107380730820473,0.0373158567123772,"PCDHGA11","protocadherin gamma subfamily A, 11"
"ENSG00000196371",3.16470588235294,1.36704119850187,1.79766468385107,1.56675343030704e-05,FALSE,0.00108097827208876,0.0374186152736931,"FUT4","fucosyltransferase 4"
"ENSG00000150656",5.15294117647059,9.98501872659176,-4.83207755012117,0.0240217849123732,FALSE,0.00108098691080127,0.0374186152736931,"CNDP1","carnosine dipeptidase 1"
"ENSG00000099308",0.6,1.78651685393258,-1.18651685393258,0.00681027613433941,FALSE,0.00109559597291576,0.0378503848498753,"MAST3","microtubule associated serine/threonine kinase 3"
"ENSG00000090776",3.70588235294118,7.04868913857678,-3.3428067856356,0.0154885464110439,FALSE,0.00109938061394717,0.0378898637138846,"EFNB1","ephrin B1"
"ENSG00000241697",1.87058823529412,4.06367041198502,-2.1930821766909,0.00750444751031708,FALSE,0.00110101449036002,0.0378898637138846,"TMEFF1","transmembrane protein with EGF like and two follistatin like domains 1"
"ENSG00000125966",3.09411764705882,4.9438202247191,-1.84970257766028,0.0236981228491423,FALSE,0.00111241401374798,0.0381600230258303,"MMP24","matrix metallopeptidase 24"
"ENSG00000124201",2.91764705882353,1.31086142322097,1.60678563560256,1.46031961370207e-05,FALSE,0.00111317112815857,0.0381600230258303,"ZNFX1","zinc finger NFX1-type containing 1"
"ENSG00000090316",1.54117647058824,4.08988764044944,-2.5487111698612,0.00990530600728392,FALSE,0.00114258027876415,0.0389485152298143,"MAEA","macrophage erythroblast attacher, E3 ubiquitin ligase"
"ENSG00000175970",57.1411764705882,28.9737827715356,28.1673936990527,9.26261028909737e-05,FALSE,0.00114385005408972,0.0389485152298143,"UNC119B","unc-119 lipid binding chaperone B"
"ENSG00000176125",0.105882352941176,0.318352059925094,-0.212469706983917,0.0275334379829067,FALSE,0.00114479163775748,0.0389485152298143,"UFSP1","UFM1 specific peptidase 1"
"ENSG00000115009",21.5411764705882,38.3220973782772,-16.7809209076889,0.00723051382884252,FALSE,0.00114496284120822,0.0389485152298143,"CCL20","C-C motif chemokine ligand 20"
"ENSG00000160856",21.1647058823529,7.98501872659176,13.1796871557612,3.53450980789817e-06,FALSE,0.00114884514195821,0.0389789353983558,"FCRL3","Fc receptor like 3"
"ENSG00000168481",3.84705882352941,17.5842696629213,-13.7372108393919,0.0315752736594533,FALSE,0.00115025578137675,0.0389789353983558,"LGI3","leucine rich repeat LGI family member 3"
"ENSG00000185518",6.87058823529412,12.561797752809,-5.69120951751487,0.00558526761476011,FALSE,0.00116003750221051,0.0392353905566351,"SV2B","synaptic vesicle glycoprotein 2B"
"ENSG00000016864",0.658823529411765,1.47940074906367,-0.820577219651906,0.0143932199633614,FALSE,0.001164236293695,0.0393023996822027,"GLT8D1","glycosyltransferase 8 domain containing 1"
"ENSG00000162494",1.45882352941176,6.76404494382022,-5.30522141440846,0.0214531577932838,FALSE,0.00117096207050432,0.0394542980523727,"LRRC38","leucine rich repeat containing 38"
"ENSG00000213190",0.388235294117647,0.902621722846442,-0.514386428728795,0.0176094635338439,FALSE,0.00117650296213593,0.0395657722920969,"MLLT11","MLLT11 transcription factor 7 cofactor"
"ENSG00000140995",0.364705882352941,0.99250936329588,-0.627803480942939,0.0199718946339922,FALSE,0.00117928536996589,0.039584232219518,"DEF8","differentially expressed in FDCP 8 homolog"
"ENSG00000172366",0.517647058823529,1.1310861423221,-0.613439083498568,0.0163793244195466,FALSE,0.00118790707036948,0.03979825521391,"MCRIP2","MAPK regulated corepressor interacting protein 2"
"ENSG00000118961",0.564705882352941,1.40074906367041,-0.836043181317471,0.0182246450378762,FALSE,0.00119729976315311,0.0400372522686087,"LDAH","lipid droplet associated hydrolase"
"ENSG00000129657",1.61176470588235,3.65543071161049,-2.04366600572813,0.0159160335659765,FALSE,0.00120160454552163,0.0401055317519396,"SEC14L1","SEC14 like lipid binding 1"
"ENSG00000176978",0.752941176470588,1.64794007490637,-0.894998898435779,0.0212642201562341,FALSE,0.00120556576812192,0.0401621092263623,"DPP7","dipeptidyl peptidase 7"
"ENSG00000116213",0.870588235294118,2.19475655430712,-1.324168319013,0.0207784654405796,FALSE,0.00120941537800738,0.0401956023521891,"WRAP73","WD repeat containing, antisense to TP73"
"ENSG00000104415",0.0352941176470588,0.224719101123595,-0.189424983476537,0.0248300697795712,FALSE,0.00121110712949664,0.0401956023521891,"CCN4","cellular communication network factor 4"
"ENSG00000167703",0.941176470588235,2.13857677902622,-1.19740030843798,0.0101781808538963,FALSE,0.00122637518866047,0.0406092743577966,"SLC43A2","solute carrier family 43 member 2"
"ENSG00000132471",1.17647058823529,2.40449438202247,-1.22802379378718,0.0134204485260938,FALSE,0.00122815387100259,0.0406092743577966,"WBP2","WW domain binding protein 2"
"ENSG00000104320",12.9647058823529,5.18352059925094,7.781185283102,1.21907711133537e-05,FALSE,0.00123251019691934,0.0406774268528892,"NBN","nibrin"
"ENSG00000181026",13.8117647058824,5.31086142322097,8.50090328266138,0.000115541167674808,FALSE,0.00125294360693633,0.0412749433935551,"AEN","apoptosis enhancing nuclease"
"ENSG00000108100",3.12941176470588,1.20973782771536,1.91967393699053,1.40209809869584e-05,FALSE,0.00126003269222643,0.0413849602379468,"CCNY","cyclin Y"
"ENSG00000196684",1,0.52059925093633,0.47940074906367,0.00229583725458983,FALSE,0.00126255829435483,0.0413849602379468,"HSH2D","hematopoietic SH2 domain containing"
"ENSG00000091972",2.52941176470588,0.838951310861423,1.69046045384446,4.93194342195165e-06,FALSE,0.00126337278886176,0.0413849602379468,"CD200","CD200 molecule"
"ENSG00000115112",5.70588235294118,11.1460674157303,-5.44018506278916,0.0135690827160138,FALSE,0.0012656236782129,0.0413849602379468,"TFCP2L1","transcription factor CP2 like 1"
"ENSG00000084110",0.858823529411765,1.9063670411985,-1.04754351178674,0.0165364937105801,FALSE,0.00127054056377083,0.0414030703434482,"HAL","histidine ammonia-lyase"
"ENSG00000146826",0.176470588235294,0.47565543071161,-0.299184842476316,0.0133997465151257,FALSE,0.00127084975832736,0.0414030703434482,"TRAPPC14","trafficking protein particle complex subunit 14"
"ENSG00000168016",15.0941176470588,6.78651685393258,8.30760079312624,1.71116207549461e-05,FALSE,0.00127614461670517,0.0414514586672833,"TRANK1","tetratricopeptide repeat and ankyrin repeat containing 1"
"ENSG00000213654",1.71764705882353,3.48314606741573,-1.7654990085922,0.016877260304152,FALSE,0.0012770127197617,0.0414514586672833,"GPSM3","G protein signaling modulator 3"
"ENSG00000070444",1.14117647058824,2.52434456928839,-1.38316809870015,0.0111467497253241,FALSE,0.00128012873552408,0.0414766390853625,"MNT","MAX network transcriptional repressor"
"ENSG00000167461",28.9176470588235,13.7415730337079,15.1760740251157,4.49996013165978e-05,FALSE,0.0012829760753327,0.0414930382903676,"RAB8A","RAB8A, member RAS oncogene family"
"ENSG00000177459",3.94117647058824,8.16479400749064,-4.2236175369024,0.0179776283778426,FALSE,0.00131457014821062,0.0424373893201034,"ERICH5","glutamate rich 5"
"ENSG00000166278",12.6470588235294,4.9625468164794,7.68451200705001,1.10449941161419e-06,FALSE,0.00132630011675234,0.0427382126712758,"C2","complement C2"
"ENSG00000240065",10.9294117647059,4.19475655430712,6.73465521039877,4.79602835690844e-05,FALSE,0.00133651936678394,0.0429893516107292,"PSMB9","proteasome 20S subunit beta 9"
"ENSG00000161692",10.3529411764706,4.46441947565543,5.88852170081516,6.5071367489191e-05,FALSE,0.00134155584688793,0.043073178033324,"DBF4B","DBF4B-CDC7 kinase regulatory subunit"
"ENSG00000167034",4.54117647058824,7.7752808988764,-3.23410442828817,0.014434503157278,FALSE,0.00134554784363552,0.043123226822337,"NKX3-1","NK3 homeobox 1"
"ENSG00000105656",1.10588235294118,2.57303370786517,-1.46715135492399,0.0206959604605249,FALSE,0.00134840842986294,0.0431355843238361,"ELL","elongation factor for RNA polymerase II"
"ENSG00000108688",3.49411764705882,0.636704119850187,2.85741352720864,5.68887457849852e-06,FALSE,0.0013508011792433,0.0431355843238361,"CCL7","C-C motif chemokine ligand 7"
"ENSG00000135900",66.4705882352941,23.3857677902622,43.0848204450319,4.87013389527919e-06,FALSE,0.00135955677058399,0.04333709468536,"MRPL44","mitochondrial ribosomal protein L44"
"ENSG00000135318",9.77647058823529,4.21722846441948,5.55924212381582,9.70891236054261e-06,FALSE,0.00136476342415538,0.0434249590059349,"NT5E","5'-nucleotidase ecto"
"ENSG00000185669",0.917647058823529,1.8314606741573,-0.913813615333774,0.0205686000096818,FALSE,0.00138201096979469,0.0438949469850739,"SNAI3","snail family transcriptional repressor 3"
"ENSG00000115415",49.7411764705882,24.4756554307116,25.2655210398766,7.79751645089387e-05,FALSE,0.00139215151092088,0.0441379270627026,"STAT1","signal transducer and activator of transcription 1"
"ENSG00000101440",0.117647058823529,0.333333333333333,-0.215686274509804,0.0123999570923936,FALSE,0.00141049232370245,0.0446395633088903,"ASIP","agouti signaling protein"
"ENSG00000166477",12.0235294117647,24.9887640449438,-12.9652346331791,0.0218258461804646,FALSE,0.00141514774473475,0.0446535293353894,"LEO1","LEO1 homolog, Paf1/RNA polymerase II complex component"
"ENSG00000102858",0.423529411764706,0.962546816479401,-0.539017404714695,0.0195905947864471,FALSE,0.00141597266187941,0.0446535293353894,"MGRN1","mahogunin ring finger 1"
"ENSG00000007402",6.12941176470588,3.10861423220974,3.02079753249614,3.06116634343904e-05,FALSE,0.00142659759257675,0.0449086840732463,"CACNA2D2","calcium voltage-gated channel auxiliary subunit alpha2delta 2"
"ENSG00000066136",2.03529411764706,4.13483146067416,-2.0995373430271,0.0157758249693364,FALSE,0.00144174135735544,0.045304932759593,"NFYC","nuclear transcription factor Y subunit gamma"
"ENSG00000141371",16.6823529411765,34.4756554307116,-17.7933024895351,0.0141607408064024,FALSE,0.00144915211138962,0.045457208619749,"CHCT1","CHD1 helical C-terminal domain containing 1"
"ENSG00000221887",0.447058823529412,1.08239700374532,-0.635338180215907,0.0170479843639656,FALSE,0.00146922982380766,0.0459545595375757,"HMSD","histocompatibility minor serpin domain containing"
"ENSG00000110719",2,4.42696629213483,-2.42696629213483,0.0235958008115622,FALSE,0.0014701932662532,0.0459545595375757,"TCIRG1","T cell immune regulator 1, ATPase H+ transporting V0 subunit a3"
"ENSG00000176809",4.81176470588235,9.20224719101124,-4.39048248512888,0.0200726725106995,FALSE,0.0014910313424533,0.0465238529617954,"LRRC37A3","leucine rich repeat containing 37 member A3"
"ENSG00000100991",0.529411764705882,1.30337078651685,-0.773959021810972,0.0183550099088573,FALSE,0.00149925265140443,0.0466981629891751,"TRPC4AP","transient receptor potential cation channel subfamily C member 4 associated protein"
"ENSG00000134716",34.2941176470588,15.5917602996255,18.7023573474334,0.000369773835531504,FALSE,0.00152397495691554,0.047384926598972,"CYP2J2","cytochrome P450 family 2 subfamily J member 2"
"ENSG00000196092",16.2352941176471,4.44943820224719,11.7858559153999,2.26020632352196e-07,FALSE,0.00153169056541137,0.0474498725119674,"PAX5","paired box 5"
"ENSG00000100897",17.6823529411765,8.79026217228464,8.89209076889183,0.00210317675625409,FALSE,0.00153266889817642,0.0474498725119674,"DCAF11","DDB1 and CUL4 associated factor 11"
"ENSG00000074803",2.76470588235294,9.32584269662921,-6.56113681427627,0.0411025246169212,FALSE,0.00153409563557848,0.0474498725119674,"SLC12A1","solute carrier family 12 member 1"
"ENSG00000197646",2.72941176470588,0.936329588014981,1.7930821766909,4.58264652511605e-06,FALSE,0.00154382521928613,0.0476676208386901,"PDCD1LG2","programmed cell death 1 ligand 2"
"ENSG00000117707",2.78823529411765,4.48314606741573,-1.69491077329808,0.00451667528200945,FALSE,0.00155328588440304,0.047876323007435,"PROX1","prospero homeobox 1"
"ENSG00000166987",3.24705882352941,7.29962546816479,-4.05256664463538,0.0174668274703342,FALSE,0.00155697627882106,0.047906754495739,"MBD6","methyl-CpG binding domain protein 6"
"ENSG00000167074",14.4352941176471,6.66292134831461,7.77237276933245,5.3150475972155e-05,FALSE,0.00156192021756599,0.0479755840830537,"TEF","TEF transcription factor, PAR bZIP family member"
"ENSG00000172264",2.68235294117647,1.04494382022472,1.63740912095175,8.8546849685814e-05,FALSE,0.00158147998952549,0.0484923353881665,"MACROD2","mono-ADP ribosylhydrolase 2"
"ENSG00000102524",13.9764705882353,6.59925093632959,7.37721965190571,0.00031631327900937,FALSE,0.00158537962975931,0.048527950221458,"TNFSF13B","TNF superfamily member 13b"
"ENSG00000183034",0.0352941176470588,0.138576779026217,-0.103282661379158,0.026939965304422,FALSE,0.00159039975802769,0.0485976808819393,"OTOP2","otopetrin 2"
"ENSG00000146197",15.4705882352941,24.8052434456929,-9.33465521039877,0.0034786879486762,FALSE,0.00160398669946576,0.0489284961697619,"SCUBE3","signal peptide, CUB domain and EGF like domain containing 3"
"ENSG00000128739",11.9058823529412,23.1985018726592,-11.292619519718,0.00739063039858719,FALSE,0.00160855424983373,0.048983517130246,"SNRPN","small nuclear ribonucleoprotein polypeptide N"
"ENSG00000112276",0.270588235294118,0.550561797752809,-0.279973562458691,0.0172293936606059,FALSE,0.00161608232377054,0.049128348240455,"POPDC1","popeye domain cAMP effector 1"
"ENSG00000078808",0.635294117647059,1.58052434456929,-0.94523022692223,0.0211674722941541,FALSE,0.00161890760892649,0.0491299649880209,"SDF4","stromal cell derived factor 4"
"ENSG00000152558",29.0352941176471,10.6554307116105,18.3798634060366,1.05247105678992e-05,FALSE,0.00164977838390278,0.0499812346972803,"TMEM123","transmembrane protein 123"
