"gene","mean_target","mean_ref","estimate","levene_p","variances_equal","p_val","padj","symbol","description"
"ENSG00000184058",0.333333333333333,6.31858407079646,-5.98525073746313,0.0181947136448142,FALSE,2.01155120138694e-12,1.21765852038698e-08,"TBX1","T-box transcription factor 1"
"ENSG00000189299",0,0.221238938053097,-0.221238938053097,0.0162025651761915,FALSE,2.07988949768802e-12,1.21765852038698e-08,"FOXR2","forkhead box R2"
"ENSG00000154646",0.208333333333333,13.4336283185841,-13.2252949852507,0.0166882998708834,FALSE,2.83195780387351e-12,1.21765852038698e-08,"TMPRSS15","transmembrane serine protease 15"
"ENSG00000130720",0.208333333333333,3.82300884955752,-3.61467551622419,0.0173701749749595,FALSE,3.6170713514586e-12,1.21765852038698e-08,"FIBCD1","fibrinogen C domain containing 1"
"ENSG00000102195",0,0.230088495575221,-0.230088495575221,0.0177834353166623,FALSE,3.97727688025456e-12,1.21765852038698e-08,"GPR50","G protein-coupled receptor 50"
"ENSG00000125144",0,1.98672566371681,-1.98672566371681,0.018338215649478,FALSE,4.92769986910161e-12,1.21765852038698e-08,"MT1G","metallothionein 1G"
"ENSG00000138640",0,2.72566371681416,-2.72566371681416,0.0183444754473533,FALSE,4.93944950188267e-12,1.21765852038698e-08,"FAM13A","family with sequence similarity 13 member A"
"ENSG00000157578",1.41666666666667,9.42477876106195,-8.00811209439528,0.0254268953722969,FALSE,5.42296284757327e-12,1.21765852038698e-08,"LCA5L","lebercilin LCA5 like"
"ENSG00000002933",0,0.305309734513274,-0.305309734513274,0.0203041052020733,FALSE,1.00385499812775e-11,2.00358303681874e-08,"TMEM176A","transmembrane protein 176A"
"ENSG00000075891",0.666666666666667,8.60619469026549,-7.93952802359882,0.0235519304983089,FALSE,1.13933797564914e-11,2.04659280565855e-08,"PAX2","paired box 2"
"ENSG00000169282",3.54166666666667,13.7256637168142,-10.1839970501475,0.0136609123116797,FALSE,1.56210637882649e-11,2.55091971662366e-08,"KCNAB1","potassium voltage-gated channel subfamily A regulatory beta subunit 1"
"ENSG00000167771",0.375,6.0353982300885,-5.6603982300885,0.0222874248369014,FALSE,1.93751522677707e-11,2.90029883488304e-08,"RCOR2","REST corepressor 2"
"ENSG00000145777",0,0.243362831858407,-0.243362831858407,0.0238095485358969,FALSE,3.0658716520381e-11,3.95697513571861e-08,"TSLP","thymic stromal lymphopoietin"
"ENSG00000083067",0.0833333333333333,3.05752212389381,-2.97418879056047,0.0216698229580501,FALSE,3.08398663363918e-11,3.95697513571861e-08,"TRPM3","transient receptor potential cation channel subfamily M member 3"
"ENSG00000120337",0,0.915929203539823,-0.915929203539823,0.0259595088883542,FALSE,5.63019006409498e-11,6.74234027475587e-08,"TNFSF18","TNF superfamily member 18"
"ENSG00000088926",0.583333333333333,11,-10.4166666666667,0.0268178994257621,FALSE,7.49141033399751e-11,8.25494300958142e-08,"F11","coagulation factor XI"
"ENSG00000118514",4.45833333333333,37.5973451327434,-33.13901179941,0.0174298459560684,FALSE,8.12371782098681e-11,8.25494300958142e-08,"ALDH8A1","aldehyde dehydrogenase 8 family member A1"
"ENSG00000182774",1.20833333333333,31.0752212389381,-29.8668879056047,0.029578529141498,FALSE,8.2719464550724e-11,8.25494300958142e-08,"RPS17","ribosomal protein S17"
"ENSG00000162944",0,0.314159292035398,-0.314159292035398,0.0308975322177102,FALSE,1.92191797915001e-10,1.76625300372787e-07,"RFTN2","raftlin family member 2"
"ENSG00000100867",1.33333333333333,47.929203539823,-46.5958702064897,0.0349136700587992,FALSE,1.96654568137602e-10,1.76625300372787e-07,"DHRS2","dehydrogenase/reductase 2"
"ENSG00000129116",3.95833333333333,32.8672566371681,-28.9089233038348,0.0218442578315948,FALSE,2.29894750691444e-10,1.96647590793829e-07,"PALLD","palladin, cytoskeletal associated protein"
"ENSG00000115252",0.208333333333333,2.13716814159292,-1.92883480825959,0.0228520118217468,FALSE,2.71543187742128e-10,2.21715012791447e-07,"PDE1A","phosphodiesterase 1A"
"ENSG00000115850",0,1.59734513274336,-1.59734513274336,0.0328237075251303,FALSE,2.94673696476588e-10,2.30140156948215e-07,"LCT","lactase"
"ENSG00000163666",2,11.6858407079646,-9.6858407079646,0.0121842550250322,FALSE,3.19636239880603e-10,2.3923440737397e-07,"HESX1","HESX homeobox 1"
"ENSG00000078114",0.25,6.7212389380531,-6.4712389380531,0.0333742037208545,FALSE,4.21111314703988e-10,2.99904495490095e-07,"NEBL","nebulette"
"ENSG00000167889",7.33333333333333,26.8893805309735,-19.5560471976401,0.0110793283085573,FALSE,4.34087673703863e-10,2.99904495490095e-07,"MGAT5B","alpha-1,6-mannosylglycoprotein 6-beta-N-acetylglucosaminyltransferase B"
"ENSG00000168477",1.125,6.78761061946903,-5.66261061946903,0.0151859680146852,FALSE,5.4075674697715e-10,3.35796574484904e-07,"TNXB","tenascin XB"
"ENSG00000168124",0,0.955752212389381,-0.955752212389381,0.0358260576304608,FALSE,5.47427156362505e-10,3.35796574484904e-07,"OR1F1","olfactory receptor family 1 subfamily F member 1"
"ENSG00000169575",1.625,15.7256637168142,-14.1006637168142,0.0328705352029268,FALSE,5.52362784125511e-10,3.35796574484904e-07,"VPREB1","V-set pre-B cell surrogate light chain 1"
"ENSG00000075826",0.791666666666667,5.1283185840708,-4.33665191740413,0.0123081677798203,FALSE,5.60813741276353e-10,3.35796574484904e-07,"SEC31B","SEC31 homolog B, COPII coat complex component"
"ENSG00000269964",0,0.185840707964602,-0.185840707964602,0.0368646613102968,FALSE,6.70254585024416e-10,3.8838010034818e-07,"MEI4","meiotic double-stranded break formation protein 4"
"ENSG00000163631",2.5,14.5088495575221,-12.0088495575221,0.0488802088690999,FALSE,8.62521503002098e-10,4.84171054950834e-07,"ALB","albumin"
"ENSG00000077942",6.20833333333333,37.216814159292,-31.0084808259587,0.0498845816877558,FALSE,1.00045703683744e-09,5.44582113718512e-07,"FBLN1","fibulin 1"
"ENSG00000136450",3.5,31.0442477876106,-27.5442477876106,0.0353525444748831,FALSE,1.29020525594741e-09,6.81645794487747e-07,"SRSF1","serine and arginine rich splicing factor 1"
"ENSG00000181374",0,3.8716814159292,-3.8716814159292,0.0410023121815631,FALSE,1.42501379817168e-09,7.12884063640411e-07,"CCL13","C-C motif chemokine ligand 13"
"ENSG00000008256",0.375,3.46902654867257,-3.09402654867257,0.0216900702805125,FALSE,1.45947688432356e-09,7.12884063640411e-07,"CYTH3","cytohesin 3"
"ENSG00000176428",0,0.628318584070796,-0.628318584070796,0.0412809898854065,FALSE,1.49518637858647e-09,7.12884063640411e-07,"VPS37D","VPS37D subunit of ESCRT-I"
"ENSG00000165072",2.41666666666667,10.0796460176991,-7.66297935103245,0.0458623347949602,FALSE,1.50807740457249e-09,7.12884063640411e-07,"MAMDC2","MAM domain containing 2"
"ENSG00000160716",0.125,4.97345132743363,-4.84845132743363,0.0412185500022883,FALSE,1.65843632352192e-09,7.63858761010876e-07,"CHRNB2","cholinergic receptor nicotinic beta 2 subunit"
"ENSG00000113583",0.583333333333333,3.53097345132743,-2.9476401179941,0.00763773467357192,FALSE,1.993726594395e-09,8.84229913950633e-07,"C5orf15","chromosome 5 open reading frame 15"
"ENSG00000162753",0.166666666666667,2.69469026548673,-2.52802359882006,0.0398307319262947,FALSE,2.01822782786706e-09,8.84229913950633e-07,"SLC9C2","solute carrier family 9 member C2 (putative)"
"ENSG00000110427",0.833333333333333,6.30530973451327,-5.47197640117994,0.0222673588715112,FALSE,2.10586299608102e-09,9.00657547585795e-07,"KIAA1549L","KIAA1549 like"
"ENSG00000139910",0.0416666666666667,3.96902654867257,-3.9273598820059,0.0442031366884071,FALSE,2.58156955686943e-09,1.05963726318559e-06,"NOVA1","NOVA alternative splicing regulator 1"
"ENSG00000108825",1.625,12.9690265486726,-11.3440265486726,0.0436518429500145,FALSE,2.59555973836029e-09,1.05963726318559e-06,"PTGES3L-AARSD1","PTGES3L-AARSD1 readthrough"
"ENSG00000116748",0.791666666666667,6.76991150442478,-5.97824483775811,0.0399754065027784,FALSE,2.86938528781743e-09,1.14539484277921e-06,"AMPD1","adenosine monophosphate deaminase 1"
"ENSG00000178187",0.0416666666666667,4.3141592920354,-4.27249262536873,0.0477583543029065,FALSE,4.41936595335413e-09,1.71357161743148e-06,"ZNF454","zinc finger protein 454"
"ENSG00000163528",1.25,9.21238938053097,-7.96238938053097,0.0330186405389732,FALSE,4.55628056913956e-09,1.71357161743148e-06,"CHCHD4","coiled-coil-helix-coiled-coil-helix domain containing 4"
"ENSG00000128849",2.75,24.1548672566372,-21.4048672566372,0.0225610867879268,FALSE,4.57893657165904e-09,1.71357161743148e-06,"CGNL1","cingulin like 1"
"ENSG00000104901",0,7.24336283185841,-7.24336283185841,0.0490041628775583,FALSE,5.05641270936003e-09,1.85363962241294e-06,"DKKL1","dickkopf like acrosomal protein 1"
"ENSG00000166900",33.7916666666667,9.74778761061947,24.0438790560472,0.0664647033446452,TRUE,5.32502912305901e-09,1.91306996275018e-06,"STX3","syntaxin 3"
"ENSG00000149948",2,12.3185840707965,-10.3185840707965,0.0490663456452844,FALSE,5.49986144208263e-09,1.93713747223785e-06,"HMGA2","high mobility group AT-hook 2"
"ENSG00000197170",2.33333333333333,14.1858407079646,-11.8525073746313,0.0241332855448659,FALSE,6.48575385334687e-09,2.24045377822442e-06,"PSMD12","proteasome 26S subunit, non-ATPase 12"
"ENSG00000135750",0.75,2.51327433628319,-1.76327433628319,0.00719630620925571,FALSE,7.67111258859511e-09,2.59992821564026e-06,"KCNK1","potassium two pore domain channel subfamily K member 1"
"ENSG00000062038",2.875,12.7964601769912,-9.92146017699115,0.0191167428240966,FALSE,7.95659947085823e-09,2.64674807953753e-06,"CDH3","cadherin 3"
"ENSG00000166405",2.79166666666667,14.8097345132743,-12.0180678466077,0.0234023862524076,FALSE,8.44667480061036e-09,2.75868398987934e-06,"RIC3","RIC3 acetylcholine receptor chaperone"
"ENSG00000141194",0.0833333333333333,1.04424778761062,-0.960914454277286,0.0401569323928625,FALSE,1.01723362785782e-08,3.26295851021606e-06,"OR4D1","olfactory receptor family 4 subfamily D member 1"
"ENSG00000171533",2.58333333333333,11.212389380531,-8.62905604719764,0.0247796234240547,FALSE,1.11688462743862e-08,3.5197541338035e-06,"MAP6","microtubule associated protein 6"
"ENSG00000138379",1.625,12.7654867256637,-11.1404867256637,0.0232017703759379,FALSE,1.15239819342959e-08,3.56905668078892e-06,"MSTN","myostatin"
"ENSG00000257218",1.16666666666667,8.42477876106195,-7.25811209439528,0.0237081869856105,FALSE,1.19579686081532e-08,3.64069474759755e-06,"GATC","glutamyl-tRNA amidotransferase subunit C"
"ENSG00000106327",0.375,2.92477876106195,-2.54977876106195,0.0281172255893524,FALSE,1.63306405139425e-08,4.88912159253248e-06,"TFR2","transferrin receptor 2"
"ENSG00000162892",0.0416666666666667,0.707964601769911,-0.666297935103245,0.0441464362513257,FALSE,2.04583881793307e-08,6.02449224369372e-06,"IL24","interleukin 24"
"ENSG00000100811",11.6666666666667,50.4026548672566,-38.73598820059,0.0280818416746498,FALSE,2.15184941773885e-08,6.23446307916822e-06,"YY1","YY1 transcription factor"
"ENSG00000133138",0.0833333333333333,1.21238938053097,-1.12905604719764,0.0382040123030558,FALSE,2.25456828056505e-08,6.42838254345872e-06,"TBC1D8B","TBC1 domain family member 8B"
"ENSG00000180209",6.04166666666667,35.853982300885,-29.8123156342183,0.0155067952806509,FALSE,2.36767954604595e-08,6.64541057587866e-06,"MYL11","myosin light chain 11"
"ENSG00000146469",0.333333333333333,1.4646017699115,-1.13126843657817,0.00328620540072772,FALSE,2.49388975344086e-08,6.8919602524705e-06,"VIP","vasoactive intestinal peptide"
"ENSG00000259112",0.75,8.47345132743363,-7.72345132743363,0.0304794386180912,FALSE,2.645751527799e-08,7.20085374149294e-06,"NDUFC2-KCTD14","NDUFC2-KCTD14 readthrough"
"ENSG00000163877",3.25,20.9778761061947,-17.7278761061947,0.035731336162725,FALSE,3.06932491299214e-08,8.20837676287778e-06,"SNIP1","Smad nuclear interacting protein 1"
"ENSG00000125498",0.166666666666667,1.50884955752212,-1.34218289085546,0.0412128724236917,FALSE,3.10732962130874e-08,8.20837676287778e-06,"KIR2DL1","killer cell immunoglobulin like receptor, two Ig domains and long cytoplasmic tail 1"
"ENSG00000233024",1.375,10.853982300885,-9.47898230088496,0.03677086587917,FALSE,3.74879211867405e-08,9.75935548228145e-06,"NPIPA9","nuclear pore complex interacting protein family, member A9"
"ENSG00000166482",1.70833333333333,8.42920353982301,-6.72087020648968,0.0359681239998709,FALSE,4.18475423959496e-08,1.07386772008349e-05,"MFAP4","microfibril associated protein 4"
"ENSG00000068323",32.4583333333333,5.29646017699115,27.1618731563422,1.92733107793718e-05,FALSE,4.74929665315493e-08,1.2015720532482e-05,"TFE3","transcription factor binding to IGHM enhancer 3"
"ENSG00000162520",1.29166666666667,12.070796460177,-10.7791297935103,0.0338860741061266,FALSE,4.91445415774403e-08,1.22608805604939e-05,"SYNC","syncoilin, intermediate filament protein"
"ENSG00000075073",0.333333333333333,1.23008849557522,-0.896755162241888,0.00340984189513545,FALSE,5.70050819363594e-08,1.40271546140113e-05,"TACR2","tachykinin receptor 2"
"ENSG00000104879",2.33333333333333,8.35398230088496,-6.02064896755162,0.0418981566864421,FALSE,6.17636520101594e-08,1.49927092034931e-05,"CKM","creatine kinase, M-type"
"ENSG00000126895",2.08333333333333,6.64601769911504,-4.56268436578171,0.0154156321803418,FALSE,7.63303048595899e-08,1.82816168825708e-05,"AVPR2","arginine vasopressin receptor 2"
"ENSG00000115596",3.29166666666667,12.6725663716814,-9.38089970501475,0.0216462863246569,FALSE,8.38457498707759e-08,1.98173842753783e-05,"WNT6","Wnt family member 6"
"ENSG00000157110",2.125,7.1858407079646,-5.0608407079646,0.00803916965304232,FALSE,1.17882413504732e-07,2.75002830361754e-05,"RBPMS","RNA binding protein, mRNA processing factor"
"ENSG00000198482",0.375,2.26548672566372,-1.89048672566372,0.042917779350153,FALSE,1.32482978925887e-07,3.05101506467398e-05,"ZNF808","zinc finger protein 808"
"ENSG00000180535",1.25,5.0929203539823,-3.8429203539823,0.0307389731358062,FALSE,1.34228988016053e-07,3.05209533130678e-05,"BHLHA15","basic helix-loop-helix family member a15"
"ENSG00000197818",22.8333333333333,2.82300884955752,20.0103244837758,1.22065945207164e-09,FALSE,1.62885648988604e-07,3.65739364097787e-05,"SLC9A8","solute carrier family 9 member A8"
"ENSG00000154678",0.166666666666667,1,-0.833333333333333,0.0425780905721851,FALSE,1.82440867331926e-07,4.04590777763382e-05,"PDE1C","phosphodiesterase 1C"
"ENSG00000164949",12.5416666666667,39.9424778761062,-27.4008112094395,0.0058037508650716,FALSE,2.59424973083194e-07,5.68298877011393e-05,"GEM","GTP binding protein overexpressed in skeletal muscle"
"ENSG00000144031",2.16666666666667,6.66814159292035,-4.50147492625369,0.00633158987309807,FALSE,2.6858314472788e-07,5.81272172138181e-05,"ANKRD53","ankyrin repeat domain 53"
"ENSG00000230667",0.5,5.42920353982301,-4.92920353982301,0.0480396945837534,FALSE,2.86470803114442e-07,6.1260417099342e-05,"SETSIP","SET like protein"
"ENSG00000090857",2.125,11.6504424778761,-9.52544247787611,0.0393684142205242,FALSE,3.17842577527019e-07,6.71694849425628e-05,"PDPR","pyruvate dehydrogenase phosphatase regulatory subunit"
"ENSG00000179532",3.54166666666667,13.5309734513274,-9.98930678466077,0.0311073314287562,FALSE,3.24979900985506e-07,6.78792321093332e-05,"DNHD1","dynein heavy chain domain 1"
"ENSG00000138741",2.58333333333333,9.22566371681416,-6.64233038348083,0.0163961214694991,FALSE,3.36057666654867e-07,6.85286375822303e-05,"TRPC3","transient receptor potential cation channel subfamily C member 3"
"ENSG00000114268",15.9166666666667,2.25663716814159,13.6600294985251,9.96436367816404e-10,FALSE,3.39146927671501e-07,6.85286375822303e-05,"PFKFB4","6-phosphofructo-2-kinase/fructose-2,6-biphosphatase 4"
"ENSG00000186010",3.125,16.9026548672566,-13.7776548672566,0.0386894313598214,FALSE,3.39533972321911e-07,6.85286375822303e-05,"NDUFA13","NADH:ubiquinone oxidoreductase subunit A13"
"ENSG00000168610",145.25,19.7743362831858,125.475663716814,1.6953178184165e-09,FALSE,3.49345132175696e-07,6.97254067696892e-05,"STAT3","signal transducer and activator of transcription 3"
"ENSG00000165617",0.458333333333333,3.10619469026549,-2.64786135693215,0.0343103720942352,FALSE,4.43825852199058e-07,8.76092723412273e-05,"DACT1","dishevelled binding antagonist of beta catenin 1"
"ENSG00000235194",0.25,1.29203539823009,-1.04203539823009,0.0430914706347723,FALSE,4.69465068369479e-07,9.16630545991408e-05,"PPP1R3E","protein phosphatase 1 regulatory subunit 3E"
"ENSG00000133961",47.25,8.59734513274336,38.6526548672566,4.14822116979479e-05,FALSE,4.93767690851821e-07,9.45691033238491e-05,"NUMB","NUMB endocytic adaptor protein"
"ENSG00000154582",2.625,14.9690265486726,-12.3440265486726,0.048935226863029,FALSE,4.9487812238723e-07,9.45691033238491e-05,"ELOC","elongin C"
"ENSG00000183513",0.166666666666667,0.924778761061947,-0.75811209439528,0.0465838212874279,FALSE,5.35552765349354e-07,0.000101264571831268,"COA5","cytochrome c oxidase assembly factor 5"
"ENSG00000110934",62.3333333333333,9.00442477876106,53.3289085545723,1.32912751751356e-10,FALSE,6.17268939343773e-07,0.000114964186850646,"BIN2","bridging integrator 2"
"ENSG00000159314",21.5833333333333,3.47345132743363,18.1098820058997,2.45889005267745e-08,FALSE,6.20805328982502e-07,0.000114964186850646,"ARHGAP27","Rho GTPase activating protein 27"
"ENSG00000104213",2.5,11.1725663716814,-8.67256637168142,0.0316811178638089,FALSE,6.50970639491074e-07,0.000119320261195696,"PDGFRL","platelet derived growth factor receptor like"
"ENSG00000163817",0.208333333333333,1.13716814159292,-0.928834808259587,0.0394299149093142,FALSE,6.83182693004187e-07,0.000123959704186204,"SLC6A20","solute carrier family 6 member 20"
"ENSG00000180834",1.45833333333333,7.07964601769912,-5.62131268436578,0.0295733097614849,FALSE,7.6074104002577e-07,0.000136651913019829,"MAP6D1","MAP6 domain containing 1"
"ENSG00000180113",1.08333333333333,4.7212389380531,-3.63790560471976,0.0431781653337101,FALSE,7.936764913416e-07,0.000141156542712566,"TDRD6","tudor domain containing 6"
"ENSG00000149503",1.20833333333333,5.79646017699115,-4.58812684365782,0.0434890778123045,FALSE,8.29405070065346e-07,0.000146064737976312,"INCENP","inner centromere protein"
"ENSG00000110931",42.5416666666667,5.2787610619469,37.2629056047198,1.74763266569837e-08,FALSE,8.61635330893013e-07,0.000150267528629429,"CAMKK2","calcium/calmodulin dependent protein kinase kinase 2"
"ENSG00000231989",0.208333333333333,0.960176991150443,-0.751843657817109,0.0420954664872011,FALSE,8.78404994473756e-07,0.000151719124189731,"PPP1R2B","PPP1R2 family member B"
"ENSG00000089159",59.7916666666667,12.8185840707965,46.9730825958702,0.000131967038325246,FALSE,9.76933446569174e-07,0.000167130052387829,"PXN","paxillin"
"ENSG00000113790",6.75,29.3053097345133,-22.5553097345133,0.0465696861030278,FALSE,1.15648963688494e-06,0.000195981352333625,"EHHADH","enoyl-CoA hydratase and 3-hydroxyacyl CoA dehydrogenase"
"ENSG00000141480",66.2916666666667,13.712389380531,52.5792772861357,0.00044767428685651,FALSE,1.16839790297343e-06,0.000196148892814128,"ARRB2","arrestin beta 2"
"ENSG00000059728",9.375,2.92920353982301,6.44579646017699,0.22828559154619,TRUE,1.31841122261877e-06,0.000219283525850935,"MXD1","MAX dimerization protein 1"
"ENSG00000106688",2.04166666666667,6.58407079646018,-4.54240412979351,0.0124666405700215,FALSE,1.45200124630755e-06,0.000237234201755296,"SLC1A1","solute carrier family 1 member 1"
"ENSG00000182013",2.58333333333333,11.2212389380531,-8.63790560471976,0.0433015837808231,FALSE,1.45275077621124e-06,0.000237234201755296,"PNMA8A","PNMA family member 8A"
"ENSG00000213930",0.5,2.47345132743363,-1.97345132743363,0.0238215097410874,FALSE,1.54352811311968e-06,0.00024978734681053,"GALT","galactose-1-phosphate uridylyltransferase"
"ENSG00000184113",0.75,3.5353982300885,-2.7853982300885,0.0344525227837229,FALSE,1.66338034126421e-06,0.000266779473840437,"CLDN5","claudin 5"
"ENSG00000066032",4.33333333333333,13.0752212389381,-8.74188790560472,0.0267803481361605,FALSE,1.68757791017614e-06,0.000268265150446849,"CTNNA2","catenin alpha 2"
"ENSG00000101493",21.7083333333333,4.74778761061947,16.9605457227139,0.000109129860119562,FALSE,1.71260301992185e-06,0.000269855158305756,"ZNF516","zinc finger protein 516"
"ENSG00000156427",2.125,13.1061946902655,-10.9811946902655,0.0433378783445251,FALSE,1.83398310633803e-06,0.00028646816121,"FGF18","fibroblast growth factor 18"
"ENSG00000067182",31.5416666666667,6.45132743362832,25.0903392330383,8.61250034389409e-05,FALSE,1.92643707071695e-06,0.00029831542328697,"TNFRSF1A","TNF receptor superfamily member 1A"
"ENSG00000104915",19.9166666666667,3.27433628318584,16.6423303834808,3.36831358752986e-06,FALSE,2.02139192719476e-06,0.000310189257921241,"STX10","syntaxin 10"
"ENSG00000006432",8.75,33.2477876106195,-24.4977876106195,0.0286644503819777,FALSE,2.03765141873331e-06,0.000310189257921241,"MAP3K9","mitogen-activated protein kinase kinase kinase 9"
"ENSG00000119411",0.583333333333333,3.55309734513274,-2.96976401179941,0.0439501043952567,FALSE,2.27433930934729e-06,0.000343310563141222,"BSPRY","B-box and SPRY domain containing"
"ENSG00000089639",18.5416666666667,3.31858407079646,15.2230825958702,1.3024489864521e-06,FALSE,2.32048037948932e-06,0.000347356575473056,"GMIP","GEM interacting protein"
"ENSG00000169180",44.625,7.87610619469027,36.7488938053097,2.13806610869404e-08,FALSE,2.3466759734532e-06,0.000348374714968097,"XPO6","exportin 6"
"ENSG00000256797",0.125,1.11946902654867,-0.994469026548673,0.0414310617197785,FALSE,2.40313287076074e-06,0.000352003096066854,"KLRF2","killer cell lectin like receptor F2"
"ENSG00000204514",1.41666666666667,5.71238938053097,-4.29572271386431,0.0314350237307295,FALSE,2.41030901387425e-06,0.000352003096066854,"ZNF814","zinc finger protein 814"
"ENSG00000267221",0.291666666666667,1.26991150442478,-0.978244837758112,0.0155431704731746,FALSE,2.51090095110185e-06,0.000363736401489052,"C17orf113","chromosome 17 open reading frame 113"
"ENSG00000100365",38.4166666666667,9.41592920353982,29.0007374631268,0.0106613705564072,FALSE,2.55482001469783e-06,0.000367137855392137,"NCF4","neutrophil cytosolic factor 4"
"ENSG00000035664",50.2083333333333,17.5044247787611,32.7039085545723,0.0584673311122887,TRUE,2.60908872404712e-06,0.000371960799603638,"DAPK2","death associated protein kinase 2"
"ENSG00000132155",162.875,24.2212389380531,138.653761061947,2.11231165784232e-13,FALSE,2.80292293587701e-06,0.000396448068481565,"RAF1","Raf-1 proto-oncogene, serine/threonine kinase"
"ENSG00000072110",49.0416666666667,13.5221238938053,35.5195427728614,0.0262356567381597,FALSE,2.84597383964927e-06,0.000399392406887654,"ACTN1","actinin alpha 1"
"ENSG00000119535",52.2916666666667,17.070796460177,35.2208702064897,0.231435316180681,TRUE,2.96091955196912e-06,0.000412302309395513,"CSF3R","colony stimulating factor 3 receptor"
"ENSG00000167434",12.5833333333333,2.73008849557522,9.85324483775811,0.00119654580475557,FALSE,3.26279971798757e-06,0.000448974746566081,"CA4","carbonic anhydrase 4"
"ENSG00000185046",10.9583333333333,32.0486725663717,-21.0903392330383,0.0406900231687289,FALSE,3.27426887491826e-06,0.000448974746566081,"ANKS1B","ankyrin repeat and sterile alpha motif domain containing 1B"
"ENSG00000164675",7.875,20.6592920353982,-12.7842920353982,0.00527827726359435,FALSE,3.62656341187513e-06,0.000493514837632674,"IQUB","IQ motif and ubiquitin domain containing"
"ENSG00000125618",3,12.4469026548673,-9.44690265486726,0.00536082664630727,FALSE,3.68829962089365e-06,0.000497402388671414,"PAX8","paired box 8"
"ENSG00000122042",0.125,0.654867256637168,-0.529867256637168,0.0431748369245247,FALSE,3.7105116117558e-06,0.000497402388671414,"UBL3","ubiquitin like 3"
"ENSG00000000938",86.5416666666667,17.5,69.0416666666667,0.000204429503016988,FALSE,3.85502953190452e-06,0.000512947373937784,"FGR","FGR proto-oncogene, Src family tyrosine kinase"
"ENSG00000137968",0.166666666666667,0.880530973451327,-0.713864306784661,0.0348547285941429,FALSE,4.33033624779854e-06,0.000571954632494156,"SLC44A5","solute carrier family 44 member 5"
"ENSG00000111261",36.7083333333333,12.9159292035398,23.7924041297935,0.0745403877935454,TRUE,4.37989101785446e-06,0.000574277243457808,"MANSC1","MANSC domain containing 1"
"ENSG00000012779",37.75,6.69026548672566,31.0597345132743,1.24476204644103e-06,FALSE,4.54556660349744e-06,0.000591681252888583,"ALOX5","arachidonate 5-lipoxygenase"
"ENSG00000197879",2.54166666666667,9.16814159292035,-6.62647492625369,0.0463344054149049,FALSE,4.70182684387092e-06,0.000607618097816211,"MYO1C","myosin IC"
"ENSG00000257008",0.25,1.43805309734513,-1.18805309734513,0.0251318646202983,FALSE,4.94243467229921e-06,0.000634149671560791,"GPR142","G protein-coupled receptor 142"
"ENSG00000135838",18.0416666666667,5.74336283185841,12.2983038348083,0.15097112374378,TRUE,5.03156630350507e-06,0.000641007273119585,"NPL","N-acetylneuraminate pyruvate lyase"
"ENSG00000116001",5.33333333333333,21.9955752212389,-16.6622418879056,0.039762170288988,FALSE,5.12410590645487e-06,0.000648199397166541,"TIA1","TIA1 cytotoxic granule associated RNA binding protein"
"ENSG00000067082",102.041666666667,15.8761061946903,86.1655604719764,2.44362756078127e-10,FALSE,5.2973495906341e-06,0.000665428606269652,"KLF6","KLF transcription factor 6"
"ENSG00000184014",5.33333333333333,0.778761061946903,4.55457227138643,4.29802640907462e-09,FALSE,5.35914875811649e-06,0.000668516591264211,"DENND5A","DENN domain containing 5A"
"ENSG00000153404",0.458333333333333,1.56194690265487,-1.10361356932153,0.00418931314482427,FALSE,5.50017095398363e-06,0.000681376350664882,"PLEKHG4B","pleckstrin homology and RhoGEF domain containing G4B"
"ENSG00000114316",61.75,6.63274336283186,55.1172566371681,1.48204916381369e-16,FALSE,5.65311058281184e-06,0.00069552620136335,"USP4","ubiquitin specific peptidase 4"
"ENSG00000106701",0.5,1.95132743362832,-1.45132743362832,0.0325458185537766,FALSE,6.14164055897984e-06,0.000750491764360237,"FSD1L","fibronectin type III and SPRY domain containing 1 like"
"ENSG00000197324",9.95833333333333,2.3141592920354,7.64417404129794,0.000728485403212322,FALSE,6.20935441199882e-06,0.000753639414207667,"LRP10","LDL receptor related protein 10"
"ENSG00000148841",5.95833333333333,1.11504424778761,4.84328908554572,4.89925571552975e-06,FALSE,6.49767388926789e-06,0.000780109839581897,"ITPRIP","inositol 1,4,5-trisphosphate receptor interacting protein"
"ENSG00000100330",11.7083333333333,1.43805309734513,10.2702802359882,1.08082902461088e-11,FALSE,6.5143058474244e-06,0.000780109839581897,"MTMR3","myotubularin related protein 3"
"ENSG00000105339",3,0.63716814159292,2.36283185840708,0.00874488821167104,FALSE,6.70019830547801e-06,0.000797057365306632,"DENND3","DENN domain containing 3"
"ENSG00000167306",12.2916666666667,56.4734513274336,-44.181784660767,0.0351892446686679,FALSE,7.01879040138387e-06,0.000829464026184595,"MYO5B","myosin VB"
"ENSG00000213903",10.0833333333333,1.89823008849558,8.18510324483776,1.56517881213443e-06,FALSE,7.22133950430563e-06,0.000847823016443412,"LTB4R","leukotriene B4 receptor"
"ENSG00000168591",8.83333333333333,2.11946902654867,6.71386430678466,0.00185688460762622,FALSE,7.27304943852651e-06,0.000848349266650985,"TMUB2","transmembrane and ubiquitin like domain containing 2"
"ENSG00000139436",18.3333333333333,2.26548672566372,16.0678466076696,1.38611793667609e-16,FALSE,7.67249085839766e-06,0.000889167440576755,"GIT2","GIT ArfGAP 2"
"ENSG00000163694",27.0833333333333,9.16814159292035,17.915191740413,0.0518542430824834,TRUE,7.72223185334584e-06,0.000889195197318278,"RBM47","RNA binding motif protein 47"
"ENSG00000172889",4.29166666666667,14.9115044247788,-10.6198377581121,0.0460904229911898,FALSE,8.2382759783261e-06,0.000942574212730393,"EGFL7","EGF like domain multiple 7"
"ENSG00000135506",22.1666666666667,4.38495575221239,17.7817109144543,2.06371321186746e-07,FALSE,8.80149116661597e-06,0.00100064041661976,"OS9","OS9 endoplasmic reticulum lectin"
"ENSG00000155926",114.041666666667,12.5929203539823,101.448746312684,6.25613146163976e-15,FALSE,9.94108120749007e-06,0.00111630221870099,"SLA","Src like adaptor"
"ENSG00000179361",26.5833333333333,4.64601769911504,21.9373156342183,7.24914997793012e-11,FALSE,9.94312503435723e-06,0.00111630221870099,"ARID3B","AT-rich interaction domain 3B"
"ENSG00000111859",147.458333333333,17.1061946902655,130.352138643068,1.43628719777496e-18,FALSE,1.02486111412128e-05,0.00114345218589817,"NEDD9","neural precursor cell expressed, developmentally down-regulated 9"
"ENSG00000145819",21.0833333333333,4.06194690265487,17.0213864306785,8.01668729543345e-05,FALSE,1.06259013627089e-05,0.00117822880357,"ARHGAP26","Rho GTPase activating protein 26"
"ENSG00000118900",7.33333333333333,0.995575221238938,6.3377581120944,9.00986590086056e-08,FALSE,1.08997679716971e-05,0.00120118117837788,"UBN1","ubinuclein 1"
"ENSG00000182253",8.20833333333333,31.429203539823,-23.2208702064897,0.0317074236518446,FALSE,1.10638817047035e-05,0.00121183236013164,"SYNM","synemin"
"ENSG00000151577",2.16666666666667,7.56194690265487,-5.3952802359882,0.0432456473968489,FALSE,1.11876793257144e-05,0.00121796535592611,"DRD3","dopamine receptor D3"
"ENSG00000143409",4.20833333333333,0.929203539823009,3.27912979351032,0.000295590812147416,FALSE,1.18250959049106e-05,0.00127248834458597,"MINDY1","MINDY lysine 48 deubiquitinase 1"
"ENSG00000164442",0.375,1.83185840707965,-1.45685840707965,0.0405943849129407,FALSE,1.18301816815597e-05,0.00127248834458597,"CITED2","Cbp/p300 interacting transactivator with Glu/Asp rich carboxy-terminal domain 2"
"ENSG00000008516",6.79166666666667,2.36725663716814,4.42441002949853,0.0681473583767749,TRUE,1.21938363980696e-05,0.00130379692391979,"MMP25","matrix metallopeptidase 25"
"ENSG00000173757",65.4583333333333,11.0265486725664,54.431784660767,1.79898145817237e-09,FALSE,1.30351533061697e-05,0.00137741463011291,"STAT5B","signal transducer and activator of transcription 5B"
"ENSG00000134686",19.5,3.29646017699115,16.2035398230088,1.6625962810652e-09,FALSE,1.30531115044131e-05,0.00137741463011291,"PHC2","polyhomeotic homolog 2"
"ENSG00000111981",0.666666666666667,3.08407079646018,-2.41740412979351,0.0372624212862374,FALSE,1.31123922367816e-05,0.00137741463011291,"ULBP1","UL16 binding protein 1"
"ENSG00000198909",112.958333333333,16.712389380531,96.2459439528023,3.86971532056218e-12,FALSE,1.33075718030271e-05,0.00138979018777776,"MAP3K3","mitogen-activated protein kinase kinase kinase 3"
"ENSG00000241322",1.45833333333333,4.04424778761062,-2.58591445427729,0.0422463530429424,FALSE,1.3607316349678e-05,0.00140518659809355,"FBXW10B","F-box and WD repeat domain containing 10B"
"ENSG00000131626",27.75,4.2212389380531,23.5287610619469,2.42247279005644e-08,FALSE,1.36135850658781e-05,0.00140518659809355,"PPFIA1","PTPRF interacting protein alpha 1"
"ENSG00000171051",11.3333333333333,3.75221238938053,7.5811209439528,0.0502141488113299,TRUE,1.36896762604448e-05,0.00140518659809355,"FPR1","formyl peptide receptor 1"
"ENSG00000101150",12.125,0.907079646017699,11.2179203539823,4.80154909592666e-24,FALSE,1.37829254685069e-05,0.00140618667638124,"TPD52L2","TPD52 like 2"
"ENSG00000141551",58.9583333333333,8.60619469026549,50.3521386430678,1.83378554130781e-10,FALSE,1.38559840627668e-05,0.00140618667638124,"CSNK1D","casein kinase 1 delta"
"ENSG00000180353",213.708333333333,34.5,179.208333333333,2.37617252762201e-08,FALSE,1.40093730568928e-05,0.00141376611360093,"HCLS1","hematopoietic cell-specific Lyn substrate 1"
"ENSG00000185668",3.70833333333333,9.15044247787611,-5.44210914454277,0.0150872726926682,FALSE,1.43797148186441e-05,0.00144217394944426,"POU3F1","POU class 3 homeobox 1"
"ENSG00000168447",0.291666666666667,1.99557522123894,-1.70390855457227,0.0460504667956097,FALSE,1.44514452429977e-05,0.00144217394944426,"SCNN1B","sodium channel epithelial 1 subunit beta"
"ENSG00000144118",114.666666666667,21.7920353982301,92.8746312684366,5.97940007860277e-08,FALSE,1.46065296996743e-05,0.00144959719886878,"RALB","RAS like proto-oncogene B"
"ENSG00000015285",46.8333333333333,7.78761061946903,39.0457227138643,2.37417677429391e-10,FALSE,1.50510285249043e-05,0.00148550343622448,"WAS","WASP actin nucleation promoting factor"
"ENSG00000143119",28.6666666666667,4.37610619469027,24.2905604719764,1.21874300591087e-11,FALSE,1.57097763676894e-05,0.00154122353248778,"CD53","CD53 molecule"
"ENSG00000167414",3.375,9.20353982300885,-5.82853982300885,0.00889717371927411,FALSE,1.57871808705534e-05,0.00154122353248778,"GNG8","G protein subunit gamma 8"
"ENSG00000107593",1.29166666666667,3.54424778761062,-2.25258112094395,0.0259698700880286,FALSE,1.68925429193599e-05,0.00164022026194845,"PKD2L1","polycystin 2 like 1, transient receptor potential cation channel"
"ENSG00000142687",26.125,3.5929203539823,22.5320796460177,3.28238670470702e-12,FALSE,1.69852063855387e-05,0.00164035087259909,"KIAA0319L","KIAA0319 like"
"ENSG00000171777",24.1666666666667,5.02212389380531,19.1445427728614,3.80024622411133e-05,FALSE,1.73574105969589e-05,0.00166645759656157,"RASGRP4","RAS guanyl releasing protein 4"
"ENSG00000126790",0.25,1.23008849557522,-0.980088495575221,0.0408168435031095,FALSE,1.74410748846838e-05,0.00166645759656157,"L3HYPDH","trans-L-3-hydroxyproline dehydratase"
"ENSG00000178965",6.08333333333333,15.3982300884956,-9.31489675516224,0.0437403798514894,FALSE,1.78872457827769e-05,0.00169241088987024,"ERICH3","glutamate rich 3"
"ENSG00000163932",71.3333333333333,11.787610619469,59.5457227138643,4.60986538965648e-13,FALSE,1.79011339461864e-05,0.00169241088987024,"PRKCD","protein kinase C delta"
"ENSG00000163219",5.16666666666667,1.01327433628319,4.15339233038348,1.20522446881843e-05,FALSE,1.8694332733867e-05,0.00175257893248207,"ARHGAP25","Rho GTPase activating protein 25"
"ENSG00000072518",28.2916666666667,3.32743362831858,24.9642330383481,1.49114368157941e-16,FALSE,1.87326813470221e-05,0.00175257893248207,"MARK2","microtubule affinity regulating kinase 2"
"ENSG00000135365",119.541666666667,17.716814159292,101.824852507375,2.61356237367569e-13,FALSE,1.88419630725492e-05,0.00175366934027048,"PHF21A","PHD finger protein 21A"
"ENSG00000171475",26.2083333333333,4.39380530973451,21.8145280235988,1.47988235434141e-09,FALSE,1.93105195524096e-05,0.00178801475628832,"WIPF2","WAS/WASL interacting protein family member 2"
"ENSG00000139178",24.7083333333333,5.80530973451327,18.9030235988201,0.000400686886701737,FALSE,1.98635768167098e-05,0.00182901954531498,"C1RL","complement C1r subcomponent like"
"ENSG00000176463",3.54166666666667,0.884955752212389,2.65671091445428,0.00831252709611875,FALSE,1.99570133542135e-05,0.00182901954531498,"SLCO3A1","solute carrier organic anion transporter family member 3A1"
"ENSG00000143450",0.333333333333333,1.06194690265487,-0.728613569321534,0.0362716042059955,FALSE,2.00955918262613e-05,0.00183237114708189,"OAZ3","ornithine decarboxylase antizyme 3"
"ENSG00000165879",5.95833333333333,0.995575221238938,4.9627581120944,1.35735548309534e-07,FALSE,2.0379207896326e-05,0.00184884702748336,"FRAT1","FRAT regulator of WNT signaling pathway 1"
"ENSG00000142599",21.5833333333333,3.80088495575221,17.7824483775811,1.57116049370224e-07,FALSE,2.06537718436605e-05,0.00186434021923454,"RERE","arginine-glutamic acid dipeptide repeats"
"ENSG00000165449",0.416666666666667,1.85840707964602,-1.44174041297935,0.0448936181083828,FALSE,2.14385174906234e-05,0.00192550044842034,"SLC16A9","solute carrier family 16 member 9"
"ENSG00000161638",27.2083333333333,6.98230088495575,20.2260324483776,0.000613874757327701,FALSE,2.15815268056575e-05,0.00192870132343296,"ITGA5","integrin subunit alpha 5"
"ENSG00000144711",12.3333333333333,1.85398230088496,10.4793510324484,5.82257501621507e-13,FALSE,2.31503696703997e-05,0.00205866381380886,"IQSEC1","IQ motif and Sec7 domain ArfGEF 1"
"ENSG00000132589",19.8333333333333,2.9070796460177,16.9262536873156,1.32652202247029e-09,FALSE,2.37158151570231e-05,0.00209855757470742,"FLOT2","flotillin 2"
"ENSG00000165030",45.75,10.0442477876106,35.7057522123894,1.68273127100741e-06,FALSE,2.45550685847148e-05,0.00216217008327074,"NFIL3","nuclear factor, interleukin 3 regulated"
"ENSG00000162374",2.33333333333333,7.9070796460177,-5.57374631268437,0.0167507600281256,FALSE,2.50218244203372e-05,0.00219252210762203,"ELAVL4","ELAV like RNA binding protein 4"
"ENSG00000163320",3.66666666666667,9.66814159292035,-6.00147492625369,0.0440554725508748,FALSE,2.62940250013769e-05,0.00229281345194045,"CGGBP1","CGG triplet repeat binding protein 1"
"ENSG00000132334",48.8333333333333,8.49557522123894,40.3377581120944,1.716996654426e-10,FALSE,2.65462120324188e-05,0.00229856115118357,"PTPRE","protein tyrosine phosphatase receptor type E"
"ENSG00000184922",22.25,3.98672566371681,18.2632743362832,4.06857533395937e-11,FALSE,2.66681948358675e-05,0.00229856115118357,"FMNL1","formin like 1"
"ENSG00000121060",56.875,10.787610619469,46.087389380531,4.96315495595204e-07,FALSE,2.67438223346527e-05,0.00229856115118357,"TRIM25","tripartite motif containing 25"
"ENSG00000214102",2.83333333333333,18.5530973451327,-15.7197640117994,0.0428823896029696,FALSE,2.95581385345751e-05,0.0025283468690313,"WEE2","WEE2 oocyte meiosis inhibiting kinase"
"ENSG00000116701",16.1666666666667,2.98672566371681,13.1799410029499,4.597458558696e-06,FALSE,3.14123902834812e-05,0.00267422164294868,"NCF2","neutrophil cytosolic factor 2"
"ENSG00000036672",4.58333333333333,12.4867256637168,-7.90339233038348,0.0412771427066332,FALSE,3.16812345448279e-05,0.00268438686853181,"USP2","ubiquitin specific peptidase 2"
"ENSG00000166762",3.20833333333333,11.5840707964602,-8.37573746312684,0.0258838642884959,FALSE,3.22745891781574e-05,0.00272182368735794,"CATSPER2","cation channel sperm associated 2"
"ENSG00000197405",12,3.4070796460177,8.5929203539823,0.0244294153620581,FALSE,3.25829108413079e-05,0.00273498517496455,"C5AR1","complement C5a receptor 1"
"ENSG00000213654",15.0833333333333,2.7212389380531,12.3620943952802,2.59808352115016e-11,FALSE,3.41919235937483e-05,0.00285669545820698,"GPSM3","G protein signaling modulator 3"
"ENSG00000127084",4.91666666666667,0.845132743362832,4.07153392330383,2.51297333318047e-08,FALSE,3.46011498719415e-05,0.00286893904579526,"FGD3","FYVE, RhoGEF and PH domain containing 3"
"ENSG00000205352",28.375,6.13716814159292,22.2378318584071,5.89764908971016e-07,FALSE,3.46578952812766e-05,0.00286893904579526,"PRR13","proline rich 13"
"ENSG00000142347",31.25,6.98672566371681,24.2632743362832,1.20021468947155e-06,FALSE,3.61699595995737e-05,0.0029803714875557,"MYO1F","myosin IF"
"ENSG00000163191",75.0833333333333,18.3097345132743,56.773598820059,0.00159699309768777,FALSE,3.6590725561551e-05,0.00300127490074037,"S100A11","S100 calcium binding protein A11"
"ENSG00000003402",44.3333333333333,7.6283185840708,36.7050147492625,1.02732522928895e-09,FALSE,3.68331242361822e-05,0.00300317122719197,"CFLAR","CASP8 and FADD like apoptosis regulator"
"ENSG00000101883",1.45833333333333,3.64601769911504,-2.18768436578171,0.0159958355662569,FALSE,3.69592550033383e-05,0.00300317122719197,"RHOXF1","Rhox homeobox family member 1"
"ENSG00000173334",70.3333333333333,15.570796460177,54.7625368731563,0.000118243582796961,FALSE,3.71154045781115e-05,0.00300317122719197,"TRIB1","tribbles pseudokinase 1"
"ENSG00000180891",3.125,0.738938053097345,2.38606194690265,0.00291137362392158,FALSE,3.79722679094232e-05,0.00304684570592291,"CUEDC1","CUE domain containing 1"
"ENSG00000146122",138.958333333333,16.0752212389381,122.883112094395,1.31106411510855e-23,FALSE,3.79944017216909e-05,0.00304684570592291,"DAAM2","dishevelled associated activator of morphogenesis 2"
"ENSG00000112242",54.3333333333333,6.30973451327434,48.023598820059,1.24571231164145e-17,FALSE,3.87184556348987e-05,0.00309110941586527,"E2F3","E2F transcription factor 3"
"ENSG00000112818",0.458333333333333,1.53097345132743,-1.0726401179941,0.0257929220678533,FALSE,3.94747540080479e-05,0.00313754427542728,"MEP1A","meprin A subunit alpha"
"ENSG00000076685",5,0.929203539823009,4.07079646017699,8.02689482418746e-07,FALSE,4.07027097712392e-05,0.00322089328467299,"NT5C2","5'-nucleotidase, cytosolic II"
"ENSG00000172197",35.75,7.91592920353982,27.8340707964602,2.75051590203811e-05,FALSE,4.18448303581381e-05,0.00329674863036506,"MBOAT1","membrane bound glycerophospholipid O-acyltransferase 1"
"ENSG00000035862",11.0833333333333,2.76106194690265,8.32227138643068,0.000678003620408917,FALSE,4.21753442288106e-05,0.00330827820254203,"TIMP2","TIMP metallopeptidase inhibitor 2"
"ENSG00000100605",27.8333333333333,4.7212389380531,23.1120943952802,1.09730033371869e-12,FALSE,4.2628448154556e-05,0.00332928180087082,"ITPK1","inositol-tetrakisphosphate 1-kinase"
"ENSG00000002834",22.3333333333333,3.61946902654867,18.7138643067847,1.55028672942892e-09,FALSE,4.28558857697846e-05,0.00333255530771706,"LASP1","LIM and SH3 protein 1"
"ENSG00000113916",100.958333333333,26.0663716814159,74.8919616519174,0.00242866235316669,FALSE,4.64805383157755e-05,0.00359883581795808,"BCL6","BCL6 transcription repressor"
"ENSG00000047578",46.4166666666667,8.05309734513274,38.3635693215339,2.9976668796558e-11,FALSE,4.7282408260412e-05,0.0036452098694497,"KATNIP","katanin interacting protein"
"ENSG00000171643",5.16666666666667,19.6769911504425,-14.5103244837758,0.0307360498604218,FALSE,4.76009174760713e-05,0.00365048551562706,"S100Z","S100 calcium binding protein Z"
"ENSG00000127527",43.7916666666667,7.94247787610619,35.8491887905605,1.88068657536331e-07,FALSE,4.77572842048856e-05,0.00365048551562706,"EPS15L1","epidermal growth factor receptor pathway substrate 15 like 1"
"ENSG00000107147",2.54166666666667,6.9646017699115,-4.42293510324484,0.0470974156384921,FALSE,4.80242846489889e-05,0.00365533993707537,"KCNT1","potassium sodium-activated channel subfamily T member 1"
"ENSG00000103313",27.7083333333333,5.47345132743363,22.2348820058997,8.63288685370559e-06,FALSE,5.1245671194785e-05,0.00388407591422752,"MEFV","MEFV innate immunity regulator, pyrin"
"ENSG00000173120",78.5,12.1548672566372,66.3451327433628,2.10574254728075e-13,FALSE,5.20584943879072e-05,0.00392910392726881,"KDM2A","lysine demethylase 2A"
"ENSG00000162552",4.25,24.5132743362832,-20.2632743362832,0.0354395783992046,FALSE,5.29125662504493e-05,0.00397685534542603,"WNT4","Wnt family member 4"
"ENSG00000066136",25.5416666666667,3.3141592920354,22.2275073746313,2.9657036207492e-15,FALSE,5.33476303148771e-05,0.00399284784727558,"NFYC","nuclear transcription factor Y subunit gamma"
"ENSG00000197321",19.125,4.41150442477876,14.7134955752212,0.000624800213941993,FALSE,5.52544844173029e-05,0.00411840789870544,"SVIL","supervillin"
"ENSG00000006007",10.6666666666667,1.92477876106195,8.74188790560472,1.36784970540691e-09,FALSE,5.66083015298121e-05,0.00420187983628105,"GDE1","glycerophosphodiester phosphodiesterase 1"
"ENSG00000188559",7.70833333333333,1.11946902654867,6.58886430678466,8.80278504379941e-10,FALSE,5.76831345809207e-05,0.00426049061648169,"RALGAPA2","Ral GTPase activating protein catalytic subunit alpha 2"
"ENSG00000132485",1.04166666666667,3.98672566371681,-2.94505899705015,0.0407021080633761,FALSE,5.78722769259885e-05,0.00426049061648169,"ZRANB2","zinc finger RANBP2-type containing 2"
"ENSG00000033327",7.375,1.10176991150442,6.27323008849558,4.01547868478248e-06,FALSE,5.83857050200482e-05,0.0042807445684699,"GAB2","GRB2 associated binding protein 2"
"ENSG00000092036",12.6666666666667,2.2212389380531,10.4454277286136,5.6427072740757e-10,FALSE,5.87879916482996e-05,0.0042927182682049,"HAUS4","HAUS augmin like complex subunit 4"
"ENSG00000183283",10.0833333333333,2.40265486725664,7.6806784660767,0.000895291242654469,FALSE,5.93209409046493e-05,0.00430031513471572,"DAZAP2","DAZ associated protein 2"
"ENSG00000248746",6.08333333333333,14.1504424778761,-8.06710914454277,0.0221229017758027,FALSE,5.93708263324332e-05,0.00430031513471572,"ACTN3","actinin alpha 3"
"ENSG00000183166",13.2083333333333,30.4159292035398,-17.2075958702065,0.0165734524151775,FALSE,5.97745955769606e-05,0.00431217293312828,"CALN1","calneuron 1"
"ENSG00000165006",2.04166666666667,0.283185840707965,1.7584808259587,3.35824255879453e-10,FALSE,6.08163457283481e-05,0.00436977607327327,"UBAP1","ubiquitin associated protein 1"
"ENSG00000175137",13.25,2.15486725663717,11.0951327433628,8.47178556263259e-08,FALSE,6.1091194507119e-05,0.00437203636227641,"SH3BP5L","SH3 binding domain protein 5 like"
"ENSG00000100991",6.625,0.960176991150443,5.66482300884956,1.49448913422818e-11,FALSE,6.16949686576999e-05,0.0043977250872947,"TRPC4AP","transient receptor potential cation channel subfamily C member 4 associated protein"
"ENSG00000197208",24.9166666666667,6.81858407079646,18.0980825958702,6.16240193986517e-05,FALSE,6.21489864856364e-05,0.00441257804048019,"SLC22A4","solute carrier family 22 member 4"
"ENSG00000182022",15.4166666666667,3.02654867256637,12.3901179941003,3.06068115444732e-08,FALSE,6.2742383178185e-05,0.00441558360434926,"CHST15","carbohydrate sulfotransferase 15"
"ENSG00000166579",20.875,4.88053097345133,15.9944690265487,0.000121690097310963,FALSE,6.27970400281878e-05,0.00441558360434926,"NDEL1","nudE neurodevelopment protein 1 like 1"
"ENSG00000141968",28.1666666666667,3.59734513274336,24.5693215339233,9.02524766998477e-19,FALSE,6.29287648340149e-05,0.00441558360434926,"VAV1","vav guanine nucleotide exchange factor 1"
"ENSG00000176095",10.1666666666667,1.69026548672566,8.476401179941,1.09909983650173e-07,FALSE,6.51753210002747e-05,0.00454606796026027,"IP6K1","inositol hexakisphosphate kinase 1"
"ENSG00000111913",60.2083333333333,7.90265486725664,52.3056784660767,1.18163354557051e-22,FALSE,6.52945239518538e-05,0.00454606796026027,"RIPOR2","RHO family interacting cell polarization regulator 2"
"ENSG00000123329",30.0416666666667,6.66371681415929,23.3779498525074,2.94777892062147e-07,FALSE,6.64540521572115e-05,0.00459207330584415,"ARHGAP9","Rho GTPase activating protein 9"
"ENSG00000106829",25.625,6.61061946902655,19.0143805309735,7.14762383738122e-06,FALSE,6.6466573485469e-05,0.00459207330584415,"TLE4","TLE family member 4, transcriptional corepressor"
"ENSG00000075785",107.416666666667,14.429203539823,92.9874631268437,1.04097853486318e-14,FALSE,7.02017046146599e-05,0.00483154490418826,"RAB7A","RAB7A, member RAS oncogene family"
"ENSG00000158470",4.16666666666667,0.871681415929204,3.29498525073746,1.65594034426567e-07,FALSE,7.09268618488447e-05,0.00486282144805648,"B4GALT5","beta-1,4-galactosyltransferase 5"
"ENSG00000120899",48.75,6.69911504424779,42.0508849557522,2.11343920827053e-18,FALSE,7.19204267428252e-05,0.00491219249270482,"PTK2B","protein tyrosine kinase 2 beta"
"ENSG00000100938",42.3333333333333,6.73008849557522,35.6032448377581,2.28347409929121e-11,FALSE,7.22154186225858e-05,0.00491365744211178,"GMPR2","guanosine monophosphate reductase 2"
"ENSG00000203499",4.875,11.4513274336283,-6.57632743362832,0.00241968729693224,FALSE,7.28557800428426e-05,0.00493852217701729,"IQANK1","IQ motif and ankyrin repeat containing 1"
"ENSG00000166888",47.0416666666667,9.48672566371681,37.5549410029498,5.64635824790617e-07,FALSE,7.32216257394205e-05,0.00494466189156846,"STAT6","signal transducer and activator of transcription 6"
"ENSG00000159588",61.0833333333333,9.70796460176991,51.3753687315634,9.53033844751262e-11,FALSE,7.60921390639147e-05,0.00511926252436367,"CCDC17","coiled-coil domain containing 17"
"ENSG00000084110",8.75,1.73893805309735,7.01106194690265,3.37275891221039e-07,FALSE,7.64337201700207e-05,0.00512305565453016,"HAL","histidine ammonia-lyase"
"ENSG00000137106",2.875,9.61504424778761,-6.74004424778761,0.040973036679804,FALSE,7.77488415004891e-05,0.0051918306314992,"GRHPR","glyoxylate and hydroxypyruvate reductase"
"ENSG00000136040",16.6666666666667,4.03982300884956,12.6268436578171,8.46697114045572e-06,FALSE,7.88707840844043e-05,0.00524724405373391,"PLXNC1","plexin C1"
"ENSG00000100504",21.9583333333333,8.60619469026549,13.3521386430678,0.0530400385600126,TRUE,8.19525325887757e-05,0.0054321525567977,"PYGL","glycogen phosphorylase L"
"ENSG00000117676",24.6666666666667,4.48672566371681,20.1799410029499,6.442621581493e-09,FALSE,8.33180644139776e-05,0.00550236173186868,"RPS6KA1","ribosomal protein S6 kinase A1"
"ENSG00000088833",36.5,4.70353982300885,31.7964601769912,4.11218056494462e-12,FALSE,8.37367938817887e-05,0.00550975834614861,"NSFL1C","NSFL1 cofactor"
"ENSG00000103569",71.875,28.3982300884956,43.4767699115044,0.238966140049028,TRUE,8.51854889007155e-05,0.00558462385811516,"AQP9","aquaporin 9"
"ENSG00000143384",38.0833333333333,7.94690265486726,30.1364306784661,2.95808110097325e-08,FALSE,8.59442381551585e-05,0.00561387763629495,"MCL1","MCL1 apoptosis regulator, BCL2 family member"
"ENSG00000239998",27.4583333333333,5.83185840707965,21.6264749262537,0.000104581702204156,FALSE,8.86394056809484e-05,0.00576894798640173,"LILRA2","leukocyte immunoglobulin like receptor A2"
"ENSG00000185591",116.541666666667,27.358407079646,89.1832595870207,8.83151593482454e-06,FALSE,8.90890883524783e-05,0.0057772826500923,"SP1","Sp1 transcription factor"
"ENSG00000156711",179.75,37.3141592920354,142.435840707965,1.30348174876007e-07,FALSE,9.02255910220214e-05,0.00582993630046249,"MAPK13","mitogen-activated protein kinase 13"
"ENSG00000159128",14.3333333333333,2.65486725663717,11.6784660766962,7.28307965230067e-07,FALSE,9.21682055727437e-05,0.00593411281972471,"IFNGR2","interferon gamma receptor 2"
"ENSG00000105784",0.166666666666667,0.712389380530973,-0.545722713864307,0.0452471304500117,FALSE,9.4478445498956e-05,0.00606112970177766,"RUNDC3B","RUN domain containing 3B"
"ENSG00000087116",33.8333333333333,4.57964601769912,29.2536873156342,2.08701548852976e-09,FALSE,9.59101514954374e-05,0.00613108203314072,"ADAMTS2","ADAM metallopeptidase with thrombospondin type 1 motif 2"
"ENSG00000151726",50.375,11.4424778761062,38.9325221238938,2.80549426263044e-05,FALSE,9.65945914486451e-05,0.0061450181975818,"ACSL1","acyl-CoA synthetase long chain family member 1"
"ENSG00000138964",15.625,3.84070796460177,11.7842920353982,1.13999677065491e-06,FALSE,9.68123448152118e-05,0.0061450181975818,"PARVG","parvin gamma"
"ENSG00000071054",47.25,6.73451327433628,40.5154867256637,2.85112907728959e-11,FALSE,9.8891331026577e-05,0.00623714423481741,"MAP4K4","mitogen-activated protein kinase kinase kinase kinase 4"
"ENSG00000102921",2.79166666666667,0.721238938053097,2.07042772861357,0.000701632860455387,FALSE,9.89870239180841e-05,0.00623714423481741,"N4BP1","NEDD4 binding protein 1"
"ENSG00000072163",0.916666666666667,3.03097345132743,-2.11430678466077,0.026495790925005,FALSE,9.93452138542311e-05,0.00623714423481741,"LIMS2","LIM zinc finger domain containing 2"
"ENSG00000188315",3.33333333333333,0.52212389380531,2.81120943952802,2.48742684333566e-13,FALSE,9.96526412844512e-05,0.00623714423481741,"C3orf62","chromosome 3 open reading frame 62"
"ENSG00000242220",4.08333333333333,12.5221238938053,-8.43879056047198,0.0247229985021521,FALSE,0.000100986440834663,0.0062986785996981,"TCP10L","t-complex 10 like"
"ENSG00000182541",66.75,17.3716814159292,49.3783185840708,0.000991083511180948,FALSE,0.000101596366325096,0.006314794215563,"LIMK2","LIM domain kinase 2"
"ENSG00000013810",58.75,13,45.75,1.73217439906703e-06,FALSE,0.000102249104398282,0.00633345055967704,"TACC3","transforming acidic coiled-coil containing protein 3"
"ENSG00000109466",23.7083333333333,3.17699115044248,20.5313421828909,1.17141503025085e-15,FALSE,0.00010549908377429,0.00650548550878137,"KLHL2","kelch like family member 2"
"ENSG00000197555",18.0416666666667,2.64159292035398,15.4000737463127,1.15597111050474e-14,FALSE,0.000105750808248297,0.00650548550878137,"SIPA1L1","signal induced proliferation associated 1 like 1"
"ENSG00000160712",8.08333333333333,1.82300884955752,6.26032448377581,1.79115661235022e-05,FALSE,0.000108393949545233,0.00662971038203157,"IL6R","interleukin 6 receptor"
"ENSG00000123405",11.7916666666667,2.84070796460177,8.9509587020649,0.000290614747322685,FALSE,0.000108712431024568,0.00662971038203157,"NFE2","nuclear factor, erythroid 2"
"ENSG00000198373",95.0416666666667,15.1150442477876,79.9266224188791,5.68350335325527e-10,FALSE,0.000108877390341219,0.00662971038203157,"WWP2","WW domain containing E3 ubiquitin protein ligase 2"
"ENSG00000113719",36.9166666666667,4.9070796460177,32.009587020649,2.12090687124894e-18,FALSE,0.000111170472307336,0.00674647025019149,"ERGIC1","endoplasmic reticulum-golgi intermediate compartment 1"
"ENSG00000100266",16.625,2.78761061946903,13.837389380531,7.86467114417428e-09,FALSE,0.000112471385850728,0.00680243604052734,"PACSIN2","protein kinase C and casein kinase substrate in neurons 2"
"ENSG00000131759",63.375,14.9469026548673,48.4280973451327,2.98694460035977e-07,FALSE,0.000115256651570846,0.00694750077908426,"RARA","retinoic acid receptor alpha"
"ENSG00000047457",2.33333333333333,13.287610619469,-10.9542772861357,0.0449279161833618,FALSE,0.000116680773848881,0.00699061204737206,"CP","ceruloplasmin"
"ENSG00000158796",3.29166666666667,0.398230088495575,2.89343657817109,6.54759985547774e-15,FALSE,0.000117012662307612,0.00699061204737206,"DEDD","death effector domain containing"
"ENSG00000173110",125.708333333333,37.429203539823,88.2791297935103,0.0336760745426768,FALSE,0.000117485105814031,0.00699061204737206,"HSPA6","heat shock protein family A (Hsp70) member 6"
"ENSG00000204577",5.16666666666667,1.03982300884956,4.12684365781711,0.000175799293855666,FALSE,0.000117528521867526,0.00699061204737206,"LILRB3","leukocyte immunoglobulin like receptor B3"
"ENSG00000079277",13.2916666666667,1.74778761061947,11.5438790560472,1.11943348995582e-12,FALSE,0.000118123826808699,0.00700283267645104,"MKNK1","MAPK interacting serine/threonine kinase 1"
"ENSG00000181192",17.9166666666667,2.82300884955752,15.0936578171091,1.21195518497467e-12,FALSE,0.000119131920777611,0.00703936412147443,"DHTKD1","dehydrogenase E1 and transketolase domain containing 1"
"ENSG00000100461",21.8333333333333,3.85840707964602,17.9749262536873,1.03991497583537e-08,FALSE,0.000120342950236064,0.00705773881020776,"RBM23","RNA binding motif protein 23"
"ENSG00000152213",72.7916666666667,15.2256637168142,57.5660029498525,6.88078567813499e-07,FALSE,0.000120952069799337,0.00705773881020776,"ARL11","ARF like GTPase 11"
"ENSG00000109118",40.7916666666667,6.88495575221239,33.9067109144543,1.36153353055758e-09,FALSE,0.000120957089484639,0.00705773881020776,"PHF12","PHD finger protein 12"
"ENSG00000141506",1.29166666666667,0.128318584070796,1.16334808259587,2.972972421413e-15,FALSE,0.000121014505012748,0.00705773881020776,"PIK3R5","phosphoinositide-3-kinase regulatory subunit 5"
"ENSG00000078618",22.5,3.29646017699115,19.2035398230088,1.2396654537781e-11,FALSE,0.000122371742346299,0.00711379808338698,"NRDC","nardilysin convertase"
"ENSG00000129465",87.2083333333333,21.8805309734513,65.327802359882,0.000285816495659478,FALSE,0.000123458085708676,0.00715379868898368,"RIPK3","receptor interacting serine/threonine kinase 3"
"ENSG00000022277",4.83333333333333,1,3.83333333333333,1.43939515893255e-06,FALSE,0.000124684566053431,0.00720163620584496,"RTF2","replication termination factor 2"
"ENSG00000114656",84.9166666666667,15.1150442477876,69.8016224188791,1.00092327413241e-09,FALSE,0.000125682807117145,0.00723602648796565,"CFAP92","cilia and flagella associated protein 92 (putative)"
"ENSG00000135636",7.875,1.97787610619469,5.89712389380531,0.000281287404584541,FALSE,0.000127475005167342,0.00731576203776664,"DYSF","dysferlin"
"ENSG00000169402",1.29166666666667,3.78318584070796,-2.4915191740413,0.0276750464258838,FALSE,0.000129150816575208,0.00738833158643461,"RSPH10B2","radial spoke head 10 homolog B2"
"ENSG00000225190",3.70833333333333,0.619469026548673,3.08886430678466,2.58634365159891e-10,FALSE,0.000129938615481736,0.00740980111078864,"PLEKHM1","pleckstrin homology and RUN domain containing M1"
"ENSG00000011198",32.7083333333333,8.0929203539823,24.615412979351,3.06408767144004e-05,FALSE,0.000131635341039399,0.00744167204599376,"ABHD5","abhydrolase domain containing 5, lysophosphatidic acid acyltransferase"
"ENSG00000181274",4.25,1.13716814159292,3.11283185840708,0.0066922128544831,FALSE,0.000131636275165907,0.00744167204599376,"FRAT2","FRAT regulator of WNT signaling pathway 2"
"ENSG00000114857",10.9166666666667,32.3053097345133,-21.3886430678466,0.0490995262978818,FALSE,0.000131740339065079,0.00744167204599376,"NKTR","natural killer cell triggering receptor"
"ENSG00000172382",2.79166666666667,9.02212389380531,-6.23045722713864,0.0361792430714789,FALSE,0.000132521661322615,0.00746234044620103,"PRSS27","serine protease 27"
"ENSG00000005302",68.5833333333333,8.93362831858407,59.6497050147493,1.3757185597528e-16,FALSE,0.000133667699157045,0.00746938684183477,"MSL3","MSL complex subunit 3"
"ENSG00000167193",57.0833333333333,10.2212389380531,46.8620943952802,2.76168313175228e-10,FALSE,0.000133866933190718,0.00746938684183477,"CRK","CRK proto-oncogene, adaptor protein"
"ENSG00000096063",100.375,18.1592920353982,82.2157079646018,1.99582467249263e-09,FALSE,0.000133894258368357,0.00746938684183477,"SRPK1","SRSF protein kinase 1"
"ENSG00000169902",99.9583333333333,15.6725663716814,84.2857669616519,1.45704888034743e-16,FALSE,0.000135875936080927,0.0075564688539371,"TPST1","tyrosylprotein sulfotransferase 1"
"ENSG00000102010",71.7916666666667,15.6946902654867,56.0969764011799,3.95637270157199e-08,FALSE,0.000138684641880895,0.0076888648830448,"BMX","BMX non-receptor tyrosine kinase"
"ENSG00000124126",42.6666666666667,4.95575221238938,37.7109144542773,1.65761354550261e-20,FALSE,0.000142235479598322,0.00786146436930665,"PREX1","phosphatidylinositol-3,4,5-trisphosphate dependent Rac exchange factor 1"
"ENSG00000135334",286.791666666667,57.5309734513274,229.260693215339,1.85879265449999e-07,FALSE,0.000143259126970749,0.00789299432607186,"AKIRIN2","akirin 2"
"ENSG00000116793",71.1666666666667,8.26991150442478,62.8967551622419,9.25659151600362e-24,FALSE,0.000143684748907504,0.00789299432607186,"PHTF1","putative homeodomain transcription factor 1"
"ENSG00000178297",1.58333333333333,4.87610619469027,-3.29277286135693,0.0484178812758941,FALSE,0.000144326496087022,0.00790407575979019,"TMPRSS9","transmembrane serine protease 9"
"ENSG00000122592",5.66666666666667,12.0929203539823,-6.42625368731563,0.0145724816913184,FALSE,0.000144913680215204,0.00791211075290488,"HOXA7","homeobox A7"
"ENSG00000160161",0.25,0.933628318584071,-0.683628318584071,0.0163786772514958,FALSE,0.000145578373026527,0.0079243161050773,"CILP2","cartilage intermediate layer protein 2"
"ENSG00000168461",37.75,8.49557522123894,29.2544247787611,2.20855563267223e-06,FALSE,0.000148012890085812,0.00803249409248168,"RAB31","RAB31, member RAS oncogene family"
"ENSG00000120149",6.16666666666667,17.7699115044248,-11.6032448377581,0.0212621315717064,FALSE,0.000149340783823143,0.00808014608378049,"MSX2","msh homeobox 2"
"ENSG00000107317",3.375,8.38938053097345,-5.01438053097345,0.0414064303469453,FALSE,0.000150522073469324,0.0081196036208092,"PTGDS","prostaglandin D2 synthase"
"ENSG00000084070",32.5833333333333,5.25221238938053,27.3311209439528,1.02267845949351e-14,FALSE,0.000151312996283,0.00813783039590281,"SMAP2","small ArfGAP2"
"ENSG00000112195",12.3333333333333,2.30530973451327,10.0280235988201,5.17526298526357e-08,FALSE,0.000153863765178102,0.00825031287729628,"TREML2","triggering receptor expressed on myeloid cells like 2"
"ENSG00000075426",64.9583333333333,17.2654867256637,47.6928466076696,0.00206522829991297,FALSE,0.000160100871514801,0.00855920224708441,"FOSL2","FOS like 2, AP-1 transcription factor subunit"
"ENSG00000177663",16.75,2.82743362831858,13.9225663716814,2.41361202750362e-08,FALSE,0.000161465476778113,0.00859093786153155,"IL17RA","interleukin 17 receptor A"
"ENSG00000197943",18.7083333333333,3.79203539823009,14.9162979351032,1.58916430648054e-05,FALSE,0.000161651004687283,0.00859093786153155,"PLCG2","phospholipase C gamma 2"
"ENSG00000112062",257.041666666667,43.0442477876106,213.997418879056,4.37412835850086e-15,FALSE,0.000162433495575947,0.00860705864610838,"MAPK14","mitogen-activated protein kinase 14"
"ENSG00000018280",15.75,4.19469026548673,11.5553097345133,0.000188145427172198,FALSE,0.000166122894019965,0.00877666336847246,"SLC11A1","solute carrier family 11 member 1"
"ENSG00000007944",57.75,13.429203539823,44.320796460177,1.43882765718305e-07,FALSE,0.000169494251445109,0.0089285197616085,"MYLIP","myosin regulatory light chain interacting protein"
"ENSG00000127334",47.6666666666667,10.0884955752212,37.5781710914454,1.9441097630141e-08,FALSE,0.000170671505750534,0.00896424636782705,"DYRK2","dual specificity tyrosine phosphorylation regulated kinase 2"
"ENSG00000092871",9.41666666666667,1.68141592920354,7.73525073746313,1.50705521845863e-09,FALSE,0.000176088496621005,0.00922180077202073,"RFFL","ring finger and FYVE like domain containing E3 ubiquitin protein ligase"
"ENSG00000146592",48.8333333333333,15.8982300884956,32.9351032448378,0.00979964142852034,FALSE,0.000176602330597366,0.00922182460616418,"CREB5","cAMP responsive element binding protein 5"
"ENSG00000138185",5.83333333333333,1.26548672566372,4.56784660766962,4.17320396734212e-08,FALSE,0.00018419908875671,0.00959063255459939,"ENTPD1","ectonucleoside triphosphate diphosphohydrolase 1"
"ENSG00000035681",25.4583333333333,4.00884955752212,21.4494837758112,1.91663949556553e-16,FALSE,0.000189837980473172,0.00985566370878494,"NSMAF","neutral sphingomyelinase activation associated factor"
"ENSG00000198604",35.0833333333333,5.82300884955752,29.2603244837758,1.4547257826001e-13,FALSE,0.000191076008876652,0.00989134970447062,"BAZ1A","bromodomain adjacent to zinc finger domain 1A"
"ENSG00000160796",9.875,2.2787610619469,7.5962389380531,0.000332207603937245,FALSE,0.000192995329316919,0.00996199741528682,"NBEAL2","neurobeachin like 2"
"ENSG00000156639",8.33333333333333,1.6283185840708,6.70501474926254,3.29508967741334e-06,FALSE,0.000195037395385518,0.0100208521382279,"ZFAND3","zinc finger AN1-type containing 3"
"ENSG00000140455",41.7916666666667,11.4690265486726,30.3226401179941,0.0094173800180661,FALSE,0.000195599650210617,0.0100208521382279,"USP3","ubiquitin specific peptidase 3"
"ENSG00000130775",1.54166666666667,0.345132743362832,1.19653392330383,5.23775442535695e-05,FALSE,0.000195809113205923,0.0100208521382279,"THEMIS2","thymocyte selection associated family member 2"
"ENSG00000162877",2.66666666666667,9.6858407079646,-7.01917404129794,0.0283841083189041,FALSE,0.000199074362309053,0.0101590135515839,"PM20D1","peptidase M20 domain containing 1"
"ENSG00000132694",23.5416666666667,5.12389380530973,18.4177728613569,5.37003484833434e-06,FALSE,0.000200607314073771,0.0101709324096424,"ARHGEF11","Rho guanine nucleotide exchange factor 11"
"ENSG00000118520",42.4166666666667,8.18141592920354,34.2352507374631,2.80131306312023e-12,FALSE,0.000200793531157647,0.0101709324096424,"ARG1","arginase 1"
"ENSG00000196352",42.7083333333333,8.9070796460177,33.8012536873156,2.04830343565432e-08,FALSE,0.000201006569360523,0.0101709324096424,"CD55","CD55 molecule (Cromer blood group)"
"ENSG00000139083",28.25,7.61504424778761,20.6349557522124,0.000200253029160966,FALSE,0.00020261578018316,0.0101905637227482,"ETV6","ETS variant transcription factor 6"
"ENSG00000198736",6.25,2.13716814159292,4.11283185840708,0.0692445392233115,TRUE,0.000203102155052974,0.0101905637227482,"MSRB1","methionine sulfoxide reductase B1"
"ENSG00000213390",31,4.55752212389381,26.4424778761062,2.19695529426836e-20,FALSE,0.000203356408412016,0.0101905637227482,"ARHGAP19","Rho GTPase activating protein 19"
"ENSG00000165801",6.83333333333333,1.9070796460177,4.92625368731563,0.000445534574079457,FALSE,0.000203663774228504,0.0101905637227482,"ARHGEF40","Rho guanine nucleotide exchange factor 40"
"ENSG00000105352",49.9583333333333,12.5752212389381,37.3831120943953,0.000225045449733975,FALSE,0.000205422379637544,0.0102500061261922,"CEACAM4","CEA cell adhesion molecule 4"
"ENSG00000008130",11.0416666666667,2.56637168141593,8.47529498525074,4.55483533972177e-06,FALSE,0.000206419537510078,0.0102712303387633,"NADK","NAD kinase"
"ENSG00000166986",119.958333333333,29.8053097345133,90.1530235988201,1.75814171456916e-06,FALSE,0.000208500817130235,0.0103283350997374,"MARS1","methionyl-tRNA synthetase 1"
"ENSG00000083444",18.0833333333333,4.14601769911504,13.9373156342183,2.84219769555154e-07,FALSE,0.000209229497552766,0.0103283350997374,"PLOD1","procollagen-lysine,2-oxoglutarate 5-dioxygenase 1"
"ENSG00000119682",33.125,5.96017699115044,27.1648230088496,1.08843712111913e-09,FALSE,0.000209292099109526,0.0103283350997374,"AREL1","apoptosis resistant E3 ubiquitin protein ligase 1"
"ENSG00000204160",6.83333333333333,2,4.83333333333333,0.0298178926911939,FALSE,0.00021175353995022,0.0103927599570334,"ZDHHC18","zinc finger DHHC-type palmitoyltransferase 18"
"ENSG00000140044",54.9166666666667,9.78318584070797,45.1334808259587,2.51472042509779e-08,FALSE,0.000211754726063254,0.0103927599570334,"JDP2","Jun dimerization protein 2"
"ENSG00000188042",96.125,16.2787610619469,79.8462389380531,9.42193908755361e-13,FALSE,0.000214751148210243,0.0105111032024539,"ARL4C","ARF like GTPase 4C"
"ENSG00000108788",6.875,0.778761061946903,6.0962389380531,9.80067917081616e-23,FALSE,0.000215921450470806,0.0105396658011062,"MLX","MAX dimerization protein MLX"
"ENSG00000012232",4.20833333333333,0.907079646017699,3.30125368731563,9.05261822172629e-07,FALSE,0.000216541807745355,0.0105413021477773,"EXTL3","exostosin like glycosyltransferase 3"
"ENSG00000108424",94.875,17.5044247787611,77.3705752212389,2.10962997895574e-10,FALSE,0.000222299527361851,0.0107923416486512,"KPNB1","karyopherin subunit beta 1"
"ENSG00000197496",14.25,34.929203539823,-20.679203539823,0.0288961231716959,FALSE,0.000226520964843734,0.0109631561804745,"SLC2A10","solute carrier family 2 member 10"
"ENSG00000136630",16.3333333333333,4.15044247787611,12.1828908554572,3.81225529363726e-07,FALSE,0.000227038584820827,0.0109631561804745,"HLX","H2.0 like homeobox"
"ENSG00000087074",45.875,11.1150442477876,34.7599557522124,0.000328839576885613,FALSE,0.0002296095042909,0.0110575751355964,"PPP1R15A","protein phosphatase 1 regulatory subunit 15A"
"ENSG00000204304",17.5833333333333,5.79646017699115,11.7868731563422,0.00132000676703111,FALSE,0.000232372816698942,0.011160729696158,"PBX2","PBX homeobox 2"
"ENSG00000130054",0.541666666666667,2.06637168141593,-1.52470501474926,0.048926915573997,FALSE,0.000233495736856413,0.0111847571230713,"NALF2","NALCN channel auxiliary factor 2"
"ENSG00000166716",36.2916666666667,6.92920353982301,29.3624631268437,1.2467846813835e-07,FALSE,0.000234175422270583,0.0111874816761875,"ZNF592","zinc finger protein 592"
"ENSG00000179335",23.3333333333333,3.82300884955752,19.5103244837758,1.03300611022231e-10,FALSE,0.000236935585689055,0.0112858673828326,"CLK3","CDC like kinase 3"
"ENSG00000143226",5.58333333333333,1.58407079646018,3.99926253687316,0.00441841847270305,FALSE,0.000238049971270377,0.0112858673828326,"FCGR2A","Fc gamma receptor IIa"
"ENSG00000076513",10.25,1.63716814159292,8.61283185840708,2.6589541610137e-11,FALSE,0.000238119675894536,0.0112858673828326,"ANKRD13A","ankyrin repeat domain 13A"
"ENSG00000189077",2.66666666666667,0.508849557522124,2.15781710914454,1.03711041528758e-05,FALSE,0.000241348807511457,0.0114035271556529,"TMEM120A","transmembrane protein 120A"
"ENSG00000137462",134.833333333333,26.2345132743363,108.598820058997,1.10780033575252e-10,FALSE,0.000241871839130644,0.0114035271556529,"TLR2","toll like receptor 2"
"ENSG00000100462",104.333333333333,13.5929203539823,90.740412979351,1.76947601975565e-22,FALSE,0.000242891569894876,0.0114216263613132,"PRMT5","protein arginine methyltransferase 5"
"ENSG00000163393",13.9166666666667,3.51327433628319,10.4033923303835,5.39720166593873e-05,FALSE,0.000248740339497001,0.0116661167581844,"SLC22A15","solute carrier family 22 member 15"
"ENSG00000143376",50.625,12.5132743362832,38.1117256637168,0.000246411390722048,FALSE,0.000250093346851356,0.0116990280976326,"SNX27","sorting nexin 27"
"ENSG00000164600",0.291666666666667,0.765486725663717,-0.47382005899705,0.0254255109191939,FALSE,0.000251451534246763,0.011732010154999,"NEUROD6","neuronal differentiation 6"
"ENSG00000131389",4.95833333333333,1.4070796460177,3.55125368731563,0.00181425221914993,FALSE,0.000257379341412039,0.01197747437768,"SLC6A6","solute carrier family 6 member 6"
"ENSG00000140678",21.9583333333333,6.94690265486726,15.0114306784661,0.00429594826419498,FALSE,0.000259035959020093,0.0120234184286252,"ITGAX","integrin subunit alpha X"
"ENSG00000196547",6.625,1.11061946902655,5.51438053097345,3.97516238887944e-13,FALSE,0.000259757324428033,0.0120258268523215,"MAN2A2","mannosidase alpha class 2A member 2"
"ENSG00000197442",24.5,5.69026548672566,18.8097345132743,4.63428830148211e-06,FALSE,0.000262362977085942,0.0121152343377758,"MAP3K5","mitogen-activated protein kinase kinase kinase 5"
"ENSG00000105287",8.04166666666667,1.34513274336283,6.69653392330383,1.80728996785835e-10,FALSE,0.000271954974020952,0.0125043358930422,"PRKD2","protein kinase D2"
"ENSG00000065882",9.66666666666667,1.45575221238938,8.21091445427728,3.25166030454662e-14,FALSE,0.00027218144709567,0.0125043358930422,"TBC1D1","TBC1 domain family member 1"
"ENSG00000108405",18.2916666666667,4.38938053097345,13.9022861356932,2.16491935812677e-06,FALSE,0.000273427846014494,0.0125295520356081,"P2RX1","purinergic receptor P2X 1"
"ENSG00000254470",19.625,4.41592920353982,15.2090707964602,1.12369322910383e-08,FALSE,0.000274730948378853,0.0125572316176319,"AP5B1","adaptor related protein complex 5 subunit beta 1"
"ENSG00000168918",18.6666666666667,2.55309734513274,16.1135693215339,2.92618053012949e-16,FALSE,0.00027801323099725,0.0126750042345269,"INPP5D","inositol polyphosphate-5-phosphatase D"
"ENSG00000074696",34.7916666666667,8.86283185840708,25.9288348082596,1.40995675059929e-05,FALSE,0.000279439391985386,0.0127077716410974,"HACD3","3-hydroxyacyl-CoA dehydratase 3"
"ENSG00000254087",132.125,36.4513274336283,95.6736725663717,0.000820575408876365,FALSE,0.000282493446471657,0.0128047896292273,"LYN","LYN proto-oncogene, Src family tyrosine kinase"
"ENSG00000152463",96.2916666666667,8.56637168141593,87.7252949852507,2.66560645503074e-23,FALSE,0.000282998468117979,0.0128047896292273,"OLAH","oleoyl-ACP hydrolase"
"ENSG00000105520",11.875,3.14601769911504,8.72898230088496,0.0011683624070724,FALSE,0.000287704642269799,0.0129633223699187,"PLPPR2","phospholipid phosphatase related 2"
"ENSG00000087266",3.79166666666667,0.738938053097345,3.05272861356932,2.92908423087565e-08,FALSE,0.000287945533908453,0.0129633223699187,"SH3BP2","SH3 domain binding protein 2"
"ENSG00000132825",4.75,1.28318584070796,3.46681415929204,0.0134710334275623,FALSE,0.000293945854996872,0.0131778457815118,"PPP1R3D","protein phosphatase 1 regulatory subunit 3D"
"ENSG00000198053",49.0833333333333,19.2787610619469,29.8045722713864,0.0928472171620724,TRUE,0.000294177818760019,0.0131778457815118,"SIRPA","signal regulatory protein alpha"
"ENSG00000172936",190.333333333333,47.2920353982301,143.041297935103,1.03860836804712e-07,FALSE,0.000298794301510903,0.0133513483533342,"MYD88","MYD88 innate immune signal transduction adaptor"
"ENSG00000169896",45.7083333333333,8.64159292035398,37.0667404129794,8.33042128781859e-10,FALSE,0.000300901799156946,0.0134121563728442,"ITGAM","integrin subunit alpha M"
"ENSG00000180509",3.875,0.606194690265487,3.26880530973451,1.29154579099173e-10,FALSE,0.000304183931525912,0.0135214941931669,"KCNE1","potassium voltage-gated channel subfamily E regulatory subunit 1"
"ENSG00000105397",76.9166666666667,19.570796460177,57.3458702064897,5.05720442393975e-07,FALSE,0.00030486027658145,0.0135214941931669,"TYK2","tyrosine kinase 2"
"ENSG00000117410",22,6.08849557522124,15.9115044247788,1.15671368894875e-05,FALSE,0.000308302475432619,0.0136404861236358,"ATP6V0B","ATPase H+ transporting V0 subunit b"
"ENSG00000129467",22.3333333333333,6.5929203539823,15.740412979351,0.000236611725494868,FALSE,0.000309271391317366,0.0136497346492232,"ADCY4","adenylate cyclase 4"
"ENSG00000169826",10.75,1.24336283185841,9.50663716814159,5.47635764617639e-22,FALSE,0.000311060113283376,0.0136950314090914,"CSGALNACT2","chondroitin sulfate N-acetylgalactosaminyltransferase 2"
"ENSG00000077420",48.5,10.070796460177,38.429203539823,1.03207287981731e-08,FALSE,0.00031206952692303,0.0137058799807296,"APBB1IP","amyloid beta precursor protein binding family B member 1 interacting protein"
"ENSG00000141337",28.1666666666667,5.06194690265487,23.1047197640118,1.86169155802357e-15,FALSE,0.000313316761417801,0.0137270950862145,"ARSG","arylsulfatase G"
"ENSG00000080815",51,12.2920353982301,38.7079646017699,4.44678919352385e-05,FALSE,0.000315314894270818,0.0137810254155394,"PSEN1","presenilin 1"
"ENSG00000102882",185.708333333333,51.5132743362832,134.19505899705,0.00212990769112278,FALSE,0.00032112380995788,0.0140008422288189,"MAPK3","mitogen-activated protein kinase 3"
"ENSG00000095627",2.08333333333333,5.5,-3.41666666666667,0.0144476750732455,FALSE,0.000323202737425185,0.0140573626449603,"TDRD1","tudor domain containing 1"
"ENSG00000143373",23.4583333333333,4.5929203539823,18.865412979351,4.7832657836463e-07,FALSE,0.000324547932279285,0.0140790768315156,"ZNF687","zinc finger protein 687"
"ENSG00000103154",56.5,15.2566371681416,41.2433628318584,1.83545529285897e-05,FALSE,0.000325269547685743,0.0140790768315156,"NECAB2","N-terminal EF-hand calcium binding protein 2"
"ENSG00000139890",66.125,15.9601769911504,50.1648230088496,7.27395826463108e-09,FALSE,0.000326067961587216,0.0140797086394018,"REM2","RRAD and GEM like GTPase 2"
"ENSG00000106780",7.625,2.20796460176991,5.41703539823009,0.00162189721473706,FALSE,0.000328546166405786,0.0141526973312881,"MEGF9","multiple EGF like domains 9"
"ENSG00000141279",47.125,10.3628318584071,36.7621681415929,1.04408034617354e-07,FALSE,0.000333416693129935,0.0142805039437208,"NPEPPS","aminopeptidase puromycin sensitive"
"ENSG00000115935",23.7083333333333,6.35840707964602,17.3499262536873,0.000129066611464463,FALSE,0.000334175112398803,0.0142805039437208,"WIPF1","WAS/WASL interacting protein family member 1"
"ENSG00000116991",11.625,2.26548672566372,9.35951327433628,1.32455205507883e-11,FALSE,0.000334541602934949,0.0142805039437208,"SIPA1L2","signal induced proliferation associated 1 like 2"
"ENSG00000137312",22.875,4.07079646017699,18.804203539823,6.85456860967387e-12,FALSE,0.000334693100278708,0.0142805039437208,"FLOT1","flotillin 1"
"ENSG00000243646",7.95833333333333,1.50442477876106,6.45390855457227,1.04949294656283e-07,FALSE,0.00033657673084492,0.0143268431662732,"IL10RB","interleukin 10 receptor subunit beta"
"ENSG00000096060",226.583333333333,39.1902654867257,187.393067846608,2.71446961921132e-14,FALSE,0.000338337247749509,0.0143403338780123,"FKBP5","FKBP prolyl isomerase 5"
"ENSG00000158517",46.5416666666667,11.4247787610619,35.1168879056047,7.97993263087618e-07,FALSE,0.000338490317000345,0.0143403338780123,"NCF1","neutrophil cytosolic factor 1"
"ENSG00000103194",80.5416666666667,12.0398230088496,68.5018436578171,6.57507477681375e-13,FALSE,0.000339949464929434,0.0143682640906528,"USP10","ubiquitin specific peptidase 10"
"ENSG00000161217",22,3.82743362831858,18.1725663716814,1.08306314808621e-12,FALSE,0.000342014166017606,0.0144215973337424,"PCYT1A","phosphate cytidylyltransferase 1A, choline"
"ENSG00000197249",18.5416666666667,6.11061946902655,12.4310471976401,0.0245627913752384,FALSE,0.00034350628458145,0.0144505934190552,"SERPINA1","serpin family A member 1"
"ENSG00000188895",55.0833333333333,13.9380530973451,41.1452802359882,1.21045967433023e-05,FALSE,0.000351710257361786,0.0147611480210041,"MSL1","MSL complex subunit 1"
"ENSG00000117298",5,0.902654867256637,4.09734513274336,1.40589875195493e-09,FALSE,0.000356773644071637,0.0149290304926029,"ECE1","endothelin converting enzyme 1"
"ENSG00000163625",16.7083333333333,4.42477876106195,12.2835545722714,5.70925779656895e-05,FALSE,0.000358529291061603,0.0149290304926029,"WDFY3","WD repeat and FYVE domain containing 3"
"ENSG00000125834",33.4166666666667,6.88053097345133,26.5361356932153,3.75864626105604e-11,FALSE,0.000358795987595169,0.0149290304926029,"STK35","serine/threonine kinase 35"
"ENSG00000123146",20.2083333333333,3.26106194690265,16.9472713864307,7.89799393214712e-12,FALSE,0.000359034747692727,0.0149290304926029,"ADGRE5","adhesion G protein-coupled receptor E5"
"ENSG00000173171",13.6666666666667,3.00884955752212,10.6578171091445,4.29635119893492e-08,FALSE,0.000364318745109641,0.0151137589339596,"MTX1","metaxin 1"
"ENSG00000113648",104.666666666667,17.3008849557522,87.3657817109145,3.27697868329399e-14,FALSE,0.000368012807930774,0.0152318296517523,"MACROH2A1","macroH2A.1 histone"
"ENSG00000087206",81.7083333333333,18.2345132743363,63.473820058997,2.08455798879274e-10,FALSE,0.000371607002559682,0.0153452335332864,"UIMC1","ubiquitin interaction motif containing 1"
"ENSG00000148358",3.875,0.632743362831858,3.24225663716814,1.029529180767e-08,FALSE,0.000376799779283255,0.0155094124859337,"GPR107","G protein-coupled receptor 107"
"ENSG00000116584",22.7083333333333,4.96902654867257,17.7393067846608,1.18502565886223e-05,FALSE,0.000377309650746147,0.0155094124859337,"ARHGEF2","Rho/Rac guanine nucleotide exchange factor 2"
"ENSG00000033627",27.625,6.71238938053097,20.912610619469,1.00160010677923e-05,FALSE,0.00038133327458284,0.0155988602771432,"ATP6V0A1","ATPase H+ transporting V0 subunit a1"
"ENSG00000109854",54.375,14.3805309734513,39.9944690265487,6.99420970965044e-05,FALSE,0.000381398335080781,0.0155988602771432,"HTATIP2","HIV-1 Tat interactive protein 2"
"ENSG00000160593",2.95833333333333,1.23008849557522,1.72824483775811,0.165121530849673,TRUE,0.000382090882477482,0.0155988602771432,"JAML","junction adhesion molecule like"
"ENSG00000136383",3.45833333333333,0.690265486725664,2.76806784660767,5.69921823570487e-08,FALSE,0.000389516634092121,0.0158536990364979,"ALPK3","alpha kinase 3"
"ENSG00000051620",2.25,0.451327433628319,1.79867256637168,3.17620225117956e-05,FALSE,0.0003900982560893,0.0158536990364979,"HEBP2","heme binding protein 2"
"ENSG00000196954",31.4583333333333,6.02212389380531,25.436209439528,1.35065739941067e-10,FALSE,0.000395679435810387,0.0160442205540903,"CASP4","caspase 4"
"ENSG00000047644",5.875,1.1858407079646,4.6891592920354,2.54866612910009e-09,FALSE,0.00039759355868229,0.0160855249878603,"WWC3","WWC family member 3"
"ENSG00000100296",15.4583333333333,3.35840707964602,12.0999262536873,2.91499327226547e-06,FALSE,0.000399914160174579,0.0161430518184628,"THOC5","THO complex subunit 5"
"ENSG00000148660",71.5,22.0088495575221,49.4911504424779,0.000337511334681263,FALSE,0.000403016968078596,0.0162318246582866,"CAMK2G","calcium/calmodulin dependent protein kinase II gamma"
"ENSG00000100228",33.9166666666667,7.91592920353982,26.0007374631268,1.5273480301251e-08,FALSE,0.000409758844706768,0.0164373794591047,"RAB36","RAB36, member RAS oncogene family"
"ENSG00000161681",19.75,50.1283185840708,-30.3783185840708,0.0404617887749418,FALSE,0.000409950787601119,0.0164373794591047,"SHANK1","SH3 and multiple ankyrin repeat domains 1"
"ENSG00000157800",18.5,2.8716814159292,15.6283185840708,1.59943721878282e-13,FALSE,0.000414620039689804,0.0165875718773897,"SLC37A3","solute carrier family 37 member 3"
"ENSG00000177885",129.333333333333,27.5132743362832,101.82005899705,1.07584490228644e-06,FALSE,0.000422162668393993,0.0168345384415392,"GRB2","growth factor receptor bound protein 2"
"ENSG00000171236",18.0833333333333,7.43362831858407,10.6497050147493,0.105412642577898,TRUE,0.000422667529763079,0.0168345384415392,"LRG1","leucine rich alpha-2-glycoprotein 1"
"ENSG00000115604",1.125,0.0929203539823009,1.0320796460177,7.11512980656625e-17,FALSE,0.000425404158504118,0.0169060506619679,"IL18R1","interleukin 18 receptor 1"
"ENSG00000166987",29.8333333333333,7.38495575221239,22.4483775811209,1.60379178115095e-08,FALSE,0.000427263026971571,0.0169424409569323,"MBD6","methyl-CpG binding domain protein 6"
"ENSG00000028528",76.7083333333333,12.0840707964602,64.6242625368731,3.06198858982207e-13,FALSE,0.000429587365148877,0.0169970877536768,"SNX1","sorting nexin 1"
"ENSG00000163220",98.5416666666667,31.3495575221239,67.1921091445428,0.00155426769189389,FALSE,0.000430545097657079,0.0169975419543167,"S100A9","S100 calcium binding protein A9"
"ENSG00000173281",4.5,1.23008849557522,3.26991150442478,0.00297876823858733,FALSE,0.000432170767400636,0.0170243059096878,"PPP1R3B","protein phosphatase 1 regulatory subunit 3B"
"ENSG00000161921",2.25,0.415929203539823,1.83407079646018,3.11541364570017e-07,FALSE,0.0004599788165702,0.0180800863939836,"CXCL16","C-X-C motif chemokine ligand 16"
"ENSG00000135828",336.666666666667,78.4159292035398,258.250737463127,1.11081392686527e-06,FALSE,0.000465213694405324,0.0182459248746787,"RNASEL","ribonuclease L"
"ENSG00000111679",49.9583333333333,11.7079646017699,38.2503687315634,5.07882581548899e-08,FALSE,0.000470956248094585,0.0184309086808781,"PTPN6","protein tyrosine phosphatase non-receptor type 6"
"ENSG00000196923",26.125,9.03539823008849,17.0896017699115,0.0165182840763722,FALSE,0.000473604617653415,0.0184942603193658,"PDLIM7","PDZ and LIM domain 7"
"ENSG00000135074",6.79166666666667,1.42477876106195,5.36688790560472,4.90153861688586e-06,FALSE,0.000477230587344457,0.0185954295888687,"ADAM19","ADAM metallopeptidase domain 19"
"ENSG00000167995",2.58333333333333,1.05309734513274,1.53023598820059,0.391984002824288,TRUE,0.000483153876392541,0.0187587970012016,"BEST1","bestrophin 1"
"ENSG00000097033",16.2083333333333,2.65929203539823,13.5490412979351,5.51998224539419e-10,FALSE,0.000484390572032403,0.0187587970012016,"SH3GLB1","SH3 domain containing GRB2 like, endophilin B1"
"ENSG00000175538",7.20833333333333,2.0353982300885,5.17293510324484,0.000308871190365391,FALSE,0.000484822514664145,0.0187587970012016,"KCNE3","potassium voltage-gated channel subfamily E regulatory subunit 3"
"ENSG00000163162",14.0833333333333,3.83628318584071,10.2470501474926,1.32290850726213e-05,FALSE,0.000485600434535364,0.0187587970012016,"RNF149","ring finger protein 149"
"ENSG00000106348",28.0416666666667,7.35840707964602,20.6832595870207,0.000480286750467482,FALSE,0.000487918440016136,0.0187773464852688,"IMPDH1","inosine monophosphate dehydrogenase 1"
"ENSG00000241878",18.5833333333333,4.93805309734513,13.6452802359882,7.688349768193e-05,FALSE,0.000488171285899935,0.0187773464852688,"PISD","phosphatidylserine decarboxylase"
"ENSG00000099308",8.91666666666667,1.56637168141593,7.35029498525074,1.03401056642293e-11,FALSE,0.000494546412549516,0.0189819171124508,"MAST3","microtubule associated serine/threonine kinase 3"
"ENSG00000106070",87.0833333333333,10.2566371681416,76.8266961651917,3.82890831298676e-17,FALSE,0.000497053253044091,0.0190275659790476,"GRB10","growth factor receptor bound protein 10"
"ENSG00000103005",4.54166666666667,0.597345132743363,3.9443215339233,1.29683034239247e-15,FALSE,0.000498208735559745,0.0190275659790476,"USB1","U6 snRNA biogenesis phosphodiesterase 1"
"ENSG00000162869",6.25,1.11946902654867,5.13053097345133,6.20730395845596e-09,FALSE,0.000498913520911396,0.0190275659790476,"PPP1R21","protein phosphatase 1 regulatory subunit 21"
"ENSG00000146094",7.41666666666667,1.57079646017699,5.84587020648968,3.73263387694362e-06,FALSE,0.000504685021111133,0.0192069004962273,"DOK3","docking protein 3"
"ENSG00000157551",6.20833333333333,1.76106194690265,4.44727138643068,0.000340914058661891,FALSE,0.000510327076065798,0.0193805608189639,"KCNJ15","potassium inwardly rectifying channel subfamily J member 15"
"ENSG00000111737",18.7916666666667,2.88495575221239,15.9067109144543,3.20528592155719e-13,FALSE,0.000515447729954374,0.0195333580632976,"RAB35","RAB35, member RAS oncogene family"
"ENSG00000196182",26.2916666666667,7.18141592920354,19.1102507374631,0.000533100114320455,FALSE,0.000516525362136968,0.0195333580632976,"STK40","serine/threonine kinase 40"
"ENSG00000165953",0.0833333333333333,0.345132743362832,-0.261799410029499,0.0404536375671794,FALSE,0.000524041804445534,0.0197759725488553,"SERPINA12","serpin family A member 12"
"ENSG00000070087",7.375,21.0353982300885,-13.6603982300885,0.0300376256867813,FALSE,0.000533770828616006,0.0200715502210636,"PFN2","profilin 2"
"ENSG00000172775",12.4166666666667,2.96902654867257,9.4476401179941,4.53133125044952e-07,FALSE,0.000534109057822658,0.0200715502210636,"PSME3IP1","proteasome activator subunit 3 interacting protein 1"
"ENSG00000062716",7.625,3.14159292035398,4.48340707964602,0.0820900267718811,TRUE,0.00055306024573713,0.0207403365222882,"VMP1","vacuole membrane protein 1"
"ENSG00000168310",70.0416666666667,14.6902654867257,55.351401179941,4.3495590538205e-08,FALSE,0.000554367512382551,0.0207460492185995,"IRF2","interferon regulatory factor 2"
"ENSG00000122359",9.79166666666667,1.89380530973451,7.89786135693215,2.3966833769492e-08,FALSE,0.000558992436037937,0.0208756364418908,"ANXA11","annexin A11"
"ENSG00000170876",11.3333333333333,2.09734513274336,9.23598820058997,4.70520970857816e-08,FALSE,0.000571424045604548,0.0212956226788268,"TMEM43","transmembrane protein 43"
"ENSG00000116017",36.7083333333333,7.28761061946903,29.4207227138643,5.78370573160582e-11,FALSE,0.000573588692447899,0.02133203660961,"ARID3A","AT-rich interaction domain 3A"
"ENSG00000079805",72.5416666666667,12.9955752212389,59.5460914454277,4.77742531377588e-08,FALSE,0.000576530924445803,0.0213971590822727,"DNM2","dynamin 2"
"ENSG00000159842",10.8333333333333,2.61946902654867,8.21386430678466,3.87137512496522e-06,FALSE,0.000580562555901482,0.0215023612199141,"ABR","ABR activator of RhoGEF and GTPase"
"ENSG00000115165",57.875,10.1061946902655,47.7688053097345,3.07362806384e-11,FALSE,0.000584607937536718,0.0216076386460331,"CYTIP","cytohesin 1 interacting protein"
"ENSG00000131061",12.7083333333333,3.5353982300885,9.17293510324484,0.00167599052793392,FALSE,0.000586468470707433,0.0216318955632805,"ZNF341","zinc finger protein 341"
"ENSG00000185000",9,2.99557522123894,6.00442477876106,0.00181188452858708,FALSE,0.000594460581875356,0.021842855642149,"DGAT1","diacylglycerol O-acyltransferase 1"
"ENSG00000123836",33.5,3.8141592920354,29.6858407079646,7.23273815079791e-23,FALSE,0.000594619852419467,0.021842855642149,"PFKFB2","6-phosphofructo-2-kinase/fructose-2,6-biphosphatase 2"
"ENSG00000148935",3.70833333333333,8.57964601769912,-4.87131268436578,0.00963120314527094,FALSE,0.000596659378818525,0.0218730457586065,"GAS2","growth arrest specific 2"
"ENSG00000167676",53.5,15.5442477876106,37.9557522123894,0.000141905270934463,FALSE,0.00059832259584624,0.0218893458028228,"PLIN4","perilipin 4"
"ENSG00000182149",15.125,3.40265486725664,11.7223451327434,6.69557486435975e-09,FALSE,0.000602826212402739,0.0220092830353463,"IST1","IST1 factor associated with ESCRT-III"
"ENSG00000169344",0.541666666666667,1.23008849557522,-0.688421828908555,0.0366144544003544,FALSE,0.000608208375860826,0.0220938232534713,"UMOD","uromodulin"
"ENSG00000107341",94.125,24.3318584070796,69.7931415929203,0.000286318166722216,FALSE,0.000608457257409705,0.0220938232534713,"UBE2R2","ubiquitin conjugating enzyme E2 R2"
"ENSG00000213523",5.29166666666667,1.2212389380531,4.07042772861357,6.78089608013564e-06,FALSE,0.000608831626703129,0.0220938232534713,"SRA1","steroid receptor RNA activator 1"
"ENSG00000164104",125.041666666667,19.1548672566372,105.88679941003,1.70013843052463e-11,FALSE,0.000616282996589175,0.0223191360236519,"HMGB2","high mobility group box 2"
"ENSG00000186205",5,1.18141592920354,3.81858407079646,0.00022153966863988,FALSE,0.000617630155210278,0.0223229184668858,"MTARC1","mitochondrial amidoxime reducing component 1"
"ENSG00000187554",99.7083333333333,17.4867256637168,82.2216076696165,3.60550144013072e-15,FALSE,0.000622247361045825,0.0224446372418999,"TLR5","toll like receptor 5"
"ENSG00000175003",24,7.38938053097345,16.6106194690265,0.000718250196304567,FALSE,0.000624791453595478,0.0224912402423558,"SLC22A1","solute carrier family 22 member 1"
"ENSG00000170345",152.791666666667,44.1681415929204,108.623525073746,0.000326440468707372,FALSE,0.000628544754150574,0.0225360837199802,"FOS","Fos proto-oncogene, AP-1 transcription factor subunit"
"ENSG00000187764",17.625,3.48230088495575,14.1426991150442,6.31676542520816e-15,FALSE,0.000628546342131607,0.0225360837199802,"SEMA4D","semaphorin 4D"
"ENSG00000004660",19.0416666666667,5.19911504424779,13.8425516224189,6.12573356450249e-05,FALSE,0.000634321295066562,0.0226978355045431,"CAMKK1","calcium/calmodulin dependent protein kinase kinase 1"
"ENSG00000110876",67.375,12.7964601769912,54.5785398230089,1.39003739255378e-09,FALSE,0.000636594187085615,0.022733879488308,"SELPLG","selectin P ligand"
"ENSG00000105609",24.6666666666667,5.88053097345133,18.7861356932153,2.54641532127554e-05,FALSE,0.000643610534638963,0.0229388413367454,"LILRB5","leukocyte immunoglobulin like receptor B5"
"ENSG00000169220",12.2916666666667,4.47345132743363,7.81821533923304,0.154409725759465,TRUE,0.000649646418067616,0.0231081160549477,"RGS14","regulator of G protein signaling 14"
"ENSG00000076356",23.5833333333333,4.69026548672566,18.8930678466077,1.23872781634461e-10,FALSE,0.000664039748828664,0.023538460430894,"PLXNA2","plexin A2"
"ENSG00000059377",45.9583333333333,12.5663716814159,33.3919616519174,2.24823404868072e-05,FALSE,0.000664479421512609,0.023538460430894,"TBXAS1","thromboxane A synthase 1"
"ENSG00000188404",65.375,13.5486725663717,51.8263274336283,6.64015118039512e-10,FALSE,0.000665924822519563,0.023538460430894,"SELL","selectin L"
"ENSG00000215114",15.75,4.19911504424779,11.5508849557522,3.46552313808562e-05,FALSE,0.000666986380856485,0.023538460430894,"UBXN2B","UBX domain protein 2B"
"ENSG00000166887",39.7083333333333,6.83185840707965,32.8764749262537,1.03350240063347e-12,FALSE,0.000675294022020749,0.0237849147403112,"VPS39","VPS39 subunit of HOPS complex"
"ENSG00000115594",15.125,2.61504424778761,12.5099557522124,3.0701072736937e-14,FALSE,0.000676775134968997,0.0237904339519532,"IL1R1","interleukin 1 receptor type 1"
"ENSG00000235568",1.04166666666667,0.234513274336283,0.807153392330384,0.00051454876860116,FALSE,0.000678294377426893,0.0237972693392955,"NFAM1","NFAT activating protein with ITAM motif 1"
"ENSG00000105053",26.25,6.16371681415929,20.0862831858407,9.50574922393139e-05,FALSE,0.000687435697308397,0.0240709696505862,"VRK3","VRK serine/threonine kinase 3"
"ENSG00000147459",19.75,6.35840707964602,13.391592920354,0.00238904901596009,FALSE,0.000689766689379726,0.0241056012477199,"DOCK5","dedicator of cytokinesis 5"
"ENSG00000064999",83.375,14.3097345132743,69.0652654867257,1.10352167570726e-11,FALSE,0.000691845851461789,0.0241313146209866,"ANKS1A","ankyrin repeat and sterile alpha motif domain containing 1A"
"ENSG00000120129",107.166666666667,25.5221238938053,81.6445427728614,3.05222060996775e-07,FALSE,0.000693413705664626,0.0241391286721971,"DUSP1","dual specificity phosphatase 1"
"ENSG00000188997",4.91666666666667,1.23451327433628,3.68215339233038,0.0015678000791504,FALSE,0.000695679115505401,0.0241711488429855,"KCTD21","potassium channel tetramerization domain containing 21"
"ENSG00000215045",3,6.60619469026549,-3.60619469026549,0.0326389074528465,FALSE,0.000702633200295924,0.0243220110394733,"GRID2IP","Grid2 interacting protein"
"ENSG00000101916",76.4583333333333,22.8761061946903,53.5822271386431,0.00133378400366044,FALSE,0.0007027291504474,0.0243220110394733,"TLR8","toll like receptor 8"
"ENSG00000101236",9.375,2.91592920353982,6.45907079646018,0.0208503513493936,FALSE,0.000710481989587194,0.0245430538056822,"RNF24","ring finger protein 24"
"ENSG00000118960",2.25,0.446902654867257,1.80309734513274,1.00254410606544e-05,FALSE,0.000714460454254323,0.0246279658254203,"HS1BP3","HCLS1 binding protein 3"
"ENSG00000134815",57.7083333333333,11.7035398230088,46.0047935103245,7.16577996720527e-08,FALSE,0.000716405781883219,0.0246279658254203,"DHX34","DExH-box helicase 34"
"ENSG00000154845",25,7.19911504424779,17.8008849557522,9.96944409299098e-05,FALSE,0.00071774679907954,0.0246279658254203,"PPP4R1","protein phosphatase 4 regulatory subunit 1"
"ENSG00000174718",1.70833333333333,0.34070796460177,1.36762536873156,5.08205375898874e-06,FALSE,0.000718724791065578,0.0246279658254203,"RESF1","retroelement silencing factor 1"
"ENSG00000168040",173.583333333333,26.6061946902655,146.977138643068,2.84437366071264e-13,FALSE,0.0007197952490311,0.0246279658254203,"FADD","Fas associated via death domain"
"ENSG00000141298",42.625,9.42477876106195,33.2002212389381,7.82982630914175e-07,FALSE,0.000722945445981521,0.0246887244223689,"SSH2","slingshot protein phosphatase 2"
"ENSG00000112303",15.8333333333333,4.77433628318584,11.0589970501475,0.000696761006766601,FALSE,0.000729191618973072,0.024854779984086,"VNN2","vanin 2"
"ENSG00000180596",65.5416666666667,22.8097345132743,42.7319321533923,0.0272744340855653,FALSE,0.000734831928100566,0.0249995945539213,"H2BC4","H2B clustered histone 4"
"ENSG00000112530",11,26.7079646017699,-15.7079646017699,0.0106802071915351,FALSE,0.000738911143866669,0.0250908523199943,"PACRG","parkin coregulated"
"ENSG00000147439",24.125,4.73451327433628,19.3904867256637,5.78915992776034e-13,FALSE,0.000740423418450451,0.025094765784199,"BIN3","bridging integrator 3"
"ENSG00000132475",235.791666666667,65.4690265486726,170.322640117994,4.78828359110447e-05,FALSE,0.000744444910525163,0.0251639416308984,"H3-3B","H3.3 histone B"
"ENSG00000261594",3.125,7.00884955752212,-3.88384955752212,0.0160640337307962,FALSE,0.000746341683779578,0.0251639416308984,"TPBGL","trophoblast glycoprotein like"
"ENSG00000089472",18.4166666666667,4.64601769911504,13.7706489675516,3.21901098253557e-05,FALSE,0.000746667087305508,0.0251639416308984,"HEPH","hephaestin"
"ENSG00000187531",33.9583333333333,8.62389380530973,25.3344395280236,1.1722371805325e-06,FALSE,0.000748227496634513,0.0251693080937186,"SIRT7","sirtuin 7"
"ENSG00000156860",11.3333333333333,3.62389380530973,7.7094395280236,0.000190649970121287,FALSE,0.000752519147300359,0.0252525723433536,"FBRS","fibrosin"
"ENSG00000089351",6.33333333333333,1.93362831858407,4.39970501474926,0.014442473413817,FALSE,0.000753514378223991,0.0252525723433536,"GRAMD1A","GRAM domain containing 1A"
"ENSG00000163464",10.7916666666667,4.61061946902655,6.18104719764012,0.146088782358789,TRUE,0.000756420338293712,0.0253027533273184,"CXCR1","C-X-C motif chemokine receptor 1"
"ENSG00000134698",37.0833333333333,10.9690265486726,26.1143067846608,0.000182429617255505,FALSE,0.000759197929654732,0.0253484617293456,"AGO4","argonaute RISC component 4"
"ENSG00000105176",8.45833333333333,1.84513274336283,6.6132005899705,8.4687755585384e-07,FALSE,0.000761843637244509,0.0253896052983731,"URI1","URI1 prefoldin like chaperone"
"ENSG00000067992",91.4166666666667,21.0486725663717,70.367994100295,6.45512991646584e-09,FALSE,0.000768586732537469,0.0255668953269825,"PDK3","pyruvate dehydrogenase kinase 3"
"ENSG00000146112",4.125,0.814159292035398,3.3108407079646,1.11375840770544e-09,FALSE,0.000772402531967917,0.0256459355465455,"PPP1R18","protein phosphatase 1 regulatory subunit 18"
"ENSG00000168010",6,1.6858407079646,4.3141592920354,0.000394962023346762,FALSE,0.000773818241175063,0.0256459355465455,"ATG16L2","autophagy related 16 like 2"
"ENSG00000102054",112.875,34.4026548672566,78.4723451327434,0.00350320086490071,FALSE,0.000778418160256948,0.0257508755298261,"RBBP7","RB binding protein 7, chromatin remodeling factor"
"ENSG00000162413",10.4166666666667,1.93362831858407,8.48303834808259,2.38327395562096e-07,FALSE,0.000787698857500106,0.0260099900317544,"KLHL21","kelch like family member 21"
"ENSG00000169228",25.5,5.80088495575221,19.6991150442478,2.21995814527415e-06,FALSE,0.000791108601825243,0.0260746492010768,"RAB24","RAB24, member RAS oncogene family"
"ENSG00000132357",13.375,2.22566371681416,11.1493362831858,1.0556071520912e-14,FALSE,0.000798685285279345,0.0262761607682653,"CARD6","caspase recruitment domain family member 6"
"ENSG00000151702",16.9583333333333,4.12389380530973,12.8344395280236,4.0916053053342e-05,FALSE,0.00080789962994758,0.026530714904476,"FLI1","Fli-1 proto-oncogene, ETS transcription factor"
"ENSG00000138942",23.1666666666667,3.77433628318584,19.3923303834808,9.2833527301537e-16,FALSE,0.0008139837924382,0.0266817351524952,"RNF185","ring finger protein 185"
"ENSG00000101336",77.2916666666667,20.2743362831858,57.0173303834808,0.000577526531138648,FALSE,0.000827263529819354,0.0270529708939379,"HCK","HCK proto-oncogene, Src family tyrosine kinase"
"ENSG00000132471",10.125,2.43362831858407,7.69137168141593,4.74940872002008e-06,FALSE,0.000830585649677237,0.0270529708939379,"WBP2","WW domain binding protein 2"
"ENSG00000115561",14.25,3.52654867256637,10.7234513274336,1.66030861111905e-07,FALSE,0.000831174474069236,0.0270529708939379,"CHMP3","charged multivesicular body protein 3"
"ENSG00000166501",42.875,11.3451327433628,31.5298672566372,5.09538758889872e-05,FALSE,0.000831333292515379,0.0270529708939379,"PRKCB","protein kinase C beta"
"ENSG00000161533",53.4166666666667,18.0973451327434,35.3193215339233,0.00208765591998139,FALSE,0.000834836215664312,0.0270862134082662,"ACOX1","acyl-CoA oxidase 1"
"ENSG00000175274",1.33333333333333,0.18141592920354,1.15191740412979,9.06259468023381e-11,FALSE,0.000835370607814925,0.0270862134082662,"TP53I11","tumor protein p53 inducible protein 11"
"ENSG00000135821",26.2083333333333,7.99115044247788,18.2171828908555,0.0234527536193673,FALSE,0.000837375006941222,0.0271022833327661,"GLUL","glutamate-ammonia ligase"
"ENSG00000157514",19.2916666666667,4.56194690265487,14.7297197640118,1.78124792994992e-09,FALSE,0.000841611875861931,0.0271562882236652,"TSC22D3","TSC22 domain family member 3"
"ENSG00000189337",7.29166666666667,2.14159292035398,5.15007374631268,2.39150007101188e-05,FALSE,0.000842385139053216,0.0271562882236652,"KAZN","kazrin, periplakin interacting protein"
"ENSG00000101981",0.333333333333333,0.871681415929204,-0.53834808259587,0.0076740498263714,FALSE,0.000844012842270366,0.0271562882236652,"F9","coagulation factor IX"
"ENSG00000101457",4.66666666666667,1.20796460176991,3.45870206489676,5.35060524460639e-07,FALSE,0.000845090748595939,0.0271562882236652,"DNTTIP1","deoxynucleotidyltransferase terminal interacting protein 1"
"ENSG00000087157",14.0416666666667,2.72566371681416,11.3160029498525,3.06036386748722e-08,FALSE,0.000856419380700255,0.0274711809562834,"PGS1","phosphatidylglycerophosphate synthase 1"
"ENSG00000140563",2.29166666666667,0.579646017699115,1.71202064896755,2.79126723305954e-05,FALSE,0.000866189194065256,0.0277350383119326,"MCTP2","multiple C2 and transmembrane domain containing 2"
"ENSG00000082014",69.1666666666667,14.4690265486726,54.6976401179941,1.40727935172006e-07,FALSE,0.000870460041396948,0.0278221952377462,"SMARCD3","SWI/SNF related BAF chromatin remodeling complex subunit D3"
"ENSG00000064547",8.83333333333333,2.46902654867257,6.36430678466077,0.00015688665570525,FALSE,0.000872430550601276,0.0278356482778876,"LPAR2","lysophosphatidic acid receptor 2"
"ENSG00000108774",37.7916666666667,8.53539823008849,29.2562684365782,1.14564705177189e-05,FALSE,0.000875238850423199,0.0278586341418555,"RAB5C","RAB5C, member RAS oncogene family"
"ENSG00000180316",5.41666666666667,1.09734513274336,4.3193215339233,2.71184942371607e-07,FALSE,0.000876252757899481,0.0278586341418555,"PNPLA1","patatin like domain 1, omega-hydroxyceramide transacylase"
"ENSG00000103196",7.45833333333333,2.47345132743363,4.9848820058997,0.0137880969157824,FALSE,0.000897909495947167,0.028496728402295,"CRISPLD2","cysteine rich secretory protein LCCL domain containing 2"
"ENSG00000091664",0.291666666666667,0.685840707964602,-0.394174041297935,0.0255532485020223,FALSE,0.000899988080875205,0.0285123208055755,"SLC17A6","solute carrier family 17 member 6"
"ENSG00000100813",33.8333333333333,8.1858407079646,25.6474926253687,9.72951332588311e-08,FALSE,0.000901803988130747,0.0285195511246349,"ACIN1","apoptotic chromatin condensation inducer 1"
"ENSG00000147416",43.1666666666667,11.783185840708,31.3834808259587,0.00112295759469975,FALSE,0.000907526332566509,0.0286500799857508,"ATP6V1B2","ATPase H+ transporting V1 subunit B2"
"ENSG00000173726",22.8333333333333,7.16371681415929,15.669616519174,0.00356014495973833,FALSE,0.00091619285680963,0.0288729338366165,"TOMM20","translocase of outer mitochondrial membrane 20"
"ENSG00000148229",26.625,6.28318584070797,20.341814159292,4.87567139383092e-08,FALSE,0.000933217567053939,0.0293579459842205,"POLE3","DNA polymerase epsilon 3, accessory subunit"
"ENSG00000111530",21.5833333333333,4.66814159292035,16.915191740413,6.94185062442813e-08,FALSE,0.000935898005172559,0.0293907969701305,"CAND1","cullin associated and neddylation dissociated 1"
"ENSG00000166523",31.9583333333333,7.83185840707965,24.1264749262537,5.50927854547136e-07,FALSE,0.000938650039641939,0.0294257777697873,"CLEC4E","C-type lectin domain family 4 member E"
"ENSG00000135596",10.5416666666667,3.37610619469027,7.1655604719764,3.22630389989233e-05,FALSE,0.000940616636288794,0.0294360568600272,"MICAL1","microtubule associated monooxygenase, calponin and LIM domain containing 1"
"ENSG00000171310",2.375,0.641592920353982,1.73340707964602,0.0017191350439878,FALSE,0.000944652784277029,0.0295109529808144,"CHST11","carbohydrate sulfotransferase 11"
"ENSG00000111052",7.70833333333333,3.32300884955752,4.38532448377581,0.10663463438412,TRUE,0.000950580205309631,0.0296445698402377,"LIN7A","lin-7 homolog A, crumbs cell polarity complex component"
"ENSG00000213347",7.25,1.70353982300885,5.54646017699115,2.13837330088333e-07,FALSE,0.000957963373122352,0.0298031946624067,"MXD3","MAX dimerization protein 3"
"ENSG00000115590",98.9166666666667,16.7654867256637,82.151179941003,7.03845305279375e-13,FALSE,0.000958984942096036,0.0298031946624067,"IL1R2","interleukin 1 receptor type 2"
"ENSG00000160211",20.75,5.72566371681416,15.0243362831858,4.48070885488089e-05,FALSE,0.00096271483114663,0.0298674378443643,"G6PD","glucose-6-phosphate dehydrogenase"
"ENSG00000125753",29.5833333333333,6.45132743362832,23.132005899705,6.45886694757757e-09,FALSE,0.000982767552083901,0.030436988858764,"VASP","vasodilator stimulated phosphoprotein"
"ENSG00000162889",18.2083333333333,2.43805309734513,15.7702802359882,6.17121625130631e-17,FALSE,0.000995098946862732,0.0307658560800262,"MAPKAPK2","MAPK activated protein kinase 2"
"ENSG00000171608",18.8333333333333,3.41150442477876,15.4218289085546,3.52350614728924e-11,FALSE,0.00100320623117228,0.0309632191246523,"PIK3CD","phosphatidylinositol-4,5-bisphosphate 3-kinase catalytic subunit delta"
"ENSG00000222009",26.3333333333333,5.84070796460177,20.4926253687316,2.28632358680758e-08,FALSE,0.0010066407175315,0.0310159300326215,"BTBD19","BTB domain containing 19"
"ENSG00000027697",15.0833333333333,3.55752212389381,11.5258112094395,8.38633147473937e-09,FALSE,0.00101371120242897,0.0311440776339838,"IFNGR1","interferon gamma receptor 1"
"ENSG00000117500",0.5,1.55309734513274,-1.05309734513274,0.0482050705681919,FALSE,0.00101426740610591,0.0311440776339838,"TMED5","transmembrane p24 trafficking protein 5"
"ENSG00000185215",10.0416666666667,2.95132743362832,7.09033923303835,0.0004454004787797,FALSE,0.00102093251277217,0.0312068420008837,"TNFAIP2","TNF alpha induced protein 2"
"ENSG00000135709",7.45833333333333,2.13274336283186,5.32558997050147,0.0107723911490511,FALSE,0.00102109529672352,0.0312068420008837,"KIAA0513","KIAA0513"
"ENSG00000069275",11.9166666666667,2.81858407079646,9.09808259587021,3.50160485184097e-07,FALSE,0.00102152330326335,0.0312068420008837,"NUCKS1","nuclear casein kinase and cyclin dependent kinase substrate 1"
"ENSG00000090316",14.8333333333333,3.43805309734513,11.3952802359882,2.29097480468116e-07,FALSE,0.00103194965680505,0.0314684797841478,"MAEA","macrophage erythroblast attacher, E3 ubiquitin ligase"
"ENSG00000196189",6.25,1.73008849557522,4.51991150442478,8.06881051906996e-05,FALSE,0.00103359144200007,0.0314684797841478,"SEMA4A","semaphorin 4A"
"ENSG00000060971",22.5416666666667,5.63716814159292,16.9044985250737,7.33864994152195e-06,FALSE,0.00103653532579173,0.0315047107566782,"ACAA1","acetyl-CoA acyltransferase 1"
"ENSG00000136810",174.041666666667,38.8008849557522,135.240781710914,2.24080655377996e-07,FALSE,0.00103969035727226,0.0315472261616245,"TXN","thioredoxin"
"ENSG00000169891",5.66666666666667,1.5929203539823,4.07374631268437,0.0024309393954189,FALSE,0.0010442998139532,0.0316336552412164,"REPS2","RALBP1 associated Eps domain containing 2"
"ENSG00000130703",1.79166666666667,0.305309734513274,1.48635693215339,2.90523547622769e-08,FALSE,0.00104725321697839,0.0316697130245502,"OSBPL2","oxysterol binding protein like 2"
"ENSG00000084764",89.875,20.4734513274336,69.4015486725664,4.9301616120692e-12,FALSE,0.00106077755693094,0.0320247853027739,"MAPRE3","microtubule associated protein RP/EB family member 3"
"ENSG00000182508",0.25,0.765486725663717,-0.515486725663717,0.0381440342932481,FALSE,0.00106557824897096,0.0321157417554789,"LHFPL1","LHFPL tetraspan subfamily member 1"
"ENSG00000177628",13.5833333333333,2.25663716814159,11.3266961651917,7.38075008746203e-13,FALSE,0.00106796228050061,0.0321336791367378,"GBA1","glucosylceramidase beta 1"
"ENSG00000170989",24.625,5.54424778761062,19.0807522123894,4.30716673617434e-07,FALSE,0.00107278060770687,0.0321440026600549,"S1PR1","sphingosine-1-phosphate receptor 1"
"ENSG00000110619",12.7916666666667,1.85840707964602,10.9332595870206,4.89619586457626e-13,FALSE,0.00107304702570445,0.0321440026600549,"CARS1","cysteinyl-tRNA synthetase 1"
"ENSG00000173020",16.5833333333333,7.79646017699115,8.78687315634218,0.440840865004546,TRUE,0.00107367375137967,0.0321440026600549,"GRK2","G protein-coupled receptor kinase 2"
"ENSG00000140350",16.0416666666667,3.69026548672566,12.351401179941,1.33984888075535e-05,FALSE,0.00108563425933011,0.0324480003333558,"ANP32A","acidic nuclear phosphoprotein 32 family member A"
"ENSG00000181220",38,9.60176991150442,28.3982300884956,4.56685381647488e-05,FALSE,0.00109049196258756,0.0325390483786718,"ZNF746","zinc finger protein 746"
"ENSG00000142875",79.125,21.8805309734513,57.2444690265487,1.02021180733564e-08,FALSE,0.00110115164938558,0.0328026319700052,"PRKACB","protein kinase cAMP-activated catalytic subunit beta"
"ENSG00000134571",41.3333333333333,11.8362831858407,29.4970501474926,5.09954595945397e-05,FALSE,0.00111407225566395,0.0331252421223424,"MYBPC3","myosin binding protein C3"
"ENSG00000189067",27.9583333333333,9.13716814159292,18.8211651917404,0.0247085665941472,FALSE,0.00111566951422464,0.0331252421223424,"LITAF","lipopolysaccharide induced TNF factor"
"ENSG00000092203",66.7916666666667,14.216814159292,52.5748525073746,3.88465464562347e-08,FALSE,0.00113720153259695,0.0337088302475891,"TOX4","TOX high mobility group box family member 4"
"ENSG00000076108",23.4583333333333,5.71681415929203,17.7415191740413,0.00102905159061067,FALSE,0.00114586359376736,0.0339096338300546,"BAZ2A","bromodomain adjacent to zinc finger domain 2A"
"ENSG00000089902",28.7083333333333,7.57964601769912,21.1286873156342,3.28434054548978e-07,FALSE,0.00114989046221818,0.0339728328500413,"RCOR1","REST corepressor 1"
"ENSG00000070010",39.125,10.0575221238938,29.0674778761062,8.96068204284533e-09,FALSE,0.00115437266694916,0.0340287609942985,"UFD1","ubiquitin recognition factor in ER associated degradation 1"
"ENSG00000172575",43.6666666666667,10.9380530973451,32.7286135693215,5.63785916798318e-09,FALSE,0.00115557224330691,0.0340287609942985,"RASGRP1","RAS guanyl releasing protein 1"
"ENSG00000150991",224.125,58.8053097345133,165.319690265487,2.18291948576212e-05,FALSE,0.00115974550549424,0.0340957586173372,"UBC","ubiquitin C"
"ENSG00000118308",31.4166666666667,8.53539823008849,22.8812684365782,4.50306304211574e-06,FALSE,0.00116508647551472,0.0341657735648897,"IRAG2","inositol 1,4,5-triphosphate receptor associated 2"
"ENSG00000141012",16.2083333333333,4.42477876106195,11.7835545722714,4.9787714989367e-05,FALSE,0.00116686808728811,0.0341657735648897,"GALNS","galactosamine (N-acetyl)-6-sulfatase"
"ENSG00000136026",38.9166666666667,9.57079646017699,29.3458702064897,3.13394093179353e-06,FALSE,0.00116783304397051,0.0341657735648897,"CKAP4","cytoskeleton associated protein 4"
"ENSG00000172354",44.75,18.1858407079646,26.5641592920354,0.089234938352618,TRUE,0.00117665136727779,0.0343677861957901,"GNB2","G protein subunit beta 2"
"ENSG00000177156",20.1666666666667,8.3716814159292,11.7949852507375,0.127858456175421,TRUE,0.00118616692100826,0.0345430974093787,"TALDO1","transaldolase 1"
"ENSG00000204569",54.125,13.3938053097345,40.7311946902655,1.28972229123439e-06,FALSE,0.00118894906913466,0.0345430974093787,"PPP1R10","protein phosphatase 1 regulatory subunit 10"
"ENSG00000145868",14.9583333333333,2.89380530973451,12.0645280235988,3.45641305884629e-10,FALSE,0.00118987677212419,0.0345430974093787,"FBXO38","F-box protein 38"
"ENSG00000147316",10.7916666666667,4.46017699115044,6.33148967551622,0.0925387619111176,TRUE,0.00119195882737093,0.0345430974093787,"MCPH1","microcephalin 1"
"ENSG00000102796",113.208333333333,24.4247787610619,88.7835545722714,1.23126141700975e-09,FALSE,0.00119226857394727,0.0345430974093787,"DHRS12","dehydrogenase/reductase 12"
"ENSG00000183621",15.125,2.92035398230089,12.2046460176991,2.64333391017404e-07,FALSE,0.00119806402331692,0.0346551111929821,"ZNF438","zinc finger protein 438"
"ENSG00000065150",61.5,16.4955752212389,45.0044247787611,5.54183210178323e-06,FALSE,0.00121546501820593,0.0351019262412107,"IPO5","importin 5"
"ENSG00000011422",9.70833333333333,3.03097345132743,6.6773598820059,2.05045447010308e-05,FALSE,0.00121838445421799,0.0351297591510717,"PLAUR","plasminogen activator, urokinase receptor"
"ENSG00000076662",25.5833333333333,11.141592920354,14.4417404129793,0.171131744403405,TRUE,0.00123478917274891,0.0355457017789884,"ICAM3","intercellular adhesion molecule 3"
"ENSG00000146828",10.0416666666667,4.19026548672566,5.851401179941,0.0943789824196362,TRUE,0.0012410186558883,0.0356678689851545,"SLC12A9","solute carrier family 12 member 9"
"ENSG00000132405",4.79166666666667,0.951327433628319,3.84033923303835,5.92824473994101e-09,FALSE,0.00124541452519506,0.0357370305368672,"TBC1D14","TBC1 domain family member 14"
"ENSG00000168297",5.33333333333333,1.08849557522124,4.24483775811209,1.95019800307373e-08,FALSE,0.00125457115870786,0.0359423631959639,"PXK","PX domain containing serine/threonine kinase like"
"ENSG00000150403",13.25,2.89380530973451,10.3561946902655,1.62999016853837e-08,FALSE,0.00127157065038191,0.0363713751477871,"TMCO3","transmembrane and coiled-coil domains 3"
"ENSG00000113303",11.25,3.07964601769911,8.17035398230088,6.56030300089497e-06,FALSE,0.00127968550687914,0.0365306544397841,"BTNL8","butyrophilin like 8"
"ENSG00000108984",16.8333333333333,3.85398230088496,12.9793510324484,2.40377664568977e-08,FALSE,0.00128120649652419,0.0365306544397841,"MAP2K6","mitogen-activated protein kinase kinase 6"
"ENSG00000122642",79.875,21.853982300885,58.021017699115,1.66195916948622e-06,FALSE,0.00128384676748444,0.0365479231130316,"FKBP9","FKBP prolyl isomerase 9"
"ENSG00000154174",19.9583333333333,5.16371681415929,14.794616519174,5.25644051426589e-08,FALSE,0.00129947062934315,0.0369341628400174,"TOMM70","translocase of outer mitochondrial membrane 70"
"ENSG00000163083",24.7083333333333,5.53982300884956,19.1685103244838,2.05297352194796e-08,FALSE,0.00130697797961807,0.0370210134279464,"INHBB","inhibin subunit beta B"
"ENSG00000130821",1.16666666666667,3.56194690265487,-2.3952802359882,0.0420105000066055,FALSE,0.00130790207740187,0.0370210134279464,"SLC6A8","solute carrier family 6 member 8"
"ENSG00000089094",76.375,18.8318584070796,57.5431415929203,1.3696318487439e-05,FALSE,0.00130870920930502,0.0370210134279464,"KDM2B","lysine demethylase 2B"
"ENSG00000160208",70.4166666666667,19.6548672566372,50.7617994100295,0.000125975833585808,FALSE,0.00132121784140576,0.0373160944735403,"RRP1B","ribosomal RNA processing 1B"
"ENSG00000140057",8.41666666666667,20.5619469026549,-12.1452802359882,0.0147155304183932,FALSE,0.00132502446133859,0.0373648577692701,"AK7","adenylate kinase 7"
"ENSG00000142784",9.20833333333333,3.07522123893805,6.13311209439528,0.0132663282847398,FALSE,0.00132847127140745,0.0373755796962069,"WDTC1","WD and tetratricopeptide repeats 1"
"ENSG00000188938",1.58333333333333,0.353982300884956,1.22935103244838,9.76181948827144e-08,FALSE,0.00133080097823814,0.0373755796962069,"FAM120AOS","family with sequence similarity 120 member A opposite strand"
"ENSG00000105656",8.70833333333333,1.64159292035398,7.06674041297935,3.10656911522681e-09,FALSE,0.0013334933907783,0.0373755796962069,"ELL","elongation factor for RNA polymerase II"
"ENSG00000130638",8.20833333333333,2.1283185840708,6.08001474926254,2.20049562204578e-06,FALSE,0.00133372747231913,0.0373755796962069,"ATXN10","ataxin 10"
"ENSG00000166197",39.625,9.13274336283186,30.4922566371681,8.71120892586402e-07,FALSE,0.00134023122815604,0.0374993357497928,"NOLC1","nucleolar and coiled-body phosphoprotein 1"
"ENSG00000118922",30.1666666666667,6.80088495575221,23.3657817109145,3.37356277883828e-09,FALSE,0.00135870091183584,0.0379569898589535,"KLF12","KLF transcription factor 12"
"ENSG00000177674",4.08333333333333,1.16814159292035,2.91519174041298,0.00147491831428051,FALSE,0.00137477261583305,0.0382732476325433,"AGTRAP","angiotensin II receptor associated protein"
"ENSG00000068400",18.2083333333333,4.91150442477876,13.2968289085546,1.59223193210251e-05,FALSE,0.00137798616513335,0.0382732476325433,"GRIPAP1","GRIP1 associated protein 1"
"ENSG00000155530",57.625,137.247787610619,-79.6227876106195,0.0400469408792269,FALSE,0.0013792084843294,0.0382732476325433,"LRGUK","leucine rich repeats and guanylate kinase domain containing"
"ENSG00000170525",23.375,3.8716814159292,19.5033185840708,3.48523280720449e-10,FALSE,0.00137925641568534,0.0382732476325433,"PFKFB3","6-phosphofructo-2-kinase/fructose-2,6-biphosphatase 3"
"ENSG00000078369",120.666666666667,29.4380530973451,91.2286135693215,5.29368389162618e-09,FALSE,0.00138067496887424,0.0382732476325433,"GNB1","G protein subunit beta 1"
"ENSG00000154473",51.9166666666667,18.3230088495575,33.5936578171091,0.0126378787993064,FALSE,0.00138300865968492,0.0382788668011099,"BUB3","BUB3 mitotic checkpoint protein"
"ENSG00000164088",1.95833333333333,0.393805309734513,1.56452802359882,3.05487519150162e-05,FALSE,0.00139035374588063,0.0383836189803415,"PPM1M","protein phosphatase, Mg2+/Mn2+ dependent 1M"
"ENSG00000120733",11.125,1.88938053097345,9.23561946902655,5.96885600745539e-08,FALSE,0.00139106696855772,0.0383836189803415,"KDM3B","lysine demethylase 3B"
"ENSG00000183696",7.625,0.911504424778761,6.71349557522124,4.62572554362944e-18,FALSE,0.00139693602348593,0.0384454949122541,"UPP1","uridine phosphorylase 1"
"ENSG00000130985",55.7916666666667,11.8628318584071,43.9288348082596,3.87497723158149e-07,FALSE,0.00139758994475878,0.0384454949122541,"UBA1","ubiquitin like modifier activating enzyme 1"
"ENSG00000171316",199.083333333333,43.429203539823,155.65412979351,9.31123727839774e-08,FALSE,0.00140774964648903,0.0386657597857529,"CHD7","chromodomain helicase DNA binding protein 7"
"ENSG00000105953",2.45833333333333,8.67699115044248,-6.21865781710914,0.0478249915740917,FALSE,0.00141547507911367,0.0388185936581968,"OGDH","oxoglutarate dehydrogenase"
"ENSG00000185947",7.66666666666667,2.72566371681416,4.94100294985251,0.0471390788323039,FALSE,0.00142295721300735,0.0389642994165411,"ZNF267","zinc finger protein 267"
"ENSG00000163719",5.58333333333333,1.4646017699115,4.11873156342183,0.000306865760880049,FALSE,0.00143112456700213,0.0391282961903489,"MTMR14","myotubularin related protein 14"
"ENSG00000127663",18.8333333333333,5.26548672566372,13.5678466076696,1.21962064994912e-05,FALSE,0.00143903303787248,0.0392847271417983,"KDM4B","lysine demethylase 4B"
"ENSG00000113368",88.5416666666667,23.429203539823,65.1124631268437,2.22414868911302e-05,FALSE,0.001452444316451,0.0395906786895437,"LMNB1","lamin B1"
"ENSG00000116688",104.375,17.429203539823,86.945796460177,8.21185297704955e-16,FALSE,0.00146511020808495,0.0398754161633788,"MFN2","mitofusin 2"
"ENSG00000100055",4.20833333333333,1.07522123893805,3.13311209439528,3.65746507213267e-06,FALSE,0.00147381275949354,0.0400515863824243,"CYTH4","cytohesin 4"
"ENSG00000129355",36.7083333333333,12.6681415929204,24.040191740413,0.000258514514508954,FALSE,0.00148774648596438,0.0403691693767041,"CDKN2D","cyclin dependent kinase inhibitor 2D"
"ENSG00000100427",0.333333333333333,1.34955752212389,-1.01622418879056,0.0448416244003564,FALSE,0.00149238591112754,0.0404339790672458,"MLC1","modulator of VRAC current 1"
"ENSG00000072864",11.5,3.52654867256637,7.97345132743363,8.32084133010685e-05,FALSE,0.00149703566560201,0.0404988729837483,"NDE1","nudE neurodevelopment protein 1"
"ENSG00000132286",4.41666666666667,1.54867256637168,2.86799410029499,0.0061405393429611,FALSE,0.00152150976755881,0.0410643301006269,"TIMM10B","translocase of inner mitochondrial membrane 10B"
"ENSG00000128016",39.25,9.15044247787611,30.0995575221239,4.02847865982352e-07,FALSE,0.0015225098172364,0.0410643301006269,"ZFP36","ZFP36 ring finger protein"
"ENSG00000137207",9.16666666666667,1.93362831858407,7.2330383480826,1.87912386870568e-08,FALSE,0.00153581489807826,0.04136108397928,"YIPF3","Yip1 domain family member 3"
"ENSG00000112576",19.5,4.38053097345133,15.1194690265487,2.93604358013196e-09,FALSE,0.00154728672542247,0.041607651869407,"CCND3","cyclin D3"
"ENSG00000123643",13.5416666666667,3.92920353982301,9.61246312684366,0.000464354464889399,FALSE,0.00155400847667565,0.0416777416489733,"SLC36A1","solute carrier family 36 member 1"
"ENSG00000112763",16,3.36725663716814,12.6327433628319,5.78390464073338e-09,FALSE,0.00155453359153884,0.0416777416489733,"BTN2A1","butyrophilin subfamily 2 member A1"
"ENSG00000254901",2.29166666666667,0.597345132743363,1.6943215339233,2.59803547990898e-05,FALSE,0.00156279175510408,0.0418367038702452,"BORCS8","BLOC-1 related complex subunit 8"
"ENSG00000174238",17.7083333333333,4.19469026548673,13.5136430678466,3.17075245734214e-09,FALSE,0.0015722981149928,0.0420285580946662,"PITPNA","phosphatidylinositol transfer protein alpha"
"ENSG00000160685",20.5,6.32743362831858,14.1725663716814,0.000303748716045258,FALSE,0.00157951796032766,0.0420616859813685,"ZBTB7B","zinc finger and BTB domain containing 7B"
"ENSG00000077327",82.5,23.4070796460177,59.0929203539823,0.000315105036411674,FALSE,0.00157981886846768,0.0420616859813685,"SPAG6","sperm associated antigen 6"
"ENSG00000067606",122.333333333333,24.4513274336283,97.882005899705,2.74552764772095e-12,FALSE,0.00158056215762533,0.0420616859813685,"PRKCZ","protein kinase C zeta"
"ENSG00000204619",20.5833333333333,4.74778761061947,15.8355457227139,1.03303681501145e-12,FALSE,0.00158302343024285,0.0420648666826219,"PPP1R11","protein phosphatase 1 regulatory inhibitor subunit 11"
"ENSG00000013364",7.20833333333333,1.55309734513274,5.65523598820059,1.79099792092476e-10,FALSE,0.00158608027829545,0.042083840530312,"MVP","major vault protein"
"ENSG00000137814",6.95833333333333,1.94690265486726,5.01143067846608,1.86763990750943e-05,FALSE,0.0015887935874715,0.0420936566544995,"HAUS2","HAUS augmin like complex subunit 2"
"ENSG00000170892",1.45833333333333,0.292035398230089,1.16629793510324,1.81435331720597e-07,FALSE,0.00159202279995415,0.0421170921289784,"TSEN34","tRNA splicing endonuclease subunit 34"
"ENSG00000108799",100.333333333333,26.1769911504425,74.1563421828909,8.62742718866876e-08,FALSE,0.00160671121196191,0.0424431669124585,"EZH1","enhancer of zeste 1 polycomb repressive complex 2 subunit"
"ENSG00000093000",20.7083333333333,5.77433628318584,14.9339970501475,2.01528903461583e-05,FALSE,0.00162079558857882,0.0427523511859637,"NUP50","nucleoporin 50"
"ENSG00000135404",14.25,6.46902654867257,7.78097345132743,0.0741713128546003,TRUE,0.00162694194203994,0.0428515514734068,"CD63","CD63 molecule"
"ENSG00000103111",13.9166666666667,2.86283185840708,11.0538348082596,2.5525976784381e-08,FALSE,0.00162980432515776,0.0428640923760013,"MON1B","MON1 homolog B, secretory trafficking associated"
"ENSG00000186635",2.125,0.384955752212389,1.74004424778761,4.67678972481379e-09,FALSE,0.00165050403649592,0.0433270817098318,"ARAP1","ArfGAP with RhoGAP domain, ankyrin repeat and PH domain 1"
"ENSG00000138614",58.75,17.4911504424779,41.2588495575221,0.000137311425373401,FALSE,0.00165364238020816,0.0433270817098318,"INTS14","integrator complex subunit 14"
"ENSG00000171302",2.54166666666667,0.632743362831858,1.90892330383481,4.46530879838328e-06,FALSE,0.00165464443873209,0.0433270817098318,"CANT1","calcium activated nucleotidase 1"
"ENSG00000135655",46.4166666666667,11.3230088495575,35.0936578171091,1.94993592418945e-07,FALSE,0.00165794611059678,0.0433443714749637,"USP15","ubiquitin specific peptidase 15"
"ENSG00000107566",21.375,3.72566371681416,17.6493362831858,1.13153313244145e-11,FALSE,0.00166013068946028,0.0433443714749637,"ERLIN1","ER lipid raft associated 1"
"ENSG00000132510",181.166666666667,59.9823008849558,121.184365781711,0.00125484100617034,FALSE,0.00167100185109935,0.0434970186929865,"KDM6B","lysine demethylase 6B"
"ENSG00000186517",3.29166666666667,0.65929203539823,2.63237463126844,1.96996007402531e-10,FALSE,0.00167359139732129,0.0434970186929865,"ARHGAP30","Rho GTPase activating protein 30"
"ENSG00000156931",9.08333333333333,2.24778761061947,6.83554572271387,6.89950880695008e-05,FALSE,0.00167546042857613,0.0434970186929865,"VPS8","VPS8 subunit of CORVET complex"
"ENSG00000015171",7.66666666666667,1.93362831858407,5.7330383480826,1.79883837865973e-06,FALSE,0.00167566313731262,0.0434970186929865,"ZMYND11","zinc finger MYND-type containing 11"
"ENSG00000038219",7.91666666666667,2.12389380530973,5.79277286135693,0.000615219342199536,FALSE,0.00168136186882624,0.0435260732508395,"BOD1L1","biorientation of chromosomes in cell division 1 like 1"
"ENSG00000117834",4.08333333333333,0.907079646017699,3.17625368731563,1.06360155960083e-10,FALSE,0.00168162861638271,0.0435260732508395,"SLC5A9","solute carrier family 5 member 9"
"ENSG00000196209",23.5,8.49557522123894,15.0044247787611,0.0417018365249408,FALSE,0.0017077541051723,0.0441386863182878,"SIRPB2","signal regulatory protein beta 2"
"ENSG00000070476",24.8333333333333,5.57964601769912,19.2536873156342,3.10682537551788e-10,FALSE,0.00172942150343441,0.0446344805548741,"ZXDC","ZXD family zinc finger C"
"ENSG00000072609",15.7916666666667,3.73893805309735,12.0527286135693,5.93570355341419e-08,FALSE,0.00173877471189865,0.0448114923240107,"CHFR","checkpoint with forkhead and ring finger domains"
"ENSG00000113048",33.4583333333333,7.35840707964602,26.0999262536873,7.64652244698445e-07,FALSE,0.00174948239156038,0.0449956824338334,"MRPS27","mitochondrial ribosomal protein S27"
"ENSG00000197622",1.04166666666667,0.172566371681416,0.869100294985251,2.11470452744024e-12,FALSE,0.00175093147142735,0.0449956824338334,"CDC42SE1","CDC42 small effector 1"
"ENSG00000159592",6.875,1.57964601769911,5.29535398230088,4.35103570605819e-07,FALSE,0.00175357003207902,0.0449991121231936,"GPBP1L1","GC-rich promoter binding protein 1 like 1"
"ENSG00000127824",167.375,44.0884955752212,123.286504424779,2.39042776640158e-08,FALSE,0.00175772895123305,0.0450414909429376,"TUBA4A","tubulin alpha 4a"
"ENSG00000100030",228.208333333333,62.2743362831858,165.933997050147,2.43727272470628e-08,FALSE,0.00176285530496286,0.0450455764310092,"MAPK1","mitogen-activated protein kinase 1"
"ENSG00000172985",32.4583333333333,7.73451327433628,24.7238200589971,4.1941077730881e-08,FALSE,0.00176537510736349,0.0450455764310092,"SH3RF3","SH3 domain containing ring finger 3"
"ENSG00000054523",21.75,5.12389380530973,16.6261061946903,2.96636581054444e-07,FALSE,0.0017679502314254,0.0450455764310092,"KIF1B","kinesin family member 1B"
"ENSG00000048740",15.9166666666667,2.89380530973451,13.0228613569322,1.08721716320552e-12,FALSE,0.00177233934137242,0.0450455764310092,"CELF2","CUGBP Elav-like family member 2"
"ENSG00000196562",20.7916666666667,7.10176991150442,13.6898967551622,0.00116985509400023,FALSE,0.00177289522286347,0.0450455764310092,"SULF2","sulfatase 2"
"ENSG00000122694",7.45833333333333,1.66371681415929,5.79461651917404,1.83964514062849e-06,FALSE,0.00177293450630315,0.0450455764310092,"GLIPR2","GLI pathogenesis related 2"
"ENSG00000213937",3.83333333333333,0.915929203539823,2.91740412979351,2.10233835687552e-07,FALSE,0.00177672570621219,0.0450781410461717,"CLDN9","claudin 9"
"ENSG00000141526",7.875,2.43805309734513,5.43694690265487,0.00324774823083784,FALSE,0.00178939223265475,0.0453354762696436,"SLC16A3","solute carrier family 16 member 3"
"ENSG00000069248",40.2916666666667,12.0929203539823,28.1987463126844,1.58939305714716e-05,FALSE,0.00179589981131542,0.0454362652262802,"NUP133","nucleoporin 133"
"ENSG00000054967",14.8333333333333,5.23451327433628,9.59882005899705,0.0153513749542752,FALSE,0.00180075005498781,0.0454948990685597,"RELT","RELT TNF receptor"
"ENSG00000129933",4.875,0.858407079646018,4.01659292035398,1.83547483688325e-11,FALSE,0.00180660772403327,0.0455762426507773,"MAU2","MAU2 sister chromatid cohesion factor"
"ENSG00000166946",39.2083333333333,10.429203539823,28.7791297935103,1.58207620377912e-07,FALSE,0.00180904420252765,0.0455762426507773,"CCNDBP1","cyclin D1 binding protein 1"
"ENSG00000170776",28.9583333333333,6.40265486725664,22.5556784660767,6.220449857515e-10,FALSE,0.00183924443714024,0.0462721958324232,"AKAP13","A-kinase anchoring protein 13"
"ENSG00000159882",3.625,0.898230088495575,2.72676991150442,1.04420909636171e-05,FALSE,0.00184835091915887,0.0464362623228681,"ZNF230","zinc finger protein 230"
"ENSG00000177125",11.5416666666667,3.52654867256637,8.01511799410029,0.00180025900727503,FALSE,0.00187329875078954,0.0469972981290958,"ZBTB34","zinc finger and BTB domain containing 34"
"ENSG00000162511",2.91666666666667,0.464601769911504,2.45206489675516,6.08350974574158e-11,FALSE,0.00188956804311916,0.0472754059446821,"LAPTM5","lysosomal protein transmembrane 5"
"ENSG00000159720",13.7916666666667,4.02654867256637,9.76511799410029,0.00120616231449628,FALSE,0.00189424679757139,0.0472754059446821,"ATP6V0D1","ATPase H+ transporting V0 subunit d1"
"ENSG00000106809",11.9166666666667,25.3185840707965,-13.4019174041298,0.00907169207626996,FALSE,0.00189477534461527,0.0472754059446821,"OGN","osteoglycin"
"ENSG00000165929",3.875,1.15044247787611,2.72455752212389,6.7036274699535e-05,FALSE,0.00189520269397569,0.0472754059446821,"TC2N","tandem C2 domains, nuclear"
"ENSG00000197329",6.20833333333333,2.06637168141593,4.1419616519174,0.00627148093024893,FALSE,0.001897543154602,0.0472754059446821,"PELI1","pellino E3 ubiquitin protein ligase 1"
"ENSG00000159496",1.83333333333333,0.566371681415929,1.2669616519174,0.00665075967422366,FALSE,0.00190756171746395,0.0474548278941046,"RGL4","ral guanine nucleotide dissociation stimulator like 4"
"ENSG00000120051",10.875,3.46017699115044,7.41482300884956,0.000604950742950285,FALSE,0.00191002842328328,0.0474548278941046,"CFAP58","cilia and flagella associated protein 58"
"ENSG00000142405",14.2916666666667,3.96017699115044,10.3314896755162,0.000108741304552507,FALSE,0.00192283806939389,0.0477070997797271,"NLRP12","NLR family pyrin domain containing 12"
"ENSG00000024048",30.4583333333333,8.11061946902655,22.3477138643068,9.46392109074303e-07,FALSE,0.00192753330887248,0.0477576287272776,"UBR2","ubiquitin protein ligase E3 component n-recognin 2"
"ENSG00000198792",4.625,1.24778761061947,3.37721238938053,8.51748720980634e-05,FALSE,0.0019367655753684,0.0478323787431708,"TMEM184B","transmembrane protein 184B"
"ENSG00000174125",53.7916666666667,15.4823008849558,38.3093657817109,7.82984065829764e-06,FALSE,0.00193850070303391,0.0478323787431708,"TLR1","toll like receptor 1"
"ENSG00000139737",27.2083333333333,7.00442477876106,20.2039085545723,6.07271862102138e-05,FALSE,0.00193853875883919,0.0478323787431708,"SLAIN1","SLAIN motif family member 1"
"ENSG00000069399",56.8333333333333,17.4513274336283,39.382005899705,0.00012460584756575,FALSE,0.00194585176522857,0.0479469619462288,"BCL3","BCL3 transcription coactivator"
"ENSG00000185359",27,8.06637168141593,18.9336283185841,0.000300620271637156,FALSE,0.00195520694304776,0.0480487779246263,"HGS","hepatocyte growth factor-regulated tyrosine kinase substrate"
"ENSG00000059804",30.625,7.80088495575221,22.8241150442478,3.90060790977227e-06,FALSE,0.0019553335558037,0.0480487779246263,"SLC2A3","solute carrier family 2 member 3"
"ENSG00000136279",20.5,3.29203539823009,17.2079646017699,3.52626904051615e-11,FALSE,0.00196288219024289,0.0481683781193075,"DBNL","drebrin like"
"ENSG00000100647",5.04166666666667,1.15044247787611,3.89122418879056,2.48154083140221e-06,FALSE,0.00197546021363941,0.0483994472360475,"SUSD6","sushi domain containing 6"
"ENSG00000184389",5.125,1.3141592920354,3.8108407079646,5.8107883804431e-05,FALSE,0.00197768714976668,0.0483994472360475,"A3GALT2","alpha 1,3-galactosyltransferase 2"
"ENSG00000110713",96.8333333333333,21.3451327433628,75.4882005899705,1.05265176124153e-08,FALSE,0.00198829811464002,0.0485929238548009,"NUP98","nucleoporin 98 and 96 precursor"
"ENSG00000158773",36.5833333333333,10.6017699115044,25.9815634218289,2.32138166821089e-05,FALSE,0.00200716067792717,0.04898726529566,"USF1","upstream transcription factor 1"
"ENSG00000100906",275.916666666667,50.9690265486726,224.947640117994,4.03311021132508e-11,FALSE,0.00201570476032614,0.04912904288974,"NFKBIA","NFKB inhibitor alpha"
"ENSG00000146223",89.2083333333333,21.070796460177,68.1375368731563,2.93508121893018e-11,FALSE,0.00202083691865911,0.0491685566569201,"RPL7L1","ribosomal protein L7 like 1"
"ENSG00000266173",6.29166666666667,1.54867256637168,4.74299410029499,7.32603990670225e-08,FALSE,0.00202280038798998,0.0491685566569201,"STRADA","STE20 related adaptor alpha"
"ENSG00000119669",7.25,2.02654867256637,5.22345132743363,4.37437109686169e-06,FALSE,0.00203713501340857,0.0494500760079165,"IRF2BPL","interferon regulatory factor 2 binding protein like"
"ENSG00000109323",7.66666666666667,2.33628318584071,5.33038348082596,0.000391097904602163,FALSE,0.00204088698165839,0.0494742953461938,"MANBA","mannosidase beta"
"ENSG00000241685",20.9583333333333,5.80088495575221,15.1574483775811,2.75241392091874e-05,FALSE,0.00204945305606833,0.0496086316943973,"ARPC1A","actin related protein 2/3 complex subunit 1A"
"ENSG00000170956",24.875,11.0088495575221,13.8661504424779,0.117598139221796,TRUE,0.00205195197622542,0.0496086316943973,"CEACAM3","CEA cell adhesion molecule 3"
"ENSG00000214655",2.70833333333333,0.853982300884956,1.85435103244838,0.000713155832806281,FALSE,0.00206727780540032,0.0498772995637408,"ZSWIM8","zinc finger SWIM-type containing 8"
"ENSG00000051009",24.3333333333333,5.01769911504425,19.3156342182891,1.00778123049821e-10,FALSE,0.00206861816929171,0.0498772995637408,"FHIP1B","FHF complex subunit HOOK interacting protein 1B"
