"gene","mean_target","mean_ref","estimate","levene_p","variances_equal","p_val","padj","symbol","description"
"ENSG00000185745",89.9882352941176,31.8606060606061,58.1276292335116,0.000819649954988728,FALSE,5.78203034219206e-13,7.67949989454416e-09,"IFIT1","interferon induced protein with tetratricopeptide repeats 1"
"ENSG00000134321",11.3411764705882,3.96969696969697,7.37147950089127,0.00138981875959999,FALSE,8.55035338701126e-13,7.67949989454416e-09,"RSAD2","radical S-adenosyl methionine domain containing 2"
"ENSG00000119917",85.8823529411765,28.8,57.0823529411765,0.000464947126830124,FALSE,1.38775129710358e-12,8.30939218329051e-09,"IFIT3","interferon induced protein with tetratricopeptide repeats 3"
"ENSG00000089159",4.8,23.7818181818182,-18.9818181818182,1.07271674295182e-08,FALSE,2.2567169733978e-12,8.36195339567624e-09,"PXN","paxillin"
"ENSG00000126709",40.4352941176471,13.969696969697,26.4655971479501,8.79117392457174e-05,FALSE,2.6577456505299e-12,8.36195339567624e-09,"IFI6","interferon alpha inducible protein 6"
"ENSG00000134326",8.71764705882353,2.88484848484848,5.83279857397504,3.94567362490862e-05,FALSE,2.79305908668137e-12,8.36195339567624e-09,"CMPK2","cytidine/uridine monophosphate kinase 2"
"ENSG00000114626",2,17.7151515151515,-15.7151515151515,1.28758261925482e-07,FALSE,6.24895521589024e-12,1.53403247123998e-08,"ABTB1","ankyrin repeat and BTB domain containing 1"
"ENSG00000157601",66.8705882352941,24.3090909090909,42.5614973262032,0.000392285574736215,FALSE,6.8319655792016e-12,1.53403247123998e-08,"MX1","MX dynamin like GTPase 1"
"ENSG00000141664",40.2235294117647,10.3818181818182,29.8417112299465,1.90957869708634e-08,FALSE,8.65278965705259e-12,1.61057987190799e-08,"ZCCHC2","zinc finger CCHC-type containing 2"
"ENSG00000181220",1.75294117647059,17.7757575757576,-16.022816399287,4.81662088710282e-08,FALSE,8.96609626403157e-12,1.61057987190799e-08,"ZNF746","zinc finger protein 746"
"ENSG00000111261",3.85882352941176,21.0424242424242,-17.1836007130125,3.1204141360649e-08,FALSE,1.09270092214031e-11,1.78438060585512e-08,"MANSC1","MANSC domain containing 1"
"ENSG00000187608",212.670588235294,58.969696969697,153.700891265597,1.23134491148814e-08,FALSE,1.54454728784772e-11,2.31205857763406e-08,"ISG15","ISG15 ubiquitin like modifier"
"ENSG00000142347",2.48235294117647,12.8363636363636,-10.3540106951872,6.40259461811974e-07,FALSE,6.86281960099595e-11,9.48283296097617e-08,"MYO1F","myosin IF"
"ENSG00000132530",58.3176470588235,19.6545454545455,38.6631016042781,1.17843533403654e-06,FALSE,9.41452828678257e-11,1.20795122582482e-07,"XAF1","XIAP associated factor 1"
"ENSG00000106348",2.03529411764706,13.1090909090909,-11.0737967914439,2.25238962509012e-07,FALSE,1.08229918955216e-10,1.29608935612836e-07,"IMPDH1","inosine monophosphate dehydrogenase 1"
"ENSG00000137959",32.9411764705882,12.0484848484848,20.8926916221034,4.01127606199883e-06,FALSE,1.67807696140704e-10,1.73040056143129e-07,"IFI44L","interferon induced protein 44 like"
"ENSG00000135114",175.858823529412,55.7636363636364,120.095187165775,3.97703359673378e-06,FALSE,1.70911731567306e-10,1.73040056143129e-07,"OASL","2'-5'-oligoadenylate synthetase like"
"ENSG00000137965",36.2823529411765,13.5393939393939,22.7429590017825,0.000437334263296977,FALSE,1.76925145908884e-10,1.73040056143129e-07,"IFI44","interferon induced protein 44"
"ENSG00000067182",2.50588235294118,12.1333333333333,-9.62745098039216,3.367347623084e-07,FALSE,1.83029620148052e-10,1.73040056143129e-07,"TNFRSF1A","TNF receptor superfamily member 1A"
"ENSG00000177156",2.32941176470588,13.2,-10.8705882352941,1.20924515164232e-06,FALSE,2.46369380328307e-10,2.21276658941869e-07,"TALDO1","transaldolase 1"
"ENSG00000138646",15.8588235294118,4.96969696969697,10.8891265597148,0.000103242986307862,FALSE,2.63980681079104e-10,2.25804046391616e-07,"HERC5","HECT and RLD domain containing E3 ubiquitin protein ligase 5"
"ENSG00000119922",77.3294117647059,26.1333333333333,51.1960784313725,0.000762718390435073,FALSE,3.84596911752674e-10,3.14023378446058e-07,"IFIT2","interferon induced protein with tetratricopeptide repeats 2"
"ENSG00000128594",4.24705882352941,17.4909090909091,-13.2438502673797,6.30974592052487e-07,FALSE,4.04296866593643e-10,3.15755852809635e-07,"LRRC4","leucine rich repeat containing 4"
"ENSG00000100504",3.12941176470588,13.369696969697,-10.2402852049911,4.20526841756635e-07,FALSE,5.53584188629794e-10,4.14038508912232e-07,"PYGL","glycogen phosphorylase L"
"ENSG00000125505",0.458823529411765,2.47878787878788,-2.01996434937611,1.23245504355736e-07,FALSE,5.76237973768624e-10,4.14038508912232e-07,"MBOAT7","membrane bound acylglycerophosphatidylinositol O-acyltransferase MBOAT7"
"ENSG00000018280",1.32941176470588,7.35151515151515,-6.02210338680927,8.55414379318571e-07,FALSE,8.3909203813672e-10,5.62996138937537e-07,"SLC11A1","solute carrier family 11 member 1"
"ENSG00000102882",19.7882352941176,87.3757575757576,-67.5875222816399,1.72467555664398e-06,FALSE,8.46233688766548e-10,5.62996138937537e-07,"MAPK3","mitogen-activated protein kinase 3"
"ENSG00000169180",3.51764705882353,15.4666666666667,-11.9490196078431,1.64055211692618e-06,FALSE,1.33695109047389e-09,8.57701872792232e-07,"XPO6","exportin 6"
"ENSG00000152778",75.3411764705882,25.1272727272727,50.2139037433155,3.99527718156927e-06,FALSE,1.46814503335102e-09,8.99285201743927e-07,"IFIT5","interferon induced protein with tetratricopeptide repeats 5"
"ENSG00000100365",3.51764705882353,16.6727272727273,-13.1550802139037,9.40988669071884e-07,FALSE,1.50189590003439e-09,8.99285201743927e-07,"NCF4","neutrophil cytosolic factor 4"
"ENSG00000111331",7.11764705882353,2.51515151515152,4.60249554367201,0.000105466619987514,FALSE,1.94120657987699e-09,1.12483528368808e-06,"OAS3","2'-5'-oligoadenylate synthetase 3"
"ENSG00000076662",3.82352941176471,17.0121212121212,-13.1885918003565,9.47630280884266e-07,FALSE,2.27667943100717e-09,1.27799976934943e-06,"ICAM3","intercellular adhesion molecule 3"
"ENSG00000117410",2.55294117647059,10.2242424242424,-7.67130124777184,2.0791453290581e-06,FALSE,2.53750416099711e-09,1.38124809830276e-06,"ATP6V0B","ATPase H+ transporting V0 subunit b"
"ENSG00000062282",0.8,3.69090909090909,-2.89090909090909,1.33874901837233e-06,FALSE,2.88446723717251e-09,1.52393191121558e-06,"DGAT2","diacylglycerol O-acyltransferase 2"
"ENSG00000143409",0.329411764705882,1.71515151515152,-1.38573975044563,2.83991584261698e-09,FALSE,3.65661998178624e-09,1.87668184950932e-06,"MINDY1","MINDY lysine 48 deubiquitinase 1"
"ENSG00000204160",0.682352941176471,3.38181818181818,-2.69946524064171,1.03091399985809e-06,FALSE,4.00999522727442e-09,1.94973443536419e-06,"ZDHHC18","zinc finger DHHC-type palmitoyltransferase 18"
"ENSG00000140332",2.49411764705882,8.73939393939394,-6.24527629233512,6.0669018761431e-06,FALSE,4.01604264924985e-09,1.94973443536419e-06,"TLE3","TLE family member 3, transcriptional corepressor"
"ENSG00000104870",1.15294117647059,5.05454545454545,-3.90160427807487,1.05974752056981e-06,FALSE,4.61312070527828e-09,2.18067071655036e-06,"FCGRT","Fc gamma receptor and transporter"
"ENSG00000089127",5.45882352941176,1.9030303030303,3.55579322638146,0.000105295585381428,FALSE,6.11162124516841e-09,2.81495006222975e-06,"OAS1","2'-5'-oligoadenylate synthetase 1"
"ENSG00000166579",2.04705882352941,8.66666666666667,-6.61960784313725,3.18343239772728e-06,FALSE,7.56283003787141e-09,3.3962778992571e-06,"NDEL1","nudE neurodevelopment protein 1 like 1"
"ENSG00000171777",2.21176470588235,9.25454545454545,-7.0427807486631,8.41418776746551e-06,FALSE,8.0580378334548e-09,3.49158432807213e-06,"RASGRP4","RAS guanyl releasing protein 4"
"ENSG00000177169",3.49411764705882,16.3515151515152,-12.8573975044563,8.59881557063295e-06,FALSE,8.16381126643819e-09,3.49158432807213e-06,"ULK1","unc-51 like autophagy activating kinase 1"
"ENSG00000068383",0.270588235294118,1.55151515151515,-1.28092691622103,1.04798902251752e-05,FALSE,8.63274719033062e-09,3.56972590681592e-06,"INPP5A","inositol polyphosphate-5-phosphatase A"
"ENSG00000167434",1.11764705882353,4.99393939393939,-3.87629233511586,5.02280942662162e-06,FALSE,8.90881736295475e-09,3.56972590681592e-06,"CA4","carbonic anhydrase 4"
"ENSG00000105352",5.10588235294118,21.8606060606061,-16.7547237076649,4.96790937816201e-06,FALSE,8.94269697749354e-09,3.56972590681592e-06,"CEACAM4","CEA cell adhesion molecule 4"
"ENSG00000087074",4.78823529411765,19.430303030303,-14.6420677361854,7.69439188721161e-06,FALSE,9.97825792121014e-09,3.89650971823256e-06,"PPP1R15A","protein phosphatase 1 regulatory subunit 15A"
"ENSG00000188157",48.5058823529412,15.7393939393939,32.7664884135472,2.63330638685221e-09,FALSE,1.02191603735865e-08,3.9056761232071e-06,"AGRN","agrin"
"ENSG00000141480",7.55294117647059,24.5333333333333,-16.9803921568627,3.55716693017429e-06,FALSE,1.14536620735313e-08,4.28629441305922e-06,"ARRB2","arrestin beta 2"
"ENSG00000165949",47.1764705882353,13.2,33.9764705882353,3.10654365272933e-13,FALSE,1.25756549292377e-08,4.59334280798227e-06,"IFI27","interferon alpha inducible protein 27"
"ENSG00000124256",3.64705882352941,0.957575757575758,2.68948306595365,5.39298945273604e-08,FALSE,1.27855670210496e-08,4.59334280798227e-06,"ZBP1","Z-DNA binding protein 1"
"ENSG00000196182",2.72941176470588,12.2545454545455,-9.52513368983957,2.20354224795891e-05,FALSE,1.47533350823074e-08,5.19635604085269e-06,"STK40","serine/threonine kinase 40"
"ENSG00000105397",7.81176470588235,33.969696969697,-26.1579322638146,1.01061776830779e-05,FALSE,1.75434975131897e-08,6.06026626595051e-06,"TYK2","tyrosine kinase 2"
"ENSG00000204304",3.10588235294118,8.8969696969697,-5.79108734402852,6.21995723854224e-07,FALSE,1.84863853835718e-08,6.26548944613396e-06,"PBX2","PBX homeobox 2"
"ENSG00000156675",8.12941176470588,30.6484848484848,-22.519073083779,9.62017344858327e-06,FALSE,2.01860200298076e-08,6.71484218139692e-06,"RAB11FIP1","RAB11 family interacting protein 1"
"ENSG00000104973",1.4,9.35151515151515,-7.95151515151515,2.3476241557751e-05,FALSE,2.15776339861308e-08,7.04725525987033e-06,"MED25","mediator complex subunit 25"
"ENSG00000198053",7.54117647058824,29.6606060606061,-22.1194295900178,1.25564640005114e-05,FALSE,2.21237031654893e-08,7.09657285645865e-06,"SIRPA","signal regulatory protein alpha"
"ENSG00000141562",0.635294117647059,2.76969696969697,-2.13440285204991,7.85670549620122e-06,FALSE,2.50242171237679e-08,7.88614056481128e-06,"NARF","nuclear prelamin A recognition factor"
"ENSG00000146828",1.51764705882353,6.41818181818182,-4.90053475935829,8.38457949051066e-06,FALSE,2.7487851784372e-08,8.51317726901161e-06,"SLC12A9","solute carrier family 12 member 9"
"ENSG00000139178",2.83529411764706,10.0848484848485,-7.24955436720142,5.91782942230316e-06,FALSE,2.97001855828817e-08,8.97869080798785e-06,"C1RL","complement C1r subcomponent like"
"ENSG00000170345",19.3764705882353,72.7393939393939,-53.3629233511586,9.08781908402919e-06,FALSE,3.02878718195505e-08,8.97869080798785e-06,"FOS","Fos proto-oncogene, AP-1 transcription factor subunit"
"ENSG00000177294",13.5176470588235,3.67272727272727,9.84491978609626,4.83830570564938e-13,FALSE,3.0490460351125e-08,8.97869080798785e-06,"FBXO39","F-box protein 39"
"ENSG00000059378",6.67058823529412,1.96969696969697,4.70089126559715,1.42461177645526e-07,FALSE,3.4466411680457e-08,9.9858089196137e-06,"PARP12","poly(ADP-ribose) polymerase family member 12"
"ENSG00000146826",0.176470588235294,0.939393939393939,-0.762923351158645,1.09343803757357e-05,FALSE,3.72663669250572e-08,1.06256468107112e-05,"TRAPPC14","trafficking protein particle complex subunit 14"
"ENSG00000012779",3.10588235294118,13.0545454545455,-9.94866310160428,1.06987738737072e-05,FALSE,3.83917503275513e-08,1.07754845489657e-05,"ALOX5","arachidonate 5-lipoxygenase"
"ENSG00000176463",0.435294117647059,1.5030303030303,-1.06773618538324,1.91167270121285e-07,FALSE,4.09828229575279e-08,1.1325760750555e-05,"SLCO3A1","solute carrier organic anion transporter family member 3A1"
"ENSG00000171302",0.2,1.13333333333333,-0.933333333333333,2.49792774645608e-05,FALSE,4.26348541230303e-08,1.16037861304847e-05,"CANT1","calcium activated nucleotidase 1"
"ENSG00000197405",1.45882352941176,5.66060606060606,-4.2017825311943,1.68010643703963e-05,FALSE,4.40568701679467e-08,1.18118441615944e-05,"C5AR1","complement C5a receptor 1"
"ENSG00000123329",3.23529411764706,11.830303030303,-8.59500891265597,9.85564539101317e-06,FALSE,5.21271018365132e-08,1.37699872101366e-05,"ARHGAP9","Rho GTPase activating protein 9"
"ENSG00000169403",1.22352941176471,5.27272727272727,-4.04919786096257,1.93872719017939e-05,FALSE,5.61319867300584e-08,1.46130272120585e-05,"PTAFR","platelet activating factor receptor"
"ENSG00000148660",10.2117647058824,35.2848484848485,-25.0730837789661,1.49573170420912e-05,FALSE,5.91365923483272e-08,1.51752944050429e-05,"CAMK2G","calcium/calmodulin dependent protein kinase II gamma"
"ENSG00000166987",3.24705882352941,12.7818181818182,-9.53475935828877,1.61202795085502e-05,FALSE,6.20690121824061e-08,1.57034600821487e-05,"MBD6","methyl-CpG binding domain protein 6"
"ENSG00000105514",0.776470588235294,3.33333333333333,-2.55686274509804,2.14563613825417e-05,FALSE,6.39220939861457e-08,1.59476746426824e-05,"RAB3D","RAB3D, member RAS oncogene family"
"ENSG00000185507",58.5411764705882,18.0242424242424,40.5169340463458,2.76938943508638e-06,FALSE,7.37470366330431e-08,1.79204480068123e-05,"IRF7","interferon regulatory factor 7"
"ENSG00000135083",2.04705882352941,8.16363636363636,-6.11657754010695,1.85325123136257e-05,FALSE,7.3824703696716e-08,1.79204480068123e-05,"CCNJL","cyclin J like"
"ENSG00000133961",4.68235294117647,16.2363636363636,-11.5540106951872,1.12351355084296e-05,FALSE,7.74532408525705e-08,1.85505675391297e-05,"NUMB","NUMB endocytic adaptor protein"
"ENSG00000100266",1.12941176470588,5.65454545454545,-4.52513368983957,1.75148846962989e-05,FALSE,7.96062839170153e-08,1.8737100831402e-05,"PACSIN2","protein kinase C and casein kinase substrate in neurons 2"
"ENSG00000035664",8.15294117647059,27.0787878787879,-18.9258467023173,2.22837047136379e-05,FALSE,8.03182521860467e-08,1.8737100831402e-05,"DAPK2","death associated protein kinase 2"
"ENSG00000181274",0.435294117647059,1.95151515151515,-1.51622103386809,2.49163019414432e-05,FALSE,8.52477467372292e-08,1.96321189056519e-05,"FRAT2","FRAT regulator of WNT signaling pathway 2"
"ENSG00000068079",62.9647058823529,22.0545454545455,40.9101604278075,1.63931673662558e-05,FALSE,1.00595108026938e-07,2.26435677296905e-05,"IFI35","interferon induced protein 35"
"ENSG00000072110",6.58823529411765,22.2606060606061,-15.6723707664884,1.41300167345125e-05,FALSE,1.01031541902568e-07,2.26435677296905e-05,"ACTN1","actinin alpha 1"
"ENSG00000173757",5.31764705882353,21.8848484848485,-16.567201426025,2.20158537377868e-05,FALSE,1.02105939214214e-07,2.26435677296905e-05,"STAT5B","signal transducer and activator of transcription 5B"
"ENSG00000115267",52.4470588235294,19.9818181818182,32.4652406417112,0.000390887719613697,FALSE,1.09209613675376e-07,2.3434469319684e-05,"IFIH1","interferon induced with helicase C domain 1"
"ENSG00000189077",0.164705882352941,1,-0.835294117647059,2.84682316646455e-05,FALSE,1.09308058415777e-07,2.3434469319684e-05,"TMEM120A","transmembrane protein 120A"
"ENSG00000108771",42.0705882352941,13.4363636363636,28.6342245989305,3.01633274933e-07,FALSE,1.10190477335238e-07,2.3434469319684e-05,"DHX58","DExH-box helicase 58"
"ENSG00000141551",3.64705882352941,18.4848484848485,-14.8377896613191,1.83187314423156e-05,FALSE,1.10890713810229e-07,2.3434469319684e-05,"CSNK1D","casein kinase 1 delta"
"ENSG00000196923",3.77647058823529,14.230303030303,-10.4538324420677,2.17942609585088e-05,FALSE,1.17013935830061e-07,2.44409456897138e-05,"PDLIM7","PDZ and LIM domain 7"
"ENSG00000127527",3.4,15.4969696969697,-12.0969696969697,2.53108468888524e-05,FALSE,1.24549613472214e-07,2.5562824445174e-05,"EPS15L1","epidermal growth factor receptor pathway substrate 15 like 1"
"ENSG00000105520",1.37647058823529,5.32727272727273,-3.95080213903743,3.1500378815144e-05,FALSE,1.25231228145372e-07,2.5562824445174e-05,"PLPPR2","phospholipid phosphatase related 2"
"ENSG00000176788",2.12941176470588,7.51515151515152,-5.38573975044563,2.36720828569963e-05,FALSE,1.34258174151675e-07,2.70975233964779e-05,"BASP1","brain abundant membrane attached signal protein 1"
"ENSG00000180871",2.56470588235294,9.32121212121212,-6.75650623885918,3.09716936053253e-05,FALSE,1.59596609328868e-07,3.18537099263829e-05,"CXCR2","C-X-C motif chemokine receptor 2"
"ENSG00000179044",11.0823529411765,3.03636363636364,8.04598930481284,3.87528246379206e-09,FALSE,1.64009730038459e-07,3.23747997877015e-05,"EXOC3L1","exocyst complex component 3 like 1"
"ENSG00000103381",4.82352941176471,15.0909090909091,-10.2673796791444,1.82450885406341e-05,FALSE,1.69913313734236e-07,3.3121609309335e-05,"CPPED1","calcineurin like phosphoesterase domain containing 1"
"ENSG00000160410",0.294117647058824,1.83636363636364,-1.54224598930481,7.86272322319295e-05,FALSE,1.71480803082345e-07,3.3121609309335e-05,"SHKBP1","SH3KBP1 binding protein 1"
"ENSG00000134830",1.47058823529412,6.78787878787879,-5.31729055258467,2.34898136030141e-06,FALSE,1.79041757588961e-07,3.42141179954309e-05,"C5AR2","complement C5a receptor 2"
"ENSG00000088827",51.1529411764706,21.830303030303,29.3226381461676,0.000189831218207604,FALSE,2.01330903806992e-07,3.80684950008947e-05,"SIGLEC1","sialic acid binding Ig like lectin 1"
"ENSG00000188313",16.2705882352941,5.93939393939394,10.3311942959002,0.000116267371321776,FALSE,2.54971620746023e-07,4.7364671177274e-05,"PLSCR1","phospholipid scramblase 1"
"ENSG00000103569",13.7058823529412,42.2909090909091,-28.5850267379679,2.39551226639777e-05,FALSE,2.55768696999142e-07,4.7364671177274e-05,"AQP9","aquaporin 9"
"ENSG00000119535",7.45882352941176,27.1454545454545,-19.6866310160428,1.87164899584527e-05,FALSE,2.60482819912131e-07,4.77454376947103e-05,"CSF3R","colony stimulating factor 3 receptor"
"ENSG00000168026",22.8588235294118,7.21818181818182,15.6406417112299,5.85809061373465e-09,FALSE,2.77337767678725e-07,5.03213971799287e-05,"TTC21A","tetratricopeptide repeat domain 21A"
"ENSG00000130813",6,1.54545454545455,4.45454545454546,1.34062061865975e-10,FALSE,3.10796133369952e-07,5.58283094372444e-05,"SHFL","shiftless antiviral inhibitor of ribosomal frameshifting"
"ENSG00000172432",4.71764705882353,1.05454545454545,3.66310160427807,2.59946690723061e-10,FALSE,3.26372745854642e-07,5.80458775622468e-05,"GTPBP2","GTP binding protein 2"
"ENSG00000100034",3.82352941176471,17.4181818181818,-13.5946524064171,0.000150111970743322,FALSE,3.89521217237959e-07,6.84879564337963e-05,"PPM1F","protein phosphatase, Mg2+/Mn2+ dependent 1F"
"ENSG00000142657",4.10588235294118,14.569696969697,-10.4638146167558,4.6183399918922e-05,FALSE,3.92710544601738e-07,6.84879564337963e-05,"PGD","phosphogluconate dehydrogenase"
"ENSG00000165879",0.482352941176471,1.98181818181818,-1.49946524064171,6.31727122552944e-05,FALSE,3.96681044086477e-07,6.85152076435133e-05,"FRAT1","FRAT regulator of WNT signaling pathway 1"
"ENSG00000170876",0.705882352941177,4.15757575757576,-3.45169340463458,0.000126121897028632,FALSE,4.03427486012209e-07,6.90168374403553e-05,"TMEM43","transmembrane protein 43"
"ENSG00000130589",53.4117647058824,16.2424242424242,37.1693404634581,4.56767181558169e-08,FALSE,4.34820270748971e-07,7.36856275798469e-05,"HELZ2","helicase with zinc finger 2"
"ENSG00000131389",0.717647058823529,2.27878787878788,-1.56114081996435,8.78075608591354e-06,FALSE,4.50681307607833e-07,7.5413678058964e-05,"SLC6A6","solute carrier family 6 member 6"
"ENSG00000100918",51.1411764705882,16.1393939393939,35.0017825311943,8.58861204192908e-08,FALSE,4.53414086197635e-07,7.5413678058964e-05,"REC8","REC8 meiotic recombination protein"
"ENSG00000134815",5.34117647058823,21.6727272727273,-16.331550802139,6.10791973168771e-05,FALSE,4.64519524608789e-07,7.65519653261254e-05,"DHX34","DExH-box helicase 34"
"ENSG00000130703",0.0823529411764706,0.636363636363636,-0.554010695187166,0.000137326506584132,FALSE,5.12270066352236e-07,8.36537018353202e-05,"OSBPL2","oxysterol binding protein like 2"
"ENSG00000164054",23.1882352941176,7.53333333333333,15.6549019607843,5.84127628785705e-05,FALSE,6.45853567476384e-07,0.000104517726419624,"SHISA5","shisa family member 5"
"ENSG00000163823",24.6941176470588,9.12727272727273,15.5668449197861,1.55867244953911e-05,FALSE,6.80751927525962e-07,0.000107906517319056,"CCR1","C-C motif chemokine receptor 1"
"ENSG00000135636",1.07058823529412,3.3030303030303,-2.23244206773619,5.87874074707411e-05,FALSE,6.84178612457497e-07,0.000107906517319056,"DYSF","dysferlin"
"ENSG00000196116",18.5176470588235,6.56969696969697,11.9479500891266,9.42012338235802e-05,FALSE,6.8481561957203e-07,0.000107906517319056,"TDRD7","tudor domain containing 7"
"ENSG00000184979",28.0117647058824,10.9333333333333,17.078431372549,7.29212418483129e-06,FALSE,7.01245608897022e-07,0.000109534564109715,"USP18","ubiquitin specific peptidase 18"
"ENSG00000171608",1.51764705882353,6.63030303030303,-5.1126559714795,0.000226724799913919,FALSE,7.15458801883172e-07,0.000110791262570926,"PIK3CD","phosphatidylinositol-4,5-bisphosphate 3-kinase catalytic subunit delta"
"ENSG00000173281",0.482352941176471,2.09090909090909,-1.60855614973262,0.000122360498393942,FALSE,7.45572877495768e-07,0.00011422545613781,"PPP1R3B","protein phosphatase 1 regulatory subunit 3B"
"ENSG00000171236",3.43529411764706,11.0424242424242,-7.60713012477718,5.44743574012821e-05,FALSE,7.50353717322362e-07,0.00011422545613781,"LRG1","leucine rich alpha-2-glycoprotein 1"
"ENSG00000125148",6.10588235294118,1.52727272727273,4.57860962566845,2.30291566555566e-11,FALSE,7.57238615458887e-07,0.000114304850836033,"MT2A","metallothionein 2A"
"ENSG00000127663",2.45882352941176,8.68484848484849,-6.22602495543672,5.58930237278199e-05,FALSE,8.01494024850373e-07,0.000119405586292906,"KDM4B","lysine demethylase 4B"
"ENSG00000099308",0.6,3.13333333333333,-2.53333333333333,2.20193154892603e-05,FALSE,8.08748324342452e-07,0.000119405586292906,"MAST3","microtubule associated serine/threonine kinase 3"
"ENSG00000110934",5.72941176470588,18.4484848484848,-12.719073083779,9.91530252185359e-05,FALSE,8.10971526344961e-07,0.000119405586292906,"BIN2","bridging integrator 2"
"ENSG00000188290",13.8352941176471,3.98787878787879,9.84741532976827,2.86866424424993e-09,FALSE,8.50224867698503e-07,0.000123284341798027,"HES4","hes family bHLH transcription factor 4"
"ENSG00000134686",1.67058823529412,6.49090909090909,-4.82032085561497,5.27270349716591e-05,FALSE,8.51041495460411e-07,0.000123284341798027,"PHC2","polyhomeotic homolog 2"
"ENSG00000077454",4.03529411764706,13.569696969697,-9.53440285204991,0.000101519059355273,FALSE,8.70336456722601e-07,0.000125070830176865,"LRCH4","leucine rich repeats and calponin homology domain containing 4"
"ENSG00000140995",0.364705882352941,1.63636363636364,-1.2716577540107,9.23358132513705e-05,FALSE,9.69329634422231e-07,0.000138191017643861,"DEF8","differentially expressed in FDCP 8 homolog"
"ENSG00000140464",38.8352941176471,13.1030303030303,25.7322638146168,4.95588062471482e-05,FALSE,9.96368234449144e-07,0.000140927264530787,"PML","PML nuclear body scaffold"
"ENSG00000084110",0.858823529411765,3.21212121212121,-2.35329768270945,6.66904042469646e-05,FALSE,1.07598757645313e-06,0.000150999725279903,"HAL","histidine ammonia-lyase"
"ENSG00000155363",47.0470588235294,14.6969696969697,32.3500891265597,7.58077149586086e-07,FALSE,1.11687493371944e-06,0.000155522670034126,"MOV10","Mov10 RNA helicase"
"ENSG00000182022",1.62352941176471,5.55151515151515,-3.92798573975045,0.000174316141836877,FALSE,1.14915771247694e-06,0.000158787076840178,"CHST15","carbohydrate sulfotransferase 15"
"ENSG00000114656",7.08235294117647,29.4060606060606,-22.3237076648841,8.40535506740827e-05,FALSE,1.16704036985052e-06,0.000160027069951336,"CFAP92","cilia and flagella associated protein 92 (putative)"
"ENSG00000197324",1.23529411764706,3.98181818181818,-2.74652406417112,3.90332371053899e-05,FALSE,1.25074295477473e-06,0.000169764352311791,"LRP10","LDL receptor related protein 10"
"ENSG00000136147",50.5764705882353,16.6545454545455,33.9219251336898,3.21042600285193e-08,FALSE,1.25695367463498e-06,0.000169764352311791,"PHF11","PHD finger protein 11"
"ENSG00000167552",28.0352941176471,82.7575757575758,-54.7222816399287,2.37669437504974e-05,FALSE,1.39573306498959e-06,0.000187101142137373,"TUBA1A","tubulin alpha 1a"
"ENSG00000214456",6.31764705882353,22.8545454545455,-16.5368983957219,2.60686979861535e-05,FALSE,1.47813387145476e-06,0.000196679398021791,"PLIN5","perilipin 5"
"ENSG00000126822",0.764705882352941,2.45454545454545,-1.68983957219251,3.3248988087936e-05,FALSE,1.49258776518233e-06,0.000197142309014487,"PLEKHG3","pleckstrin homology and RhoGEF domain containing G3"
"ENSG00000113916",13.9176470588235,43.2181818181818,-29.3005347593583,7.55210969994135e-05,FALSE,1.52875373213441e-06,0.000200445279491463,"BCL6","BCL6 transcription repressor"
"ENSG00000175137",1.17647058823529,4.27272727272727,-3.09625668449198,7.27221291551554e-05,FALSE,1.56875073743293e-06,0.000204199054322519,"SH3BP5L","SH3 binding domain protein 5 like"
"ENSG00000135821",3.69411764705882,12.8545454545455,-9.16042780748663,0.000196225718787487,FALSE,1.70430497175787e-06,0.000220247699335875,"GLUL","glutamate-ammonia ligase"
"ENSG00000158825",1.29411764705882,5.01818181818182,-3.724064171123,0.000181992157521938,FALSE,1.73975500984265e-06,0.000223222994584311,"CDA","cytidine deaminase"
"ENSG00000185000",1.63529411764706,4.56969696969697,-2.93440285204991,0.000180633013473709,FALSE,1.79271442798299e-06,0.000228386732410343,"DGAT1","diacylglycerol O-acyltransferase 1"
"ENSG00000022567",0.247058823529412,1.00606060606061,-0.759001782531194,0.00010054405653844,FALSE,1.99969577173081e-06,0.000250843477233359,"SLC45A4","solute carrier family 45 member 4"
"ENSG00000187954",0.623529411764706,2.13939393939394,-1.51586452762923,0.000190477224153633,FALSE,2.00461962644556e-06,0.000250843477233359,"ZFTRAF1","zinc finger TRAF-type containing 1"
"ENSG00000183486",39.3058823529412,14.9818181818182,24.324064171123,3.26099998717334e-05,FALSE,2.01088129608661e-06,0.000250843477233359,"MX2","MX dynamin like GTPase 2"
"ENSG00000169220",1.77647058823529,7,-5.22352941176471,0.000302088670348143,FALSE,2.10382061090731e-06,0.000260627100922262,"RGS14","regulator of G protein signaling 14"
"ENSG00000132471",1.17647058823529,4.2,-3.02352941176471,0.00016726823533697,FALSE,2.33663541835049e-06,0.000287486178218012,"WBP2","WW domain binding protein 2"
"ENSG00000172830",3.97647058823529,12.8060606060606,-8.82959001782531,0.000174559038046627,FALSE,2.5066764586496e-06,0.000305392427011232,"SSH3","slingshot protein phosphatase 3"
"ENSG00000198736",0.835294117647059,3.40606060606061,-2.57076648841355,6.8130734538152e-05,FALSE,2.52577696604253e-06,0.000305392427011232,"MSRB1","methionine sulfoxide reductase B1"
"ENSG00000149131",12.3411764705882,4.93333333333333,7.4078431372549,7.22895178528028e-05,FALSE,2.53317773337825e-06,0.000305392427011232,"SERPING1","serpin family G member 1"
"ENSG00000188026",0.623529411764706,2.31515151515151,-1.69162210338681,0.000230458685320543,FALSE,2.59416759342333e-06,0.000310660216537755,"RILPL1","Rab interacting lysosomal protein like 1"
"ENSG00000162881",0.541176470588235,1.8969696969697,-1.35579322638146,3.4721967288493e-06,FALSE,2.62456157084789e-06,0.000312218539716163,"OXER1","oxoeicosanoid receptor 1"
"ENSG00000213654",1.71764705882353,5.03636363636364,-3.31871657754011,0.0001248974050433,FALSE,2.66339626246242e-06,0.000314753862254029,"GPSM3","G protein signaling modulator 3"
"ENSG00000160703",1.09411764705882,3.92727272727273,-2.8331550802139,4.39002757041411e-05,FALSE,2.71375876164202e-06,0.000318609468205069,"NLRX1","NLR family member X1"
"ENSG00000067082",9.69411764705882,31.5939393939394,-21.8998217468806,0.000240454130709899,FALSE,2.76233682829258e-06,0.000322206860042984,"KLF6","KLF transcription factor 6"
"ENSG00000130775",0.164705882352941,0.612121212121212,-0.447415329768271,0.000182106266046436,FALSE,2.99970193708024e-06,0.000347636425134015,"THEMIS2","thymocyte selection associated family member 2"
"ENSG00000120709",0.176470588235294,0.824242424242424,-0.64777183600713,0.000232053792300155,FALSE,3.13775938223653e-06,0.000361304947327659,"FAM53C","family with sequence similarity 53 member C"
"ENSG00000163565",53.1176470588235,18.4363636363636,34.6812834224599,1.64429256250962e-05,FALSE,3.18603020450324e-06,0.000364526500404405,"IFI16","interferon gamma inducible protein 16"
"ENSG00000136937",6.32941176470588,24.430303030303,-18.1008912655971,0.000379542691204092,FALSE,3.34892906690914e-06,0.000380739321701829,"NCBP1","nuclear cap binding protein subunit 1"
"ENSG00000111335",4.68235294117647,1.8969696969697,2.78538324420677,0.000705965381107659,FALSE,3.62870024241863e-06,0.000409388375232078,"OAS2","2'-5'-oligoadenylate synthetase 2"
"ENSG00000162714",24.2470588235294,8.29090909090909,15.9561497326203,2.21459042994782e-08,FALSE,3.64650337010146e-06,0.000409388375232078,"ZNF496","zinc finger protein 496"
"ENSG00000089351",0.917647058823529,3.0969696969697,-2.17932263814617,0.000332531571511701,FALSE,3.86777543150514e-06,0.000429227484857536,"GRAMD1A","GRAM domain containing 1A"
"ENSG00000101493",2.76470588235294,8.23636363636364,-5.4716577540107,6.63821109965155e-05,FALSE,3.87100442837615e-06,0.000429227484857536,"ZNF516","zinc finger protein 516"
"ENSG00000177409",44.0823529411765,17.7454545454545,26.3368983957219,0.000518183902422879,FALSE,4.17455856191626e-06,0.000460046597838661,"SAMD9L","sterile alpha motif domain containing 9 like"
"ENSG00000196358",12.8588235294118,5.3030303030303,7.55579322638146,2.70540012249194e-05,FALSE,4.24049610803554e-06,0.000464463607247819,"NTNG2","netrin G2"
"ENSG00000110719",2,6.15151515151515,-4.15151515151515,0.000206177837254247,FALSE,4.47940028878128e-06,0.000487657378105322,"TCIRG1","T cell immune regulator 1, ATPase H+ transporting V0 subunit a3"
"ENSG00000140368",4.49411764705882,13.6666666666667,-9.17254901960784,0.000298013225392362,FALSE,4.57459014123869e-06,0.00049502025727151,"PSTPIP1","proline-serine-threonine phosphatase interacting protein 1"
"ENSG00000137200",16.9176470588235,6.00606060606061,10.9115864527629,7.84648535549483e-07,FALSE,4.77862185650941e-06,0.000514002301847177,"CMTR1","cap methyltransferase 1"
"ENSG00000162413",0.988235294117647,3.65454545454545,-2.66631016042781,0.000265155336238096,FALSE,5.01263061371397e-06,0.000532809321401994,"KLHL21","kelch like family member 21"
"ENSG00000123130",10.9647058823529,3.61212121212121,7.35258467023173,1.64886607066912e-07,FALSE,5.01279158920765e-06,0.000532809321401994,"ACOT9","acyl-CoA thioesterase 9"
"ENSG00000166900",5.62352941176471,15.369696969697,-9.74616755793226,0.000235380111495726,FALSE,5.0762771450889e-06,0.000536383331513128,"STX3","syntaxin 3"
"ENSG00000148411",3.49411764705882,10.9636363636364,-7.46951871657754,0.000309782458900572,FALSE,5.23180133532575e-06,0.000549583902844775,"NACC2","NACC family member 2"
"ENSG00000125780",2.01176470588235,5.63636363636364,-3.62459893048128,0.000225226386083216,FALSE,5.37639049523112e-06,0.000561488967824632,"TGM3","transglutaminase 3"
"ENSG00000110931",3.23529411764706,11.7515151515152,-8.51622103386809,0.000323567668697689,FALSE,5.4332223916775e-06,0.000563707160389197,"CAMKK2","calcium/calmodulin dependent protein kinase kinase 2"
"ENSG00000173171",1.69411764705882,5.23636363636364,-3.54224598930481,0.000218212470585149,FALSE,5.46039335900018e-06,0.000563707160389197,"MTX1","metaxin 1"
"ENSG00000064547",1.28235294117647,4.00606060606061,-2.72370766488414,7.67108995622799e-05,FALSE,5.49914542023724e-06,0.000564463709621266,"LPAR2","lysophosphatidic acid receptor 2"
"ENSG00000114268",1.41176470588235,4.67878787878788,-3.26702317290553,0.000147415628796761,FALSE,5.53898934333687e-06,0.000565323099854319,"PFKFB4","6-phosphofructo-2-kinase/fructose-2,6-biphosphatase 4"
"ENSG00000132589",1.75294117647059,5.96363636363636,-4.21069518716578,0.000272341340815312,FALSE,5.60142350146099e-06,0.000568006983424824,"FLOT2","flotillin 2"
"ENSG00000066136",2.03529411764706,7.20606060606061,-5.17076648841355,0.000583663296495122,FALSE,5.62852769858145e-06,0.000568006983424824,"NFYC","nuclear transcription factor Y subunit gamma"
"ENSG00000196141",6.51764705882353,2.37575757575758,4.14188948306595,9.145286950751e-07,FALSE,5.7605399640317e-06,0.000578081449016209,"SPATS2L","spermatogenesis associated serine rich 2 like"
"ENSG00000059728",1.52941176470588,4.58787878787879,-3.05846702317291,0.000149091674502576,FALSE,6.00167828934829e-06,0.000598934150619797,"MXD1","MAX dimerization protein 1"
"ENSG00000254901",0.247058823529412,1.02424242424242,-0.777183600713012,0.000168363225971275,FALSE,6.10084226170621e-06,0.000603100899523231,"BORCS8","BLOC-1 related complex subunit 8"
"ENSG00000104960",1.15294117647059,5.06060606060606,-3.90766488413547,0.000394643165197175,FALSE,6.1385365255403e-06,0.000603100899523231,"PTOV1","PTOV1 extended AT-hook containing adaptor protein"
"ENSG00000090316",1.54117647058824,6.07272727272727,-4.53155080213904,0.000143607127479742,FALSE,6.14415546471921e-06,0.000603100899523231,"MAEA","macrophage erythroblast attacher, E3 ubiquitin ligase"
"ENSG00000135899",17.6588235294118,6.81212121212121,10.8467023172906,0.000322403739883586,FALSE,6.31438454376236e-06,0.0006164417910848,"SP110","SP110 nuclear body protein"
"ENSG00000140678",3.98823529411765,10.6545454545455,-6.66631016042781,0.000103825820456997,FALSE,6.39195296544009e-06,0.000620641357395677,"ITGAX","integrin subunit alpha X"
"ENSG00000136514",2.32941176470588,0.854545454545454,1.47486631016043,1.10582710184029e-05,FALSE,6.65107361969711e-06,0.000642329222745264,"RTP4","receptor transporter protein 4"
"ENSG00000189337",1.16470588235294,3.39393939393939,-2.22923351158645,9.69568780311189e-05,FALSE,7.6899099064864e-06,0.000738683698664252,"KAZN","kazrin, periplakin interacting protein"
"ENSG00000090372",1.04705882352941,4.03030303030303,-2.98324420677362,0.000336909213201245,FALSE,8.28825395243223e-06,0.000791925030572022,"STRN4","striatin 4"
"ENSG00000064666",11.7764705882353,33.4181818181818,-21.6417112299465,0.000311631338724204,FALSE,8.38278220437789e-06,0.000796719136175873,"CNN2","calponin 2"
"ENSG00000160710",15.0117647058824,5.2,9.81176470588235,1.64724084599667e-05,FALSE,9.05186244259175e-06,0.000855782131875135,"ADAR","adenosine deaminase RNA specific"
"ENSG00000175550",6.89411764705882,2.34545454545455,4.54866310160428,6.08351899772865e-06,FALSE,9.25882986761493e-06,0.000863188598878863,"DRAP1","DR1 associated protein 1"
"ENSG00000173846",8.8,29.6363636363636,-20.8363636363636,0.000629311843614668,FALSE,9.26719242923166e-06,0.000863188598878863,"PLK3","polo like kinase 3"
"ENSG00000100299",2.16470588235294,6.30909090909091,-4.14438502673797,0.000501189319957937,FALSE,9.27436394720373e-06,0.000863188598878863,"ARSA","arylsulfatase A"
"ENSG00000197070",0.823529411764706,2.62424242424242,-1.80071301247772,0.000338478768546405,FALSE,9.35154906022581e-06,0.000865885957571321,"ARRDC1","arrestin domain containing 1"
"ENSG00000173638",0.329411764705882,1.02424242424242,-0.694830659536542,0.00033940509561755,FALSE,9.60822592125789e-06,0.0008850900626849,"SLC19A1","solute carrier family 19 member 1"
"ENSG00000010030",12.1529411764706,4.43030303030303,7.72263814616756,4.39203314595666e-06,FALSE,1.0250905629142e-05,0.000939474580695291,"ETV7","ETS variant transcription factor 7"
"ENSG00000170581",35.6470588235294,14.0848484848485,21.5622103386809,0.000205758690744964,FALSE,1.049448210147e-05,0.000956915644612719,"STAT2","signal transducer and activator of transcription 2"
"ENSG00000188895",8.14117647058823,22.9090909090909,-14.7679144385027,0.000428565442729056,FALSE,1.09135463775567e-05,0.000990101179697228,"MSL1","MSL complex subunit 1"
"ENSG00000100985",5.6,17.0666666666667,-11.4666666666667,9.03187596931864e-05,FALSE,1.11626817117352e-05,0.00100761432958743,"MMP9","matrix metallopeptidase 9"
"ENSG00000100991",0.529411764705882,2.00606060606061,-1.47664884135472,0.000471875582683534,FALSE,1.21651845777009e-05,0.0010926160528462,"TRPC4AP","transient receptor potential cation channel subfamily C member 4 associated protein"
"ENSG00000165185",3.21176470588235,1.21212121212121,1.99964349376114,1.37386492412658e-06,FALSE,1.30539341196475e-05,0.00116660606264292,"KIAA1958","KIAA1958"
"ENSG00000123815",0.8,3.09090909090909,-2.29090909090909,0.000911669931913812,FALSE,1.4433421168838e-05,0.00127504663652808,"COQ8B","coenzyme Q8B"
"ENSG00000171049",2.78823529411765,8.6,-5.81176470588235,0.000355156875692141,FALSE,1.44365030384524e-05,0.00127504663652808,"FPR2","formyl peptide receptor 2"
"ENSG00000077380",6.03529411764706,18.2909090909091,-12.255614973262,0.000750389569501857,FALSE,1.44802935952641e-05,0.00127504663652808,"DYNC1I2","dynein cytoplasmic 1 intermediate chain 2"
"ENSG00000147459",3.69411764705882,9.67878787878788,-5.98467023172906,0.000464139609722071,FALSE,1.46958990625851e-05,0.00128771919444496,"DOCK5","dedicator of cytokinesis 5"
"ENSG00000121236",14.9882352941176,5.22424242424242,9.76399286987522,5.84470618313751e-06,FALSE,1.49296784868079e-05,0.00130185346921617,"TRIM6","tripartite motif containing 6"
"ENSG00000100439",2.8,9.19393939393939,-6.39393939393939,0.000422271134664524,FALSE,1.52562701416171e-05,0.001323905220067,"ABHD4","abhydrolase domain containing 4, N-acyl phospholipase B"
"ENSG00000101150",0.541176470588235,2.72727272727273,-2.18609625668449,0.000987141306739294,FALSE,1.53612029039994e-05,0.00132660234502183,"TPD52L2","TPD52 like 2"
"ENSG00000079385",51.9294117647059,19.1333333333333,32.7960784313725,6.98969445171028e-06,FALSE,1.57596155857597e-05,0.00135449748692345,"CEACAM1","CEA cell adhesion molecule 1"
"ENSG00000130475",3.37647058823529,9.55151515151515,-6.17504456327986,0.000798619975423766,FALSE,1.70251733491394e-05,0.00145630089938377,"FCHO1","FCH and mu domain containing endocytic adaptor 1"
"ENSG00000011198",4.78823529411765,13.3757575757576,-8.58752228163993,0.000205979345712628,FALSE,1.71702378229115e-05,0.00146174872991923,"ABHD5","abhydrolase domain containing 5, lysophosphatidic acid acyltransferase"
"ENSG00000116337",1.71764705882353,5.90909090909091,-4.19144385026738,0.000480598840823173,FALSE,1.73460137370663e-05,0.00146974738093831,"AMPD2","adenosine monophosphate deaminase 2"
"ENSG00000138642",4.51764705882353,1.80606060606061,2.71158645276292,2.64380265271029e-06,FALSE,1.79622031081572e-05,0.00151386316985391,"HERC6","HECT and RLD domain containing E3 ubiquitin protein ligase family member 6"
"ENSG00000173821",65.5058823529412,27.8666666666667,37.6392156862745,4.52070991231735e-05,FALSE,1.80352234230772e-05,0.00151386316985391,"RNF213","ring finger protein 213"
"ENSG00000100129",21.3764705882353,6.66666666666667,14.7098039215686,1.38494927590812e-06,FALSE,1.92728969501746e-05,0.0016102281298418,"EIF3L","eukaryotic translation initiation factor 3 subunit L"
"ENSG00000171051",1.88235294117647,5.81818181818182,-3.93582887700535,0.000357874965581254,FALSE,1.96282055333254e-05,0.00163232155553299,"FPR1","formyl peptide receptor 1"
"ENSG00000141012",2.37647058823529,7.19393939393939,-4.8174688057041,0.000481059838709032,FALSE,1.99123048900583e-05,0.00164358908692755,"GALNS","galactosamine (N-acetyl)-6-sulfatase"
"ENSG00000100647",0.552941176470588,2.02424242424242,-1.47130124777184,0.000711759578153728,FALSE,1.99466915854927e-05,0.00164358908692755,"SUSD6","sushi domain containing 6"
"ENSG00000138496",4.25882352941176,1.76363636363636,2.4951871657754,0.00156640852649324,FALSE,2.00660422172865e-05,0.00164587359063524,"PARP9","poly(ADP-ribose) polymerase family member 9"
"ENSG00000133106",0.894117647058824,0.321212121212121,0.572905525846702,3.35497027987747e-07,FALSE,2.03774204034385e-05,0.00165838179715592,"EPSTI1","epithelial stromal interaction 1"
"ENSG00000102858",0.423529411764706,1.71515151515152,-1.29162210338681,0.00110013814975505,FALSE,2.04031830524666e-05,0.00165838179715592,"MGRN1","mahogunin ring finger 1"
"ENSG00000142405",1.91764705882353,6.51515151515152,-4.59750445632799,0.000767946731639421,FALSE,2.09764350161224e-05,0.00169129677594818,"NLRP12","NLR family pyrin domain containing 12"
"ENSG00000105835",3.44705882352941,10.5212121212121,-7.07415329768271,0.000601948630045804,FALSE,2.10425183257642e-05,0.00169129677594818,"NAMPT","nicotinamide phosphoribosyltransferase"
"ENSG00000132274",20.9411764705882,8.42424242424242,12.5169340463458,0.000731493646531715,FALSE,2.10906016707895e-05,0.00169129677594818,"TRIM22","tripartite motif containing 22"
"ENSG00000101940",2.76470588235294,8.76363636363636,-5.99893048128342,0.000584477870681864,FALSE,2.16905245682407e-05,0.00172685490903258,"WDR13","WD repeat domain 13"
"ENSG00000129657",1.61176470588235,4.88484848484848,-3.27308377896613,0.000513650564085777,FALSE,2.17262823270814e-05,0.00172685490903258,"SEC14L1","SEC14 like lipid binding 1"
"ENSG00000135297",2,7.06666666666667,-5.06666666666667,0.000422190309297472,FALSE,2.38076198193938e-05,0.00188394834720604,"MTO1","mitochondrial tRNA translation optimization 1"
"ENSG00000127084",0.482352941176471,1.62424242424242,-1.14188948306595,0.000695686614375263,FALSE,2.49392522218342e-05,0.00195757224193157,"FGD3","FYVE, RhoGEF and PH domain containing 3"
"ENSG00000198858",4.81176470588235,14.0060606060606,-9.19429590017825,0.000704259874218097,FALSE,2.49559674554546e-05,0.00195757224193157,"R3HDM4","R3H domain containing 4"
"ENSG00000112303",2.54117647058824,7.53333333333333,-4.9921568627451,0.000428385058406128,FALSE,2.5217178311206e-05,0.00196946162610519,"VNN2","vanin 2"
"ENSG00000107201",67.5058823529412,27.6363636363636,39.8695187165775,6.45040671222317e-05,FALSE,2.57729787721186e-05,0.00200415592070808,"RIGI","RNA sensor RIG-I"
"ENSG00000165801",1.08235294117647,3.04848484848485,-1.96613190730838,0.000203405659550391,FALSE,2.7847759367441e-05,0.00214807298062971,"ARHGEF40","Rho guanine nucleotide exchange factor 40"
"ENSG00000257335",10.1411764705882,27.6727272727273,-17.531550802139,0.000844671685779501,FALSE,2.78628850685699e-05,0.00214807298062971,"MGAM","maltase-glucoamylase"
"ENSG00000171853",0.458823529411765,1.68484848484848,-1.22602495543672,0.00125934290816852,FALSE,2.971250946148e-05,0.00228087951904515,"TRAPPC12","trafficking protein particle complex subunit 12"
"ENSG00000139112",13.0705882352941,39.8545454545455,-26.7839572192513,0.000275802404657708,FALSE,3.35198895112049e-05,0.00256220329910542,"GABARAPL1","GABA type A receptor associated protein like 1"
"ENSG00000072609",2.18823529411765,6.29090909090909,-4.10267379679144,0.000847268179656108,FALSE,3.39874500274944e-05,0.00258693459679611,"CHFR","checkpoint with forkhead and ring finger domains"
"ENSG00000213689",10.2705882352941,4.07878787878788,6.19180035650624,0.0012325803106828,FALSE,3.41529887346824e-05,0.00258856597738861,"TREX1","three prime repair exonuclease 1"
"ENSG00000103507",8.03529411764706,22.0060606060606,-13.9707664884135,0.00111166058152206,FALSE,3.43004166100246e-05,0.00258881673767173,"BCKDK","branched chain keto acid dehydrogenase kinase"
"ENSG00000090238",0.4,1.23030303030303,-0.83030303030303,0.000572281652709427,FALSE,3.52953227621837e-05,0.00265276101580379,"YPEL3","yippee like 3"
"ENSG00000140983",9.08235294117647,25.4787878787879,-16.3964349376114,0.00120377601643993,FALSE,3.7056819598905e-05,0.00277354854356304,"RHOT2","ras homolog family member T2"
"ENSG00000118961",0.564705882352941,1.92727272727273,-1.36256684491979,0.000879672146490135,FALSE,3.76651574287339e-05,0.0028073826676031,"LDAH","lipid droplet associated hydrolase"
"ENSG00000115590",8.97647058823529,32.7272727272727,-23.7508021390374,0.00100683621015691,FALSE,3.87286027490911e-05,0.00287471855860299,"IL1R2","interleukin 1 receptor type 2"
"ENSG00000133706",6.89411764705882,20.7454545454545,-13.8513368983957,0.000582410841733881,FALSE,4.07936393303767e-05,0.0030155396843274,"LARS1","leucyl-tRNA synthetase 1"
"ENSG00000089639",2.32941176470588,6.04242424242424,-3.71301247771836,0.000495361705962274,FALSE,4.17048181518254e-05,0.00307026085434935,"GMIP","GEM interacting protein"
"ENSG00000181409",2.48235294117647,6.54545454545455,-4.06310160427808,0.00105476754409365,FALSE,4.2351032445075e-05,0.00310308134790803,"AATK","apoptosis associated tyrosine kinase"
"ENSG00000054967",3.04705882352941,7.75757575757576,-4.71051693404635,0.0010519746168459,FALSE,4.24961315807703e-05,0.00310308134790803,"RELT","RELT TNF receptor"
"ENSG00000173535",0.223529411764706,0.787878787878788,-0.564349376114082,0.000659176620260275,FALSE,4.32827203034806e-05,0.00313824617148975,"TNFRSF10C","TNF receptor superfamily member 10c"
"ENSG00000067066",39.2470588235294,17.0606060606061,22.1864527629234,0.000781503181098705,FALSE,4.33271196642798e-05,0.00313824617148975,"SP100","SP100 nuclear antigen"
"ENSG00000172932",0.517647058823529,1.48484848484848,-0.967201426024955,0.000882402331957356,FALSE,4.44215741924858e-05,0.00319540471388928,"ANKRD13D","ankyrin repeat domain 13D"
"ENSG00000075426",9.91764705882353,27.9878787878788,-18.0702317290553,0.00172997834810023,FALSE,4.44720357664265e-05,0.00319540471388928,"FOSL2","FOS like 2, AP-1 transcription factor subunit"
"ENSG00000172426",20.6352941176471,7.20606060606061,13.4292335115865,0.000189801407972731,FALSE,4.53038510650633e-05,0.00324220349275591,"RSPH9","radial spoke head component 9"
"ENSG00000106070",4.69411764705882,24.2969696969697,-19.6028520499109,0.00230784083114207,FALSE,4.56507473853952e-05,0.00324443056428524,"GRB10","growth factor receptor bound protein 10"
"ENSG00000137628",51.5294117647059,25.3151515151515,26.2142602495544,0.00493301053508453,FALSE,4.5696205130778e-05,0.00324443056428524,"DDX60","DExD/H-box helicase 60"
"ENSG00000197852",0.176470588235294,0.703030303030303,-0.526559714795009,0.000528803049373863,FALSE,4.66729301319209e-05,0.00329806806768034,"INKA2","inka box actin regulator 2"
"ENSG00000142089",30.2823529411765,12.1393939393939,18.1429590017825,1.8148562931851e-05,FALSE,4.68188697466173e-05,0.00329806806768034,"IFITM3","interferon induced transmembrane protein 3"
"ENSG00000198373",9.50588235294118,29.630303030303,-20.1244206773619,0.00121766326297585,FALSE,4.74673839817877e-05,0.00333068991587833,"WWP2","WW domain containing E3 ubiquitin protein ligase 2"
"ENSG00000160211",3.34117647058824,9.13939393939394,-5.7982174688057,0.000480025823636965,FALSE,4.82103098968512e-05,0.00336965679640909,"G6PD","glucose-6-phosphate dehydrogenase"
"ENSG00000136816",4.01176470588235,1.43030303030303,2.58146167557932,2.83691695977101e-05,FALSE,4.84087417001712e-05,0.00337041173317898,"TOR1B","torsin family 1 member B"
"ENSG00000158710",22.3058823529412,56.1272727272727,-33.8213903743315,0.000512859580249354,FALSE,4.91801832773581e-05,0.00341090205486944,"TAGLN2","transgelin 2"
"ENSG00000196547",0.670588235294118,2.13939393939394,-1.46880570409982,0.000756938290255929,FALSE,5.06274487941002e-05,0.00349777254880162,"MAN2A2","mannosidase alpha class 2A member 2"
"ENSG00000160796",1.28235294117647,3.8969696969697,-2.61461675579323,0.00121705765944611,FALSE,5.09149044197232e-05,0.00350415489690226,"NBEAL2","neurobeachin like 2"
"ENSG00000115155",5.27058823529412,2.0969696969697,3.17361853832442,4.28665403919732e-06,FALSE,5.15238018821308e-05,0.00353252692064395,"OTOF","otoferlin"
"ENSG00000185885",32.4588235294118,12.3878787878788,20.070944741533,2.50635837727785e-05,FALSE,5.28393209723618e-05,0.00360894571340888,"IFITM1","interferon induced transmembrane protein 1"
"ENSG00000136279",1.84705882352941,6.53939393939394,-4.69233511586453,0.00222588001662971,FALSE,5.3170472228928e-05,0.00361383618093541,"DBNL","drebrin like"
"ENSG00000125753",4.24705882352941,10.9515151515152,-6.70445632798574,0.00157138905673354,FALSE,5.33132877552683e-05,0.00361383618093541,"VASP","vasodilator stimulated phosphoprotein"
"ENSG00000103154",10.1529411764706,23.8848484848485,-13.7319073083779,0.000753975123292929,FALSE,5.56572616342052e-05,0.00375104897996044,"NECAB2","N-terminal EF-hand calcium binding protein 2"
"ENSG00000151726",7.51764705882353,19.1272727272727,-11.6096256684492,0.000569807768200451,FALSE,5.5755167714159e-05,0.00375104897996044,"ACSL1","acyl-CoA synthetase long chain family member 1"
"ENSG00000003402",5.24705882352941,14.1939393939394,-8.94688057040998,0.000984802600065283,FALSE,5.60698055012247e-05,0.00375814147842724,"CFLAR","CASP8 and FADD like apoptosis regulator"
"ENSG00000196961",4.34117647058823,12.7454545454545,-8.40427807486631,0.00184856554970466,FALSE,5.7789607819804e-05,0.00385901384857672,"AP2A1","adaptor related protein complex 2 subunit alpha 1"
"ENSG00000241878",2.85882352941176,7.99393939393939,-5.13511586452763,0.000377988164401903,FALSE,5.85727966207947e-05,0.003890643178824,"PISD","phosphatidylserine decarboxylase"
"ENSG00000159496",0.258823529411765,0.909090909090909,-0.650267379679144,0.00157417350358767,FALSE,5.86964483360966e-05,0.003890643178824,"RGL4","ral guanine nucleotide dissociation stimulator like 4"
"ENSG00000152102",1.29411764705882,0.393939393939394,0.90017825311943,1.62921357865558e-06,FALSE,6.11404782674077e-05,0.00402465542285048,"FAM168B","family with sequence similarity 168 member B"
"ENSG00000162032",0.364705882352941,1.16363636363636,-0.798930481283422,0.00106965487230889,FALSE,6.11663380525626e-05,0.00402465542285048,"SPSB3","splA/ryanodine receptor domain and SOCS box containing 3"
"ENSG00000189325",7.11764705882353,2.16363636363636,4.95401069518716,6.8498298503423e-06,FALSE,6.22842937161508e-05,0.004083258277457,"BNIP5","BCL2 interacting protein 5"
"ENSG00000013810",8.07058823529412,22.1939393939394,-14.1233511586453,0.00127335090833582,FALSE,6.32871900576598e-05,0.00412087165186207,"TACC3","transforming acidic coiled-coil containing protein 3"
"ENSG00000154845",4.12941176470588,11.369696969697,-7.24028520499109,0.000874252876933279,FALSE,6.331684996459e-05,0.00412087165186207,"PPP4R1","protein phosphatase 4 regulatory subunit 1"
"ENSG00000013374",8.32941176470588,3.0969696969697,5.23244206773619,3.60962451300974e-05,FALSE,6.36296054591111e-05,0.0041262765446282,"NUB1","negative regulator of ubiquitin like proteins 1"
"ENSG00000271303",1.38823529411765,4.15151515151515,-2.7632798573975,0.00138795105479173,FALSE,6.55322629465738e-05,0.0042343742421198,"SRXN1","sulfiredoxin 1"
"ENSG00000113013",36.1411764705882,93.8606060606061,-57.7194295900178,0.00127368646848462,FALSE,6.76340224354789e-05,0.00435451593193013,"HSPA9","heat shock protein family A (Hsp70) member 9"
"ENSG00000101236",1.67058823529412,4.4969696969697,-2.82638146167558,0.00134826056577489,FALSE,6.83255057741404e-05,0.00438332521507458,"RNF24","ring finger protein 24"
"ENSG00000163694",5.41176470588235,13.7090909090909,-8.29732620320856,0.000875132715376811,FALSE,6.97954851575293e-05,0.00446169501738327,"RBM47","RNA binding motif protein 47"
"ENSG00000086065",14.6705882352941,5.78181818181818,8.88877005347593,0.000513635676659853,FALSE,7.21545724856457e-05,0.0045961439204243,"CHMP5","charged multivesicular body protein 5"
"ENSG00000110446",2.16470588235294,5.52727272727273,-3.36256684491979,0.00162381057016403,FALSE,7.45108522059014e-05,0.00472761094114653,"SLC15A3","solute carrier family 15 member 3"
"ENSG00000187531",5.36470588235294,13.9878787878788,-8.62317290552585,0.00125129734517611,FALSE,7.48548520297896e-05,0.00472761094114653,"SIRT7","sirtuin 7"
"ENSG00000161692",10.3529411764706,3.01818181818182,7.33475935828877,8.4957910438232e-07,FALSE,7.5008023059999e-05,0.00472761094114653,"DBF4B","DBF4B-CDC7 kinase regulatory subunit"
"ENSG00000100055",0.6,1.77575757575758,-1.17575757575758,0.000788908816193257,FALSE,7.55753523057016e-05,0.00473006952129634,"CYTH4","cytohesin 4"
"ENSG00000214078",0.517647058823529,1.95757575757576,-1.43992869875223,0.00184197979137948,FALSE,7.56489455582893e-05,0.00473006952129634,"CPNE1","copine 1"
"ENSG00000162444",0.647058823529412,1.73333333333333,-1.08627450980392,0.00149459555106202,FALSE,7.58369995063935e-05,0.00473006952129634,"RBP7","retinol binding protein 7"
"ENSG00000151651",0.411764705882353,1.22424242424242,-0.812477718360071,0.00143123512382085,FALSE,7.61341632368915e-05,0.00473217292119129,"ADAM8","ADAM metallopeptidase domain 8"
"ENSG00000105402",13.4235294117647,5.64848484848485,7.77504456327986,0.00294683015080342,FALSE,7.74002312627757e-05,0.004794277083356,"NAPA","NSF attachment protein alpha"
"ENSG00000132155",18.0941176470588,47.5454545454545,-29.4513368983957,0.000908945543834583,FALSE,8.33008480622234e-05,0.00511443164350015,"RAF1","Raf-1 proto-oncogene, serine/threonine kinase"
"ENSG00000132256",21.1529411764706,9,12.1529411764706,0.000149774459272285,FALSE,8.33241475190247e-05,0.00511443164350015,"TRIM5","tripartite motif containing 5"
"ENSG00000173868",0.611764705882353,2.44242424242424,-1.83065953654189,0.00196925797814986,FALSE,8.34230624920974e-05,0.00511443164350015,"PHOSPHO1","phosphoethanolamine/phosphocholine phosphatase 1"
"ENSG00000182087",0.505882352941176,1.45454545454545,-0.948663101604278,0.00127021444343241,FALSE,8.86607899951805e-05,0.00541705364178036,"TMEM259","transmembrane protein 259"
"ENSG00000167543",3.23529411764706,9.15151515151515,-5.91622103386809,0.00179102574296591,FALSE,9.11497590885774e-05,0.00555024787290887,"TP53I13","tumor protein p53 inducible protein 13"
"ENSG00000235568",0.117647058823529,0.412121212121212,-0.294474153297683,0.00162345550372403,FALSE,9.52006070645086e-05,0.00577732602939111,"NFAM1","NFAT activating protein with ITAM motif 1"
"ENSG00000159339",0.223529411764706,0.872727272727273,-0.649197860962567,0.00104785966016932,FALSE,9.55613459438772e-05,0.00577969177505006,"PADI4","peptidyl arginine deiminase 4"
"ENSG00000146067",0.282352941176471,0.848484848484849,-0.566131907308378,0.00168971068700744,FALSE,9.6873304419664e-05,0.00583937975600814,"FAM193B","family with sequence similarity 193 member B"
"ENSG00000142552",0.411764705882353,1.18787878787879,-0.776114081996435,0.00167116604487512,FALSE,9.73312966330026e-05,0.0058440188484379,"RCN3","reticulocalbin 3"
"ENSG00000213928",5,2.1030303030303,2.8969696969697,0.0020266791289905,FALSE,9.76373923565211e-05,0.0058440188484379,"IRF9","interferon regulatory factor 9"
"ENSG00000143226",0.941176470588235,2.4969696969697,-1.55579322638146,0.000718106323953334,FALSE,9.79262747525362e-05,0.0058440188484379,"FCGR2A","Fc gamma receptor IIa"
"ENSG00000072952",6.68235294117647,16.3939393939394,-9.71158645276292,0.00105301918864967,FALSE,0.000100975382467294,0.0060060291233775,"IRAG1","inositol 1,4,5-triphosphate receptor associated 1"
"ENSG00000163220",20.0117647058824,46.9636363636364,-26.951871657754,0.000874069225038012,FALSE,0.000105166548615358,0.00623467561972828,"S100A9","S100 calcium binding protein A9"
"ENSG00000113522",4.02352941176471,11.8,-7.77647058823529,0.00195913344091756,FALSE,0.000108654556172093,0.00642026905433983,"RAD50","RAD50 double strand break repair protein"
"ENSG00000104213",17.9529411764706,6.41818181818182,11.5347593582888,3.66942025147117e-07,FALSE,0.000110071311094285,0.0064826588891365,"PDGFRL","platelet derived growth factor receptor like"
"ENSG00000196549",1.85882352941176,4.92121212121212,-3.06238859180036,0.00159689577360824,FALSE,0.000111739558212214,0.00655940419662094,"MME","membrane metalloendopeptidase"
"ENSG00000078081",13.5647058823529,6.26060606060606,7.30409982174688,0.00017380183584399,FALSE,0.000113047525514267,0.00661456905802209,"LAMP3","lysosomal associated membrane protein 3"
"ENSG00000206384",2.15294117647059,17.9757575757576,-15.822816399287,0.00288131203354771,FALSE,0.000114310477854678,0.00666675036916746,"COL6A6","collagen type VI alpha 6 chain"
"ENSG00000175538",1.15294117647059,3.24242424242424,-2.08948306595365,0.00103397895169523,FALSE,0.000115527136015042,0.00671590273216245,"KCNE3","potassium voltage-gated channel subfamily E regulatory subunit 3"
"ENSG00000099810",1.72941176470588,4.78787878787879,-3.05846702317291,0.00208697742860286,FALSE,0.000117134070380661,0.0067873526007994,"MTAP","methylthioadenosine phosphorylase"
"ENSG00000136280",4.58823529411765,12,-7.41176470588235,0.00281161537124706,FALSE,0.000118940726971667,0.00686987870929921,"CCM2","CCM2 scaffold protein"
"ENSG00000215440",1.87058823529412,4.93939393939394,-3.06880570409982,0.00198313145892325,FALSE,0.000119429149706391,0.00687598018005099,"NPEPL1","aminopeptidase like 1"
"ENSG00000156587",63.9058823529412,28.5515151515152,35.354367201426,0.00163738951289734,FALSE,0.00012297908013189,0.00705774190546052,"UBE2L6","ubiquitin conjugating enzyme E2 L6"
"ENSG00000186635",0.211764705882353,0.727272727272727,-0.515508021390374,0.00169135406616065,FALSE,0.000125387949551469,0.00717306922864025,"ARAP1","ArfGAP with RhoGAP domain, ankyrin repeat and PH domain 1"
"ENSG00000167987",0.447058823529412,1.5030303030303,-1.05597147950089,0.000910307053689896,FALSE,0.000129173185208624,0.00736615214572226,"VPS37C","VPS37C subunit of ESCRT-I"
"ENSG00000163235",1.43529411764706,3.51515151515152,-2.07985739750446,0.000643206687742796,FALSE,0.000129939826767903,0.00738642122858178,"TGFA","transforming growth factor alpha"
"ENSG00000181381",31.9176470588235,13.3939393939394,18.5237076648841,3.21788072185472e-05,FALSE,0.000135437194642689,0.0076746319475288,"DDX60L","DExD/H-box 60 like"
"ENSG00000147416",6.88235294117647,18.8727272727273,-11.9903743315508,0.00142917180306842,FALSE,0.00013881537967647,0.00784132284631581,"ATP6V1B2","ATPase H+ transporting V1 subunit B2"
"ENSG00000079785",17.5882352941176,50.5333333333333,-32.9450980392157,0.00165543028251476,FALSE,0.000142525711386875,0.00802567195499193,"DDX1","DEAD-box helicase 1"
"ENSG00000167676",9.85882352941177,23.9939393939394,-14.1351158645276,0.00113155033978967,FALSE,0.0001432500419777,0.00804125157514194,"PLIN4","perilipin 4"
"ENSG00000186104",26.9176470588235,8.32727272727273,18.5903743315508,1.9770105972123e-06,FALSE,0.000148996172393092,0.00833775154111248,"CYP2R1","cytochrome P450 family 2 subfamily R member 1"
"ENSG00000131480",5.03529411764706,12.9151515151515,-7.87985739750446,0.00105392908287888,FALSE,0.000162501884592567,0.00906528370477107,"AOC2","amine oxidase copper containing 2"
"ENSG00000104915",2.37647058823529,6.15757575757576,-3.78110516934046,0.00146911250348063,FALSE,0.000166793225712879,0.00927587217795802,"STX10","syntaxin 10"
"ENSG00000173198",8.52941176470588,3.52727272727273,5.00213903743315,2.53485852636343e-05,FALSE,0.000168232074933043,0.00931454000556451,"CYSLTR1","cysteinyl leukotriene receptor 1"
"ENSG00000108669",1.6,4.64242424242424,-3.04242424242424,0.00292503481457351,FALSE,0.0001685256082953,0.00931454000556451,"CYTH1","cytohesin 1"
"ENSG00000163644",11.5647058823529,28.4363636363636,-16.8716577540107,0.0010570715080356,FALSE,0.000171160126169684,0.00943113296437432,"PPM1K","protein phosphatase, Mg2+/Mn2+ dependent 1K"
"ENSG00000172354",10.2941176470588,26.1151515151515,-15.8210338680927,0.00152124656079839,FALSE,0.00017370588933366,0.00954213727859488,"GNB2","G protein subunit beta 2"
"ENSG00000183255",0.247058823529412,0.848484848484849,-0.601426024955437,0.00240237769414269,FALSE,0.000175357956515036,0.00960352125877923,"PTTG1IP","PTTG1 interacting protein"
"ENSG00000136040",2.68235294117647,6.57575757575758,-3.89340463458111,0.00265774303518536,FALSE,0.00017627427456312,0.00962436107591889,"PLXNC1","plexin C1"
"ENSG00000168062",23.5647058823529,9.79393939393939,13.7707664884135,0.00201720967985396,FALSE,0.000177133962382241,0.00962584008936513,"BATF2","basic leucine zipper ATF-like transcription factor 2"
"ENSG00000237441",0.835294117647059,2.32121212121212,-1.48591800356506,0.000370628293415727,FALSE,0.000177373104135159,0.00962584008936513,"RGL2","ral guanine nucleotide dissociation stimulator like 2"
"ENSG00000146830",3.36470588235294,8.28484848484849,-4.92014260249554,0.0018625875539676,FALSE,0.0001799087269956,0.00973403753922276,"GIGYF1","GRB10 interacting GYF protein 1"
"ENSG00000124731",0.235294117647059,0.666666666666667,-0.431372549019608,0.00146151073321294,FALSE,0.00018142080172276,0.00978637195599382,"TREM1","triggering receptor expressed on myeloid cells 1"
"ENSG00000132510",37.5294117647059,89.1757575757576,-51.6463458110517,0.00203978937605109,FALSE,0.000184931918899316,0.00994317549252998,"KDM6B","lysine demethylase 6B"
"ENSG00000171310",0.388235294117647,1.02424242424242,-0.636007130124777,0.00127744672799368,FALSE,0.000185434715247873,0.00994317549252998,"CHST11","carbohydrate sulfotransferase 11"
"ENSG00000160055",0.164705882352941,0.545454545454545,-0.380748663101604,0.00230258168378597,FALSE,0.0001895786844881,0.0101351247305349,"TMEM234","transmembrane protein 234"
"ENSG00000109466",2.14117647058824,6.6969696969697,-4.55579322638146,0.00212552422475011,FALSE,0.000194090682660518,0.010345551728875,"KLHL2","kelch like family member 2"
"ENSG00000120318",0.305882352941176,0.787878787878788,-0.481996434937611,0.00160583041980785,FALSE,0.000198536978702561,0.0105512418592725,"ARAP3","ArfGAP with RhoGAP domain, ankyrin repeat and PH domain 3"
"ENSG00000122359",1.02352941176471,3.49090909090909,-2.46737967914438,0.00106405136629658,FALSE,0.000200563805427663,0.0105971355596972,"ANXA11","annexin A11"
"ENSG00000148180",6.63529411764706,15.569696969697,-8.93440285204991,0.00206104638605972,FALSE,0.000200580420324949,0.0105971355596972,"GSN","gelsolin"
"ENSG00000139722",0.2,0.927272727272727,-0.727272727272727,0.00285675468990028,FALSE,0.000202193364707168,0.010646108201618,"VPS37B","VPS37B subunit of ESCRT-I"
"ENSG00000198909",12.4941176470588,32.8848484848485,-20.3907308377897,0.00219859720091988,FALSE,0.000202692701940286,0.010646108201618,"MAP3K3","mitogen-activated protein kinase kinase kinase 3"
"ENSG00000113719",3.27058823529412,10.4060606060606,-7.13547237076649,0.00197237713366487,FALSE,0.000205657609301817,0.0107392548816829,"ERGIC1","endoplasmic reticulum-golgi intermediate compartment 1"
"ENSG00000136108",1.6,4.59393939393939,-2.99393939393939,0.00290561006944603,FALSE,0.000205661842637584,0.0107392548816829,"CKAP2","cytoskeleton associated protein 2"
"ENSG00000103502",3.09411764705882,8.0969696969697,-5.00285204991087,0.00230744691696079,FALSE,0.00020692049110587,0.0107426849830492,"CDIPT","CDP-diacylglycerol--inositol 3-phosphatidyltransferase"
"ENSG00000156860",2.31764705882353,5.41818181818182,-3.10053475935829,0.00176183086947237,FALSE,0.000206923621006237,0.0107426849830492,"FBRS","fibrosin"
"ENSG00000158411",1.72941176470588,0.56969696969697,1.15971479500891,5.26163054745908e-06,FALSE,0.00020822353731068,0.0107790184458552,"MITD1","microtubule interacting and trafficking domain containing 1"
"ENSG00000004700",1.02352941176471,2.52727272727273,-1.50374331550802,0.000520586019487529,FALSE,0.000210118556868101,0.0108225463280953,"RECQL","RecQ like helicase"
"ENSG00000148400",32.0705882352941,72.0787878787879,-40.0081996434938,0.00176113409246914,FALSE,0.000210269368619121,0.0108225463280953,"NOTCH1","notch receptor 1"
"ENSG00000213903",1.2,3.44848484848485,-2.24848484848485,0.000295457216032126,FALSE,0.000224192941115922,0.0115062222893295,"LTB4R","leukotriene B4 receptor"
"ENSG00000116663",11.0117647058824,4.7030303030303,6.30873440285205,0.000346309394078646,FALSE,0.000229628976873809,0.0117516390643426,"FBXO6","F-box protein 6"
"ENSG00000167193",7.18823529411765,18.6,-11.4117647058824,0.00247735519412723,FALSE,0.000232852110899246,0.0118623530949448,"CRK","CRK proto-oncogene, adaptor protein"
"ENSG00000156858",0.129411764705882,0.503030303030303,-0.373618538324421,0.00375073777232291,FALSE,0.000233113101515087,0.0118623530949448,"PRR14","proline rich 14"
"ENSG00000123405",1.83529411764706,4.66060606060606,-2.825311942959,0.00212829582947397,FALSE,0.000236024003666286,0.0119765513498799,"NFE2","nuclear factor, erythroid 2"
"ENSG00000198380",4.10588235294118,9.53939393939394,-5.43351158645276,0.00166594379995759,FALSE,0.000237497974506655,0.0120173975100368,"GFPT1","glutamine--fructose-6-phosphate transaminase 1"
"ENSG00000142634",0.905882352941176,2.35757575757576,-1.45169340463458,0.00289477068474544,FALSE,0.000239234827601052,0.0120676670140142,"EFHD2","EF-hand domain family member D2"
"ENSG00000118162",3.36470588235294,1.12727272727273,2.23743315508021,1.2027335159358e-05,FALSE,0.000239835056727889,0.0120676670140142,"KPTN","kaptin, actin binding protein"
"ENSG00000055332",25.8588235294118,13.569696969697,12.2891265597148,0.0941917630092951,TRUE,0.00024442778021979,0.0122644028382349,"EIF2AK2","eukaryotic translation initiation factor 2 alpha kinase 2"
"ENSG00000169891",0.847058823529412,2.56969696969697,-1.72263814616756,0.00156504401551945,FALSE,0.000246250996369132,0.0123214669854561,"REPS2","RALBP1 associated Eps domain containing 2"
"ENSG00000100330",1.08235294117647,3.11515151515152,-2.03279857397504,0.00338750275444571,FALSE,0.000249250068110091,0.0124368860373932,"MTMR3","myotubularin related protein 3"
"ENSG00000165025",22.2117647058824,59.4424242424242,-37.2306595365419,0.00222730154541317,FALSE,0.000250855916052087,0.0124823402217275,"SYK","spleen associated tyrosine kinase"
"ENSG00000178927",0.282352941176471,0.83030303030303,-0.54795008912656,0.00152385528577502,FALSE,0.000251848213819049,0.012497097969148,"CYBC1","cytochrome b-245 chaperone 1"
"ENSG00000184922",2.97647058823529,7.16363636363636,-4.18716577540107,0.00330708379447833,FALSE,0.000254177604820089,0.0125779402627638,"FMNL1","formin like 1"
"ENSG00000137207",1.23529411764706,3.34545454545455,-2.11016042780749,0.0015787511049164,FALSE,0.000255301355132426,0.0125988413248455,"YIPF3","Yip1 domain family member 3"
"ENSG00000185963",5.27058823529412,13.0848484848485,-7.81426024955437,0.00343099415220935,FALSE,0.000257271546829098,0.0126612843717564,"BICD2","BICD cargo adaptor 2"
"ENSG00000132603",5.78823529411765,13.569696969697,-7.78146167557932,0.00219928690786587,FALSE,0.000258067059787941,0.0126657338660404,"NIP7","nucleolar pre-rRNA processing protein NIP7"
"ENSG00000166477",12.0235294117647,30.2424242424242,-18.2188948306595,0.00281849839193499,FALSE,0.000262336452452995,0.0128401899057579,"LEO1","LEO1 homolog, Paf1/RNA polymerase II complex component"
"ENSG00000142961",0.988235294117647,0.309090909090909,0.679144385026738,1.64377901396619e-05,FALSE,0.000266422106182342,0.0130047290580256,"MOB3C","MOB kinase activator 3C"
"ENSG00000051009",3.32941176470588,8.6969696969697,-5.36755793226381,0.00392689497415129,FALSE,0.000270584659957695,0.0131472553927464,"FHIP1B","FHF complex subunit HOOK interacting protein 1B"
"ENSG00000168961",42.3411764705882,18.8242424242424,23.5169340463458,0.000244258497748586,FALSE,0.000270805794985033,0.0131472553927464,"LGALS9","galectin 9"
"ENSG00000143643",29.3882352941176,12.7151515151515,16.6730837789661,2.9893192567248e-05,FALSE,0.000273251671097896,0.0132302419620795,"TTC13","tetratricopeptide repeat domain 13"
"ENSG00000164134",3.90588235294118,9.6,-5.69411764705882,0.00346185465306995,FALSE,0.000274080076926279,0.0132346785532977,"NAA15","N-alpha-acetyltransferase 15, NatA auxiliary subunit"
"ENSG00000168010",1.07058823529412,2.63030303030303,-1.55971479500891,0.0018526497216767,FALSE,0.000280793537653459,0.0135225048709627,"ATG16L2","autophagy related 16 like 2"
"ENSG00000033327",0.717647058823529,2.21212121212121,-1.49447415329768,0.00374885968859613,FALSE,0.000285886802203272,0.013730974941116,"GAB2","GRB2 associated binding protein 2"
"ENSG00000178226",3.65882352941176,8.02424242424242,-4.36541889483066,0.00190195657654596,FALSE,0.0002894919605211,0.0138670508982414,"PRSS36","serine protease 36"
"ENSG00000170892",0.164705882352941,0.527272727272727,-0.362566844919786,0.00338045639922494,FALSE,0.00029518279471471,0.0141020439932456,"TSEN34","tRNA splicing endonuclease subunit 34"
"ENSG00000033100",0.164705882352941,0.472727272727273,-0.308021390374332,0.00298977092974577,FALSE,0.000297037566498424,0.0141530127506928,"CHPF2","chondroitin polymerizing factor 2"
"ENSG00000145623",4.61176470588235,17.4787878787879,-12.8670231729055,0.00251645070488062,FALSE,0.000304377572872676,0.0144643765648463,"OSMR","oncostatin M receptor"
"ENSG00000205085",0.6,1.58181818181818,-0.981818181818182,0.00226107818375348,FALSE,0.000306411006607247,0.0145225881574828,"GARIN1A","golgi associated RAB2 interactor 1A"
"ENSG00000142765",0.788235294117647,2.0969696969697,-1.30873440285205,0.0027097075538644,FALSE,0.000312808422668692,0.0147484958703402,"SYTL1","synaptotagmin like 1"
"ENSG00000119912",3.62352941176471,8.67878787878788,-5.05525846702317,0.00317883035172389,FALSE,0.000312819513811702,0.0147484958703402,"IDE","insulin degrading enzyme"
"ENSG00000136813",5.61176470588235,14.4727272727273,-8.86096256684492,0.00418939261679691,FALSE,0.000319044247254353,0.0149898422266736,"ECPAS","Ecm29 proteasome adaptor and scaffold"
"ENSG00000063046",62.3058823529412,23.7575757575758,38.5483065953654,3.84546959510279e-05,FALSE,0.000319607502801091,0.0149898422266736,"EIF4B","eukaryotic translation initiation factor 4B"
"ENSG00000197774",4.84705882352941,12.1757575757576,-7.32869875222816,0.00370724090979589,FALSE,0.000322125830830557,0.0150686101541909,"EME2","essential meiotic structure-specific endonuclease subunit 2"
"ENSG00000182179",33.8705882352941,12.1272727272727,21.7433155080214,2.38420921458131e-05,FALSE,0.000323535610301504,0.0150952471892102,"UBA7","ubiquitin like modifier activating enzyme 7"
"ENSG00000189067",5.72941176470588,13.630303030303,-7.90089126559715,0.00141479571205969,FALSE,0.000330204599857938,0.0153664902260315,"LITAF","lipopolysaccharide induced TNF factor"
"ENSG00000076928",2.34117647058824,5.86666666666667,-3.52549019607843,0.00357719201793736,FALSE,0.000346808513293979,0.0160974711222215,"ARHGEF1","Rho guanine nucleotide exchange factor 1"
"ENSG00000124508",11.1764705882353,4.75151515151515,6.42495543672014,6.18625455176344e-05,FALSE,0.000356340464759974,0.0164972777538233,"BTN2A2","butyrophilin subfamily 2 member A2"
"ENSG00000177666",0.788235294117647,1.96363636363636,-1.17540106951872,0.00214673572489283,FALSE,0.000357919578692448,0.0165277876402376,"PNPLA2","patatin like domain 2, triacylglycerol lipase"
"ENSG00000105472",9.2,2.67878787878788,6.52121212121212,3.06846080789741e-06,FALSE,0.000358883698955674,0.0165298150880533,"CLEC11A","C-type lectin domain containing 11A"
"ENSG00000137177",0.717647058823529,2.01212121212121,-1.29447415329768,0.00355580147064778,FALSE,0.000360536816630758,0.0165634855169777,"KIF13A","kinesin family member 13A"
"ENSG00000072518",2.65882352941176,7.3030303030303,-4.64420677361854,0.00466274168062417,FALSE,0.000370939891050356,0.0169979419972897,"MARK2","microtubule affinity regulating kinase 2"
"ENSG00000175274",0.0941176470588235,0.393939393939394,-0.29982174688057,0.00358620578966665,FALSE,0.000377622767683339,0.0172601470124575,"TP53I11","tumor protein p53 inducible protein 11"
"ENSG00000107651",2.55294117647059,6.19393939393939,-3.64099821746881,0.00311163997847665,FALSE,0.000379857034724357,0.0172838820006265,"SEC23IP","SEC23 interacting protein"
"ENSG00000179820",0.776470588235294,2.07272727272727,-1.29625668449198,0.00203256927035652,FALSE,0.000380293868135208,0.0172838820006265,"MYADM","myeloid associated differentiation marker"
"ENSG00000114745",13.9411764705882,5.50909090909091,8.43208556149733,0.000135409992010141,FALSE,0.000381288747705193,0.0172838820006265,"GORASP1","golgi reassembly stacking protein 1"
"ENSG00000167995",0.611764705882353,1.5030303030303,-0.89126559714795,0.00110024046871808,FALSE,0.000381990823038953,0.0172838820006265,"BEST1","bestrophin 1"
"ENSG00000120913",1.98823529411765,4.85454545454545,-2.86631016042781,0.00586537133448537,FALSE,0.000387673657091445,0.0174969394530995,"PDLIM2","PDZ and LIM domain 2"
"ENSG00000170638",0.929411764705882,2.45454545454545,-1.52513368983957,0.00397478699381078,FALSE,0.000404091199205755,0.0181658273961118,"TRABD","TraB domain containing"
"ENSG00000124126",4.07058823529412,10.8969696969697,-6.82638146167558,0.00670716313154901,FALSE,0.000404516559508141,0.0181658273961118,"PREX1","phosphatidylinositol-3,4,5-trisphosphate dependent Rac exchange factor 1"
"ENSG00000185033",0.741176470588235,1.83030303030303,-1.08912655971479,0.00361143953081941,FALSE,0.000406793172663622,0.0182225081310639,"SEMA4B","semaphorin 4B"
"ENSG00000145819",2.89411764705882,7.13939393939394,-4.24527629233512,0.00264149640219157,FALSE,0.000409706715169063,0.0183073674740843,"ARHGAP26","Rho GTPase activating protein 26"
"ENSG00000159131",6.92941176470588,17.3515151515152,-10.4221033868093,0.00464165232893979,FALSE,0.000421146000828582,0.0187718253421435,"GART","phosphoribosylglycinamide formyltransferase, phosphoribosylglycinamide synthetase, phosphoribosylaminoimidazole synthetase"
"ENSG00000100296",1.95294117647059,5.84242424242424,-3.88948306595365,0.00191034424797782,FALSE,0.000432281012004653,0.0192204549966326,"THOC5","THO complex subunit 5"
"ENSG00000130066",12.6588235294118,5.36363636363636,7.2951871657754,7.99759076871687e-05,FALSE,0.000441224418074824,0.0195348516714568,"SAT1","spermidine/spermine N1-acetyltransferase 1"
"ENSG00000006555",0,0.0727272727272727,-0.0727272727272727,0.0107054013849263,FALSE,0.000441984415938462,0.0195348516714568,"TTC22","tetratricopeptide repeat domain 22"
"ENSG00000178950",21.3882352941176,44.4666666666667,-23.078431372549,0.00185400501176146,FALSE,0.0004426145204188,0.0195348516714568,"GAK","cyclin G associated kinase"
"ENSG00000130598",2.74117647058824,6.52121212121212,-3.78003565062389,0.00454105298508253,FALSE,0.000452335600502847,0.0199145292057642,"TNNI2","troponin I2, fast skeletal type"
"ENSG00000166825",7.10588235294118,16.969696969697,-9.86381461675579,0.00465814294886451,FALSE,0.000454660268312464,0.0199145292057642,"ANPEP","alanyl aminopeptidase, membrane"
"ENSG00000023171",8.16470588235294,3.42424242424242,4.74046345811052,7.70477159490839e-05,FALSE,0.000454955891469737,0.0199145292057642,"GRAMD1B","GRAM domain containing 1B"
"ENSG00000035862",1.90588235294118,4.41212121212121,-2.50623885918004,0.00182739374374555,FALSE,0.000455651700916834,0.0199145292057642,"TIMP2","TIMP metallopeptidase inhibitor 2"
"ENSG00000182310",7.03529411764706,17.0424242424242,-10.0071301247772,0.00390657738564201,FALSE,0.000458048821739022,0.0199707062740244,"SPACA6","sperm acrosome associated 6"
"ENSG00000112787",2.24705882352941,5.24848484848485,-3.00142602495544,0.00321181890066059,FALSE,0.000460397721661497,0.0200245139811271,"FBRSL1","fibrosin like 1"
"ENSG00000108349",1.78823529411765,5.86060606060606,-4.07237076648841,0.00167465882032153,FALSE,0.00046572958719788,0.0202074893111969,"CASC3","CASC3 exon junction complex subunit"
"ENSG00000103353",4.88235294117647,12.8121212121212,-7.92976827094474,0.0033864818382787,FALSE,0.000467180226384866,0.0202215865218105,"UBFD1","ubiquitin family domain containing 1"
"ENSG00000177105",16.7764705882353,36.6060606060606,-19.8295900178253,0.00395294428414431,FALSE,0.000476498095318054,0.0205753252072072,"RHOG","ras homolog family member G"
"ENSG00000186350",7.76470588235294,18.6363636363636,-10.8716577540107,0.00424457228978533,FALSE,0.000482394689545296,0.0207799899479668,"RXRA","retinoid X receptor alpha"
"ENSG00000164251",8.64705882352941,18.7393939393939,-10.0923351158645,0.00257752758311995,FALSE,0.000484834178834291,0.0208351108956947,"F2RL1","F2R like trypsin receptor 1"
"ENSG00000102010",10.9882352941176,26.2787878787879,-15.2905525846702,0.00462915501362662,FALSE,0.000498890970220407,0.0213880155085183,"BMX","BMX non-receptor tyrosine kinase"
"ENSG00000130303",2.48235294117647,1.01818181818182,1.46417112299465,0.00018465744780809,FALSE,0.000504281922713437,0.0215676575659559,"BST2","bone marrow stromal cell antigen 2"
"ENSG00000185650",6.38823529411765,14.8181818181818,-8.42994652406417,0.00220498456915085,FALSE,0.000509126812119991,0.0217231470929012,"ZFP36L1","ZFP36 ring finger protein like 1"
"ENSG00000132405",0.635294117647059,1.67272727272727,-1.03743315508021,0.00650414789802912,FALSE,0.000511480049354976,0.0217718391624726,"TBC1D14","TBC1 domain family member 14"
"ENSG00000068024",21.7764705882353,53.1515151515151,-31.3750445632799,0.00551832556051445,FALSE,0.000512829984144623,0.0217776950477302,"HDAC4","histone deacetylase 4"
"ENSG00000167302",0.658823529411765,1.53939393939394,-0.880570409982175,0.00313575550055898,FALSE,0.000517331672508355,0.021917049135065,"TEPSIN","TEPSIN adaptor related protein complex 4 accessory protein"
"ENSG00000158717",2.27058823529412,5.48484848484848,-3.21426024955437,0.00503646460282421,FALSE,0.000520818996032997,0.0219691090526773,"RNF166","ring finger protein 166"
"ENSG00000160991",0.0470588235294118,0.236363636363636,-0.189304812834225,0.00707422836554433,FALSE,0.000521006538798671,0.0219691090526773,"ORAI2","ORAI calcium release-activated calcium modulator 2"
"ENSG00000051523",0.870588235294118,2.27272727272727,-1.40213903743316,0.00541651547231547,FALSE,0.000528111104252648,0.022192568167298,"CYBA","cytochrome b-245 alpha chain"
"ENSG00000163545",0.247058823529412,0.836363636363636,-0.589304812834225,0.0041903319845752,FALSE,0.000528776884462703,0.022192568167298,"NUAK2","NUAK family kinase 2"
"ENSG00000123146",2.4,6.16969696969697,-3.76969696969697,0.00655390655617604,FALSE,0.000536418589311537,0.0224608091370703,"ADGRE5","adhesion G protein-coupled receptor E5"
"ENSG00000184702",6.30588235294118,13.2484848484848,-6.94260249554367,0.00401124745992403,FALSE,0.000556958002384558,0.0232665967368228,"SEPTIN5","septin 5"
"ENSG00000134627",28.0117647058824,11.9212121212121,16.0905525846702,5.65599034600436e-05,FALSE,0.00056824909005512,0.0236831981546639,"PIWIL4","piwi like RNA-mediated gene silencing 4"
"ENSG00000146592",11.3529411764706,23.030303030303,-11.6773618538324,0.00140140627792792,FALSE,0.000571574351414633,0.0237666436908821,"CREB5","cAMP responsive element binding protein 5"
"ENSG00000120129",16.8352941176471,41.8727272727273,-25.0374331550802,0.00338124278279194,FALSE,0.000573127327714239,0.0237761805721267,"DUSP1","dual specificity phosphatase 1"
"ENSG00000094841",0.435294117647059,1.21212121212121,-0.776827094474153,0.0033453750385722,FALSE,0.000581454645108681,0.0240660594241641,"UPRT","uracil phosphoribosyltransferase homolog"
"ENSG00000161217",2.70588235294118,7.04848484848485,-4.34260249554367,0.00558644174091733,FALSE,0.000588240850402868,0.0242909664270959,"PCYT1A","phosphate cytidylyltransferase 1A, choline"
"ENSG00000078098",13.0705882352941,5.8969696969697,7.17361853832442,2.16916698516699e-05,FALSE,0.000600037779462168,0.0247096405269161,"FAP","fibroblast activation protein alpha"
"ENSG00000177663",2,5.27878787878788,-3.27878787878788,0.00385973212837242,FALSE,0.000601130819476832,0.0247096405269161,"IL17RA","interleukin 17 receptor A"
"ENSG00000181444",2.78823529411765,6.43636363636364,-3.64812834224599,0.00278217120724945,FALSE,0.000603511364827776,0.0247508553570807,"ZNF467","zinc finger protein 467"
"ENSG00000123609",5.11764705882353,2.13939393939394,2.97825311942959,0.000198102790184698,FALSE,0.000608419726514408,0.0248953155976727,"NMI","N-myc and STAT interactor"
"ENSG00000159128",1.78823529411765,4.8,-3.01176470588235,0.00396858660461967,FALSE,0.000611314127134939,0.0249568992402839,"IFNGR2","interferon gamma receptor 2"
"ENSG00000161533",12.4941176470588,26.1212121212121,-13.6270944741533,0.00233017057487962,FALSE,0.000619629908827835,0.0252390295969941,"ACOX1","acyl-CoA oxidase 1"
"ENSG00000178685",3.49411764705882,1.41818181818182,2.07593582887701,0.000740204779374541,FALSE,0.000624667057678093,0.0253733434498919,"PARP10","poly(ADP-ribose) polymerase family member 10"
"ENSG00000111269",0.694117647058824,1.71515151515152,-1.02103386809269,0.00378762100105234,FALSE,0.000626900916736751,0.0253733434498919,"CREBL2","cAMP responsive element binding protein like 2"
"ENSG00000054690",1.4,0.593939393939394,0.806060606060606,1.42497603497511e-05,FALSE,0.000627164977551188,0.0253733434498919,"PLEKHH1","pleckstrin homology, MyTH4 and FERM domain containing H1"
"ENSG00000116213",0.870588235294118,2.4969696969697,-1.62638146167558,0.00344753431694238,FALSE,0.000634341045390009,0.0256059959513275,"WRAP73","WD repeat containing, antisense to TP73"
"ENSG00000119537",2.28235294117647,5.61212121212121,-3.32976827094474,0.00276387728936151,FALSE,0.000640219609641882,0.025734992028494,"KDSR","3-ketodihydrosphingosine reductase"
"ENSG00000167910",38.3882352941176,14.2727272727273,24.1155080213904,2.00985718481719e-05,FALSE,0.000640402017298714,0.025734992028494,"CYP7A1","cytochrome P450 family 7 subfamily A member 1"
"ENSG00000177989",0.341176470588235,0.0666666666666667,0.274509803921569,1.9791676405768e-05,FALSE,0.00064229926397877,0.025753619818863,"CIMAP1B","ciliary microtubule associated protein 1B"
"ENSG00000168765",2.30588235294118,5.13939393939394,-2.83351158645276,0.0029643362578484,FALSE,0.000646375102542554,0.0258202633107843,"GSTM4","glutathione S-transferase mu 4"
"ENSG00000166889",29.3176470588235,12.0848484848485,17.232798573975,0.00010338406902689,FALSE,0.000646836190494512,0.0258202633107843,"PATL1","PAT1 homolog 1, processing body mRNA decay factor"
"ENSG00000015532",0.435294117647059,1.06666666666667,-0.631372549019608,0.00550445015842662,FALSE,0.000653613182191469,0.0260158634197978,"XYLT2","xylosyltransferase 2"
"ENSG00000182885",1.07058823529412,2.58787878787879,-1.51729055258467,0.00123913211254957,FALSE,0.000655622769723892,0.0260158634197978,"ADGRG3","adhesion G protein-coupled receptor G3"
"ENSG00000177947",0.823529411764706,0.278787878787879,0.544741532976827,2.10583035344486e-05,FALSE,0.000656258641864128,0.0260158634197978,"CIMAP1A","ciliary microtubule associated protein 1A"
"ENSG00000140932",0.176470588235294,0.509090909090909,-0.332620320855615,0.00666369245946809,FALSE,0.000657529476846195,0.0260158634197978,"CMTM2","CKLF like MARVEL transmembrane domain containing 2"
"ENSG00000188282",6.92941176470588,2.55757575757576,4.37183600713012,3.1109131833409e-05,FALSE,0.000666042254164585,0.0262947626627658,"RUFY4","RUN and FYVE domain containing 4"
"ENSG00000165233",0.188235294117647,0.551515151515152,-0.363279857397504,0.00419042916169251,FALSE,0.000667607090138103,0.0262987415792779,"CARD19","caspase recruitment domain family member 19"
"ENSG00000175518",107.164705882353,43.4181818181818,63.7465240641711,7.10426508488606e-05,FALSE,0.000671651939759139,0.0263988108868397,"UBQLNL","ubiquilin like"
"ENSG00000115598",0.494117647058824,1.95151515151515,-1.45739750445633,0.009237703465015,FALSE,0.000673086644000033,0.0263988108868397,"IL1RL2","interleukin 1 receptor like 2"
"ENSG00000070476",3.87058823529412,9.26060606060606,-5.39001782531194,0.00790565088366418,FALSE,0.00067553778725848,0.0264173970016461,"ZXDC","ZXD family zinc finger C"
"ENSG00000135842",13.3411764705882,28.9272727272727,-15.5860962566845,0.00321319168592111,FALSE,0.000676501843832167,0.0264173970016461,"NIBAN1","niban apoptosis regulator 1"
"ENSG00000214274",0.364705882352941,0.951515151515152,-0.58680926916221,0.00606660320819806,FALSE,0.0006780417317929,0.0264200946381689,"ANG","angiogenin"
"ENSG00000170837",0.552941176470588,1.35757575757576,-0.804634581105169,0.00297582008116431,FALSE,0.000680115110163075,0.0264435232118167,"GPR27","G protein-coupled receptor 27"
"ENSG00000141401",2.37647058823529,5.38787878787879,-3.01140819964349,0.00344001352172353,FALSE,0.000685449663109883,0.0265933742946929,"IMPA2","inositol monophosphatase 2"
"ENSG00000185669",0.917647058823529,2.07878787878788,-1.16114081996435,0.00564711920286008,FALSE,0.000697653299350561,0.0270085047763666,"SNAI3","snail family transcriptional repressor 3"
"ENSG00000159314",2.91764705882353,6.39393939393939,-3.47629233511586,0.0040450977394146,FALSE,0.000700579354804808,0.0270634558072232,"ARHGAP27","Rho GTPase activating protein 27"
"ENSG00000120217",7.03529411764706,2.64242424242424,4.39286987522282,8.21998998259622e-05,FALSE,0.000713470704706926,0.0274809960826015,"CD274","CD274 molecule"
"ENSG00000143493",1.85882352941176,4.10909090909091,-2.25026737967914,0.00266289291166244,FALSE,0.000714447763211873,0.0274809960826015,"INTS7","integrator complex subunit 7"
"ENSG00000168610",17.4588235294118,39.2181818181818,-21.7593582887701,0.00572315115757775,FALSE,0.000717482484256491,0.0275387561211524,"STAT3","signal transducer and activator of transcription 3"
"ENSG00000177465",0.470588235294118,1.23636363636364,-0.765775401069519,0.00569935641083758,FALSE,0.000722505479337238,0.0276724220156393,"ACOT4","acyl-CoA thioesterase 4"
"ENSG00000128383",9.90588235294118,4.59393939393939,5.31194295900178,0.00298780874088118,FALSE,0.00072887777224371,0.0278570881336463,"APOBEC3A","apolipoprotein B mRNA editing enzyme catalytic subunit 3A"
"ENSG00000186501",0.0705882352941176,0.303030303030303,-0.232442067736185,0.00614619646330775,FALSE,0.000738312707637106,0.0281577731789498,"TMEM222","transmembrane protein 222"
"ENSG00000158156",0.129411764705882,0.412121212121212,-0.28270944741533,0.0064898467145387,FALSE,0.00074639644128646,0.0283600753550247,"XKR8","XK related 8"
"ENSG00000112419",0.564705882352941,1.42424242424242,-0.859536541889483,0.00493197282484269,FALSE,0.000746774795019022,0.0283600753550247,"PHACTR2","phosphatase and actin regulator 2"
"ENSG00000115750",0.682352941176471,1.88484848484848,-1.20249554367201,0.00633035622274947,FALSE,0.000749548372852379,0.028399196564425,"TAF1B","TATA-box binding protein associated factor, RNA polymerase I subunit B"
"ENSG00000177425",1.4,3.77575757575758,-2.37575757575758,0.00800101588854447,FALSE,0.000753756588158715,0.028399196564425,"PAWR","pro-apoptotic WT1 regulator"
"ENSG00000139436",1.97647058823529,4.75151515151515,-2.77504456327986,0.00756677835199944,FALSE,0.000753866326969158,0.028399196564425,"GIT2","GIT ArfGAP 2"
"ENSG00000174444",103.258823529412,39.1454545454545,64.1133689839572,0.00013014504561815,FALSE,0.000754128862730653,0.028399196564425,"RPL4","ribosomal protein L4"
"ENSG00000073150",0.0235294117647059,0.139393939393939,-0.115864527629234,0.00755605536494329,FALSE,0.000756848631208365,0.0284419915531294,"PANX2","pannexin 2"
"ENSG00000126391",0.0470588235294118,0.193939393939394,-0.146880570409982,0.00634345785557376,FALSE,0.000762679291219621,0.0286012695369062,"FRMD8","FERM domain containing 8"
"ENSG00000143376",8.47058823529412,20.1393939393939,-11.6688057040998,0.00560670354140823,FALSE,0.000770479264048686,0.0288335812918886,"SNX27","sorting nexin 27"
"ENSG00000059377",8.18823529411765,19.6787878787879,-11.4905525846702,0.00341328844575044,FALSE,0.000775209738807288,0.0289502963372044,"TBXAS1","thromboxane A synthase 1"
"ENSG00000168702",2.94117647058824,6.64242424242424,-3.70124777183601,0.00826459439062104,FALSE,0.000783053317091834,0.029129632580736,"LRP1B","LDL receptor related protein 1B"
"ENSG00000144040",0.564705882352941,1.51515151515152,-0.950445632798574,0.00688118704322273,FALSE,0.000784274375309304,0.029129632580736,"SFXN5","sideroflexin 5"
"ENSG00000163666",16.6,7.74545454545455,8.85454545454546,0.000467346997541475,FALSE,0.000784876811728342,0.029129632580736,"HESX1","HESX homeobox 1"
"ENSG00000115165",7.14117647058824,18.5818181818182,-11.4406417112299,0.00570467025125701,FALSE,0.000792058168895491,0.0293355482224118,"CYTIP","cytohesin 1 interacting protein"
"ENSG00000135363",33.7647058823529,16.8060606060606,16.9586452762923,0.00353752041724024,FALSE,0.000797463687269336,0.0294749798650598,"LMO2","LIM domain only 2"
"ENSG00000185359",5.22352941176471,12.2848484848485,-7.06131907308378,0.00490337131175768,FALSE,0.000807924105593988,0.0298002889297429,"HGS","hepatocyte growth factor-regulated tyrosine kinase substrate"
"ENSG00000116017",5.51764705882353,12.4787878787879,-6.96114081996435,0.00582113943672067,FALSE,0.000810384381289773,0.0298297841006315,"ARID3A","AT-rich interaction domain 3A"
"ENSG00000135148",35.2117647058824,15.2909090909091,19.9208556149733,0.00150750646160342,FALSE,0.000813180545837686,0.0298714972287983,"TRAFD1","TRAF-type zinc finger domain containing 1"
"ENSG00000177674",0.8,1.78181818181818,-0.981818181818182,0.00588616678440637,FALSE,0.000818482988965647,0.0300049182261019,"AGTRAP","angiotensin II receptor associated protein"
"ENSG00000007541",0.247058823529412,0.745454545454545,-0.498395721925134,0.00850052763589735,FALSE,0.000825339061527098,0.0301946345462551,"PIGQ","phosphatidylinositol glycan anchor biosynthesis class Q"
"ENSG00000242802",1.44705882352941,3.42424242424242,-1.97718360071301,0.00606796074552471,FALSE,0.000828409677574508,0.0302453720290059,"AP5Z1","adaptor related protein complex 5 subunit zeta 1"
"ENSG00000197857",39.7294117647059,16.1212121212121,23.6081996434938,0.000108976335879509,FALSE,0.000835311349782907,0.0304354924465525,"ZNF44","zinc finger protein 44"
"ENSG00000221821",0.105882352941176,0.339393939393939,-0.233511586452763,0.0065883800778383,FALSE,0.00083967473947728,0.0305325452332599,"PEX39","peroxisomal biogenesis factor 39"
"ENSG00000166946",7.27058823529412,16.2424242424242,-8.97183600713013,0.00508248295944762,FALSE,0.000844635943374239,0.0306508999006696,"CCNDBP1","cyclin D1 binding protein 1"
"ENSG00000162551",2.24705882352941,5.07272727272727,-2.82566844919786,0.00468371176258231,FALSE,0.000851399521231106,0.0308340516126499,"ALPL","alkaline phosphatase, biomineralization associated"
"ENSG00000174238",2.97647058823529,6.78787878787879,-3.81140819964349,0.00745590982955238,FALSE,0.000859631025585834,0.0310695213533166,"PITPNA","phosphatidylinositol transfer protein alpha"
"ENSG00000101199",2.43529411764706,5.70909090909091,-3.27379679144385,0.00470294477598108,FALSE,0.000868676944078547,0.031333421579283,"ARFGAP1","ARF GTPase activating protein 1"
"ENSG00000167703",0.941176470588235,2.32121212121212,-1.38003565062389,0.00369595717496354,FALSE,0.00087628540521483,0.0315398251697522,"SLC43A2","solute carrier family 43 member 2"
"ENSG00000061337",0.423529411764706,1.07272727272727,-0.649197860962567,0.00582589055391007,FALSE,0.000878142491995121,0.0315398251697522,"LZTS1","leucine zipper tumor suppressor 1"
"ENSG00000147439",3.63529411764706,8.12121212121212,-4.48591800356506,0.0059522278204811,FALSE,0.000879845236769194,0.0315398251697522,"BIN3","bridging integrator 3"
"ENSG00000087903",3.41176470588235,7.76969696969697,-4.35793226381462,0.00263094172146335,FALSE,0.000881422492635731,0.0315398251697522,"RFX2","regulatory factor X2"
"ENSG00000062716",1.98823529411765,4.38787878787879,-2.39964349376114,0.00257234983486402,FALSE,0.000887884424208975,0.0317078884931726,"VMP1","vacuole membrane protein 1"
"ENSG00000186141",7.97647058823529,20.9757575757576,-12.9992869875223,0.00478186774817677,FALSE,0.000891970124380218,0.0317805661435376,"POLR3C","RNA polymerase III subunit C"
"ENSG00000175634",8.56470588235294,18.1757575757576,-9.61105169340463,0.00555164794250399,FALSE,0.000893457991565244,0.0317805661435376,"RPS6KB2","ribosomal protein S6 kinase B2"
"ENSG00000165006",0.188235294117647,0.587878787878788,-0.399643493761141,0.00761892961344176,FALSE,0.000897520524557342,0.0318619786217856,"UBAP1","ubiquitin associated protein 1"
"ENSG00000169181",0.223529411764706,0.0484848484848485,0.175044563279857,3.99710339556861e-05,FALSE,0.000909616502840575,0.0322276947544877,"GSG1L","GSG1 like"
"ENSG00000163464",3.08235294117647,6.2969696969697,-3.21461675579323,0.0049108185520068,FALSE,0.000914959562142069,0.0323531862495236,"CXCR1","C-X-C motif chemokine receptor 1"
"ENSG00000158828",5.62352941176471,14.230303030303,-8.60677361853833,0.00266974068026841,FALSE,0.000938344644501442,0.0331017750845421,"PINK1","PTEN induced kinase 1"
"ENSG00000151690",0.141176470588235,0.466666666666667,-0.325490196078431,0.00944043732267785,FALSE,0.000939815470306547,0.0331017750845421,"MFSD6","major facilitator superfamily domain containing 6"
"ENSG00000129194",8.54117647058824,17.0060606060606,-8.46488413547237,0.00262888977046833,FALSE,0.000943570690455348,0.0331690025687855,"SOX15","SRY-box transcription factor 15"
"ENSG00000138678",6.32941176470588,14.2242424242424,-7.89483065953654,0.00785015282571765,FALSE,0.000946673635157069,0.033213083024075,"GPAT3","glycerol-3-phosphate acyltransferase 3"
"ENSG00000126759",5.90588235294118,12.8,-6.89411764705882,0.00669200441827766,FALSE,0.000955518473046851,0.0334580474295138,"CFP","complement factor properdin"
"ENSG00000080845",1.88235294117647,4.15757575757576,-2.27522281639929,0.0034420080011174,FALSE,0.000961999069435379,0.0336194344051901,"DLGAP4","DLG associated protein 4"
"ENSG00000105722",1.75294117647059,3.85454545454545,-2.10160427807487,0.0085367484123642,FALSE,0.000967508377958549,0.0337463164917853,"ERF","ETS2 repressor factor"
"ENSG00000197818",2.57647058823529,5.86060606060606,-3.28413547237077,0.00473574323252391,FALSE,0.000969468234008727,0.0337491431928271,"SLC9A8","solute carrier family 9 member A8"
"ENSG00000136689",1.23529411764706,0.484848484848485,0.750445632798574,7.43173582919125e-05,FALSE,0.000979702571322284,0.0340394531695594,"IL1RN","interleukin 1 receptor antagonist"
"ENSG00000172081",0.0470588235294118,0.206060606060606,-0.159001782531194,0.0090415903934222,FALSE,0.000983784292651321,0.0341152842642774,"MOB3A","MOB kinase activator 3A"
"ENSG00000101336",14.2588235294118,31.6666666666667,-17.4078431372549,0.00626857482550834,FALSE,0.000999788850201184,0.0346034819193909,"HCK","HCK proto-oncogene, Src family tyrosine kinase"
"ENSG00000119681",17.9647058823529,38.0787878787879,-20.1140819964349,0.004334118453924,FALSE,0.00100672890584062,0.0347766756454135,"LTBP2","latent transforming growth factor beta binding protein 2"
"ENSG00000142208",39.5882352941176,96.9212121212121,-57.3329768270945,0.00263597060906826,FALSE,0.00101082374873421,0.0348511074827496,"AKT1","AKT serine/threonine kinase 1"
"ENSG00000005700",3.25882352941176,7.78181818181818,-4.52299465240642,0.00691843812363728,FALSE,0.00101677762840466,0.0349892270862699,"IBTK","inhibitor of Bruton tyrosine kinase"
"ENSG00000141655",1.61176470588235,0.575757575757576,1.03600713012478,4.2025916881153e-05,FALSE,0.00102889720756057,0.0353385861174198,"TNFRSF11A","TNF receptor superfamily member 11a"
"ENSG00000131269",2.54117647058824,6,-3.45882352941176,0.00525829554190274,FALSE,0.00103347785521782,0.0354281731169421,"ABCB7","ATP binding cassette subfamily B member 7"
"ENSG00000132334",6.87058823529412,15.2,-8.32941176470588,0.00615844951016391,FALSE,0.00104174933280244,0.0356437014573908,"PTPRE","protein tyrosine phosphatase receptor type E"
"ENSG00000002834",2.72941176470588,6.8,-4.07058823529412,0.00685400916242939,FALSE,0.00105875796302852,0.0361567857222078,"LASP1","LIM and SH3 protein 1"
"ENSG00000175970",57.1411764705882,26.4848484848485,30.6563279857398,0.0011468415510321,FALSE,0.0010610910503549,0.0361677012097251,"UNC119B","unc-119 lipid binding chaperone B"
"ENSG00000136867",2.77647058823529,6.66060606060606,-3.88413547237077,0.00367653745995909,FALSE,0.00106540605780072,0.0362460019247619,"SLC31A2","solute carrier family 31 member 2"
"ENSG00000101265",0.929411764705882,2.4,-1.47058823529412,0.0077538331995633,FALSE,0.00108404844864112,0.036810514712553,"RASSF2","Ras association domain family member 2"
"ENSG00000126261",8.52941176470588,19.4181818181818,-10.8887700534759,0.0068706196131453,FALSE,0.00109209057695224,0.0370136283656475,"UBA2","ubiquitin like modifier activating enzyme 2"
"ENSG00000156299",11.0352941176471,25.1515151515152,-14.1162210338681,0.00671167743988469,FALSE,0.00109511135973944,0.0370461117796601,"TIAM1","TIAM Rac1 associated GEF 1"
"ENSG00000156639",1.17647058823529,2.83636363636364,-1.65989304812834,0.00272808764075852,FALSE,0.00109740721676085,0.0370539959298406,"ZFAND3","zinc finger AN1-type containing 3"
"ENSG00000088205",18.2470588235294,43.2727272727273,-25.0256684491979,0.00583906663230259,FALSE,0.00111604777647399,0.0375792784906569,"DDX18","DEAD-box helicase 18"
"ENSG00000173786",13.8352941176471,6.66666666666667,7.16862745098039,0.000439758782986799,FALSE,0.00111714828892784,0.0375792784906569,"CNP","2',3'-cyclic nucleotide 3' phosphodiesterase"
"ENSG00000141526",1.67058823529412,3.62424242424242,-1.95365418894831,0.0078269845353669,FALSE,0.00112660068362329,0.0377929056477441,"SLC16A3","solute carrier family 16 member 3"
"ENSG00000160404",0.105882352941176,0.375757575757576,-0.269875222816399,0.00694670230477636,FALSE,0.00112770680995328,0.0377929056477441,"TOR2A","torsin family 2 member A"
"ENSG00000064932",0.329411764705882,0.83030303030303,-0.500891265597148,0.00642422750216884,FALSE,0.00113510569081153,0.0379092707001181,"SBNO2","strawberry notch homolog 2"
"ENSG00000076984",3.62352941176471,8.24848484848485,-4.62495543672014,0.00938447794825235,FALSE,0.00113539985729909,0.0379092707001181,"MAP2K7","mitogen-activated protein kinase kinase 7"
"ENSG00000122643",3.12941176470588,1.39393939393939,1.73547237076649,0.000135215244612568,FALSE,0.00113773677062148,0.0379168193147936,"NT5C3A","5'-nucleotidase, cytosolic IIIA"
"ENSG00000124074",0.8,2.02424242424242,-1.22424242424242,0.00865690157579988,FALSE,0.00114893223408321,0.0382190180015495,"ENKD1","enkurin domain containing 1"
"ENSG00000094880",9.42352941176471,21.8969696969697,-12.473440285205,0.00706685208622697,FALSE,0.00115121357164992,0.0382241208642284,"CDC23","cell division cycle 23"
"ENSG00000059145",0.952941176470588,2.20606060606061,-1.25311942959002,0.00618314678121407,FALSE,0.00115496993346945,0.0382780902489145,"UNKL","unk like zinc finger"
"ENSG00000248405",0.141176470588235,0.581818181818182,-0.440641711229946,0.00724616265950323,FALSE,0.00116165296899558,0.038428678235852,"PRR5-ARHGAP8","PRR5-ARHGAP8 readthrough"
"ENSG00000163191",13.2705882352941,29.1636363636364,-15.8930481283422,0.00435216285001678,FALSE,0.00116575163289298,0.0384933760692216,"S100A11","S100 calcium binding protein A11"
"ENSG00000104957",0.835294117647059,2.07878787878788,-1.24349376114082,0.00816888312126851,FALSE,0.0011699619641678,0.0385615169951306,"YJU2B","YJU2 splicing factor homolog B"
"ENSG00000196998",0.717647058823529,1.93939393939394,-1.22174688057041,0.00416482474272736,FALSE,0.00117398611850268,0.0386232832356479,"WDR45","WD repeat domain 45"
"ENSG00000112365",6.09411764705882,13.8242424242424,-7.7301247771836,0.00658799775226399,FALSE,0.001180327074075,0.0387609053594318,"ZBTB24","zinc finger and BTB domain containing 24"
"ENSG00000105656",1.10588235294118,2.94545454545455,-1.83957219251337,0.00884269844689998,FALSE,0.00118601281403709,0.03885760107924,"ELL","elongation factor for RNA polymerase II"
"ENSG00000135709",1.30588235294118,3.33333333333333,-2.02745098039216,0.00595419236503117,FALSE,0.00118759800659705,0.03885760107924,"KIAA0513","KIAA0513"
"ENSG00000155463",6.31764705882353,14.9151515151515,-8.59750445632799,0.0075932588709395,FALSE,0.00119443237054598,0.0390101612220316,"OXA1L","OXA1L mitochondrial inner membrane insertase"
"ENSG00000163931",7.42352941176471,16.4060606060606,-8.9825311942959,0.00453365189225654,FALSE,0.00120654400250869,0.0393342103757959,"TKT","transketolase"
"ENSG00000112685",6.54117647058824,15.3030303030303,-8.76185383244207,0.003376955841435,FALSE,0.0012167705228504,0.0395957407644233,"EXOC2","exocyst complex component 2"
"ENSG00000185909",3.70588235294118,1.2,2.50588235294118,5.71923328330937e-05,FALSE,0.00122402615664764,0.0396717740115608,"KLHDC8B","kelch domain containing 8B"
"ENSG00000166197",6.24705882352941,15.0545454545455,-8.80748663101604,0.00703207821747887,FALSE,0.00122565017488778,0.0396717740115608,"NOLC1","nucleolar and coiled-body phosphoprotein 1"
"ENSG00000168071",6.42352941176471,13.3272727272727,-6.90374331550802,0.00518518342488163,FALSE,0.00122573259346525,0.0396717740115608,"CCDC88B","coiled-coil domain containing 88B"
"ENSG00000164877",2.58823529411765,6.39393939393939,-3.80570409982175,0.00544817638316416,FALSE,0.00123210364992569,0.0398062551503868,"MICALL2","MICAL like 2"
"ENSG00000138035",21.0705882352941,10.3636363636364,10.7069518716578,0.00267360701188919,FALSE,0.00123546000585855,0.0398430306736754,"PNPT1","polyribonucleotide nucleotidyltransferase 1"
"ENSG00000140564",6.51764705882353,13.7393939393939,-7.22174688057041,0.00717995978706168,FALSE,0.00126629846784235,0.0407643716448962,"FURIN","furin, paired basic amino acid cleaving enzyme"
"ENSG00000141506",0.0941176470588235,0.315151515151515,-0.221033868092692,0.00927829905635128,FALSE,0.00128735541967419,0.0413680955341815,"PIK3R5","phosphoinositide-3-kinase regulatory subunit 5"
"ENSG00000132017",2.15294117647059,5.49090909090909,-3.3379679144385,0.00493700994139234,FALSE,0.00129348821497966,0.0414282957772387,"DCAF15","DDB1 and CUL4 associated factor 15"
"ENSG00000112343",15.4352941176471,7.33333333333333,8.10196078431373,0.0061918507534313,FALSE,0.00129384144803379,0.0414282957772387,"TRIM38","tripartite motif containing 38"
"ENSG00000162300",0.776470588235294,1.88484848484848,-1.10837789661319,0.010842156171722,FALSE,0.00129806571879227,0.0414352442440744,"ZFPL1","zinc finger protein like 1"
"ENSG00000080839",3.14117647058824,6.94545454545455,-3.80427807486631,0.00718917014375072,FALSE,0.00129867185377798,0.0414352442440744,"RBL1","RB transcriptional corepressor like 1"
"ENSG00000243646",1.11764705882353,2.64242424242424,-1.52477718360071,0.00525915856747094,FALSE,0.0013077143151915,0.041649773481888,"IL10RB","interleukin 10 receptor subunit beta"
"ENSG00000239998",4.08235294117647,9.87878787878788,-5.79643493761141,0.00616334456280189,FALSE,0.00132580497542323,0.042105486797405,"LILRA2","leukocyte immunoglobulin like receptor A2"
"ENSG00000004948",2.10588235294118,6.53333333333333,-4.42745098039216,0.00585168427899294,FALSE,0.00132671076809727,0.042105486797405,"CALCR","calcitonin receptor"
"ENSG00000118246",1.82352941176471,4.53939393939394,-2.71586452762923,0.00731776816962494,FALSE,0.00135472134374696,0.0429186234527807,"FASTKD2","FAST kinase domains 2"
"ENSG00000135596",2.45882352941176,4.89090909090909,-2.43208556149733,0.0106133569552902,FALSE,0.0013707017168767,0.0433484417962256,"MICAL1","microtubule associated monooxygenase, calponin and LIM domain containing 1"
"ENSG00000104327",7.82352941176471,51.2909090909091,-43.4673796791444,0.0134201739958736,FALSE,0.00137625619559904,0.0434476099148427,"CALB1","calbindin 1"
"ENSG00000052749",5.4,13.230303030303,-7.83030303030303,0.00881918212668586,FALSE,0.00138165176499563,0.0435414222010816,"RRP12","ribosomal RNA processing 12 homolog"
"ENSG00000126778",2.8,10.4484848484848,-7.64848484848485,0.0090370993575557,FALSE,0.00138752288636379,0.0435739478279219,"SIX1","SIX homeobox 1"
"ENSG00000127362",0,0.0606060606060606,-0.0606060606060606,0.0204815704364575,FALSE,0.00138753538704957,0.0435739478279219,"TAS2R3","taste 2 receptor member 3"
"ENSG00000067606",18.0941176470588,41.9636363636364,-23.8695187165775,0.00784381737942805,FALSE,0.00139491797657282,0.0437293396390533,"PRKCZ","protein kinase C zeta"
"ENSG00000182541",13.5176470588235,26.5393939393939,-13.0217468805704,0.00654092774098206,FALSE,0.00147154558809778,0.0459826963876148,"LIMK2","LIM domain kinase 2"
"ENSG00000140598",19.3647058823529,44.9818181818182,-25.6171122994652,0.00635220813407144,FALSE,0.00147191729793901,0.0459826963876148,"EFL1","elongation factor like GTPase 1"
"ENSG00000146426",5.27058823529412,12.1090909090909,-6.83850267379679,0.0111722310784853,FALSE,0.00149167245318651,0.0465189449246342,"TIAM2","TIAM Rac1 associated GEF 2"
"ENSG00000111913",6.70588235294118,16.1272727272727,-9.42139037433155,0.00961167438207225,FALSE,0.00152945756496074,0.0476146381965159,"RIPOR2","RHO family interacting cell polarization regulator 2"
"ENSG00000186496",2.68235294117647,6.48484848484848,-3.80249554367201,0.00725180540887,FALSE,0.00153320833644895,0.0476157006967521,"ZNF396","zinc finger protein 396"
"ENSG00000196083",1.98823529411765,4.40606060606061,-2.41782531194296,0.00606709134462809,FALSE,0.00153741612978356,0.0476157006967521,"IL1RAP","interleukin 1 receptor accessory protein"
"ENSG00000012822",6.51764705882353,13.7212121212121,-7.20356506238859,0.00526154897313864,FALSE,0.00153744399065391,0.0476157006967521,"CALCOCO1","calcium binding and coiled-coil domain 1"
"ENSG00000112195",1.76470588235294,4.04242424242424,-2.2777183600713,0.00611050905409867,FALSE,0.00155817627326718,0.0481747339013742,"TREML2","triggering receptor expressed on myeloid cells like 2"
"ENSG00000168394",30.4470588235294,14.9939393939394,15.45311942959,0.0104059184793593,FALSE,0.00156427502234951,0.0482801928289764,"TAP1","transporter 1, ATP binding cassette subfamily B member"
"ENSG00000115364",13.3647058823529,27.9575757575758,-14.5928698752228,0.0065847899625434,FALSE,0.00157503163850335,0.048528805012754,"MRPL19","mitochondrial ribosomal protein L19"
"ENSG00000150471",2.08235294117647,13.369696969697,-11.2873440285205,0.0158585660413316,FALSE,0.00160412085742293,0.0492990957526472,"ADGRL3","adhesion G protein-coupled receptor L3"
"ENSG00000188315",0.411764705882353,0.987878787878788,-0.576114081996435,0.00648192959800894,FALSE,0.0016055208492623,0.0492990957526472,"C3orf62","chromosome 3 open reading frame 62"
"ENSG00000180353",26.0117647058824,64.9393939393939,-38.9276292335116,0.00652239128835336,FALSE,0.00162982927862115,0.0499601080748666,"HCLS1","hematopoietic cell-specific Lyn substrate 1"
