"gene","mean_target","mean_ref","estimate","levene_p","variances_equal","p_val","padj","symbol","description"
"ENSG00000184979",16.74,1.8501872659176,14.8898127340824,9.41075464569519e-22,FALSE,6.65380276768474e-19,8.83529596618865e-15,"USP18","ubiquitin specific peptidase 18"
"ENSG00000137959",19.152,4.75280898876404,14.399191011236,1.47406977279579e-23,FALSE,9.79685753305833e-19,8.83529596618865e-15,"IFI44L","interferon induced protein 44 like"
"ENSG00000088827",31.8,7.65168539325843,24.1483146067416,1.80716069698455e-22,FALSE,1.47402509144688e-17,8.86233019147582e-14,"SIGLEC1","sialic acid binding Ig like lectin 1"
"ENSG00000134326",4.868,1.25468164794007,3.61331835205993,6.47850962927137e-20,FALSE,3.36084290184946e-17,1.51548808551647e-13,"CMPK2","cytidine/uridine monophosphate kinase 2"
"ENSG00000137965",21.272,5.7940074906367,15.4779925093633,1.67638456183231e-21,FALSE,4.93968504645486e-17,1.78194198365813e-13,"IFI44","interferon induced protein 44"
"ENSG00000111335",2.844,0.359550561797753,2.48444943820225,2.10826092304438e-21,FALSE,1.10655716462596e-16,3.32649526305974e-13,"OAS2","2'-5'-oligoadenylate synthetase 2"
"ENSG00000165949",24.752,2.78277153558052,21.9692284644195,2.88533045536932e-19,FALSE,1.88448923540017e-16,4.01543519187041e-13,"IFI27","interferon alpha inducible protein 27"
"ENSG00000137628",34.228,6.94756554307116,27.2804344569288,4.27946473895064e-19,FALSE,1.89871886906645e-16,4.01543519187041e-13,"DDX60","DExD/H-box helicase 60"
"ENSG00000078081",8.744,1.38576779026217,7.35823220973783,1.94396713656345e-18,FALSE,2.00359908670143e-16,4.01543519187041e-13,"LAMP3","lysosomal associated membrane protein 3"
"ENSG00000138642",2.728,0.318352059925094,2.40964794007491,8.01451480893442e-22,FALSE,3.75725915657292e-16,6.77696834071057e-13,"HERC6","HECT and RLD domain containing E3 ubiquitin protein ligase family member 6"
"ENSG00000111331",4.08,0.955056179775281,3.12494382022472,5.58395188767921e-19,FALSE,8.34369152950021e-16,1.3681378556145e-12,"OAS3","2'-5'-oligoadenylate synthetase 3"
"ENSG00000115267",31.02,6.50561797752809,24.5143820224719,5.06214300031595e-18,FALSE,1.36881933454853e-15,2.05744952810432e-12,"IFIH1","interferon induced with helicase C domain 1"
"ENSG00000134321",6.476,2.05243445692884,4.42356554307116,4.44840235132082e-18,FALSE,1.5384195222306e-15,2.13449791711333e-12,"RSAD2","radical S-adenosyl methionine domain containing 2"
"ENSG00000126709",22.968,7.62546816479401,15.342531835206,1.41790810506259e-16,FALSE,3.096472518179e-15,3.98936248645677e-12,"IFI6","interferon alpha inducible protein 6"
"ENSG00000132530",32.8,9.62921348314607,23.1707865168539,3.18189535156702e-17,FALSE,1.01188283320958e-14,1.21675537750675e-11,"XAF1","XIAP associated factor 1"
"ENSG00000115155",3.176,0.415730337078652,2.76026966292135,4.43017871494458e-16,FALSE,1.72379930143147e-14,1.94326049999497e-11,"OTOF","otoferlin"
"ENSG00000196141",3.784,0.573033707865168,3.21096629213483,1.43873928442924e-15,FALSE,3.5398628712764e-14,3.65539230913013e-11,"SPATS2L","spermatogenesis associated serine rich 2 like"
"ENSG00000152778",42.2,11.250936329588,30.949063670412,8.45646079736596e-16,FALSE,3.64789386063881e-14,3.65539230913013e-11,"IFIT5","interferon induced protein with tetratricopeptide repeats 5"
"ENSG00000089127",3.112,0.722846441947566,2.38915355805243,1.79100359001653e-18,FALSE,5.53462365700785e-14,5.25410562639214e-11,"OAS1","2'-5'-oligoadenylate synthetase 1"
"ENSG00000157601",38.78,13.876404494382,24.903595505618,9.14888749574775e-15,FALSE,6.79876994329227e-14,6.1271754124477e-11,"MX1","MX dynamin like GTPase 1"
"ENSG00000138646",8.672,2.35205992509363,6.31994007490637,1.59864314397168e-14,FALSE,7.13370758226987e-14,6.1271754124477e-11,"HERC5","HECT and RLD domain containing E3 ubiquitin protein ligase 5"
"ENSG00000185745",51.624,19.936329588015,31.687670411985,2.49720865845698e-13,FALSE,3.0534802977663e-13,2.50343746049139e-10,"IFIT1","interferon induced protein with tetratricopeptide repeats 1"
"ENSG00000141664",20.528,5.44569288389513,15.0823071161049,1.89329177384356e-15,FALSE,4.34935038717909e-13,3.41083621450215e-10,"ZCCHC2","zinc finger CCHC-type containing 2"
"ENSG00000055332",17.748,5.28838951310861,12.4596104868914,5.07650726334591e-14,FALSE,2.64586359993518e-12,1.98847673966795e-09,"EIF2AK2","eukaryotic translation initiation factor 2 alpha kinase 2"
"ENSG00000059378",3.568,0.782771535580524,2.78522846441948,3.00044151757467e-13,FALSE,3.01422764501768e-12,2.17470496132736e-09,"PARP12","poly(ADP-ribose) polymerase family member 12"
"ENSG00000187608",111.228,36.1310861423221,75.0969138576779,8.25357768169305e-13,FALSE,1.32301063500979e-11,9.17813185525832e-09,"ISG15","ISG15 ubiquitin like modifier"
"ENSG00000165185",1.892,0.460674157303371,1.43132584269663,2.36465367623254e-12,FALSE,1.60510363017897e-11,1.07226867324215e-08,"KIAA1958","KIAA1958"
"ENSG00000136514",1.356,0.322097378277154,1.03390262172285,4.8793521687985e-12,FALSE,3.48291693047225e-11,2.243620452676e-08,"RTP4","receptor transporter protein 4"
"ENSG00000108679",27.556,7.28089887640449,20.2751011235955,5.51512558683523e-12,FALSE,3.81505173786127e-11,2.37283062744151e-08,"LGALS3BP","galectin 3 binding protein"
"ENSG00000129824",11.92,60.9213483146067,-49.0013483146067,1.15218972549065e-10,FALSE,6.10456047301783e-11,3.67026524172742e-08,"RPS4Y1","ribosomal protein S4 Y-linked 1"
"ENSG00000067646",3.416,18.7977528089888,-15.3817528089888,1.4188447592981e-10,FALSE,8.00166308168035e-11,4.65567732271834e-08,"ZFY","zinc finger protein Y-linked"
"ENSG00000012817",11.244,56.314606741573,-45.070606741573,1.49716048040161e-10,FALSE,9.58260141428905e-11,5.40129317842286e-08,"KDM5D","lysine demethylase 5D"
"ENSG00000135114",96.596,34.7602996254682,61.8357003745318,6.86050697172556e-12,FALSE,1.13533969556714e-10,6.20549154210439e-08,"OASL","2'-5'-oligoadenylate synthetase like"
"ENSG00000114374",1.084,5.9625468164794,-4.8785468164794,2.12441817581286e-10,FALSE,1.21049745002901e-10,6.4216889724039e-08,"USP9Y","ubiquitin specific peptidase 9 Y-linked"
"ENSG00000119917",48.208,20.0674157303371,28.1405842696629,1.11181113098327e-10,FALSE,1.69829146729364e-10,8.7520237701644e-08,"IFIT3","interferon induced protein with tetratricopeptide repeats 3"
"ENSG00000138035",14.004,3.9625468164794,10.0414531835206,4.95698537091327e-11,FALSE,2.13616325404298e-10,1.0702771281437e-07,"PNPT1","polyribonucleotide nucleotidyltransferase 1"
"ENSG00000183878",39.696,185.022471910112,-145.326471910112,3.91385398428126e-10,FALSE,2.195872329269e-10,1.07045808656824e-07,"UTY","ubiquitously transcribed tetratricopeptide repeat containing, Y-linked"
"ENSG00000067048",20.592,97.434456928839,-76.842456928839,5.95233949467154e-10,FALSE,3.22298365433789e-10,1.50751832336133e-07,"DDX3Y","DEAD-box helicase 3 Y-linked"
"ENSG00000167601",88.916,20.3782771535581,68.5377228464419,7.12821964978445e-11,FALSE,3.25958943344746e-10,1.50751832336133e-07,"AXL","AXL receptor tyrosine kinase"
"ENSG00000146938",4.028,15.314606741573,-11.286606741573,6.60608701025467e-09,FALSE,6.25501205306199e-10,2.82054131002698e-07,"NLGN4X","neuroligin 4 X-linked"
"ENSG00000165349",3.732,13.4644194756554,-9.73241947565543,4.18688830392008e-09,FALSE,6.77061053485479e-10,2.97857322480917e-07,"SLC7A3","solute carrier family 7 member 3"
"ENSG00000132256",13.132,3.94756554307116,9.18443445692884,9.70222973086301e-11,FALSE,7.81615339934009e-10,3.35666568723565e-07,"TRIM5","tripartite motif containing 5"
"ENSG00000132274",12.68,3.88014981273408,8.79985018726592,8.1109428132174e-11,FALSE,8.79496745980957e-10,3.68918204819965e-07,"TRIM22","tripartite motif containing 22"
"ENSG00000196116",10.632,3.36704119850187,7.26495880149813,3.80748137483318e-11,FALSE,9.54384776365902e-10,3.91232686620722e-07,"TDRD7","tudor domain containing 7"
"ENSG00000133216",64.652,21.5543071161049,43.0976928838951,1.19038348165368e-10,FALSE,1.035496355783e-09,4.15049950427953e-07,"EPHB2","EPH receptor B2"
"ENSG00000124256",1.872,0.49812734082397,1.37387265917603,2.47927829931182e-10,FALSE,1.06348450338118e-09,4.17001521467096e-07,"ZBP1","Z-DNA binding protein 1"
"ENSG00000108691",7.32,1.87265917602996,5.44734082397004,1.48799280774361e-10,FALSE,1.39616576032831e-09,5.35800889766846e-07,"CCL2","C-C motif chemokine ligand 2"
"ENSG00000108771",23.172,7.17602996254682,15.9959700374532,3.64545300933478e-10,FALSE,1.68185624239036e-09,6.31992521749895e-07,"DHX58","DExH-box helicase 58"
"ENSG00000106785",26.484,8.17602996254682,18.3079700374532,3.71386340414277e-10,FALSE,1.74657972705908e-09,6.42919561978872e-07,"TRIM14","tripartite motif containing 14"
"ENSG00000165246",2.112,11.6479400749064,-9.53594007490637,1.80792610425686e-09,FALSE,1.95733342806019e-09,7.06088460838433e-07,"NLGN4Y","neuroligin 4 Y-linked"
"ENSG00000154620",0.788,2.94007490636704,-2.15207490636704,3.4223169360584e-09,FALSE,2.02326346019597e-09,7.15560843755974e-07,"TMSB4Y","thymosin beta 4 Y-linked"
"ENSG00000055130",66.44,17.5318352059925,48.9081647940075,8.83899034891017e-10,FALSE,2.60737606420517e-09,9.04408501347475e-07,"CUL1","cullin 1"
"ENSG00000107201",41.192,13.374531835206,27.817468164794,5.31802642113274e-10,FALSE,2.68536388245289e-09,9.13885063166089e-07,"RIGI","RNA sensor RIG-I"
"ENSG00000198692",7.232,29.9475655430712,-22.7155655430712,4.4070641043177e-09,FALSE,3.29268381016152e-09,1.09981736822006e-06,"EIF1AY","eukaryotic translation initiation factor 1A Y-linked"
"ENSG00000188157",26.88,10.6966292134831,16.1833707865169,4.1094380783706e-10,FALSE,5.83291405296634e-09,1.91287765042462e-06,"AGRN","agrin"
"ENSG00000165209",7.044,2.08239700374532,4.96160299625468,2.30097856038142e-09,FALSE,7.62443958738478e-09,2.45575030067249e-06,"STRBP","spermatid perinuclear RNA binding protein"
"ENSG00000147050",49.94,165.573033707865,-115.633033707865,1.13555836961839e-08,FALSE,8.59648968041121e-09,2.72026112922065e-06,"KDM6A","lysine demethylase 6A"
"ENSG00000100596",17.564,5.28464419475655,12.2793558052434,2.38330772930609e-09,FALSE,8.92129691618022e-09,2.77436952546798e-06,"SPTLC2","serine palmitoyltransferase long chain base subunit 2"
"ENSG00000119922",43.54,18.4007490636704,25.1392509363296,3.86340093242304e-09,FALSE,9.12912760828798e-09,2.77862604314801e-06,"IFIT2","interferon induced protein with tetratricopeptide repeats 2"
"ENSG00000035720",2.1,0.535580524344569,1.56441947565543,2.86617570766746e-09,FALSE,9.24308713138996e-09,2.77862604314801e-06,"STAP1","signal transducing adaptor family member 1"
"ENSG00000130487",0.96,0.191011235955056,0.768988764044944,2.39007109760347e-09,FALSE,9.88463457239310e-09,2.92277301282384e-06,"KLHDC7B","kelch domain containing 7B"
"ENSG00000067066",24.604,8.75280898876404,15.851191011236,3.74683057237981e-09,FALSE,1.08963848242165e-08,3.16996924313538e-06,"SP100","SP100 nuclear antigen"
"ENSG00000156234",0.556,0.0936329588014981,0.462367041198502,2.79088885204566e-09,FALSE,1.12619742904062e-08,3.22432111549296e-06,"CXCL13","C-X-C motif chemokine ligand 13"
"ENSG00000184368",11.288,31.5093632958801,-20.2213632958801,3.327932298859e-08,FALSE,1.59678173665894e-08,4.50018002876831e-06,"MAP7D2","MAP7 domain containing 2"
"ENSG00000157734",1.316,0.363295880149813,0.952704119850187,7.12447141522472e-09,FALSE,2.06138615413023e-08,5.72018800954569e-06,"SNX22","sorting nexin 22"
"ENSG00000173193",2.96,0.98501872659176,1.97498127340824,6.43333620663798e-10,FALSE,2.1680164233592e-08,5.92492609517119e-06,"PARP14","poly(ADP-ribose) polymerase family member 14"
"ENSG00000163565",30.228,10.565543071161,19.662456928839,3.31143716235565e-09,FALSE,2.35919226140612e-08,6.35115683865407e-06,"IFI16","interferon gamma inducible protein 16"
"ENSG00000002549",14.708,5.37827715355805,9.32972284644195,1.05611778172581e-08,FALSE,2.5076123775916e-08,6.65144183156171e-06,"LAP3","leucine aminopeptidase 3"
"ENSG00000128218",20.352,6.39700374531835,13.9549962546816,6.66509200980996e-09,FALSE,2.71912946718882e-08,7.10796205792533e-06,"VPREB3","V-set pre-B cell surrogate light chain 3"
"ENSG00000152689",24.452,7.89887640449438,16.5531235955056,1.55099300432144e-08,FALSE,3.8986924682534e-08,1.00458165785552e-05,"RASGRP3","RAS guanyl releasing protein 3"
"ENSG00000205413",21.464,7.71910112359551,13.7448988764045,2.176408949782e-08,FALSE,4.40951137653754e-08,1.12020220702264e-05,"SAMD9","sterile alpha motif domain containing 9"
"ENSG00000169245",1.168,0.378277153558052,0.789722846441947,1.95540286932982e-08,FALSE,5.45994711954709e-08,1.36779258604543e-05,"CXCL10","C-X-C motif chemokine ligand 10"
"ENSG00000136816",2.308,0.726591760299625,1.58140823970037,2.41044824407291e-08,FALSE,7.17450569723664e-08,1.74954000461703e-05,"TOR1B","torsin family 1 member B"
"ENSG00000117322",13.984,4.53183520599251,9.45216479400749,3.08953556065066e-08,FALSE,7.17779898772859e-08,1.74954000461703e-05,"CR2","complement C3d receptor 2"
"ENSG00000155363",25.696,8.73408239700374,16.9619176029963,2.29351893674707e-08,FALSE,8.98895737471126e-08,2.16178432223556e-05,"MOV10","Mov10 RNA helicase"
"ENSG00000068079",35.964,15.2097378277154,20.7542621722846,1.72996063189242e-08,FALSE,1.02764467597272e-07,2.43889829217368e-05,"IFI35","interferon induced protein 35"
"ENSG00000187912",5.288,1.74906367041199,3.53893632958802,5.14535839316343e-08,FALSE,1.24764767729032e-07,2.92257417601111e-05,"CLEC17A","C-type lectin domain containing 17A"
"ENSG00000204252",5.6,1.89887640449438,3.70112359550562,4.26881300163861e-08,FALSE,1.28315348550324e-07,2.96721018179769e-05,"HLA-DOA","major histocompatibility complex, class II, DO alpha"
"ENSG00000121236",8.544,2.98501872659176,5.55898127340824,1.22170730519321e-07,FALSE,1.58584740902109e-07,3.620750597027e-05,"TRIM6","tripartite motif containing 6"
"ENSG00000136147",28.188,11.3445692883895,16.8434307116105,2.20195326856797e-08,FALSE,1.63452753178563e-07,3.65783633678427e-05,"PHF11","PHD finger protein 11"
"ENSG00000164825",0.648,0.127340823970037,0.520659176029963,8.56886769456804e-08,FALSE,1.64264979364376e-07,3.65783633678427e-05,"DEFB1","defensin beta 1"
"ENSG00000133740",11.12,3.51685393258427,7.60314606741573,6.16720141203637e-08,FALSE,1.79647060256605e-07,3.9515780803029e-05,"E2F5","E2F transcription factor 5"
"ENSG00000013374",4.876,1.70037453183521,3.17562546816479,7.80143437345092e-08,FALSE,2.0091213799828e-07,4.36608702780117e-05,"NUB1","negative regulator of ubiquitin like proteins 1"
"ENSG00000020577",10.24,3.77153558052434,6.46846441947566,3.92791895407095e-08,FALSE,2.22823137051869e-07,4.75479292259202e-05,"SAMD4A","sterile alpha motif domain containing 4A"
"ENSG00000185885",19.212,7.13483146067416,12.0771685393258,8.06999989389801e-08,FALSE,2.24746355038359e-07,4.75479292259202e-05,"IFITM1","interferon induced transmembrane protein 1"
"ENSG00000087116",7.388,0.951310861423221,6.43668913857678,4.66983440179125e-08,FALSE,2.26707429917899e-07,4.75479292259202e-05,"ADAMTS2","ADAM metallopeptidase with thrombospondin type 1 motif 2"
"ENSG00000163534",10.064,2.812734082397,7.251265917603,1.15781825638792e-07,FALSE,2.47487211248524e-07,5.0857241650677e-05,"FCRL1","Fc receptor like 1"
"ENSG00000005471",34.396,13.0374531835206,21.3585468164794,1.36462862588113e-07,FALSE,2.48125368146564e-07,5.0857241650677e-05,"ABCB4","ATP binding cassette subfamily B member 4"
"ENSG00000138670",1.9,0.632958801498127,1.26704119850187,1.35120760598498e-07,FALSE,2.8615546450289e-07,5.79931023959397e-05,"RASGEF1B","RasGEF domain family member 1B"
"ENSG00000095585",6.38,1.82397003745318,4.55602996254682,1.32286892362246e-07,FALSE,3.20794223262141e-07,6.42907267219916e-05,"BLNK","B cell linker"
"ENSG00000188313",9.452,4.16104868913858,5.29095131086142,7.11324760236407e-08,FALSE,3.31857553152972e-07,6.57770844639577e-05,"PLSCR1","phospholipid scramblase 1"
"ENSG00000112773",3.408,1.40823970037453,1.99976029962547,4.09527093232063e-08,FALSE,3.38838731301176e-07,6.64308064834708e-05,"TENT5A","terminal nucleotidyltransferase 5A"
"ENSG00000183486",23.252,9.90262172284644,13.3493782771536,8.15855061986573e-08,FALSE,3.46122554150022e-07,6.71291667656339e-05,"MX2","MX dynamin like GTPase 2"
"ENSG00000012124",24.668,6.47565543071161,18.1923445692884,1.72633967293087e-07,FALSE,3.85747198576598e-07,7.40183214970862e-05,"CD22","CD22 molecule"
"ENSG00000163644",22.7,8.73408239700374,13.9659176029963,1.06327525619715e-07,FALSE,3.99044969638846e-07,7.57639380776407e-05,"PPM1K","protein phosphatase, Mg2+/Mn2+ dependent 1K"
"ENSG00000132704",10.62,3.16479400749064,7.45520599250936,2.40487753739072e-07,FALSE,4.41624934116235e-07,8.2974884756818e-05,"FCRL2","Fc receptor like 2"
"ENSG00000152558",27.428,10.6554307116105,16.7725692883895,2.24054467824881e-07,FALSE,4.63044990473365e-07,8.57115315255224e-05,"TMEM123","transmembrane protein 123"
"ENSG00000130813",3.06,1.0936329588015,1.9663670411985,2.19918633042752e-07,FALSE,4.65694410905427e-07,8.57115315255224e-05,"SHFL","shiftless antiviral inhibitor of ribosomal frameshifting"
"ENSG00000197705",6.136,1.89138576779026,4.24461423220974,1.09575924922199e-07,FALSE,4.93381004599714e-07,8.9890032120859e-05,"KLHL14","kelch like family member 14"
"ENSG00000147535",9.496,3.37827715355805,6.11772284644195,1.5616170484908e-07,FALSE,4.99141367558823e-07,9.00301284665849e-05,"PLPP5","phospholipid phosphatase 5"
"ENSG00000196092",14.156,4.44943820224719,9.70656179775281,1.54920328758987e-07,FALSE,5.25207935236477e-07,9.37938171075281e-05,"PAX5","paired box 5"
"ENSG00000111602",26.952,10.1348314606742,16.8171685393258,3.64115949346952e-07,FALSE,5.53281376327229e-07,9.78385900471983e-05,"TIMELESS","timeless circadian regulator"
"ENSG00000162714",13.716,5.68913857677903,8.02686142322097,2.46435303917832e-07,FALSE,5.60436729818777e-07,9.81417213178766e-05,"ZNF496","zinc finger protein 496"
"ENSG00000241106",27.748,9.73782771535581,18.0101722846442,2.55947164289475e-07,FALSE,6.47528227703757e-07,0.000112302563875891,"HLA-DOB","major histocompatibility complex, class II, DO beta"
"ENSG00000177409",26.7,11.8501872659176,14.8498127340824,2.4322140069221e-07,FALSE,7.10912459406184e-07,0.000121400600930307,"SAMD9L","sterile alpha motif domain containing 9 like"
"ENSG00000130348",14.876,5.17602996254682,9.69997003745318,4.31849320919242e-07,FALSE,7.13448117681018e-07,0.000121400600930307,"QRSL1","glutaminyl-tRNA amidotransferase subunit QRSL1"
"ENSG00000137200",9.716,3.812734082397,5.903265917603,3.01913465214009e-07,FALSE,8.12009978741423e-07,0.000136513964518434,"CMTR1","cap methyltransferase 1"
"ENSG00000156738",5.916,1.38576779026217,4.53023220973783,3.0798796318012e-07,FALSE,8.17403568663904e-07,0.000136513964518434,"MS4A1","membrane spanning 4-domains A1"
"ENSG00000163840",8.592,3.47940074906367,5.11259925093633,6.24674566426172e-07,FALSE,8.46128172659699e-07,0.000140014805965716,"DTX3L","deltex E3 ubiquitin ligase 3L"
"ENSG00000162614",4.148,1.52059925093633,2.62740074906367,3.94412500782172e-07,FALSE,8.64492041066078e-07,0.000141753117679171,"NEXN","nexilin F-actin binding protein"
"ENSG00000133106",0.516,0.191011235955056,0.324988764044944,5.17971760557309e-07,FALSE,9.34966869790246e-07,0.000151927904778439,"EPSTI1","epithelial stromal interaction 1"
"ENSG00000100714",15.248,5.37453183520599,9.87346816479401,3.87795334239193e-07,FALSE,9.72519212000452e-07,0.000156619009168323,"MTHFD1","methylenetetrahydrofolate dehydrogenase, cyclohydrolase and formyltetrahydrofolate synthetase 1"
"ENSG00000112486",7.068,2.41947565543071,4.64852434456929,2.90224828112675e-07,FALSE,1.08999812862591e-06,0.000173984922531199,"CCR6","C-C motif chemokine receptor 6"
"ENSG00000023445",33.32,12.3895131086142,20.9304868913858,6.52635490216119e-07,FALSE,1.17289233044601e-06,0.000185574201440831,"BIRC3","baculoviral IAP repeat containing 3"
"ENSG00000101017",9.028,3.32584269662921,5.70215730337079,6.97996941368527e-07,FALSE,1.2088706364013e-06,0.000188522021804649,"CD40","CD40 molecule"
"ENSG00000172000",2.476,5.57677902621723,-3.10077902621723,4.30989887477323e-06,FALSE,1.21242748402391e-06,0.000188522021804649,"ZNF556","zinc finger protein 556"
"ENSG00000160856",19.396,7.98501872659176,11.4109812734082,5.86434511737469e-07,FALSE,1.27196275587725e-06,0.000196088822459469,"FCRL3","Fc receptor like 3"
"ENSG00000138755",2.572,1.06367041198502,1.50832958801498,7.406444137973e-07,FALSE,1.28288785285264e-06,0.000196097018660196,"CXCL9","C-X-C motif chemokine ligand 9"
"ENSG00000139618",12.02,4.812734082397,7.207265917603,1.38647126699485e-06,FALSE,1.31555509784672e-06,0.000199400565545052,"BRCA2","BRCA2 DNA repair associated"
"ENSG00000173821",40.664,18.4644194756554,22.1995805243446,5.05170292381071e-07,FALSE,1.33042269147096e-06,0.000199973617383847,"RNF213","ring finger protein 213"
"ENSG00000134809",7.692,2.68539325842697,5.00660674157303,4.43263768315815e-07,FALSE,1.54372699085894e-06,0.00023011738623242,"TIMM10","translocase of inner mitochondrial membrane 10"
"ENSG00000122691",16.432,5.33707865168539,11.0949213483146,9.84442758984025e-07,FALSE,1.62323947594862e-06,0.000239986642849879,"TWIST1","twist family bHLH transcription factor 1"
"ENSG00000162772",57.184,22.561797752809,34.622202247191,7.6431155282307e-07,FALSE,1.74377525093361e-06,0.000254415581587157,"ATF3","activating transcription factor 3"
"ENSG00000160932",0.104,0.00374531835205993,0.10025468164794,6.40239463434993e-07,FALSE,1.74904541314007e-06,0.000254415581587157,"LY6E","lymphocyte antigen 6 family member E"
"ENSG00000166750",0.628,0.202247191011236,0.425752808988764,1.15436998391598e-06,FALSE,1.79176712833157e-06,0.000257862208735546,"SLFN5","schlafen family member 5"
"ENSG00000173198",5.228,2.20973782771536,3.01826217228464,6.75876579081385e-07,FALSE,1.81448142308225e-06,0.000257862208735546,"CYSLTR1","cysteinyl leukotriene receptor 1"
"ENSG00000145287",4.304,1.2059925093633,3.0980074906367,7.7823116697514e-07,FALSE,1.81942551305107e-06,0.000257862208735546,"PLAC8","placenta associated 8"
"ENSG00000166278",12.188,4.9625468164794,7.2254531835206,5.32319294287057e-07,FALSE,1.82992530454898e-06,0.000257862208735546,"C2","complement C2"
"ENSG00000116191",19.588,7.27715355805243,12.3108464419476,1.36870839162291e-06,FALSE,2.05784494830842e-06,0.000287731390175495,"RALGPS2","Ral GEF with PH domain and SH3 binding motif 2"
"ENSG00000137101",11.904,4.38576779026217,7.51823220973783,1.20204451109105e-06,FALSE,2.20747259046433e-06,0.000300753205697397,"CD72","CD72 molecule"
"ENSG00000082293",15.588,6.51685393258427,9.07114606741573,1.0259330012966e-06,FALSE,2.22041621075544e-06,0.000300753205697397,"COL19A1","collagen type XIX alpha 1 chain"
"ENSG00000116663",6.848,2.70411985018727,4.14388014981273,6.2197753165391e-07,FALSE,2.22432930264999e-06,0.000300753205697397,"FBXO6","F-box protein 6"
"ENSG00000174136",2.284,0.876404494382023,1.40759550561798,1.1442449642378e-06,FALSE,2.23035437337329e-06,0.000300753205697397,"RGMB","repulsive guidance molecule BMP co-receptor b"
"ENSG00000112186",4.728,16.4456928838951,-11.7176928838951,3.09419912598002e-06,FALSE,2.23434770546384e-06,0.000300753205697397,"CAP2","cyclase associated actin cytoskeleton regulatory protein 2"
"ENSG00000106605",7.02,2.98501872659176,4.03498127340824,7.2862850794228e-07,FALSE,2.27629377173532e-06,0.000304129709339184,"BLVRA","biliverdin reductase A"
"ENSG00000177455",1.204,0.348314606741573,0.855685393258427,1.18005800860518e-06,FALSE,2.30685144356606e-06,0.000305946172702949,"CD19","CD19 molecule"
"ENSG00000108700",3.136,1.2059925093633,1.9300074906367,1.06009785144051e-06,FALSE,2.32829765280463e-06,0.000306536531121439,"CCL8","C-C motif chemokine ligand 8"
"ENSG00000142178",31.632,13.5767790262172,18.0552209737828,1.12160342570477e-06,FALSE,2.3533879015747e-06,0.000307594620150021,"SIK1","salt inducible kinase 1"
"ENSG00000132185",12.888,4.20973782771536,8.67826217228464,1.15592917220364e-06,FALSE,2.51968413151494e-06,0.000326960738706007,"FCRLA","Fc receptor like A"
"ENSG00000177294",7.02,3.36704119850187,3.65295880149813,9.89429231874236e-07,FALSE,2.81379539862402e-06,0.000362337180789137,"FBXO39","F-box protein 39"
"ENSG00000189057",1.484,0.50187265917603,0.98212734082397,1.60030238180874e-06,FALSE,2.83248558470191e-06,0.000362337180789137,"FAM111B","FAM111 trypsin like peptidase B"
"ENSG00000140464",21.852,9.26591760299626,12.5860823970037,1.20617143687942e-06,FALSE,2.85540044745983e-06,0.000362696182188964,"PML","PML nuclear body scaffold"
"ENSG00000091972",2.272,0.838951310861423,1.43304868913858,1.71361727733453e-06,FALSE,2.95145324922566e-06,0.00037227526053345,"CD200","CD200 molecule"
"ENSG00000166889",17.944,6.95131086142322,10.9926891385768,8.79309733854314e-07,FALSE,3.18375343765052e-06,0.000396473899182996,"PATL1","PAT1 homolog 1, processing body mRNA decay factor"
"ENSG00000144218",26.46,10.3483146067416,16.1116853932584,2.37697222706507e-06,FALSE,3.18726591902946e-06,0.000396473899182996,"AFF3","ALF transcription elongation factor 3"
"ENSG00000122025",31.732,13.0898876404494,18.6421123595506,1.61515355897667e-06,FALSE,3.28426420117173e-06,0.0004057415986064,"FLT3","fms related receptor tyrosine kinase 3"
"ENSG00000185722",51.468,20.8164794007491,30.6515205992509,1.5806350298162e-06,FALSE,3.46812547281298e-06,0.000425541354783181,"ANKFY1","ankyrin repeat and FYVE domain containing 1"
"ENSG00000123609",3.152,1.25093632958801,1.90106367041199,1.82728723152602e-06,FALSE,3.50935118976537e-06,0.000427690320336473,"NMI","N-myc and STAT interactor"
"ENSG00000189325",3.848,1.29588014981273,2.55211985018727,7.5742375439328e-07,FALSE,3.65116680682961e-06,0.000441987219428092,"BNIP5","BCL2 interacting protein 5"
"ENSG00000168026",12.536,5.99625468164794,6.53974531835206,1.65616085423534e-06,FALSE,4.13070259541581e-06,0.000496703218090099,"TTC21A","tetratricopeptide repeat domain 21A"
"ENSG00000178562",3.196,1.2434456928839,1.95255430711611,2.62873723958726e-06,FALSE,4.27714540644924e-06,0.000510906435073675,"CD28","CD28 molecule"
"ENSG00000156587",40.572,18.6029962546816,21.9690037453184,2.20444131625259e-06,FALSE,4.33363741986461e-06,0.000514248803566434,"UBE2L6","ubiquitin conjugating enzyme E2 L6"
"ENSG00000138166",38.58,16.5917602996255,21.9882397003745,2.69803669846107e-06,FALSE,4.71225843133143e-06,0.00055552291062696,"DUSP5","dual specificity phosphatase 5"
"ENSG00000163666",10.756,4.9063670411985,5.8496329588015,4.6251090519845e-06,FALSE,4.89206816150209e-06,0.000572975541746839,"HESX1","HESX homeobox 1"
"ENSG00000106617",29.832,13.4269662921348,16.4050337078652,3.31008881424894e-06,FALSE,4.97444649777416e-06,0.000578865106324855,"PRKAG2","protein kinase AMP-activated non-catalytic subunit gamma 2"
"ENSG00000169248",1.56,0.640449438202247,0.919550561797753,2.80241333354931e-06,FALSE,5.0962119822748e-06,0.000589233176437761,"CXCL11","C-X-C motif chemokine ligand 11"
"ENSG00000005889",8.816,22.3520599250936,-13.5360599250936,8.07149588133644e-06,FALSE,5.26812839368894e-06,0.00060523077603164,"ZFX","zinc finger protein X-linked"
"ENSG00000110987",4.836,2,2.836,3.32677419918673e-06,FALSE,5.47017737348801e-06,0.000624465754972172,"BCL7A","BAF chromatin remodeling complex subunit BCL7A"
"ENSG00000007312",9.3,3.52808988764045,5.77191011235955,2.33331210300822e-06,FALSE,6.38428577299143e-06,0.000724234984197776,"CD79B","CD79b molecule"
"ENSG00000213512",1.996,0.966292134831461,1.02970786516854,4.07414502590436e-06,FALSE,6.53771105618539e-06,0.000737004339502599,"GBP7","guanylate binding protein 7"
"ENSG00000185507",31.8,14.2434456928839,17.5565543071161,5.0144780337239e-06,FALSE,6.59497863038213e-06,0.000738842419603742,"IRF7","interferon regulatory factor 7"
"ENSG00000117010",5.084,1.87265917602996,3.21134082397004,3.89783110585045e-06,FALSE,6.74660811124938e-06,0.000751164015448179,"ZNF684","zinc finger protein 684"
"ENSG00000135835",38.872,18.3183520599251,20.5536479400749,4.35087664823586e-06,FALSE,7.12929143362391e-06,0.000788902022013953,"KIAA1614","KIAA1614"
"ENSG00000108688",2.924,0.636704119850187,2.28729588014981,4.52539940589744e-06,FALSE,7.29364261884564e-06,0.000800326693183965,"CCL7","C-C motif chemokine ligand 7"
"ENSG00000138760",17.316,7.85393258426966,9.46206741573033,4.45892738715124e-06,FALSE,7.32127872569464e-06,0.000800326693183965,"SCARB2","scavenger receptor class B member 2"
"ENSG00000165795",6.924,2.91760299625468,4.00639700374532,5.16694397529424e-06,FALSE,7.62720966520504e-06,0.000828746871875321,"NDRG2","NDRG family member 2"
"ENSG00000079263",11.648,5.10861423220974,6.53938576779026,5.61358141088798e-06,FALSE,7.7854220937512e-06,0.000840872205419104,"SP140","SP140 nuclear body protein"
"ENSG00000160963",8.72,15.7303370786517,-7.01033707865168,7.95617950873255e-06,FALSE,8.0105473348475e-06,0.000858158747508908,"COL26A1","collagen type XXVI alpha 1 chain"
"ENSG00000112343",10.088,4.19475655430712,5.89324344569288,3.48379094824283e-06,FALSE,8.04062916942981e-06,0.000858158747508908,"TRIM38","tripartite motif containing 38"
"ENSG00000140299",9.848,3.62546816479401,6.22253183520599,6.98218195930512e-06,FALSE,9.31573654969706e-06,0.00098588577155848,"BNIP2","BCL2 interacting protein 2"
"ENSG00000169136",4.16,1.65917602996255,2.50082397003745,5.87855078720054e-06,FALSE,9.34670216424572e-06,0.00098588577155848,"ATF5","activating transcription factor 5"
"ENSG00000139278",4.168,1.77902621722846,2.38897378277154,6.1715279386577e-06,FALSE,1.03471043869872e-05,0.00108506233620981,"GLIPR1","GLI pathogenesis related 1"
"ENSG00000186952",12.32,24.5917602996255,-12.2717602996255,5.18073131588941e-05,FALSE,1.04295425986291e-05,0.00108738531706053,"TMEM232","transmembrane protein 232"
"ENSG00000149131",7.452,3.94007490636704,3.51192509363296,6.18318352114243e-06,FALSE,1.0512619656867e-05,0.00108974782040753,"SERPING1","serpin family G member 1"
"ENSG00000135318",8.896,4.21722846441948,4.67877153558053,4.29684594773998e-06,FALSE,1.07103505482944e-05,0.00110390053051192,"NT5E","5'-nucleotidase ecto"
"ENSG00000153064",5.32,1.69662921348315,3.62337078651685,6.04554082955095e-06,FALSE,1.09622074741708e-05,0.00112343941029329,"BANK1","B cell scaffold protein with ankyrin repeats 1"
"ENSG00000170581",21.416,10.3895131086142,11.0264868913858,3.45047735261419e-06,FALSE,1.13913580162968e-05,0.00116082443242907,"STAT2","signal transducer and activator of transcription 2"
"ENSG00000196664",49.64,21.3258426966292,28.3141573033708,5.09203271744932e-06,FALSE,1.16851623983658e-05,0.00118407457404114,"TLR7","toll like receptor 7"
"ENSG00000146197",14.424,24.8052434456929,-10.3812434456929,3.05838060121423e-06,FALSE,1.19020255590113e-05,0.00119931192741836,"SCUBE3","signal peptide, CUB domain and EGF like domain containing 3"
"ENSG00000115446",0.728,1.58052434456929,-0.852524344569288,1.52619643012775e-05,FALSE,1.22425872873463e-05,0.00122677526056591,"UNC50","unc-50 inner nuclear membrane RNA binding protein"
"ENSG00000122643",1.984,0.883895131086142,1.10010486891386,9.01728691391521e-06,FALSE,1.36622220823447e-05,0.00136146684916714,"NT5C3A","5'-nucleotidase, cytosolic IIIA"
"ENSG00000185950",42.008,16.7003745318352,25.3076254681648,1.17148005594677e-05,FALSE,1.43532705503381e-05,0.00142247220283762,"IRS2","insulin receptor substrate 2"
"ENSG00000143891",2.808,1.16104868913858,1.64695131086142,9.2724749671398e-06,FALSE,1.52457257729682e-05,0.00150266205337174,"GALM","galactose mutarotase"
"ENSG00000026751",33.68,15.4831460674157,18.1968539325843,1.07311736358083e-05,FALSE,1.58330022464475e-05,0.00154346369422853,"SLAMF7","SLAM family member 7"
"ENSG00000174473",0.564,1.11985018726592,-0.555850187265918,2.05320665062294e-05,FALSE,1.59989429734006e-05,0.00154346369422853,"GALNTL6","polypeptide N-acetylgalactosaminyltransferase like 6"
"ENSG00000157703",0.168,0.468164794007491,-0.300164794007491,2.25360813072683e-05,FALSE,1.60009003079476e-05,0.00154346369422853,"SVOPL","SVOP like"
"ENSG00000143297",18.92,7.91385767790262,11.0061423220974,1.12411473563416e-05,FALSE,1.60019798647632e-05,0.00154346369422853,"FCRL5","Fc receptor like 5"
"ENSG00000145451",0.364,0.902621722846442,-0.538621722846442,2.35568567217412e-05,FALSE,1.67796980984246e-05,0.00160986922660258,"GLRA3","glycine receptor alpha 3"
"ENSG00000154485",0.772,1.49438202247191,-0.72238202247191,0.000215578231891617,FALSE,1.73125258056947e-05,0.00164595426961928,"MMP21","matrix metallopeptidase 21"
"ENSG00000188290",7.336,3.32958801498127,4.00641198501873,1.99199306911916e-05,FALSE,1.73383218510652e-05,0.00164595426961928,"HES4","hes family bHLH transcription factor 4"
"ENSG00000108100",2.732,1.20973782771536,1.52226217228464,1.25087147392811e-05,FALSE,1.80938956840323e-05,0.00170868898666435,"CCNY","cyclin Y"
"ENSG00000089101",3.144,7.01498127340824,-3.87098127340824,3.54756337838364e-05,FALSE,1.85971824607963e-05,0.0017416078348816,"CFAP61","cilia and flagella associated protein 61"
"ENSG00000115590",24.652,8.57677902621723,16.0752209737828,1.37506756932724e-05,FALSE,1.86355997190302e-05,0.0017416078348816,"IL1R2","interleukin 1 receptor type 2"
"ENSG00000213593",2.928,1.38951310861423,1.53848689138577,4.77614605003538e-06,FALSE,1.9400548825156e-05,0.00180375102659453,"TMX2","thioredoxin related transmembrane protein 2"
"ENSG00000138496",2.612,1.23220973782772,1.37979026217228,1.41004689322184e-05,FALSE,1.97826250052257e-05,0.00182984208830388,"PARP9","poly(ADP-ribose) polymerase family member 9"
"ENSG00000106537",1.472,0.576779026217228,0.895220973782772,1.2037147521776e-05,FALSE,2.02869096701693e-05,0.00186691321286145,"TSPAN13","tetraspanin 13"
"ENSG00000136931",5.796,10.4194756554307,-4.62347565543071,0.000105390845561743,FALSE,2.19382771567074e-05,0.00200863302068798,"NR5A1","nuclear receptor subfamily 5 group A member 1"
"ENSG00000152894",26.656,12.0262172284644,14.6297827715356,1.60638420367528e-05,FALSE,2.23572604931665e-05,0.00202755676993803,"PTPRK","protein tyrosine phosphatase receptor type K"
"ENSG00000197121",4.196,1.84269662921348,2.35330337078652,7.77239529147033e-06,FALSE,2.23697841779491e-05,0.00202755676993803,"PGAP1","post-GPI attachment to proteins inositol deacylase 1"
"ENSG00000160683",7.728,3.16479400749064,4.56320599250936,1.42873968994134e-05,FALSE,2.26680909909503e-05,0.00204432178601886,"CXCR5","C-X-C motif chemokine receptor 5"
"ENSG00000120645",3.212,6.11985018726592,-2.90785018726592,3.64931092788637e-05,FALSE,2.32625976175574e-05,0.00208749986680539,"IQSEC3","IQ motif and Sec7 domain ArfGEF 3"
"ENSG00000112149",2.604,1.09737827715356,1.50662172284644,1.58566861158591e-05,FALSE,2.34572881508971e-05,0.00209455003157293,"CD83","CD83 molecule"
"ENSG00000155313",13.124,5.59550561797753,7.52849438202247,1.60900675477106e-05,FALSE,2.36353096799087e-05,0.00210004965860351,"USP25","ubiquitin specific peptidase 25"
"ENSG00000181374",3.5,0.876404494382023,2.62359550561798,1.76105321132036e-05,FALSE,2.77084397844426e-05,0.00244988788427447,"CCL13","C-C motif chemokine ligand 13"
"ENSG00000104213",10.34,5.06741573033708,5.27258426966292,4.71347774326118e-06,FALSE,2.83750614010638e-05,0.00249659015849262,"PDGFRL","platelet derived growth factor receptor like"
"ENSG00000187922",4.42,2.01123595505618,2.40876404494382,2.03516948054905e-05,FALSE,2.96025279762538e-05,0.00259194561702762,"LCN10","lipocalin 10"
"ENSG00000135899",10.5,5.15355805243446,5.34644194756554,2.88208860121993e-05,FALSE,3.10132008128814e-05,0.00270234349305286,"SP110","SP110 nuclear body protein"
"ENSG00000155629",8.032,3.67415730337079,4.35784269662921,2.22883459780738e-05,FALSE,3.1433339312744e-05,0.00272578433261521,"PIK3AP1","phosphoinositide-3-kinase adaptor protein 1"
"ENSG00000168062",14.476,6.7565543071161,7.7194456928839,1.50926288625041e-05,FALSE,3.34261148899351e-05,0.00288472169507062,"BATF2","basic leucine zipper ATF-like transcription factor 2"
"ENSG00000175197",20.14,9.26591760299626,10.8740823970037,1.61633682174489e-05,FALSE,3.39073909674852e-05,0.00290316349610136,"DDIT3","DNA damage inducible transcript 3"
"ENSG00000111224",0.968,0.288389513108614,0.679610486891386,1.88304113276119e-05,FALSE,3.39617174517595e-05,0.00290316349610136,"PARP11","poly(ADP-ribose) polymerase family member 11"
"ENSG00000078098",8.336,4.58426966292135,3.75173033707865,2.44111239648406e-07,FALSE,3.48407477147831e-05,0.00296425738929973,"FAP","fibroblast activation protein alpha"
"ENSG00000144031",6.236,10.2434456928839,-4.0074456928839,0.000817393116065528,FALSE,3.51070728433002e-05,0.00297289329988078,"ANKRD53","ankyrin repeat domain 53"
"ENSG00000198785",7.904,3.70786516853933,4.19613483146067,2.3630442197089e-05,FALSE,3.5536338475089e-05,0.00299518194894944,"GRIN3A","glutamate ionotropic receptor NMDA type subunit 3A"
"ENSG00000100307",10.016,4.62172284644195,5.39427715355805,3.05868543867361e-05,FALSE,3.61410184214935e-05,0.00303197929892315,"CBX7","chromobox 7"
"ENSG00000164611",3.464,1.31460674157303,2.14939325842697,2.47171775776354e-05,FALSE,3.81682445623396e-05,0.00318722512579129,"PTTG1","PTTG1 regulator of sister chromatid separation, securin"
"ENSG00000108091",3.64,1.59176029962547,2.04823970037453,2.57501130834253e-05,FALSE,3.9104500630606e-05,0.00325035888421309,"CCDC6","coiled-coil domain containing 6"
"ENSG00000168394",20.248,9.65917602996255,10.5888239700375,1.58019511581292e-05,FALSE,4.00793290088572e-05,0.00331610485015026,"TAP1","transporter 1, ATP binding cassette subfamily B member"
"ENSG00000183695",0.176,0.434456928838951,-0.258456928838951,5.05970013965235e-05,FALSE,4.16362199754571e-05,0.0034291894963348,"MRGPRX2","MAS related GPR family member X2"
"ENSG00000130054",1.92,0.880149812734082,1.03985018726592,2.74371824415253e-05,FALSE,4.28530410241178e-05,0.00351336500432733,"NALF2","NALCN channel auxiliary factor 2"
"ENSG00000170456",1.572,0.550561797752809,1.02143820224719,2.84574255067015e-05,FALSE,4.55492371765277e-05,0.00371751851109968,"DENND5B","DENN domain containing 5B"
"ENSG00000144550",2.056,3.60299625468165,-1.54699625468165,2.39842820592541e-05,FALSE,4.99372971674008e-05,0.00404732796401448,"CPNE9","copine family member 9"
"ENSG00000117475",2.04,0.891385767790262,1.14861423220974,3.49097782424386e-05,FALSE,5.00390384196502e-05,0.00404732796401448,"BLZF1","basic leucine zipper nuclear factor 1"
"ENSG00000132465",9.228,4.25468164794007,4.97331835205993,3.62156592515545e-05,FALSE,5.25948371360625e-05,0.00422036686258118,"JCHAIN","joining chain of multimeric IgA and IgM"
"ENSG00000107566",5.42,1.812734082397,3.607265917603,3.24384086982231e-05,FALSE,5.26463682475337e-05,0.00422036686258118,"ERLIN1","ER lipid raft associated 1"
"ENSG00000143337",4.296,1.86516853932584,2.43083146067416,3.54406005018604e-05,FALSE,5.40879201899052e-05,0.00431674255073151,"TOR1AIP1","torsin 1A interacting protein 1"
"ENSG00000183760",8.94,18.5056179775281,-9.56561797752809,0.000260250979174019,FALSE,5.92303869818099e-05,0.00470633696031235,"ACP7","acid phosphatase 7, tartrate resistant (putative)"
"ENSG00000130741",13.892,31.2284644194757,-17.3364644194757,7.10877307177983e-05,FALSE,6.06319938750475e-05,0.0047784358025657,"EIF2S3","eukaryotic translation initiation factor 2 subunit gamma"
"ENSG00000168081",7.64,3.9063670411985,3.7336329588015,1.7130585252424e-05,FALSE,6.06676164987273e-05,0.0047784358025657,"PNOC","prepronociceptin"
"ENSG00000157510",0.604,1.23220973782772,-0.628209737827715,7.91310911492241e-05,FALSE,6.22957061250694e-05,0.00487080540575107,"AFAP1L1","actin filament associated protein 1 like 1"
"ENSG00000180801",5.46,9.31460674157303,-3.85460674157303,4.57556390075629e-05,FALSE,6.23804429078282e-05,0.00487080540575107,"ARSJ","arylsulfatase family member J"
"ENSG00000137693",31.312,54.8052434456929,-23.4932434456929,0.00120395338091004,FALSE,6.71634428065934e-05,0.00522166818061433,"YAP1","Yes1 associated transcriptional regulator"
"ENSG00000085449",28.572,12.0112359550562,16.5607640449438,3.88735311502304e-05,FALSE,6.81316765928517e-05,0.00527421051804835,"WDFY1","WD repeat and FYVE domain containing 1"
"ENSG00000171132",28.456,13.4831460674157,14.9728539325843,4.81367255032838e-05,FALSE,6.97952338354283e-05,0.00537990013969923,"PRKCE","protein kinase C epsilon"
"ENSG00000102385",2.872,4.77902621722846,-1.90702621722846,0.000108133829211437,FALSE,7.17904465967134e-05,0.00548907244176944,"DRP2","dystrophin related protein 2"
"ENSG00000136827",3.628,1.62921348314607,1.99878651685393,4.72224753916533e-05,FALSE,7.18202082529017e-05,0.00548907244176944,"TOR1A","torsin family 1 member A"
"ENSG00000178104",24.088,11.7265917602996,12.3614082397004,5.23906904913555e-05,FALSE,7.2217769610009e-05,0.00549616839854739,"PDE4DIP","phosphodiesterase 4D interacting protein"
"ENSG00000160191",8.744,4.38951310861423,4.35448689138577,7.07487571788992e-05,FALSE,7.34694556326444e-05,0.00556793517330255,"PDE9A","phosphodiesterase 9A"
"ENSG00000136573",45.94,18.2921348314607,27.6478651685393,5.70089031280769e-05,FALSE,7.46714318191457e-05,0.00563534985657712,"BLK","BLK proto-oncogene, Src family tyrosine kinase"
"ENSG00000130303",1.516,0.677902621722846,0.838097378277154,5.55944644946713e-05,FALSE,7.51503381683476e-05,0.00564786103976036,"BST2","bone marrow stromal cell antigen 2"
"ENSG00000269404",3.752,1.55430711610487,2.19769288389513,5.40076734157195e-05,FALSE,7.75138987128951e-05,0.00580132029495639,"SPIB","Spi-B transcription factor"
"ENSG00000108984",5.1,2.2059925093633,2.8940074906367,5.37131136147769e-05,FALSE,7.96683796301848e-05,0.00593792794789109,"MAP2K6","mitogen-activated protein kinase kinase 6"
"ENSG00000159958",2.844,1.30337078651685,1.54062921348315,5.70526232485051e-05,FALSE,8.1985432265492e-05,0.00608547836120444,"TNFRSF13C","TNF receptor superfamily member 13C"
"ENSG00000125144",1.796,0.689138576779026,1.10686142322097,5.90424584337005e-05,FALSE,8.49061580953163e-05,0.00627644415395582,"MT1G","metallothionein 1G"
"ENSG00000166211",0.968,0.385767790262172,0.582232209737828,6.01255735601877e-05,FALSE,8.60157126905255e-05,0.00633251187673065,"SPIC","Spi-C transcription factor"
"ENSG00000117009",30.872,16.1048689138577,14.7671310861423,7.57760552574123e-05,FALSE,8.76436467006098e-05,0.00642613193308496,"KMO","kynurenine 3-monooxygenase"
"ENSG00000104951",8.888,4.20973782771536,4.67826217228464,4.81308962191289e-05,FALSE,8.8683420084621e-05,0.0064760439192968,"IL4I1","interleukin 4 induced 1"
"ENSG00000083454",9.136,4.2059925093633,4.9300074906367,5.48123930339608e-05,FALSE,9.11874165002255e-05,0.00662619997648332,"P2RX5","purinergic receptor P2X 5"
"ENSG00000174123",19.264,8.61048689138577,10.6535131086142,6.8122776653568e-05,FALSE,9.14744022921964e-05,0.00662619997648332,"TLR10","toll like receptor 10"
"ENSG00000173786",9.104,4.54681647940075,4.55718352059925,0.00015936816265789,FALSE,9.3189075002738e-05,0.00672340538329754,"CNP","2',3'-cyclic nucleotide 3' phosphodiesterase"
"ENSG00000113712",13.868,6.68164794007491,7.18635205992509,0.000143594462982385,FALSE,9.4669329506947e-05,0.0068029908219793,"CSNK1A1","casein kinase 1 alpha 1"
"ENSG00000135903",34.452,8.36704119850187,26.0849588014981,7.45781158723517e-05,FALSE,0.000100746563848502,0.00721097528625171,"PAX3","paired box 3"
"ENSG00000086065",8.804,3.73408239700375,5.06991760299625,9.76714789190832e-05,FALSE,0.000101768106252234,0.00725530170937367,"CHMP5","charged multivesicular body protein 5"
"ENSG00000173369",30.796,13.4644194756554,17.3315805243446,7.14122063883534e-05,FALSE,0.000102712206298671,0.00729377978350049,"C1QB","complement C1q B chain"
"ENSG00000185019",1.896,4.07865168539326,-2.18265168539326,9.00941225957418e-05,FALSE,0.000104178243818538,0.00734257503127327,"UBOX5","U-box domain containing 5"
"ENSG00000151779",2.62,1.17602996254682,1.44397003745318,7.65995990867604e-05,FALSE,0.000104500910908871,0.00734257503127327,"NBAS","NBAS subunit of NRZ tethering complex"
"ENSG00000183960",5.756,2.95505617977528,2.80094382022472,5.27348953912744e-05,FALSE,0.000104620601155249,0.00734257503127327,"KCNH8","potassium voltage-gated channel subfamily H member 8"
"ENSG00000064012",27.776,13.501872659176,14.274127340824,7.74354795577301e-05,FALSE,0.000106405526391106,0.0074389010833968,"CASP8","caspase 8"
"ENSG00000049089",15.588,6.88389513108614,8.70410486891386,7.14578878251926e-05,FALSE,0.000106980461827747,0.00745021849415858,"COL9A2","collagen type IX alpha 2 chain"
"ENSG00000112183",1.284,2.96629213483146,-1.68229213483146,0.000133465867295082,FALSE,0.000112201840051413,0.00778378688079745,"RBM24","RNA binding motif protein 24"
"ENSG00000133056",5.084,2.42696629213483,2.65703370786517,5.17188721670194e-05,FALSE,0.000113895183558628,0.00787098630592709,"PIK3C2B","phosphatidylinositol-4-phosphate 3-kinase catalytic subunit type 2 beta"
"ENSG00000181026",11.828,5.31086142322097,6.51713857677903,0.00010005254195497,FALSE,0.000114494155227451,0.00788002348688319,"AEN","apoptosis enhancing nuclease"
"ENSG00000049245",21.008,10.2022471910112,10.8057528089888,7.97992823932212e-05,FALSE,0.000115027350407046,0.00788002348688319,"VAMP3","vesicle associated membrane protein 3"
"ENSG00000165072",9.344,15.9625468164794,-6.6185468164794,0.00116094037204492,FALSE,0.000115618003077305,0.00788002348688319,"MAMDC2","MAM domain containing 2"
"ENSG00000119866",37.776,18.0524344569288,19.7235655430712,9.12777850098381e-05,FALSE,0.000115773478074183,0.00788002348688319,"BCL11A","BCL11 transcription factor A"
"ENSG00000176533",14.464,8.28464419475655,6.17935580524345,0.000454611564176775,FALSE,0.000118842940189109,0.00802380496508018,"GNG7","G protein subunit gamma 7"
"ENSG00000188315",0.792,0.348314606741573,0.443685393258427,8.64054362998858e-05,FALSE,0.000119026765253841,0.00802380496508018,"C3orf62","chromosome 3 open reading frame 62"
"ENSG00000136237",5.708,2.7940074906367,2.9139925093633,9.60693615485407e-05,FALSE,0.000119220476278843,0.00802380496508018,"RAPGEF5","Rap guanine nucleotide exchange factor 5"
"ENSG00000110777",1.224,0.438202247191011,0.785797752808989,8.31614522741677e-05,FALSE,0.000120229883784708,0.00806165953094714,"POU2AF1","POU class 2 homeobox associating factor 1"
"ENSG00000091490",9.696,4.58052434456929,5.11547565543071,0.000169501389628561,FALSE,0.000123745174992128,0.00824147439123245,"SEL1L3","SEL1L family member 3"
"ENSG00000084070",7.876,3.40074906367041,4.47525093632959,8.70550757896851e-05,FALSE,0.000123825445474524,0.00824147439123245,"SMAP2","small ArfGAP2"
"ENSG00000132646",34.072,14.5168539325843,19.5551460674157,8.49809861713356e-05,FALSE,0.000124950789573773,0.00828579923361083,"PCNA","proliferating cell nuclear antigen"
"ENSG00000170365",16.224,7.97003745318352,8.25396254681648,6.57407092522696e-05,FALSE,0.000126206531413892,0.00833841467806731,"SMAD1","SMAD family member 1"
"ENSG00000182481",56.048,27.4157303370787,28.6322696629213,8.38552035883205e-05,FALSE,0.000128035188044296,0.00842836017063855,"KPNA2","karyopherin subunit alpha 2"
"ENSG00000164168",1.932,0.764044943820225,1.16795505617978,9.08491966469936e-05,FALSE,0.000131010172333717,0.00853205735067835,"TMEM184C","transmembrane protein 184C"
"ENSG00000153029",5.924,2.9250936329588,2.9989063670412,9.85470865022697e-05,FALSE,0.000131146302981928,0.00853205735067835,"MR1","major histocompatibility complex, class I-related"
"ENSG00000198363",6.416,2.80524344569288,3.61075655430712,7.57377011921696e-05,FALSE,0.000131226212484816,0.00853205735067835,"ASPH","aspartate beta-hydroxylase"
"ENSG00000184307",5.268,2.69662921348315,2.57137078651685,0.000135103229826614,FALSE,0.000131502574900958,0.00853205735067835,"ZDHHC23","zinc finger DHHC-type palmitoyltransferase 23"
"ENSG00000215114",5.308,2.53183520599251,2.77616479400749,7.08678386991007e-05,FALSE,0.000135201609490125,0.00874061444578276,"UBXN2B","UBX domain protein 2B"
"ENSG00000157693",0.984,0.456928838951311,0.527071161048689,0.000107361052849099,FALSE,0.000136325858320379,0.00878181966615953,"TMEM268","transmembrane protein 268"
"ENSG00000124688",1.652,0.726591760299625,0.925408239700374,0.000108031478712539,FALSE,0.000138337971249811,0.00887972237520583,"MAD2L1BP","MAD2L1 binding protein"
"ENSG00000162654",2.092,0.801498127340824,1.29050187265918,9.21033707612056e-05,FALSE,0.000139170663079961,0.0089014937942314,"GBP4","guanylate binding protein 4"
"ENSG00000093072",6.54,3.02621722846442,3.51378277153558,0.000101289281137481,FALSE,0.000140345050553539,0.00894488931743528,"ADA2","adenosine deaminase 2"
"ENSG00000185436",19.04,9.17602996254682,9.86397003745318,9.73455190501253e-05,FALSE,0.000142511999651422,0.00902749017100584,"IFNLR1","interferon lambda receptor 1"
"ENSG00000101347",6.028,2.94756554307116,3.08043445692884,0.000110997032840848,FALSE,0.000142839691638774,0.00902749017100584,"SAMHD1","SAM and HD domain containing deoxynucleoside triphosphate triphosphohydrolase 1"
"ENSG00000197859",2.276,3.71910112359551,-1.44310112359551,0.00034822488671545,FALSE,0.000143838783722398,0.00902749017100584,"ADAMTSL2","ADAMTS like 2"
"ENSG00000260916",14.784,7.95131086142322,6.83268913857678,0.00021430837117258,FALSE,0.000143934355751853,0.00902749017100584,"CCPG1","cell cycle progression 1"
"ENSG00000006432",30.896,15.9700374531835,14.9259625468165,0.000113843088446724,FALSE,0.000144143547665891,0.00902749017100584,"MAP3K9","mitogen-activated protein kinase kinase kinase 9"
"ENSG00000112232",13.088,6.25468164794007,6.83331835205992,9.59962076274464e-05,FALSE,0.000145858363725706,0.00910327787723376,"KHDRBS2","KH RNA binding domain containing, signal transduction associated 2"
"ENSG00000115112",5.576,11.1460674157303,-5.57006741573034,0.000111596307284185,FALSE,0.000146989742727352,0.00911105023997465,"TFCP2L1","transcription factor CP2 like 1"
"ENSG00000100721",2.244,0.970037453183521,1.27396254681648,0.000110974523541011,FALSE,0.000147408432718685,0.00911105023997465,"TCL1A","TCL1 family AKT coactivator A"
"ENSG00000100911",6.576,3.06741573033708,3.50858426966292,9.88484956705559e-05,FALSE,0.000147594793421649,0.00911105023997465,"PSME2","proteasome activator subunit 2"
"ENSG00000177807",6.516,2.85393258426966,3.66206741573034,7.08079269425036e-05,FALSE,0.000148003421872405,0.00911105023997465,"KCNJ10","potassium inwardly rectifying channel subfamily J member 10"
"ENSG00000251380",0.356,0.685393258426966,-0.329393258426966,0.000185601335322646,FALSE,0.000149037329549854,0.00914349086085278,"DCANP1","dendritic cell associated nuclear protein 1"
"ENSG00000196104",1.112,1.79026217228464,-0.678262172284644,0.00371174142474839,FALSE,0.000149801984041941,0.0091592487666593,"SPOCK3","SPARC (osteonectin), cwcv and kazal like domains proteoglycan 3"
"ENSG00000103647",28.028,14.7153558052434,13.3126441947566,8.88263625805526e-05,FALSE,0.00015128768804639,0.00919222024861778,"CORO2B","coronin 2B"
"ENSG00000164237",3.044,6.77902621722846,-3.73502621722846,0.000188400730907507,FALSE,0.000151406733207638,0.00919222024861778,"CMBL","carboxymethylenebutenolidase homolog"
"ENSG00000204852",2.616,1.34082397003745,1.27517602996255,0.000119435133399294,FALSE,0.000151870135504136,0.00919222024861778,"TCTN1","tectonic family member 1"
"ENSG00000111880",6.504,2.77902621722846,3.72497378277154,8.50086918385215e-05,FALSE,0.000152940249042579,0.00922603100996989,"RNGTT","RNA guanylyltransferase and 5'-phosphatase"
"ENSG00000174460",7.852,13.8277153558052,-5.97571535580524,0.00159584411288683,FALSE,0.000156522609430717,0.00941066102100616,"ZCCHC12","zinc finger CCHC-type containing 12"
"ENSG00000027697",4.664,2.25093632958801,2.41306367041198,0.000116162225183186,FALSE,0.000158624871731559,0.00950537146651871,"IFNGR1","interferon gamma receptor 1"
"ENSG00000128284",7.4,3.25468164794008,4.14531835205993,8.8967777006411e-05,FALSE,0.000160668002229291,0.00959592303380704,"APOL3","apolipoprotein L3"
"ENSG00000100852",3.568,1.8501872659176,1.7178127340824,6.97322692676935e-05,FALSE,0.00016192114100203,0.00962623550815597,"ARHGAP5","Rho GTPase activating protein 5"
"ENSG00000102245",9.784,4.88389513108614,4.90010486891386,8.12189018085229e-05,FALSE,0.00016274585956006,0.00962623550815597,"CD40LG","CD40 ligand"
"ENSG00000132688",50.656,25.4644194756554,25.1915805243446,5.09133495757072e-05,FALSE,0.000162776616398934,0.00962623550815597,"NES","nestin"
"ENSG00000133789",4.016,1.79026217228464,2.22573782771536,0.00011767462674258,FALSE,0.000164514814769947,0.0096972343594952,"SWAP70","switching B cell complex subunit SWAP70"
"ENSG00000089692",30.256,15.6441947565543,14.6118052434457,0.000118034608815659,FALSE,0.000167558681101068,0.0098444818599999,"LAG3","lymphocyte activating 3"
"ENSG00000138246",4.404,2.16479400749064,2.23920599250936,0.000142369148640813,FALSE,0.000173807954149624,0.0101784872370025,"DNAJC13","DnaJ heat shock protein family (Hsp40) member C13"
"ENSG00000143799",33.252,17.0524344569288,16.1995655430712,0.000168080958738042,FALSE,0.000175140941720641,0.0102233565236738,"PARP1","poly(ADP-ribose) polymerase 1"
"ENSG00000088387",3.592,1.80524344569288,1.78675655430712,0.000148404921589661,FALSE,0.000177742763585001,0.0103192426231254,"DOCK9","dedicator of cytokinesis 9"
"ENSG00000139496",6.456,3.17228464419476,3.28371535580524,0.000117728451456529,FALSE,0.000177927840316682,0.0103192426231254,"NUP58","nucleoporin 58"
"ENSG00000151365",1.316,0.164794007490637,1.15120599250936,0.000115432586626228,FALSE,0.000185043500458297,0.010697530826174,"THRSP","thyroid hormone responsive"
"ENSG00000169249",3.76,7.64419475655431,-3.88419475655431,0.000231074851159268,FALSE,0.000187173024937648,0.0107581437156472,"ZRSR2","zinc finger CCCH-type, RNA binding motif and serine/arginine rich 2"
"ENSG00000028116",17.384,8.83895131086142,8.54504868913858,0.000123704435375455,FALSE,0.000187399590410668,0.0107581437156472,"VRK2","VRK serine/threonine kinase 2"
"ENSG00000176890",6.488,2.92883895131086,3.55916104868914,0.000140328619756555,FALSE,0.000188318649996691,0.0107581437156472,"TYMS","thymidylate synthetase"
"ENSG00000105369",7.424,3.14606741573034,4.27793258426966,0.000100399568638569,FALSE,0.00018847776316153,0.0107581437156472,"CD79A","CD79a molecule"
"ENSG00000165521",20.516,10.6629213483146,9.85307865168539,8.57966928284403e-05,FALSE,0.000190580710204089,0.0108438620503191,"EML5","EMAP like 5"
"ENSG00000154556",6.956,13,-6.044,0.000242163604841536,FALSE,0.000196478026362404,0.0111392436303081,"SORBS2","sorbin and SH3 domain containing 2"
"ENSG00000048462",4.368,1.89887640449438,2.46912359550562,0.000170655489685558,FALSE,0.000197007191776253,0.0111392436303081,"TNFRSF17","TNF receptor superfamily member 17"
"ENSG00000153253",18.632,9.68539325842697,8.94660674157304,0.000136424109425597,FALSE,0.000198606490409238,0.0111861184741887,"SCN3A","sodium voltage-gated channel alpha subunit 3"
"ENSG00000164330",14.092,6.74531835205993,7.34668164794008,0.000161703850870122,FALSE,0.000199076566514086,0.0111861184741887,"EBF1","EBF transcription factor 1"
"ENSG00000198087",8.104,3.92134831460674,4.18265168539326,0.00022129334105873,FALSE,0.000206034273460786,0.0115411186037646,"CD2AP","CD2 associated protein"
"ENSG00000153250",5.308,2.67041198501873,2.63758801498127,0.000170007365694595,FALSE,0.00020788308859323,0.0116086293156535,"RBMS1","RNA binding motif single stranded interacting protein 1"
"ENSG00000155659",2.876,1.10486891385768,1.77113108614232,0.000140533766677739,FALSE,0.000209972669741418,0.0116891266794011,"VSIG4","V-set and immunoglobulin domain containing 4"
"ENSG00000095015",37.932,20.1385767790262,17.7934232209738,0.00030583402219415,FALSE,0.000220827267569609,0.0121460126536824,"MAP3K1","mitogen-activated protein kinase kinase kinase 1"
"ENSG00000125148",3.084,1.52808988764045,1.55591011235955,0.000169758646897855,FALSE,0.000221138203920219,0.0121460126536824,"MT2A","metallothionein 2A"
"ENSG00000151364",1.384,0.659176029962547,0.724823970037453,0.000154122082647776,FALSE,0.000221336796582749,0.0121460126536824,"KCTD14","potassium channel tetramerization domain containing 14"
"ENSG00000125952",10.252,5.44943820224719,4.80256179775281,0.000364061539669421,FALSE,0.000221690734334839,0.0121460126536824,"MAX","MYC associated factor X"
"ENSG00000162482",11.044,16.9325842696629,-5.88858426966292,0.000104170391304487,FALSE,0.000221882062864857,0.0121460126536824,"AKR7A3","aldo-keto reductase family 7 member A3"
"ENSG00000096060",57.18,25.9513108614232,31.2286891385768,0.000127746356871698,FALSE,0.000222220112863292,0.0121460126536824,"FKBP5","FKBP prolyl isomerase 5"
"ENSG00000172264",2.276,1.04494382022472,1.23105617977528,0.000182062717776552,FALSE,0.000224497233198017,0.0122334036108539,"MACROD2","mono-ADP ribosylhydrolase 2"
"ENSG00000069849",9.788,4.92134831460674,4.86665168539326,0.000178188818580915,FALSE,0.000228557650538692,0.0124171516348385,"ATP1B3","ATPase Na+/K+ transporting subunit beta 3"
"ENSG00000101003",11.48,5.26591760299625,6.21408239700375,0.000178362536083341,FALSE,0.00022926270717232,0.0124180524002016,"GINS1","GINS complex subunit 1"
"ENSG00000197971",7.72,4.02996254681648,3.69003745318352,0.000205793605998227,FALSE,0.0002327312158983,0.0125681824585558,"MBP","myelin basic protein"
"ENSG00000196839",8.516,4.1685393258427,4.3474606741573,0.000232537350480064,FALSE,0.000233903353053273,0.0125937754597668,"ADA","adenosine deaminase"
"ENSG00000112245",2.884,1.36704119850187,1.51695880149813,0.000171716876590056,FALSE,0.00023846537594116,0.0127948855980893,"PTP4A1","protein tyrosine phosphatase 4A1"
"ENSG00000187017",14.964,28.2696629213483,-13.3056629213483,0.000348495206962769,FALSE,0.000239057295922608,0.0127948855980893,"ESPN","espin"
"ENSG00000143515",11.012,5.50187265917603,5.51012734082397,0.000217818142924539,FALSE,0.000241384516020971,0.0128812204599712,"ATP8B2","ATPase phospholipid transporting 8B2"
"ENSG00000153563",8.56,4.37078651685393,4.18921348314607,0.000152534575825609,FALSE,0.000246325185080078,0.0131060984167828,"CD8A","CD8 subunit alpha"
"ENSG00000105825",6.232,10.9962546816479,-4.76425468164794,0.00240220512954547,FALSE,0.000247592841906421,0.0131348002631356,"TFPI2","tissue factor pathway inhibitor 2"
"ENSG00000180530",3.12,1.62172284644195,1.49827715355805,0.000189080777745451,FALSE,0.000249604886882632,0.0132027077557245,"NRIP1","nuclear receptor interacting protein 1"
"ENSG00000143344",3.644,1.8876404494382,1.7563595505618,0.000196704938684781,FALSE,0.000250955916214408,0.013211003510389,"RGL1","ral guanine nucleotide dissociation stimulator like 1"
"ENSG00000183943",11.668,22.5730337078652,-10.9050337078652,0.000232969192641844,FALSE,0.000251226601101261,0.013211003510389,"PRKX","protein kinase cAMP-dependent X-linked catalytic subunit"
"ENSG00000189180",3.58,1.63295880149813,1.94704119850187,0.000203371341424713,FALSE,0.00026048323943425,0.0136417643504322,"ZNF33A","zinc finger protein 33A"
"ENSG00000149488",11.996,20.87265917603,-8.87665917602996,0.00231406356956177,FALSE,0.000260930792310203,0.0136417643504322,"TMC2","transmembrane channel like 2"
"ENSG00000171115",24.888,12.4007490636704,12.4872509363296,0.000195353971551479,FALSE,0.000262885934409168,0.0137042589564687,"GIMAP8","GTPase, IMAP family member 8"
"ENSG00000015520",1.696,2.89513108614232,-1.19913108614232,0.00233743892911374,FALSE,0.000264850284374273,0.0137668719863365,"NPC1L1","NPC1 like intracellular cholesterol transporter 1"
"ENSG00000163823",14.42,8.10112359550562,6.31887640449438,0.000167109250412369,FALSE,0.000267007434015676,0.0138391180670711,"CCR1","C-C motif chemokine receptor 1"
"ENSG00000121797",8.824,4.48689138576779,4.33710861423221,0.000179832664287839,FALSE,0.000268300701596458,0.0138663030220496,"CCRL2","C-C motif chemokine receptor like 2"
"ENSG00000132824",1.136,0.47940074906367,0.656599250936329,0.000184226121600449,FALSE,0.000270476940292492,0.0139358411067386,"SERINC3","serine incorporator 3"
"ENSG00000135900",48.576,23.3857677902622,25.1902322097378,0.000214337793450704,FALSE,0.000271777430928854,0.0139358411067386,"MRPL44","mitochondrial ribosomal protein L44"
"ENSG00000111674",59.992,31.2659176029963,28.7260823970037,0.000184935660397308,FALSE,0.000272584445710209,0.0139358411067386,"ENO2","enolase 2"
"ENSG00000091129",9.664,16.2059925093633,-6.5419925093633,0.00049663936959983,FALSE,0.000272736702926137,0.0139358411067386,"NRCAM","neuronal cell adhesion molecule"
"ENSG00000107518",0.34,0.760299625468165,-0.420299625468165,0.000344957687675072,FALSE,0.000299964036227019,0.0152583220231086,"ATRNL1","attractin like 1"
"ENSG00000153993",2.444,4.25468164794007,-1.81068164794007,0.000292572533793898,FALSE,0.000300310712324863,0.0152583220231086,"SEMA3D","semaphorin 3D"
"ENSG00000221963",0.828,0.378277153558052,0.449722846441948,0.000225407445059101,FALSE,0.000304514221668061,0.0154200819700416,"APOL6","apolipoprotein L6"
"ENSG00000112365",11.196,5.60674157303371,5.58925842696629,0.000282667021447965,FALSE,0.000305204261424009,0.0154200819700416,"ZBTB24","zinc finger and BTB domain containing 24"
"ENSG00000010030",7.056,3.91760299625468,3.13839700374532,0.000122980486783154,FALSE,0.000309942071107917,0.015615712671993,"ETV7","ETS variant transcription factor 7"
"ENSG00000197520",0.112,0.0299625468164794,0.0820374531835206,0.000235513125980745,FALSE,0.000313723949201644,0.0157622252694987,"FAM177B","family with sequence similarity 177 member B"
"ENSG00000124225",32.9,18.0711610486891,14.8288389513109,0.000269017883705964,FALSE,0.000330279838403465,0.0165105033369374,"PMEPA1","prostate transmembrane protein, androgen induced 1"
"ENSG00000104946",1.948,0.910112359550562,1.03788764044944,0.000265137921376544,FALSE,0.000330652057911274,0.0165105033369374,"TBC1D17","TBC1 domain family member 17"
"ENSG00000112246",0.804,2.1498127340824,-1.3458127340824,0.000408858323092602,FALSE,0.000331363431167675,0.0165105033369374,"SIM1","SIM bHLH transcription factor 1"
"ENSG00000165732",49.492,23.4044943820225,26.0875056179775,0.000273684687376286,FALSE,0.000332476259260907,0.0165203148437713,"DDX21","DExD-box helicase 21"
"ENSG00000081189",29.236,15.7116104868914,13.5243895131086,0.00025701877839312,FALSE,0.000338828556696533,0.0167896996624598,"MEF2C","myocyte enhancer factor 2C"
"ENSG00000122367",2.668,4.66666666666667,-1.99866666666667,0.000636104617434097,FALSE,0.000343303581037713,0.0169328166403092,"LDB3","LIM domain binding 3"
"ENSG00000005001",6.184,9.60299625468165,-3.41899625468165,0.000376942361169755,FALSE,0.000343594327790274,0.0169328166403092,"PRSS22","serine protease 22"
"ENSG00000215187",1.344,2.15355805243446,-0.809558052434457,0.000572970847985,FALSE,0.000345362832914193,0.0169675228964349,"CIMIP2B","ciliary microtubule inner protein 2B"
"ENSG00000173744",2.18,0.97752808988764,1.20247191011236,0.000255101801554311,FALSE,0.000349493104950459,0.0169675228964349,"AGFG1","ArfGAP with FG repeats 1"
"ENSG00000145920",1.188,2.11610486891386,-0.928104868913858,0.000756481426984498,FALSE,0.000349746550808684,0.0169675228964349,"CPLX2","complexin 2"
"ENSG00000160062",4.152,8.59925093632959,-4.44725093632959,0.000367026135134102,FALSE,0.000349875210476902,0.0169675228964349,"ZBTB8A","zinc finger and BTB domain containing 8A"
"ENSG00000243955",4.052,6.93258426966292,-2.88058426966292,0.000855974044806815,FALSE,0.000349877006548082,0.0169675228964349,"GSTA1","glutathione S-transferase alpha 1"
"ENSG00000145362",46.932,96.4007490636704,-49.4687490636704,0.00110989399468696,FALSE,0.000349942812966335,0.0169675228964349,"ANK2","ankyrin 2"
"ENSG00000103365",4.868,2.38576779026217,2.48223220973783,0.000268490561668091,FALSE,0.000351244836350116,0.0169849949416811,"GGA2","golgi associated, gamma adaptin ear containing, ARF binding protein 2"
"ENSG00000169499",17.844,9.30711610486891,8.53688389513109,0.000263031411514412,FALSE,0.00036137734510742,0.0173917138420268,"PLEKHA2","pleckstrin homology domain containing A2"
"ENSG00000155096",3.308,1.65168539325843,1.65631460674157,0.000266274578018764,FALSE,0.000361584115471533,0.0173917138420268,"AZIN1","antizyme inhibitor 1"
"ENSG00000117528",5.448,2.74531835205992,2.70268164794008,0.000265965934396847,FALSE,0.00036518945220076,0.0175184099716625,"ABCD3","ATP binding cassette subfamily D member 3"
"ENSG00000173200",3.02,1.37453183520599,1.64546816479401,0.000301660137680759,FALSE,0.000368322284998495,0.0175951263233945,"PARP15","poly(ADP-ribose) polymerase family member 15"
"ENSG00000166451",4.012,1.98876404494382,2.02323595505618,0.000293296417822476,FALSE,0.000368739687877314,0.0175951263233945,"CENPN","centromere protein N"
"ENSG00000232434",0.988,2.0374531835206,-1.0494531835206,0.00045468820333117,FALSE,0.000370519442337184,0.0176334015341314,"AJM1","apical junction component 1 homolog"
"ENSG00000166523",10.148,5.10112359550562,5.04687640449438,0.000237678304344315,FALSE,0.000371934605383603,0.0176541696771159,"CLEC4E","C-type lectin domain family 4 member E"
"ENSG00000117228",4.244,2.07116104868914,2.17283895131086,0.000271594589810683,FALSE,0.000373232419801574,0.0176692733752257,"GBP1","guanylate binding protein 1"
"ENSG00000141748",15.904,29.7078651685393,-13.8038651685393,0.00136932088647402,FALSE,0.00037769842639321,0.0178338914053778,"ARL5C","ARF like GTPase 5C"
"ENSG00000145685",0.872,0.389513108614232,0.482486891385768,0.000281387433580034,FALSE,0.000381603994111949,0.017971256505998,"LHFPL2","LHFPL tetraspan subfamily member 2"
"ENSG00000137857",8.596,13.314606741573,-4.71860674157303,0.000655490008513691,FALSE,0.000390022611771322,0.0183198902305191,"DUOX1","dual oxidase 1"
"ENSG00000250673",6.572,10.6928838951311,-4.12088389513109,0.000330168319144292,FALSE,0.0003953241458706,0.0185206795300468,"REELD1","reeler domain containing 1"
"ENSG00000188282",4.044,1.96629213483146,2.07770786516854,0.00030183330650693,FALSE,0.000396918318074307,0.0185319852810034,"RUFY4","RUN and FYVE domain containing 4"
"ENSG00000160710",8.536,4.63670411985019,3.89929588014981,0.000306142736044042,FALSE,0.0003981333322668,0.0185319852810034,"ADAR","adenosine deaminase RNA specific"
"ENSG00000168685",2.256,1.07116104868914,1.18483895131086,0.000300229434913415,FALSE,0.000398647795588475,0.0185319852810034,"IL7R","interleukin 7 receptor"
"ENSG00000069329",24.148,12.2172284644195,11.9307715355805,0.000334992844152263,FALSE,0.00040145602702397,0.0186145561939109,"VPS35","VPS35 retromer complex component"
"ENSG00000130518",14.36,7.61423220973783,6.74576779026217,0.000313482465942618,FALSE,0.000405261080296072,0.0187428053982058,"IQCN","IQ motif containing N"
"ENSG00000166153",0.264,0.50187265917603,-0.23787265917603,0.000466570507561838,FALSE,0.000408634244602847,0.0188504753705922,"DEPDC4","DEP domain containing 4"
"ENSG00000248767",0.184,0.0711610486891386,0.112838951310861,0.000343925302847878,FALSE,0.00041036480476468,0.018882015264134,"FOXL3-OT1","FOXL3 overlapping transcript 1"
"ENSG00000104921",10.124,5.06741573033708,5.05658426966292,0.000263795996082602,FALSE,0.000412113874441831,0.0189142441559982,"FCER2","Fc epsilon receptor II"
"ENSG00000126012",19.116,36.8164794007491,-17.7004794007491,0.000429256615904461,FALSE,0.000415272196267196,0.0190108238682016,"KDM5C","lysine demethylase 5C"
"ENSG00000179314",6.92,10.3857677902622,-3.46576779026217,0.000254655822208666,FALSE,0.000417173261862808,0.019049504111948,"WSCD1","WSC domain containing 1"
"ENSG00000120696",7.088,3.59925093632959,3.48874906367041,0.000349784915613739,FALSE,0.000418448360663334,0.0190594774779913,"KBTBD7","kelch repeat and BTB domain containing 7"
"ENSG00000186265",0.68,0.303370786516854,0.376629213483146,0.000327047548739496,FALSE,0.000420783791300131,0.0190638223279776,"BTLA","B and T lymphocyte associated"
"ENSG00000108387",11.448,5.27715355805243,6.17084644194757,0.000303511580505942,FALSE,0.000421113491113296,0.0190638223279776,"SEPTIN4","septin 4"
"ENSG00000082512",13.052,6.45318352059925,6.59881647940075,0.000284939194171165,FALSE,0.00042171453727688,0.0190638223279776,"TRAF5","TNF receptor associated factor 5"
"ENSG00000126003",20.388,10.8614232209738,9.52657677902622,0.00026961511920774,FALSE,0.000428353950602219,0.0193155505175305,"PLAGL2","PLAG1 like zinc finger 2"
"ENSG00000168297",1.496,0.674157303370786,0.821842696629213,0.000340804938050687,FALSE,0.000429745108272873,0.0193299564037851,"PXK","PX domain containing serine/threonine kinase like"
"ENSG00000198300",11.028,17.123595505618,-6.09559550561798,0.00137555219866802,FALSE,0.000431389320901585,0.0193423236131104,"PEG3","paternally expressed 3"
"ENSG00000134460",5.636,3.13483146067416,2.50116853932584,0.000373301563021505,FALSE,0.000432769907714761,0.0193423236131104,"IL2RA","interleukin 2 receptor subunit alpha"
"ENSG00000070010",12.848,6.61797752808989,6.23002247191011,0.000418001416094152,FALSE,0.00043323716470015,0.0193423236131104,"UFD1","ubiquitin recognition factor in ER associated degradation 1"
"ENSG00000163518",10.248,5.32958801498127,4.91841198501873,0.000452696517194231,FALSE,0.000436431074424607,0.0194159472461733,"FCRL4","Fc receptor like 4"
"ENSG00000035664",20.644,11.6966292134831,8.94737078651685,0.000812764972831217,FALSE,0.000437039118586593,0.0194159472461733,"DAPK2","death associated protein kinase 2"
"ENSG00000085719",2.284,1.2059925093633,1.0780074906367,0.000334325923190928,FALSE,0.000440904811394081,0.0195094418270593,"CPNE3","copine 3"
"ENSG00000253537",1.124,1.84269662921348,-0.718696629213483,0.00101007728725793,FALSE,0.000442529075017943,0.0195094418270593,"PCDHGA7","protocadherin gamma subfamily A, 7"
"ENSG00000012048",31.892,17.0374531835206,14.8545468164794,0.000366438299313411,FALSE,0.000445738957983798,0.0195094418270593,"BRCA1","BRCA1 DNA repair associated"
"ENSG00000164649",11.308,5.84269662921348,5.46530337078652,0.000355661326473753,FALSE,0.000446701865037545,0.0195094418270593,"CDCA7L","cell division cycle associated 7 like"
"ENSG00000241399",4.016,2.06741573033708,1.94858426966292,0.000269485347297059,FALSE,0.000447526194164113,0.0195094418270593,"CD302","CD302 molecule"
"ENSG00000143768",5.472,9.70786516853933,-4.23586516853933,0.00329443169370133,FALSE,0.000447992482641988,0.0195094418270593,"LEFTY2","left-right determination factor 2"
"ENSG00000197905",21.492,3.99625468164794,17.4957453183521,0.000318377537725114,FALSE,0.000448334044942213,0.0195094418270593,"TEAD4","TEA domain transcription factor 4"
"ENSG00000139910",3.592,7.29588014981273,-3.70388014981273,0.000530949862099699,FALSE,0.00044849270196361,0.0195094418270593,"NOVA1","NOVA alternative splicing regulator 1"
"ENSG00000186487",0.948,1.8501872659176,-0.902187265917603,0.00055908630363421,FALSE,0.00044887832556576,0.0195094418270593,"MYT1L","myelin transcription factor 1 like"
"ENSG00000052795",0.8,0.329588014981273,0.470411985018727,0.000365179714529865,FALSE,0.000453683550356211,0.0196708898984975,"FNIP2","folliculin interacting protein 2"
"ENSG00000143194",0.76,1.41947565543071,-0.659475655430712,0.000559673442644699,FALSE,0.000459629680503971,0.0198809125833336,"MAEL","maelstrom spermatogenic transposon silencer"
"ENSG00000089685",48.128,23.0187265917603,25.1092734082397,0.000362420593797207,FALSE,0.000462650459147365,0.0199594818671883,"BIRC5","baculoviral IAP repeat containing 5"
"ENSG00000137265",42.696,21.0299625468165,21.6660374531835,0.000528935077067645,FALSE,0.000466130399783331,0.0199594818671883,"IRF4","interferon regulatory factor 4"
"ENSG00000158258",2.92,5.54307116104869,-2.62307116104869,0.00115565123144721,FALSE,0.000467069558226547,0.0199594818671883,"CLSTN2","calsyntenin 2"
"ENSG00000120051",4.172,2.25468164794008,1.91731835205992,0.000291505487960269,FALSE,0.000468948403740108,0.0199594818671883,"CFAP58","cilia and flagella associated protein 58"
"ENSG00000175643",1.024,0.48314606741573,0.54085393258427,0.000377632351193955,FALSE,0.000468967931442123,0.0199594818671883,"RMI2","RecQ mediated genome instability 2"
"ENSG00000172183",11.588,6.02247191011236,5.56552808988764,0.000363769879166604,FALSE,0.000469194844712764,0.0199594818671883,"ISG20","interferon stimulated exonuclease gene 20"
"ENSG00000164054",12.856,6.67415730337079,6.18184269662921,0.000408392734179796,FALSE,0.000469584966330945,0.0199594818671883,"SHISA5","shisa family member 5"
"ENSG00000188419",3.368,1.73033707865169,1.63766292134831,0.000350870873572187,FALSE,0.000470298818736764,0.0199594818671883,"CHM","CHM Rab escort protein"
"ENSG00000154127",9.348,5.01498127340824,4.33301872659176,0.000477241339314882,FALSE,0.000476300456888871,0.0201667402368652,"UBASH3B","ubiquitin associated and SH3 domain containing B"
"ENSG00000173917",8.64,14.5243445692884,-5.88434456928839,0.000705488573442458,FALSE,0.000485572456442862,0.0205111718896017,"HOXB2","homeobox B2"
"ENSG00000100030",78.204,41.561797752809,36.642202247191,0.000559020266493191,FALSE,0.000494760426891762,0.0208504528501091,"MAPK1","mitogen-activated protein kinase 1"
"ENSG00000106789",23.304,12.565543071161,10.7384569288389,0.000455538331322216,FALSE,0.00049634988458934,0.0208686780147737,"CORO2A","coronin 2A"
"ENSG00000124181",13.4,6.8314606741573,6.5685393258427,0.000347276641370333,FALSE,0.00049880860091295,0.0209232807782951,"PLCG1","phospholipase C gamma 1"
"ENSG00000169181",0.108,0.0262172284644195,0.0817827715355805,0.000390861693627627,FALSE,0.000502515200733259,0.0210298530756979,"GSG1L","GSG1 like"
"ENSG00000164134",7.664,3.88389513108614,3.78010486891386,0.000435592313743365,FALSE,0.000503969434003936,0.0210418904655764,"NAA15","N-alpha-acetyltransferase 15, NatA auxiliary subunit"
"ENSG00000134686",4.852,2.54307116104869,2.30892883895131,0.000242989152753769,FALSE,0.000509445284552652,0.0212213962990212,"PHC2","polyhomeotic homolog 2"
"ENSG00000075290",8.024,12.3595505617978,-4.33555056179775,0.00263952174605019,FALSE,0.000511454365992922,0.0212559963120146,"WNT8B","Wnt family member 8B"
"ENSG00000172247",7.712,12.9026217228464,-5.19062172284644,0.00371873001031032,FALSE,0.000514139247197328,0.0213184588544786,"C1QTNF4","C1q and TNF related 4"
"ENSG00000182054",16.312,9.05992509363296,7.25207490636704,0.000467299401646575,FALSE,0.000516706324245721,0.021375761400046,"IDH2","isocitrate dehydrogenase (NADP(+)) 2"
"ENSG00000012822",11.272,6.18352059925094,5.08847940074906,0.000563950406397214,FALSE,0.000518139020617786,0.0213859805832563,"CALCOCO1","calcium binding and coiled-coil domain 1"
"ENSG00000115415",41.652,24.4756554307116,17.1763445692884,0.00023944634300801,FALSE,0.000520660559973796,0.0214215740109747,"STAT1","signal transducer and activator of transcription 1"
"ENSG00000106546",4.2,2.17602996254682,2.02397003745318,0.000442360894162296,FALSE,0.000521376669668897,0.0214215740109747,"AHR","aryl hydrocarbon receptor"
"ENSG00000070501",4.048,2.11985018726592,1.92814981273408,0.000429964119448573,FALSE,0.000525408539888958,0.0215108576388746,"POLB","DNA polymerase beta"
"ENSG00000163602",18.988,10.2808988764045,8.70710112359551,0.000336333624105016,FALSE,0.000525934923698159,0.0215108576388746,"RYBP","RING1 and YY1 binding protein"
"ENSG00000172869",3.512,1.7752808988764,1.7367191011236,0.000262757559112929,FALSE,0.000553097190911077,0.0225706199829482,"DMXL1","Dmx like 1"
"ENSG00000066777",7.036,3.61423220973783,3.42176779026217,0.000358960575789196,FALSE,0.000555814385733574,0.022592517263241,"ARFGEF1","ARF guanine nucleotide exchange factor 1"
"ENSG00000049249",1.584,0.805243445692884,0.778756554307116,0.000481216185734961,FALSE,0.000556138918050619,0.022592517263241,"TNFRSF9","TNF receptor superfamily member 9"
"ENSG00000138083",6.96,1.97752808988764,4.98247191011236,0.000423292113350241,FALSE,0.000560917982830167,0.0226925190817779,"SIX3","SIX homeobox 3"
"ENSG00000161057",37.132,18.5692883895131,18.5627116104869,0.000523551012260241,FALSE,0.000561116788294779,0.0226925190817779,"PSMC2","proteasome 26S subunit, ATPase 2"
"ENSG00000157827",15.36,8.41573033707865,6.94426966292135,0.000397722116806178,FALSE,0.000565059654018602,0.0227588955061229,"FMNL2","formin like 2"
"ENSG00000185880",8.988,4.91011235955056,4.07788764044944,0.000647879387290585,FALSE,0.000565281653642127,0.0227588955061229,"TRIM69","tripartite motif containing 69"
"ENSG00000123983",19.224,9.68164794007491,9.54235205992509,0.00038278015942505,FALSE,0.000580267438190069,0.0233102088700095,"ACSL3","acyl-CoA synthetase long chain family member 3"
"ENSG00000186871",31.784,61.2621722846442,-29.4781722846442,0.000721810152057291,FALSE,0.000584948281196461,0.0234460269954235,"ERCC6L","ERCC excision repair 6 like, spindle assembly checkpoint helicase"
"ENSG00000143493",3.344,1.76779026217228,1.57620973782772,0.000508681366284936,FALSE,0.000587315514231357,0.0234887138141707,"INTS7","integrator complex subunit 7"
"ENSG00000145016",2.792,1.43445692883895,1.35754307116105,0.000470711788203871,FALSE,0.000596200621384248,0.023791306654663,"RUBCN","rubicon autophagy regulator"
"ENSG00000144645",8.508,3.91011235955056,4.59788764044944,0.000421966691655161,FALSE,0.000605830316224815,0.024122210626373,"OSBPL10","oxysterol binding protein like 10"
"ENSG00000128045",17.868,33.2584269662921,-15.3904269662921,0.00120342575141365,FALSE,0.000614056878043556,0.0243252990138289,"RASL11B","RAS like family 11 member B"
"ENSG00000133424",0.696,0.340823970037453,0.355176029962547,0.000487621356147407,FALSE,0.000614708555995033,0.0243252990138289,"LARGE1","LARGE xylosyl- and glucuronyltransferase 1"
"ENSG00000145103",8.14,4.32209737827715,3.81790262172285,0.00042184518940531,FALSE,0.000614976789394356,0.0243252990138289,"ILDR1","immunoglobulin like domain containing receptor 1"
"ENSG00000010319",5.096,2.7565543071161,2.3394456928839,0.000527535734347987,FALSE,0.00061653358670569,0.0243335148871127,"SEMA3G","semaphorin 3G"
"ENSG00000179083",0.96,1.97752808988764,-1.01752808988764,0.000707177296664514,FALSE,0.000622474573810248,0.024514353466846,"FAM133A","family with sequence similarity 133 member A"
"ENSG00000206190",12.756,7.1310861423221,5.6249138576779,0.000766692240183844,FALSE,0.000626230726543365,0.024608548180093,"ATP10A","ATPase phospholipid transporting 10A (putative)"
"ENSG00000145911",2.476,1.29962546816479,1.17637453183521,0.000521733691363347,FALSE,0.000629690581361286,0.0246907152522033,"N4BP3","NEDD4 binding protein 3"
"ENSG00000242265",19.64,10.5767790262172,9.06322097378277,0.000647908371054775,FALSE,0.00063145188688631,0.0247060687283479,"PEG10","paternally expressed 10"
"ENSG00000133313",12.096,6.36329588014981,5.73270411985019,0.000561914197215855,FALSE,0.000633386060611304,0.0247281047083249,"CNDP2","carnosine dipeptidase 2"
"ENSG00000115145",12.676,6.80898876404494,5.86701123595506,0.000439446587238922,FALSE,0.000635989898548961,0.0247761334775974,"STAM2","signal transducing adaptor molecule 2"
"ENSG00000076003",19.588,9.46816479400749,10.1198352059925,0.000468137708914667,FALSE,0.000637896464839917,0.0247968502937879,"MCM6","minichromosome maintenance complex component 6"
"ENSG00000100228",10.412,5.50187265917603,4.91012734082397,0.00106116965813435,FALSE,0.000646391441530944,0.0250730374857928,"RAB36","RAB36, member RAS oncogene family"
"ENSG00000204301",29.04,51.5692883895131,-22.5292883895131,0.000716591413956302,FALSE,0.000650139519695642,0.02515758172403,"NOTCH4","notch receptor 4"
"ENSG00000241697",2.204,4.06367041198502,-1.85967041198502,0.00073201225662059,FALSE,0.000652455473883363,0.02515758172403,"TMEFF1","transmembrane protein with EGF like and two follistatin like domains 1"
"ENSG00000109255",1.244,2.01498127340824,-0.77098127340824,0.0788518832740968,TRUE,0.000652755349938795,0.02515758172403,"NMU","neuromedin U"
"ENSG00000163431",1.548,2.67415730337079,-1.12615730337079,0.00273661320122907,FALSE,0.000661246524183781,0.0254304979887054,"LMOD1","leiomodin 1"
"ENSG00000102158",7.056,3.57677902621723,3.47922097378277,0.000467361062601166,FALSE,0.000666033529851071,0.0255600995274974,"MAGT1","magnesium transporter 1"
"ENSG00000123219",3.864,6.61423220973783,-2.75023220973783,0.000921298720545091,FALSE,0.000669752528388556,0.0256482512835337,"CENPK","centromere protein K"
"ENSG00000089472",5.968,10.1385767790262,-4.17057677902622,0.000958767712969659,FALSE,0.000681588754048028,0.0260462210948396,"HEPH","hephaestin"
"ENSG00000136848",10.128,18.7003745318352,-8.57237453183521,0.000903705295324267,FALSE,0.00068371865438802,0.0260723749877309,"DAB2IP","DAB2 interacting protein"
"ENSG00000107562",8.812,4.89138576779026,3.92061423220974,0.000386803326628017,FALSE,0.000690507543052753,0.0262757058102163,"CXCL12","C-X-C motif chemokine ligand 12"
"ENSG00000142687",5.756,2.74157303370787,3.01442696629214,0.000526491455367966,FALSE,0.000706308659456499,0.0267585163649796,"KIAA0319L","KIAA0319 like"
"ENSG00000183166",28.764,41.187265917603,-12.423265917603,0.0261934684249674,FALSE,0.000707255937316889,0.0267585163649796,"CALN1","calneuron 1"
"ENSG00000198879",6.208,3.33333333333333,2.87466666666667,0.000677220918810188,FALSE,0.000707646077845278,0.0267585163649796,"SFMBT2","Scm like with four mbt domains 2"
"ENSG00000147100",2.996,4.58801498127341,-1.59201498127341,0.00128622040613647,FALSE,0.000714161818008532,0.0269028827448289,"SLC16A2","solute carrier family 16 member 2"
"ENSG00000132823",0.352,0.164794007490637,0.187205992509363,0.000568610498981524,FALSE,0.000714447016398129,0.0269028827448289,"OSER1","oxidative stress responsive serine rich 1"
"ENSG00000172775",3.876,2.04494382022472,1.83105617977528,0.000565302621603397,FALSE,0.000717883868960681,0.0269064956995713,"PSME3IP1","proteasome activator subunit 3 interacting protein 1"
"ENSG00000112182",6.392,3.31835205992509,3.07364794007491,0.000478054172900791,FALSE,0.000718556054529724,0.0269064956995713,"BACH2","BTB domain and CNC homolog 2"
"ENSG00000152766",26.94,13.8689138576779,13.0710861423221,0.000415017554691605,FALSE,0.000719018180805753,0.0269064956995713,"ANKRD22","ankyrin repeat domain 22"
"ENSG00000113389",4.48,7.20224719101124,-2.72224719101124,0.000851730112006134,FALSE,0.000720563631176163,0.0269085014814171,"NPR3","natriuretic peptide receptor 3"
"ENSG00000118707",8.136,4.70037453183521,3.43562546816479,0.000595468836928175,FALSE,0.000724572304880713,0.0270022947585401,"TGIF2","TGFB induced factor homeobox 2"
"ENSG00000084628",1.252,0.453183520599251,0.798816479400749,0.000620062152843688,FALSE,0.000730450339999383,0.0271652222321008,"NKAIN1","sodium/potassium transporting ATPase interacting 1"
"ENSG00000203499",10.82,15.4232209737828,-4.60322097378277,0.000990264757794719,FALSE,0.000736437533759629,0.0273315304453136,"IQANK1","IQ motif and ankyrin repeat containing 1"
"ENSG00000068615",2.22,3.8314606741573,-1.6114606741573,0.000502405400549866,FALSE,0.000743218740136293,0.0275265634822142,"REEP1","receptor accessory protein 1"
"ENSG00000018625",16.772,27.5318352059925,-10.7598352059925,0.00794747408701107,FALSE,0.000752861153419592,0.0277891886403725,"ATP1A2","ATPase Na+/K+ transporting subunit alpha 2"
"ENSG00000117281",1.24,0.625468164794007,0.614531835205993,0.000611013533089653,FALSE,0.000753390987699847,0.0277891886403725,"CD160","CD160 molecule"
"ENSG00000082438",14.068,7.15355805243446,6.91444194756554,0.000583758077881325,FALSE,0.000767772053995451,0.0282618459957468,"COBLL1","cordon-bleu WH2 repeat protein like 1"
"ENSG00000150995",14.388,8.04868913857678,6.33931086142322,0.00107937866338937,FALSE,0.000770949741200515,0.0283210193116776,"ITPR1","inositol 1,4,5-trisphosphate receptor type 1"
"ENSG00000120549",8.772,13.6928838951311,-4.92088389513109,0.000564822702926934,FALSE,0.000785246749397783,0.0287733577975995,"KIAA1217","KIAA1217"
"ENSG00000100580",3.524,1.62921348314607,1.89478651685393,0.000593539254755429,FALSE,0.000787025797586722,0.0287733577975995,"TMED8","transmembrane p24 trafficking protein family member 8"
"ENSG00000182667",13.656,24.1722846441948,-10.5162846441948,0.00214151080016276,FALSE,0.000788048941177256,0.0287733577975995,"NTM","neurotrimin"
"ENSG00000127824",55.924,31.6441947565543,24.2798052434457,0.000839005064527412,FALSE,0.000791000784268537,0.0287907613653159,"TUBA4A","tubulin alpha 4a"
"ENSG00000118432",9.164,5.12359550561798,4.04040449438202,0.000588195758407082,FALSE,0.000791718003947259,0.0287907613653159,"CNR1","cannabinoid receptor 1"
"ENSG00000213903",2.684,1.41573033707865,1.26826966292135,0.000668140634640447,FALSE,0.00079412380356472,0.0288201429474786,"LTB4R","leukotriene B4 receptor"
"ENSG00000099860",1.104,0.543071161048689,0.560928838951311,0.000623667243979575,FALSE,0.000798286176201424,0.0288630372858081,"GADD45B","growth arrest and DNA damage inducible beta"
"ENSG00000148143",17.324,9.17977528089888,8.14422471910112,0.000839243829421285,FALSE,0.000799523078944733,0.0288630372858081,"ZNF462","zinc finger protein 462"
"ENSG00000188886",0.784,1.24719101123595,-0.463191011235955,0.000887172636258549,FALSE,0.000801478975756996,0.0288630372858081,"ASTL","astacin like metalloendopeptidase"
"ENSG00000169116",19.964,10.7715355805243,9.19246441947565,0.000710589835372114,FALSE,0.000802183271114461,0.0288630372858081,"PARM1","prostate androgen-regulated mucin-like protein 1"
"ENSG00000116005",1.356,0.767790262172285,0.588209737827715,0.000688721330510597,FALSE,0.000803391685261598,0.0288630372858081,"PCYOX1","prenylcysteine oxidase 1"
"ENSG00000172554",1.676,2.55056179775281,-0.874561797752809,0.00313777218815845,FALSE,0.000805635814773583,0.0288630372858081,"SNTG2","syntrophin gamma 2"
"ENSG00000149451",1.516,3.02621722846442,-1.51021722846442,0.00176374414035884,FALSE,0.000806507223598564,0.0288630372858081,"ADAM33","ADAM metallopeptidase domain 33"
"ENSG00000165905",1.144,0.595505617977528,0.548494382022472,0.000658764542958341,FALSE,0.00081102010458796,0.0289670685672337,"LARGE2","LARGE xylosyl- and glucuronyltransferase 2"
"ENSG00000156642",14.396,8.22097378277154,6.17502621722847,0.000632868825339827,FALSE,0.000820667338914049,0.0292315820207567,"NPTN","neuroplastin"
"ENSG00000179593",11.576,5.19850187265918,6.37749812734082,0.000554116913122897,FALSE,0.000821667244249245,0.0292315820207567,"ALOX15B","arachidonate 15-lipoxygenase type B"
"ENSG00000010404",7.48,4.08988764044944,3.39011235955056,0.000723140155923656,FALSE,0.000828648746053234,0.0294219240798468,"IDS","iduronate 2-sulfatase"
"ENSG00000115884",11.704,6.35955056179775,5.34444943820225,0.000771092077640985,FALSE,0.000839088629970513,0.0297340699779531,"SDC1","syndecan 1"
"ENSG00000173432",0.696,0.119850187265918,0.576149812734082,0.000607965776612078,FALSE,0.000845599901853081,0.029906049862204,"SAA1","serum amyloid A1"
"ENSG00000171848",16.868,8.01498127340824,8.85301872659176,0.000651847938636703,FALSE,0.000857223001324969,0.0302577911446154,"RRM2","ribonucleotide reductase regulatory subunit M2"
"ENSG00000035681",6.068,2.94756554307116,3.12043445692884,0.000711929194819311,FALSE,0.000869002237407106,0.0306136588986562,"NSMAF","neutral sphingomyelinase activation associated factor"
"ENSG00000111206",52.232,26.9438202247191,25.2881797752809,0.000650872600555528,FALSE,0.000871526582516517,0.0306427387307025,"FOXM1","forkhead box M1"
"ENSG00000115414",38.756,19.4831460674157,19.2728539325843,0.000632726559430637,FALSE,0.000885349287917426,0.031068181140402,"FN1","fibronectin 1"
"ENSG00000176788",5.684,3.1310861423221,2.5529138576779,0.000701601359336746,FALSE,0.000903466999333341,0.0316423966349038,"BASP1","brain abundant membrane attached signal protein 1"
"ENSG00000160299",56.664,31.1348314606742,25.5291685393258,0.000735168747010041,FALSE,0.000917230364342291,0.0320621784527944,"PCNT","pericentrin"
"ENSG00000152242",1.752,0.805243445692884,0.946756554307116,0.000714912409240872,FALSE,0.0009455984308325,0.0329557629830225,"ARK2N","arkadia (RNF111) N-terminal like PKA signaling regulator 2N"
"ENSG00000196935",13.088,6.17977528089888,6.90822471910112,0.000754618670420994,FALSE,0.000946448146876179,0.0329557629830225,"SRGAP1","SLIT-ROBO Rho GTPase activating protein 1"
"ENSG00000138180",8.924,4.48314606741573,4.44085393258427,0.00080046102759361,FALSE,0.000949259287743899,0.0329899610270457,"CEP55","centrosomal protein 55"
"ENSG00000096968",66.224,35.9812734082397,30.2427265917603,0.000858570646345218,FALSE,0.000973963311850852,0.0337658583702473,"JAK2","Janus kinase 2"
"ENSG00000078237",10.496,5.89513108614232,4.60086891385768,0.000799478486357731,FALSE,0.000975329168425948,0.0337658583702473,"TIGAR","TP53 induced glycolysis regulatory phosphatase"
"ENSG00000070031",1.668,2.91760299625468,-1.24960299625468,0.00408145523376435,FALSE,0.000978905068818121,0.0337972946677439,"SCT","secretin"
"ENSG00000169862",7.168,11.1161048689139,-3.94810486891386,0.00266075577900975,FALSE,0.000979984759728895,0.0337972946677439,"CTNND2","catenin delta 2"
"ENSG00000125675",9.336,16.1423220973783,-6.80632209737828,0.00353782712249417,FALSE,0.000991365307751385,0.0341062128089733,"GRIA3","glutamate ionotropic receptor AMPA type subunit 3"
"ENSG00000084733",19.512,11.2846441947566,8.22735580524345,0.0010316845207492,FALSE,0.000992723941049563,0.0341062128089733,"RAB10","RAB10, member RAS oncogene family"
"ENSG00000123836",6.664,2.54681647940075,4.11718352059925,0.000778489591322749,FALSE,0.00100707399668374,0.0345334480573853,"PFKFB2","6-phosphofructo-2-kinase/fructose-2,6-biphosphatase 2"
"ENSG00000083720",6.208,3.44194756554307,2.76605243445693,0.00113635483283024,FALSE,0.00102526076873687,0.0350903766332198,"OXCT1","3-oxoacid CoA-transferase 1"
"ENSG00000158714",31.236,16.7602996254682,14.4757003745318,0.000721315533079886,FALSE,0.00103880570949438,0.0354561092038474,"SLAMF8","SLAM family member 8"
"ENSG00000135436",8.192,13.4044943820225,-5.21249438202247,0.00640201387308622,FALSE,0.0010402920567212,0.0354561092038474,"FAM186B","family with sequence similarity 186 member B"
"ENSG00000101134",3.244,1.48689138576779,1.75710861423221,0.000865753160400124,FALSE,0.00104394658438308,0.0354561092038474,"DOK5","docking protein 5"
"ENSG00000146038",2.72,4.51685393258427,-1.79685393258427,0.00500272380146286,FALSE,0.00104479816918954,0.0354561092038474,"DCDC2","doublecortin domain containing 2"
"ENSG00000133318",11.264,6.1498127340824,5.1141872659176,0.000878358808277263,FALSE,0.00104577535601524,0.0354561092038474,"RTN3","reticulon 3"
"ENSG00000099194",17.344,9.90262172284644,7.44137827715356,0.000942069032309736,FALSE,0.00105987862724108,0.0358668495301077,"SCD","stearoyl-CoA desaturase"
"ENSG00000139187",12.436,7.04868913857678,5.38731086142322,0.000918260175666527,FALSE,0.0010643513468951,0.0359442033538988,"KLRG1","killer cell lectin like receptor G1"
"ENSG00000136643",5.776,2.88389513108614,2.89210486891386,0.000833018544000985,FALSE,0.00106615006898796,0.0359442033538988,"RPS6KC1","ribosomal protein S6 kinase C1"
"ENSG00000159189",9.34,4.83895131086142,4.50104868913858,0.000698202594708777,FALSE,0.00107426969513423,0.0361503777819702,"C1QC","complement C1q C chain"
"ENSG00000001630",24.368,13.749063670412,10.618936329588,0.00154592247836323,FALSE,0.00109570367589853,0.0368029929277128,"CYP51A1","cytochrome P450 family 51 subfamily A member 1"
"ENSG00000175550",3.892,2.1685393258427,1.7234606741573,0.000967502708667888,FALSE,0.00111486001179525,0.0373259155405008,"DRAP1","DR1 associated protein 1"
"ENSG00000166225",3.064,1.73408239700375,1.32991760299625,0.000707590514669746,FALSE,0.00111541101493208,0.0373259155405008,"FRS2","fibroblast growth factor receptor substrate 2"
"ENSG00000109854",18.22,10.310861423221,7.90913857677902,0.000645396910840984,FALSE,0.00111966721428155,0.0373472190769969,"HTATIP2","HIV-1 Tat interactive protein 2"
"ENSG00000141753",1.324,0.689138576779026,0.634861423220974,0.000988613389864806,FALSE,0.00112018880748768,0.0373472190769969,"IGFBP4","insulin like growth factor binding protein 4"
"ENSG00000122862",0.652,0.352059925093633,0.299940074906367,0.000952934366507013,FALSE,0.00112306176804763,0.0373739208676662,"SRGN","serglycin"
"ENSG00000104899",7.424,10.9101123595506,-3.48611235955056,0.00296045674419214,FALSE,0.0011258634103188,0.0373981553074035,"AMH","anti-Mullerian hormone"
"ENSG00000170921",23.908,13.1835205992509,10.7244794007491,0.00113825132120074,FALSE,0.00113030890374501,0.037442737983752,"TANC2","tetratricopeptide repeat, ankyrin repeat and coiled-coil containing 2"
"ENSG00000141401",4.364,2.41198501872659,1.95201498127341,0.000601227780438782,FALSE,0.00113135733221405,0.037442737983752,"IMPA2","inositol monophosphatase 2"
"ENSG00000177425",2.968,1.40449438202247,1.56350561797753,0.000889689769344073,FALSE,0.00113742272238033,0.0375745304827362,"PAWR","pro-apoptotic WT1 regulator"
"ENSG00000140105",10.164,5.37827715355805,4.78572284644195,0.000947393783895164,FALSE,0.00114427114024248,0.0377316609809022,"WARS1","tryptophanyl-tRNA synthetase 1"
"ENSG00000031081",2.172,1.187265917603,0.984734082397004,0.000995564287391013,FALSE,0.00115077021781641,0.0378422241819748,"ARHGAP31","Rho GTPase activating protein 31"
"ENSG00000141519",17.704,25.7078651685393,-8.00386516853932,0.00488032873776988,FALSE,0.00115182020712447,0.0378422241819748,"CCDC40","coiled-coil domain 40 molecular ruler complex subunit"
"ENSG00000100422",7.74,4.52434456928839,3.21565543071161,0.000947173773253434,FALSE,0.00115448513800672,0.0378608153349585,"CERK","ceramide kinase"
"ENSG00000134333",60.36,34.4232209737828,25.9367790262172,0.00102344519005379,FALSE,0.00115724588014029,0.0378824753903639,"LDHA","lactate dehydrogenase A"
"ENSG00000099822",2.904,4.79775280898876,-1.89375280898876,0.00253467742536953,FALSE,0.00116582439945885,0.0380628542212981,"HCN2","hyperpolarization activated cyclic nucleotide gated potassium and sodium channel 2"
"ENSG00000023516",1.172,0.621722846441948,0.550277153558052,0.000914914628115785,FALSE,0.00116773819534141,0.0380628542212981,"AKAP11","A-kinase anchoring protein 11"
"ENSG00000204956",0.7,1.38202247191011,-0.682022471910112,0.00138945512764004,FALSE,0.00116908694564501,0.0380628542212981,"PCDHGA1","protocadherin gamma subfamily A, 1"
"ENSG00000132109",16.848,9.52059925093633,7.32740074906367,0.000823467512822155,FALSE,0.00117588249949145,0.0381548991946802,"TRIM21","tripartite motif containing 21"
"ENSG00000162373",6.056,3.45318352059925,2.60281647940075,0.000993895844047707,FALSE,0.00117614481079127,0.0381548991946802,"BEND5","BEN domain containing 5"
"ENSG00000232629",18.284,31.0674157303371,-12.7834157303371,0.00123859766457132,FALSE,0.00118501864409397,0.0383737545485153,"HLA-DQB2","major histocompatibility complex, class II, DQ beta 2"
"ENSG00000135047",23.492,13.5880149812734,9.90398501872659,0.000863423308976714,FALSE,0.00119169137945358,0.0385206763641652,"CTSL","cathepsin L"
"ENSG00000110934",14.124,7.9438202247191,6.1801797752809,0.00191839092429487,FALSE,0.00119496974840544,0.0385575480357584,"BIN2","bridging integrator 2"
"ENSG00000166579",6.416,3.64419475655431,2.77180524344569,0.0012164105525661,FALSE,0.00120708109016302,0.0388787886129828,"NDEL1","nudE neurodevelopment protein 1 like 1"
"ENSG00000073670",2.012,3.52808988764045,-1.51608988764045,0.00139521929925644,FALSE,0.00121260536772125,0.0389870998530983,"ADAM11","ADAM metallopeptidase domain 11"
"ENSG00000150907",48.912,28.1797752808989,20.7322247191011,0.00122806489110974,FALSE,0.00121856483664211,0.0391089928087432,"FOXO1","forkhead box O1"
"ENSG00000136051",1.252,0.640449438202247,0.611550561797753,0.00101589473909806,FALSE,0.00122746145694177,0.0393245511525022,"WASHC4","WASH complex subunit 4"
"ENSG00000126231",12.356,6.44943820224719,5.90656179775281,0.000948847444128378,FALSE,0.00123514318983021,0.0393964658194215,"PROZ","protein Z, vitamin K dependent plasma glycoprotein"
"ENSG00000164105",6.232,2.62172284644195,3.61027715355805,0.000899132536437938,FALSE,0.00123607128051707,0.0393964658194215,"SAP30","Sin3A associated protein 30"
"ENSG00000159763",0.716,3.61048689138577,-2.89448689138577,0.0015593333373958,FALSE,0.00123625878215848,0.0393964658194215,"PIP","prolactin induced protein"
"ENSG00000198840",36.66,22.1385767790262,14.5214232209738,0.000947153524374309,FALSE,0.00124527330690172,0.0395960068546097,"MT-ND3","NADH dehydrogenase subunit 3"
"ENSG00000119655",1.672,0.925093632958802,0.746906367041198,0.00105737294798769,FALSE,0.00124691089945214,0.0395960068546097,"NPC2","NPC intracellular cholesterol transporter 2"
"ENSG00000176532",0.132,0.288389513108614,-0.156389513108614,0.0013913439510647,FALSE,0.0012508559353342,0.0396514736478435,"PRR15","proline rich 15"
"ENSG00000186352",11.488,19.9850187265918,-8.49701872659176,0.00157282557643926,FALSE,0.00127046170495287,0.0401310040725713,"ANKRD37","ankyrin repeat domain 37"
"ENSG00000165661",2.108,1.0561797752809,1.0518202247191,0.00101044079351064,FALSE,0.00127086040842006,0.0401310040725713,"QSOX2","quiescin sulfhydryl oxidase 2"
"ENSG00000168702",5.384,8.99625468164794,-3.61225468164794,0.00705409951180167,FALSE,0.001272658109969,0.0401310040725713,"LRP1B","LDL receptor related protein 1B"
"ENSG00000153201",66.908,38.8389513108614,28.0690486891386,0.000994672788795811,FALSE,0.00129462993769152,0.0407402932654403,"RANBP2","RAN binding protein 2"
"ENSG00000042980",1.888,1.01498127340824,0.87301872659176,0.00104307101970364,FALSE,0.00129714460061147,0.0407402932654403,"ADAM28","ADAM metallopeptidase domain 28"
"ENSG00000116157",17.344,10.0074906367041,7.33650936329588,0.00114456889266296,FALSE,0.00129875636899862,0.0407402932654403,"GPX7","glutathione peroxidase 7"
"ENSG00000180090",0.664,1.28838951310861,-0.624389513108614,0.0015067280863864,FALSE,0.00131290411912818,0.0411125895776301,"OR3A1","olfactory receptor family 3 subfamily A member 1"
"ENSG00000084636",15.316,25.498127340824,-10.182127340824,0.00386302942718283,FALSE,0.00131755100544097,0.0411865987610724,"COL16A1","collagen type XVI alpha 1 chain"
"ENSG00000135148",22.064,12.0561797752809,10.0078202247191,0.000971773648854411,FALSE,0.0013245830683964,0.0413125842675326,"TRAFD1","TRAF-type zinc finger domain containing 1"
"ENSG00000142544",5.42,10.5917602996255,-5.17176029962547,0.00151542745719177,FALSE,0.00132616212734387,0.0413125842675326,"CTU1","cytosolic thiouridylase subunit 1"
"ENSG00000204764",3.044,4.9063670411985,-1.8623670411985,0.000760789809078582,FALSE,0.00133653474098423,0.0415369270672177,"RANBP17","RAN binding protein 17"
"ENSG00000143858",6.088,10.812734082397,-4.724734082397,0.00279830694969175,FALSE,0.00133796943095046,0.0415369270672177,"SYT2","synaptotagmin 2"
"ENSG00000165633",5.528,9.9063670411985,-4.3783670411985,0.00344440607751704,FALSE,0.00134383576702913,0.0416473637970866,"VSTM4","V-set and transmembrane domain containing 4"
"ENSG00000088325",23.732,11.8089887640449,11.9230112359551,0.00113765085019883,FALSE,0.00135069541823631,0.0417826096720761,"TPX2","TPX2 microtubule nucleation factor"
"ENSG00000153707",19.904,33.1647940074906,-13.2607940074906,0.00864654254054656,FALSE,0.00135283273540458,0.0417826096720761,"PTPRD","protein tyrosine phosphatase receptor type D"
"ENSG00000145864",7.204,13.7865168539326,-6.58251685393258,0.00201775198874192,FALSE,0.00136498140660336,0.0420857600528286,"GABRB2","gamma-aminobutyric acid type A receptor subunit beta2"
"ENSG00000151490",20.376,12.1086142322097,8.26738576779026,0.00162316981058571,FALSE,0.00137963917785159,0.0424651055476266,"PTPRO","protein tyrosine phosphatase receptor type O"
"ENSG00000115233",53.536,28.6704119850187,24.8655880149813,0.00144707331892052,FALSE,0.00138880283421254,0.0426252036802002,"PSMD14","proteasome 26S subunit, non-ATPase 14"
"ENSG00000113100",3.644,7.55056179775281,-3.90656179775281,0.0015372993743797,FALSE,0.00138956698807771,0.0426252036802002,"CDH9","cadherin 9"
"ENSG00000184898",4.124,2.32209737827715,1.80190262172285,0.001147905626068,FALSE,0.00139785380145824,0.0427453883755414,"RBM43","RNA binding motif protein 43"
"ENSG00000158966",1.996,3.35205992509363,-1.35605992509363,0.00160957715051714,FALSE,0.00139822471262236,0.0427453883755414,"CACHD1","cache domain containing 1"
"ENSG00000018699",4.896,2.38951310861423,2.50648689138577,0.00114515770756083,FALSE,0.00140389956770667,0.0427868222066478,"TTC27","tetratricopeptide repeat domain 27"
"ENSG00000181322",13.58,21.0898876404494,-7.50988764044944,0.00418488150621841,FALSE,0.00140432437469288,0.0427868222066478,"NME9","NME/NM23 family member 9"
"ENSG00000111801",7.156,3.91760299625468,3.23839700374532,0.00121424063485243,FALSE,0.00141073457652021,0.042808265205385,"BTN3A3","butyrophilin subfamily 3 member A3"
"ENSG00000197213",1.632,3.1685393258427,-1.5365393258427,0.0016071054898102,FALSE,0.00141230274082164,0.042808265205385,"ZSCAN5B","zinc finger and SCAN domain containing 5B"
"ENSG00000115556",5.584,8.52808988764045,-2.94408988764045,0.00141245589342731,FALSE,0.00141583786224302,0.042808265205385,"PLCD4","phospholipase C delta 4"
"ENSG00000173372",40.908,22.4756554307116,18.4323445692884,0.000997616258043367,FALSE,0.00141696213069607,0.042808265205385,"C1QA","complement C1q A chain"
"ENSG00000165891",4.796,2.46816479400749,2.32783520599251,0.00119810618847781,FALSE,0.00142404357593665,0.042808265205385,"E2F7","E2F transcription factor 7"
"ENSG00000111530",6.292,3.43445692883895,2.85754307116105,0.00156268609506883,FALSE,0.00142524486405946,0.042808265205385,"CAND1","cullin associated and neddylation dissociated 1"
"ENSG00000112118",19.792,10.1535580524345,9.63844194756554,0.00126148174234782,FALSE,0.00142556034290422,0.042808265205385,"MCM3","minichromosome maintenance complex component 3"
"ENSG00000100504",9.888,5.91385767790262,3.97414232209738,0.00137995635388574,FALSE,0.00142559479597609,0.042808265205385,"PYGL","glycogen phosphorylase L"
"ENSG00000117399",79.96,40.7116104868914,39.2483895131086,0.00120182231800562,FALSE,0.00142638838988947,0.042808265205385,"CDC20","cell division cycle 20"
"ENSG00000111912",2.068,1.07116104868914,0.996838951310862,0.00120993781960082,FALSE,0.0014369244761533,0.043052835176706,"NCOA7","nuclear receptor coactivator 7"
"ENSG00000083290",17.108,9.46816479400749,7.63983520599251,0.00105696137226475,FALSE,0.00144336988741808,0.0431742332659369,"ULK2","unc-51 like autophagy activating kinase 2"
"ENSG00000167483",0.08,0.0187265917602996,0.0612734082397004,0.00113636646225409,FALSE,0.00145300333611835,0.0433899831582605,"NIBAN3","niban apoptosis regulator 3"
"ENSG00000111261",15.2,9.1685393258427,6.0314606741573,0.00136680309503759,FALSE,0.00145539390202071,0.0433899831582605,"MANSC1","MANSC domain containing 1"
"ENSG00000168032",0.484,0.880149812734082,-0.396149812734082,0.0017185739404988,FALSE,0.00147468591052692,0.0438925903765248,"ENTPD3","ectonucleoside triphosphate diphosphohydrolase 3"
"ENSG00000066382",0.596,1.02621722846442,-0.43021722846442,0.00164578278015074,FALSE,0.00148649770776571,0.0441025850399631,"MPPED2","metallophosphoesterase domain containing 2"
"ENSG00000159228",57.28,30.7191011235955,26.5608988764045,0.00139427294552467,FALSE,0.00148663146334189,0.0441025850399631,"CBR1","carbonyl reductase 1"
"ENSG00000126856",0.58,1.02621722846442,-0.44621722846442,0.00172385922522353,FALSE,0.00149186735976209,0.0441211845363088,"PRDM7","PR/SET domain 7"
"ENSG00000080986",29.344,16.4419475655431,12.9020524344569,0.00106097443779713,FALSE,0.00149215072169143,0.0441211845363088,"NDC80","NDC80 kinetochore complex component"
"ENSG00000143322",35.436,20.5505617977528,14.8854382022472,0.00106515101627489,FALSE,0.00150632381407438,0.0444673692871679,"ABL2","ABL proto-oncogene 2, non-receptor tyrosine kinase"
"ENSG00000173692",20.944,11.4269662921348,9.51703370786517,0.00198903613594409,FALSE,0.00151940926200876,0.0447803674164249,"PSMD1","proteasome 26S subunit, non-ATPase 1"
"ENSG00000126067",29.284,15.1385767790262,14.1454232209738,0.0012642910418818,FALSE,0.00152445831148668,0.0448558802027491,"PSMB2","proteasome 20S subunit beta 2"
"ENSG00000168496",36.208,18.2659176029963,17.9420823970037,0.00142651745018474,FALSE,0.00153149794437556,0.0449632089484775,"FEN1","flap structure-specific endonuclease 1"
"ENSG00000179331",24.756,13.812734082397,10.943265917603,0.00164946573624458,FALSE,0.00153309161741496,0.0449632089484775,"RAB39A","RAB39A, member RAS oncogene family"
"ENSG00000148702",70.004,10.4456928838951,59.5583071161049,0.00106279238655935,FALSE,0.00153685084156248,0.0450002899825688,"HABP2","hyaluronan binding protein 2"
"ENSG00000185101",0.144,0.048689138576779,0.095310861423221,0.00122918023227546,FALSE,0.00155895997010675,0.0455564458374648,"ANO9","anoctamin 9"
"ENSG00000167074",11.444,6.66292134831461,4.78107865168539,0.000958445220665965,FALSE,0.0015624791781411,0.0455564458374648,"TEF","TEF transcription factor, PAR bZIP family member"
"ENSG00000145675",17.94,10.5805243445693,7.35947565543071,0.00160451541711742,FALSE,0.00156342185360042,0.0455564458374648,"PIK3R1","phosphoinositide-3-kinase regulatory subunit 1"
"ENSG00000175518",65.092,35.625468164794,29.466531835206,0.00134482748837742,FALSE,0.00158546175183915,0.0461004897247355,"UBQLNL","ubiquilin like"
"ENSG00000254709",33.548,18.3632958801498,15.1847041198502,0.00148151289424101,FALSE,0.00158720430886848,0.0461004897247355,"IGLL5","immunoglobulin lambda like polypeptide 5"
"ENSG00000170340",2.712,1.59176029962547,1.12023970037453,0.000904436056395769,FALSE,0.00160549753006522,0.0465568471861518,"B3GNT2","UDP-GlcNAc:betaGal beta-1,3-N-acetylglucosaminyltransferase 2"
"ENSG00000171791",16.504,9.73033707865168,6.77366292134832,0.00151873437975111,FALSE,0.00160866392126789,0.046573789964541,"BCL2","BCL2 apoptosis regulator"
"ENSG00000140280",0.708,0.340823970037453,0.367176029962547,0.00137227998796658,FALSE,0.00161443181979817,0.0466654692089453,"LYSMD2","LysM domain containing 2"
"ENSG00000135913",5.536,3.21722846441948,2.31877153558052,0.00135938754762992,FALSE,0.00161700494847208,0.0466654692089453,"USP37","ubiquitin specific peptidase 37"
"ENSG00000204264",28.048,15.2659176029963,12.7820823970037,0.00138096583346354,FALSE,0.00162321149274779,0.0467697535058977,"PSMB8","proteasome 20S subunit beta 8"
"ENSG00000100918",28.04,17.2958801498127,10.7441198501873,0.00115100170554459,FALSE,0.00162873272592983,0.0468539907138698,"REC8","REC8 meiotic recombination protein"
"ENSG00000112290",13.988,7.97752808988764,6.01047191011236,0.00114197259961374,FALSE,0.00163373275553197,0.0469229899865128,"WASF1","WASP family member 1"
"ENSG00000114737",9.504,5.25093632958801,4.25306367041198,0.00130122380485574,FALSE,0.00163689478996413,0.0469390641122146,"CISH","cytokine inducible SH2 containing protein"
"ENSG00000198382",5.856,3.27715355805243,2.57884644194757,0.00141542021732732,FALSE,0.00164566468038079,0.0471156410159179,"UVRAG","UV radiation resistance associated"
"ENSG00000150753",60.34,34.2846441947566,26.0553558052435,0.00168721540031217,FALSE,0.00166051465890131,0.0474654562640301,"CCT5","chaperonin containing TCP1 subunit 5"
"ENSG00000148773",26.636,14.0224719101124,12.6135280898876,0.00131187154511994,FALSE,0.00166651447617279,0.0475615848207732,"MKI67","marker of proliferation Ki-67"
"ENSG00000130021",8.592,15.2359550561798,-6.64395505617978,0.00152938794487508,FALSE,0.00167147521213564,0.0475778666736975,"PUDP","pseudouridine 5'-phosphatase"
"ENSG00000128886",4.028,2.1685393258427,1.8594606741573,0.0014423922021317,FALSE,0.00167236056279449,0.0475778666736975,"ELL3","elongation factor for RNA polymerase II 3"
"ENSG00000148660",26.76,15.7228464419476,11.0371535580524,0.00182102532577865,FALSE,0.00169737597215017,0.0482134967081458,"CAMK2G","calcium/calmodulin dependent protein kinase II gamma"
"ENSG00000130787",9.628,5.40449438202247,4.22350561797753,0.00144634383728688,FALSE,0.00170075943990058,0.048233644681583,"HIP1R","huntingtin interacting protein 1 related"
"ENSG00000124508",6.936,4.01123595505618,2.92476404494382,0.00152928998064943,FALSE,0.00170815620054323,0.0483000471414876,"BTN2A2","butyrophilin subfamily 2 member A2"
"ENSG00000151882",0.9,0.50936329588015,0.39063670411985,0.00154356145321308,FALSE,0.00170845651029934,0.0483000471414876,"CCL28","C-C motif chemokine ligand 28"
"ENSG00000073754",18.228,10.6329588014981,7.59504119850187,0.00188395971747112,FALSE,0.00171151567302043,0.0483108109456487,"CD5L","CD5 molecule like"
"ENSG00000158748",1.544,2.36704119850187,-0.823041198501873,0.003321398786797,FALSE,0.00171445584090704,0.0483181875038129,"HTR6","5-hydroxytryptamine receptor 6"
"ENSG00000133030",6.836,3.82022471910112,3.01577528089888,0.0012141551461405,FALSE,0.00172254334448571,0.04843975491939,"MPRIP","myosin phosphatase Rho interacting protein"
"ENSG00000150551",0.912,1.55805243445693,-0.646052434456929,0.00194817344222162,FALSE,0.00172414052548918,0.04843975491939,"LYPD1","LY6/PLAUR domain containing 1"
"ENSG00000118855",4.092,2.30337078651685,1.78862921348315,0.00149204520628844,FALSE,0.00173144457595264,0.048569309201334,"MFSD1","major facilitator superfamily domain containing 1"
"ENSG00000169688",0.688,0.048689138576779,0.639310861423221,0.00120586412883706,FALSE,0.00174758525491716,0.0489459553461815,"MT1B","metallothionein 1B"
"ENSG00000101197",11.808,22.4644194756554,-10.6564194756554,0.00333939466551156,FALSE,0.00177789601766967,0.0496732248182631,"BIRC7","baculoviral IAP repeat containing 7"
"ENSG00000155097",6.108,3.13857677902622,2.96942322097378,0.00141194212621187,FALSE,0.00177905988981527,0.0496732248182631,"ATP6V1C1","ATPase H+ transporting V1 subunit C1"
"ENSG00000169575",14.372,7.74157303370786,6.63042696629214,0.000922186874438921,FALSE,0.00179108835545978,0.0499317784658856,"VPREB1","V-set pre-B cell surrogate light chain 1"
